Rec#,Cyc#,Step,TestTime,StepTime,Amps,Volts,State,DPt Time,X 1,Volt 2,EV Temp,EV Hum,
1,0,1,  0d 00:00:00.00,  0d 00:00:00.00,0.0000,4.1733,R,07/25/2025 10:20:47 AM,0.0000,-0.0008,0.0,0.0
2,0,1,  0d 00:00:01.00,  0d 00:00:01.00,0.0000,4.1732,R,07/25/2025 10:20:48 AM,0.0000,-0.0005,0.0,0.0
3,0,1,  0d 00:00:02.00,  0d 00:00:02.00,0.0000,4.1732,R,07/25/2025 10:20:49 AM,0.0000,-0.0008,0.0,0.0
4,0,1,  0d 00:00:03.00,  0d 00:00:03.00,0.0000,4.1730,R,07/25/2025 10:20:50 AM,0.0000,-0.0007,0.0,0.0
5,0,1,  0d 00:00:04.00,  0d 00:00:04.00,0.0000,4.1731,R,07/25/2025 10:20:51 AM,0.0000,-0.0008,0.0,0.0
6,0,1,  0d 00:00:05.00,  0d 00:00:05.00,0.0000,4.1732,R,07/25/2025 10:20:52 AM,0.0000,-0.0008,0.0,0.0
7,0,1,  0d 00:00:06.00,  0d 00:00:06.00,0.0000,4.1732,R,07/25/2025 10:20:53 AM,0.0000,-0.0007,0.0,0.0
8,0,1,  0d 00:00:07.00,  0d 00:00:07.00,0.0000,4.1732,R,07/25/2025 10:20:54 AM,0.0000,-0.0007,0.0,0.0
9,0,1,  0d 00:00:08.00,  0d 00:00:08.00,0.0000,4.1731,R,07/25/2025 10:20:55 AM,0.0000,-0.0008,0.0,0.0
10,0,1,  0d 00:00:09.00,  0d 00:00:09.00,0.0000,4.1731,R,07/25/2025 10:20:56 AM,0.0000,-0.0007,0.0,0.0
11,0,1,  0d 00:00:10.00,  0d 00:00:10.00,0.0000,4.1733,R,07/25/2025 10:20:57 AM,0.0000,-0.0007,0.0,0.0
12,0,1,  0d 00:00:11.00,  0d 00:00:11.00,0.0000,4.1730,R,07/25/2025 10:20:58 AM,0.0000,-0.0008,0.0,0.0
13,0,1,  0d 00:00:12.00,  0d 00:00:12.00,0.0000,4.1732,R,07/25/2025 10:20:59 AM,0.0000,-0.0008,0.0,0.0
14,0,1,  0d 00:00:13.00,  0d 00:00:13.00,0.0000,4.1732,R,07/25/2025 10:21:00 AM,0.0000,-0.0008,0.0,0.0
15,0,1,  0d 00:00:14.00,  0d 00:00:14.00,0.0000,4.1733,R,07/25/2025 10:21:01 AM,0.0000,-0.0008,0.0,0.0
16,0,1,  0d 00:00:15.00,  0d 00:00:15.00,0.0000,4.1732,R,07/25/2025 10:21:02 AM,0.0000,-0.0008,0.0,0.0
17,0,1,  0d 00:00:16.00,  0d 00:00:16.00,0.0000,4.1732,R,07/25/2025 10:21:03 AM,0.0000,-0.0007,0.0,0.0
18,0,1,  0d 00:00:17.00,  0d 00:00:17.00,0.0000,4.1732,R,07/25/2025 10:21:04 AM,0.0000,-0.0010,0.0,0.0
19,0,1,  0d 00:00:18.00,  0d 00:00:18.00,0.0000,4.1731,R,07/25/2025 10:21:05 AM,0.0000,-0.0007,0.0,0.0
20,0,1,  0d 00:00:19.00,  0d 00:00:19.00,0.0000,4.1732,R,07/25/2025 10:21:06 AM,0.0000,-0.0008,0.0,0.0
21,0,1,  0d 00:00:20.00,  0d 00:00:20.00,0.0000,4.1732,R,07/25/2025 10:21:07 AM,0.0000,-0.0007,0.0,0.0
22,0,1,  0d 00:00:21.00,  0d 00:00:21.00,0.0000,4.1731,R,07/25/2025 10:21:09 AM,0.0000,-0.0008,0.0,0.0
23,0,1,  0d 00:00:22.00,  0d 00:00:22.00,0.0000,4.1732,R,07/25/2025 10:21:09 AM,0.0000,-0.0008,0.0,0.0
24,0,1,  0d 00:00:23.00,  0d 00:00:23.00,0.0000,4.1731,R,07/25/2025 10:21:10 AM,0.0000,-0.0008,0.0,0.0
25,0,1,  0d 00:00:24.00,  0d 00:00:24.00,0.0000,4.1732,R,07/25/2025 10:21:11 AM,0.0000,-0.0007,0.0,0.0
26,0,1,  0d 00:00:25.00,  0d 00:00:25.00,0.0000,4.1731,R,07/25/2025 10:21:12 AM,0.0000,-0.0007,0.0,0.0
27,0,1,  0d 00:00:26.00,  0d 00:00:26.00,0.0000,4.1730,R,07/25/2025 10:21:13 AM,0.0000,-0.0008,0.0,0.0
28,0,1,  0d 00:00:27.00,  0d 00:00:27.00,0.0000,4.1732,R,07/25/2025 10:21:14 AM,0.0000,-0.0007,0.0,0.0
29,0,1,  0d 00:00:28.00,  0d 00:00:28.00,0.0000,4.1731,R,07/25/2025 10:21:15 AM,0.0000,-0.0007,0.0,0.0
30,0,1,  0d 00:00:29.00,  0d 00:00:29.00,0.0000,4.1731,R,07/25/2025 10:21:16 AM,0.0000,-0.0007,0.0,0.0
31,0,1,  0d 00:00:30.00,  0d 00:00:30.00,0.0000,4.1732,R,07/25/2025 10:21:17 AM,0.0000,-0.0008,0.0,0.0
32,0,1,  0d 00:00:31.00,  0d 00:00:31.00,0.0000,4.1731,R,07/25/2025 10:21:19 AM,0.0000,-0.0007,0.0,0.0
33,0,1,  0d 00:00:32.00,  0d 00:00:32.00,0.0000,4.1730,R,07/25/2025 10:21:19 AM,0.0000,-0.0007,0.0,0.0
34,0,1,  0d 00:00:33.00,  0d 00:00:33.00,0.0000,4.1731,R,07/25/2025 10:21:20 AM,0.0000,-0.0007,0.0,0.0
35,0,1,  0d 00:00:34.00,  0d 00:00:34.00,0.0000,4.1730,R,07/25/2025 10:21:21 AM,0.0000,-0.0008,0.0,0.0
36,0,1,  0d 00:00:35.00,  0d 00:00:35.00,0.0000,4.1732,R,07/25/2025 10:21:22 AM,0.0000,-0.0007,0.0,0.0
37,0,1,  0d 00:00:36.00,  0d 00:00:36.00,0.0000,4.1731,R,07/25/2025 10:21:23 AM,0.0000,-0.0008,0.0,0.0
38,0,1,  0d 00:00:37.00,  0d 00:00:37.00,0.0000,4.1731,R,07/25/2025 10:21:24 AM,0.0000,-0.0008,0.0,0.0
39,0,1,  0d 00:00:38.00,  0d 00:00:38.00,0.0000,4.1731,R,07/25/2025 10:21:25 AM,0.0000,-0.0008,0.0,0.0
40,0,1,  0d 00:00:39.00,  0d 00:00:39.00,0.0000,4.1731,R,07/25/2025 10:21:26 AM,0.0000,-0.0007,0.0,0.0
41,0,1,  0d 00:00:40.00,  0d 00:00:40.00,0.0000,4.1732,R,07/25/2025 10:21:27 AM,0.0000,-0.0005,0.0,0.0
42,0,1,  0d 00:00:41.00,  0d 00:00:41.00,0.0000,4.1732,R,07/25/2025 10:21:28 AM,0.0000,-0.0005,0.0,0.0
43,0,1,  0d 00:00:42.00,  0d 00:00:42.00,0.0000,4.1732,R,07/25/2025 10:21:29 AM,0.0000,-0.0007,0.0,0.0
44,0,1,  0d 00:00:43.00,  0d 00:00:43.00,0.0000,4.1731,R,07/25/2025 10:21:30 AM,0.0000,-0.0007,0.0,0.0
45,0,1,  0d 00:00:44.00,  0d 00:00:44.00,0.0000,4.1731,R,07/25/2025 10:21:31 AM,0.0000,-0.0010,0.0,0.0
46,0,1,  0d 00:00:45.00,  0d 00:00:45.00,0.0000,4.1732,R,07/25/2025 10:21:32 AM,0.0000,-0.0007,0.0,0.0
47,0,1,  0d 00:00:46.00,  0d 00:00:46.00,0.0000,4.1732,R,07/25/2025 10:21:33 AM,0.0000,-0.0007,0.0,0.0
48,0,1,  0d 00:00:47.00,  0d 00:00:47.00,0.0000,4.1732,R,07/25/2025 10:21:34 AM,0.0000,-0.0007,0.0,0.0
49,0,1,  0d 00:00:48.00,  0d 00:00:48.00,0.0000,4.1732,R,07/25/2025 10:21:35 AM,0.0000,-0.0008,0.0,0.0
50,0,1,  0d 00:00:49.00,  0d 00:00:49.00,0.0000,4.1731,R,07/25/2025 10:21:36 AM,0.0000,-0.0008,0.0,0.0
51,0,1,  0d 00:00:50.00,  0d 00:00:50.00,0.0000,4.1730,R,07/25/2025 10:21:37 AM,0.0000,-0.0008,0.0,0.0
52,0,1,  0d 00:00:51.00,  0d 00:00:51.00,0.0000,4.1733,R,07/25/2025 10:21:38 AM,0.0000,-0.0008,0.0,0.0
53,0,1,  0d 00:00:52.00,  0d 00:00:52.00,0.0000,4.1731,R,07/25/2025 10:21:39 AM,0.0000,-0.0008,0.0,0.0
54,0,1,  0d 00:00:53.00,  0d 00:00:53.00,0.0000,4.1730,R,07/25/2025 10:21:40 AM,0.0000,-0.0007,0.0,0.0
55,0,1,  0d 00:00:54.00,  0d 00:00:54.00,0.0000,4.1732,R,07/25/2025 10:21:41 AM,0.0000,-0.0010,0.0,0.0
56,0,1,  0d 00:00:55.00,  0d 00:00:55.00,0.0000,4.1732,R,07/25/2025 10:21:42 AM,0.0000,-0.0008,0.0,0.0
57,0,1,  0d 00:00:56.00,  0d 00:00:56.00,0.0000,4.1731,R,07/25/2025 10:21:43 AM,0.0000,-0.0008,0.0,0.0
58,0,1,  0d 00:00:57.00,  0d 00:00:57.00,0.0000,4.1731,R,07/25/2025 10:21:44 AM,0.0000,-0.0010,0.0,0.0
59,0,1,  0d 00:00:58.00,  0d 00:00:58.00,0.0000,4.1732,R,07/25/2025 10:21:45 AM,0.0000,-0.0008,0.0,0.0
60,0,1,  0d 00:00:59.00,  0d 00:00:59.00,0.0000,4.1731,R,07/25/2025 10:21:46 AM,0.0000,-0.0008,0.0,0.0
61,0,1,  0d 00:01:00.00,  0d 00:01:00.00,0.0000,4.1730,R,07/25/2025 10:21:47 AM,0.0000,-0.0007,0.0,0.0
62,0,2,  0d 00:01:00.08,  0d 00:00:00.08,0.5850,4.1843,C,07/25/2025 10:21:47 AM,0.0000,-0.0008,0.0,0.0
63,0,2,  0d 00:01:01.08,  0d 00:00:01.08,1.2384,4.2007,C,07/25/2025 10:21:49 AM,0.0000,-0.0007,0.0,0.0
64,0,2,  0d 00:01:02.08,  0d 00:00:02.08,1.1572,4.2010,C,07/25/2025 10:21:49 AM,0.0000,-0.0008,0.0,0.0
65,0,2,  0d 00:01:03.08,  0d 00:00:03.08,1.0901,4.2008,C,07/25/2025 10:21:50 AM,0.0000,-0.0008,0.0,0.0
66,0,2,  0d 00:01:04.08,  0d 00:00:04.08,1.0352,4.2008,C,07/25/2025 10:21:51 AM,0.0000,-0.0008,0.0,0.0
67,0,2,  0d 00:01:05.08,  0d 00:00:05.08,0.9918,4.2009,C,07/25/2025 10:21:52 AM,0.0000,-0.0008,0.0,0.0
68,0,2,  0d 00:01:06.08,  0d 00:00:06.08,0.9522,4.2008,C,07/25/2025 10:21:53 AM,0.0000,-0.0007,0.0,0.0
69,0,2,  0d 00:01:07.08,  0d 00:00:07.08,0.9155,4.2008,C,07/25/2025 10:21:54 AM,0.0000,-0.0008,0.0,0.0
70,0,2,  0d 00:01:08.08,  0d 00:00:08.08,0.8853,4.2008,C,07/25/2025 10:21:55 AM,0.0000,-0.0008,0.0,0.0
71,0,2,  0d 00:01:09.08,  0d 00:00:09.08,0.8524,4.2007,C,07/25/2025 10:21:56 AM,0.0000,-0.0008,0.0,0.0
72,0,2,  0d 00:01:10.08,  0d 00:00:10.08,0.8219,4.2006,C,07/25/2025 10:21:57 AM,0.0000,-0.0007,0.0,0.0
73,0,2,  0d 00:01:11.08,  0d 00:00:11.08,0.7913,4.2004,C,07/25/2025 10:21:59 AM,0.0000,-0.0008,0.0,0.0
74,0,2,  0d 00:01:12.08,  0d 00:00:12.08,0.7608,4.2003,C,07/25/2025 10:21:59 AM,0.0000,-0.0008,0.0,0.0
75,0,2,  0d 00:01:13.08,  0d 00:00:13.08,0.7361,4.2000,C,07/25/2025 10:22:00 AM,0.0000,-0.0005,0.0,0.0
76,0,2,  0d 00:01:14.08,  0d 00:00:14.08,0.7187,4.2000,C,07/25/2025 10:22:01 AM,0.0000,-0.0008,0.0,0.0
77,0,2,  0d 00:01:15.08,  0d 00:00:15.08,0.7010,4.2000,C,07/25/2025 10:22:02 AM,0.0000,-0.0008,0.0,0.0
78,0,2,  0d 00:01:16.08,  0d 00:00:16.08,0.6851,4.2001,C,07/25/2025 10:22:03 AM,0.0000,-0.0008,0.0,0.0
79,0,2,  0d 00:01:17.08,  0d 00:00:17.08,0.6687,4.2000,C,07/25/2025 10:22:04 AM,0.0000,-0.0008,0.0,0.0
80,0,2,  0d 00:01:18.08,  0d 00:00:18.08,0.6528,4.2000,C,07/25/2025 10:22:05 AM,0.0000,-0.0008,0.0,0.0
81,0,2,  0d 00:01:19.08,  0d 00:00:19.08,0.6397,4.2000,C,07/25/2025 10:22:06 AM,0.0000,-0.0008,0.0,0.0
82,0,2,  0d 00:01:20.08,  0d 00:00:20.08,0.6271,4.2000,C,07/25/2025 10:22:07 AM,0.0000,-0.0008,0.0,0.0
83,0,2,  0d 00:01:21.08,  0d 00:00:21.08,0.6137,4.2000,C,07/25/2025 10:22:08 AM,0.0000,-0.0007,0.0,0.0
84,0,2,  0d 00:01:22.08,  0d 00:00:22.08,0.6009,4.2000,C,07/25/2025 10:22:09 AM,0.0000,-0.0007,0.0,0.0
85,0,2,  0d 00:01:23.08,  0d 00:00:23.08,0.5905,4.2000,C,07/25/2025 10:22:10 AM,0.0000,-0.0008,0.0,0.0
86,0,2,  0d 00:01:24.08,  0d 00:00:24.08,0.5777,4.2000,C,07/25/2025 10:22:11 AM,0.0000,-0.0010,0.0,0.0
87,0,2,  0d 00:01:25.08,  0d 00:00:25.08,0.5676,4.2000,C,07/25/2025 10:22:12 AM,0.0000,-0.0007,0.0,0.0
88,0,2,  0d 00:01:26.08,  0d 00:00:26.08,0.5576,4.2000,C,07/25/2025 10:22:13 AM,0.0000,-0.0010,0.0,0.0
89,0,2,  0d 00:01:27.08,  0d 00:00:27.08,0.5496,4.2000,C,07/25/2025 10:22:14 AM,0.0000,-0.0007,0.0,0.0
90,0,2,  0d 00:01:28.08,  0d 00:00:28.08,0.5371,4.2000,C,07/25/2025 10:22:15 AM,0.0000,-0.0007,0.0,0.0
91,0,2,  0d 00:01:29.08,  0d 00:00:29.08,0.5280,4.2000,C,07/25/2025 10:22:16 AM,0.0000,-0.0007,0.0,0.0
92,0,2,  0d 00:01:30.08,  0d 00:00:30.08,0.5206,4.2000,C,07/25/2025 10:22:17 AM,0.0000,-0.0008,0.0,0.0
93,0,2,  0d 00:01:31.08,  0d 00:00:31.08,0.5127,4.2000,C,07/25/2025 10:22:18 AM,0.0000,-0.0008,0.0,0.0
94,0,2,  0d 00:01:32.08,  0d 00:00:32.08,0.5039,4.2000,C,07/25/2025 10:22:20 AM,0.0000,-0.0007,0.0,0.0
95,0,2,  0d 00:01:33.08,  0d 00:00:33.08,0.4947,4.1999,C,07/25/2025 10:22:20 AM,0.0000,-0.0008,0.0,0.0
96,0,2,  0d 00:01:34.08,  0d 00:00:34.08,0.4852,4.1998,C,07/25/2025 10:22:21 AM,0.0000,-0.0008,0.0,0.0
97,0,2,  0d 00:01:35.08,  0d 00:00:35.08,0.4791,4.2001,C,07/25/2025 10:22:22 AM,0.0000,-0.0007,0.0,0.0
98,0,2,  0d 00:01:36.08,  0d 00:00:36.08,0.4712,4.2000,C,07/25/2025 10:22:23 AM,0.0000,-0.0005,0.0,0.0
99,0,2,  0d 00:01:37.08,  0d 00:00:37.08,0.4654,4.2000,C,07/25/2025 10:22:24 AM,0.0000,-0.0008,0.0,0.0
100,0,2,  0d 00:01:38.08,  0d 00:00:38.08,0.4578,4.2000,C,07/25/2025 10:22:25 AM,0.0000,-0.0007,0.0,0.0
101,0,2,  0d 00:01:39.08,  0d 00:00:39.08,0.4495,4.2000,C,07/25/2025 10:22:26 AM,0.0000,-0.0008,0.0,0.0
102,0,2,  0d 00:01:40.08,  0d 00:00:40.08,0.4440,4.2000,C,07/25/2025 10:22:27 AM,0.0000,-0.0008,0.0,0.0
103,0,2,  0d 00:01:41.08,  0d 00:00:41.08,0.4355,4.1999,C,07/25/2025 10:22:28 AM,0.0000,-0.0007,0.0,0.0
104,0,2,  0d 00:01:42.08,  0d 00:00:42.08,0.4309,4.2000,C,07/25/2025 10:22:30 AM,0.0000,-0.0007,0.0,0.0
105,0,2,  0d 00:01:43.08,  0d 00:00:43.08,0.4239,4.1999,C,07/25/2025 10:22:30 AM,0.0000,-0.0007,0.0,0.0
106,0,2,  0d 00:01:44.08,  0d 00:00:44.08,0.4184,4.2000,C,07/25/2025 10:22:31 AM,0.0000,-0.0007,0.0,0.0
107,0,2,  0d 00:01:45.08,  0d 00:00:45.08,0.4114,4.2000,C,07/25/2025 10:22:32 AM,0.0000,-0.0007,0.0,0.0
108,0,2,  0d 00:01:46.08,  0d 00:00:46.08,0.4077,4.2000,C,07/25/2025 10:22:33 AM,0.0000,-0.0008,0.0,0.0
109,0,2,  0d 00:01:47.08,  0d 00:00:47.08,0.4004,4.2000,C,07/25/2025 10:22:34 AM,0.0000,-0.0007,0.0,0.0
110,0,2,  0d 00:01:48.08,  0d 00:00:48.08,0.3967,4.1999,C,07/25/2025 10:22:35 AM,0.0000,-0.0007,0.0,0.0
111,0,2,  0d 00:01:49.08,  0d 00:00:49.08,0.3912,4.2000,C,07/25/2025 10:22:36 AM,0.0000,-0.0005,0.0,0.0
112,0,2,  0d 00:01:50.08,  0d 00:00:50.08,0.3867,4.1998,C,07/25/2025 10:22:37 AM,0.0000,-0.0010,0.0,0.0
113,0,2,  0d 00:01:51.08,  0d 00:00:51.08,0.3812,4.2000,C,07/25/2025 10:22:38 AM,0.0000,-0.0007,0.0,0.0
114,0,2,  0d 00:01:52.08,  0d 00:00:52.08,0.3748,4.2000,C,07/25/2025 10:22:40 AM,0.0000,-0.0007,0.0,0.0
115,0,2,  0d 00:01:53.08,  0d 00:00:53.08,0.3708,4.1999,C,07/25/2025 10:22:40 AM,0.0000,-0.0008,0.0,0.0
116,0,2,  0d 00:01:54.08,  0d 00:00:54.08,0.3635,4.1999,C,07/25/2025 10:22:41 AM,0.0000,-0.0008,0.0,0.0
117,0,2,  0d 00:01:55.08,  0d 00:00:55.08,0.3616,4.2000,C,07/25/2025 10:22:42 AM,0.0000,-0.0008,0.0,0.0
118,0,2,  0d 00:01:56.08,  0d 00:00:56.08,0.3565,4.1999,C,07/25/2025 10:22:43 AM,0.0000,-0.0007,0.0,0.0
119,0,2,  0d 00:01:57.08,  0d 00:00:57.08,0.3500,4.2000,C,07/25/2025 10:22:44 AM,0.0000,-0.0008,0.0,0.0
120,0,2,  0d 00:01:58.08,  0d 00:00:58.08,0.3467,4.1999,C,07/25/2025 10:22:45 AM,0.0000,-0.0007,0.0,0.0
121,0,2,  0d 00:01:59.08,  0d 00:00:59.08,0.3421,4.2000,C,07/25/2025 10:22:46 AM,0.0000,-0.0010,0.0,0.0
122,0,2,  0d 00:02:00.08,  0d 00:01:00.08,0.3384,4.1999,C,07/25/2025 10:22:47 AM,0.0000,-0.0007,0.0,0.0
123,0,2,  0d 00:02:01.08,  0d 00:01:01.08,0.3348,4.1999,C,07/25/2025 10:22:48 AM,0.0000,-0.0007,0.0,0.0
124,0,2,  0d 00:02:02.08,  0d 00:01:02.08,0.3281,4.1999,C,07/25/2025 10:22:50 AM,0.0000,-0.0008,0.0,0.0
125,0,2,  0d 00:02:03.08,  0d 00:01:03.08,0.3238,4.2000,C,07/25/2025 10:22:50 AM,0.0000,-0.0007,0.0,0.0
126,0,2,  0d 00:02:04.08,  0d 00:01:04.08,0.3223,4.1999,C,07/25/2025 10:22:51 AM,0.0000,-0.0007,0.0,0.0
127,0,2,  0d 00:02:05.08,  0d 00:01:05.08,0.3177,4.1999,C,07/25/2025 10:22:52 AM,0.0000,-0.0008,0.0,0.0
128,0,2,  0d 00:02:06.08,  0d 00:01:06.08,0.3146,4.1999,C,07/25/2025 10:22:53 AM,0.0000,-0.0008,0.0,0.0
129,0,2,  0d 00:02:07.08,  0d 00:01:07.08,0.3104,4.1999,C,07/25/2025 10:22:54 AM,0.0000,-0.0008,0.0,0.0
130,0,2,  0d 00:02:08.08,  0d 00:01:08.08,0.3082,4.1999,C,07/25/2025 10:22:55 AM,0.0000,-0.0007,0.0,0.0
131,0,2,  0d 00:02:09.08,  0d 00:01:09.08,0.3049,4.1999,C,07/25/2025 10:22:56 AM,0.0000,-0.0008,0.0,0.0
132,0,2,  0d 00:02:10.08,  0d 00:01:10.08,0.3012,4.2000,C,07/25/2025 10:22:57 AM,0.0000,-0.0008,0.0,0.0
133,0,2,  0d 00:02:11.08,  0d 00:01:11.08,0.2972,4.2000,C,07/25/2025 10:22:58 AM,0.0000,-0.0010,0.0,0.0
134,0,2,  0d 00:02:12.08,  0d 00:01:12.08,0.2945,4.2000,C,07/25/2025 10:23:00 AM,0.0000,-0.0007,0.0,0.0
135,0,2,  0d 00:02:13.08,  0d 00:01:13.08,0.2899,4.2000,C,07/25/2025 10:23:00 AM,0.0000,-0.0008,0.0,0.0
136,0,2,  0d 00:02:14.08,  0d 00:01:14.08,0.2853,4.2000,C,07/25/2025 10:23:01 AM,0.0000,-0.0008,0.0,0.0
137,0,2,  0d 00:02:15.08,  0d 00:01:15.08,0.2823,4.2000,C,07/25/2025 10:23:02 AM,0.0000,-0.0008,0.0,0.0
138,0,2,  0d 00:02:16.08,  0d 00:01:16.08,0.2811,4.2000,C,07/25/2025 10:23:03 AM,0.0000,-0.0008,0.0,0.0
139,0,2,  0d 00:02:17.08,  0d 00:01:17.08,0.2768,4.2000,C,07/25/2025 10:23:04 AM,0.0000,-0.0007,0.0,0.0
140,0,2,  0d 00:02:18.08,  0d 00:01:18.08,0.2737,4.2000,C,07/25/2025 10:23:05 AM,0.0000,-0.0008,0.0,0.0
141,0,2,  0d 00:02:19.08,  0d 00:01:19.08,0.2719,4.2000,C,07/25/2025 10:23:06 AM,0.0000,-0.0007,0.0,0.0
142,0,2,  0d 00:02:20.08,  0d 00:01:20.08,0.2658,4.2000,C,07/25/2025 10:23:07 AM,0.0000,-0.0007,0.0,0.0
143,0,2,  0d 00:02:21.08,  0d 00:01:21.08,0.2670,4.1999,C,07/25/2025 10:23:08 AM,0.0000,-0.0007,0.0,0.0
144,0,2,  0d 00:02:22.08,  0d 00:01:22.08,0.2618,4.1998,C,07/25/2025 10:23:10 AM,0.0000,-0.0007,0.0,0.0
145,0,2,  0d 00:02:23.08,  0d 00:01:23.08,0.2597,4.2000,C,07/25/2025 10:23:10 AM,0.0000,-0.0010,0.0,0.0
146,0,2,  0d 00:02:24.08,  0d 00:01:24.08,0.2573,4.2000,C,07/25/2025 10:23:11 AM,0.0000,-0.0008,0.0,0.0
147,0,2,  0d 00:02:25.08,  0d 00:01:25.08,0.2548,4.1999,C,07/25/2025 10:23:12 AM,0.0000,-0.0007,0.0,0.0
148,0,2,  0d 00:02:26.08,  0d 00:01:26.08,0.2512,4.2000,C,07/25/2025 10:23:13 AM,0.0000,-0.0008,0.0,0.0
149,0,2,  0d 00:02:27.08,  0d 00:01:27.08,0.2469,4.2000,C,07/25/2025 10:23:14 AM,0.0000,-0.0007,0.0,0.0
150,0,2,  0d 00:02:28.08,  0d 00:01:28.08,0.2454,4.1999,C,07/25/2025 10:23:15 AM,0.0000,-0.0007,0.0,0.0
151,0,2,  0d 00:02:29.08,  0d 00:01:29.08,0.2414,4.1999,C,07/25/2025 10:23:16 AM,0.0000,-0.0008,0.0,0.0
152,0,2,  0d 00:02:30.08,  0d 00:01:30.08,0.2396,4.2000,C,07/25/2025 10:23:17 AM,0.0000,-0.0007,0.0,0.0
153,0,2,  0d 00:02:31.08,  0d 00:01:31.08,0.2377,4.2000,C,07/25/2025 10:23:18 AM,0.0000,-0.0008,0.0,0.0
154,0,2,  0d 00:02:32.08,  0d 00:01:32.08,0.2359,4.2000,C,07/25/2025 10:23:19 AM,0.0000,-0.0007,0.0,0.0
155,0,2,  0d 00:02:33.08,  0d 00:01:33.08,0.2319,4.2000,C,07/25/2025 10:23:20 AM,0.0000,-0.0007,0.0,0.0
156,0,2,  0d 00:02:34.08,  0d 00:01:34.08,0.2295,4.2000,C,07/25/2025 10:23:21 AM,0.0000,-0.0008,0.0,0.0
157,0,2,  0d 00:02:35.08,  0d 00:01:35.08,0.2261,4.1999,C,07/25/2025 10:23:22 AM,0.0000,-0.0008,0.0,0.0
158,0,2,  0d 00:02:36.08,  0d 00:01:36.08,0.2249,4.1999,C,07/25/2025 10:23:23 AM,0.0000,-0.0008,0.0,0.0
159,0,2,  0d 00:02:37.08,  0d 00:01:37.08,0.2237,4.2000,C,07/25/2025 10:23:24 AM,0.0000,-0.0008,0.0,0.0
160,0,2,  0d 00:02:38.08,  0d 00:01:38.08,0.2216,4.1999,C,07/25/2025 10:23:25 AM,0.0000,-0.0007,0.0,0.0
161,0,2,  0d 00:02:39.08,  0d 00:01:39.08,0.2167,4.1999,C,07/25/2025 10:23:26 AM,0.0000,-0.0008,0.0,0.0
162,0,2,  0d 00:02:40.08,  0d 00:01:40.08,0.2191,4.2000,C,07/25/2025 10:23:27 AM,0.0000,-0.0008,0.0,0.0
163,0,2,  0d 00:02:41.08,  0d 00:01:41.08,0.2145,4.1999,C,07/25/2025 10:23:28 AM,0.0000,-0.0008,0.0,0.0
164,0,2,  0d 00:02:42.08,  0d 00:01:42.08,0.2118,4.2000,C,07/25/2025 10:23:29 AM,0.0000,-0.0008,0.0,0.0
165,0,2,  0d 00:02:43.08,  0d 00:01:43.08,0.2103,4.2000,C,07/25/2025 10:23:31 AM,0.0000,-0.0007,0.0,0.0
166,0,2,  0d 00:02:44.08,  0d 00:01:44.08,0.2060,4.2000,C,07/25/2025 10:23:31 AM,0.0000,-0.0008,0.0,0.0
167,0,2,  0d 00:02:45.08,  0d 00:01:45.08,0.2054,4.1999,C,07/25/2025 10:23:32 AM,0.0000,-0.0007,0.0,0.0
168,0,2,  0d 00:02:46.08,  0d 00:01:46.08,0.2042,4.2000,C,07/25/2025 10:23:33 AM,0.0000,-0.0007,0.0,0.0
169,0,2,  0d 00:02:47.08,  0d 00:01:47.08,0.2002,4.2000,C,07/25/2025 10:23:34 AM,0.0000,-0.0007,0.0,0.0
170,0,2,  0d 00:02:48.08,  0d 00:01:48.08,0.1996,4.1999,C,07/25/2025 10:23:35 AM,0.0000,-0.0007,0.0,0.0
171,0,2,  0d 00:02:49.08,  0d 00:01:49.08,0.1996,4.1999,C,07/25/2025 10:23:36 AM,0.0000,-0.0007,0.0,0.0
172,0,2,  0d 00:02:50.08,  0d 00:01:50.08,0.1968,4.1998,C,07/25/2025 10:23:37 AM,0.0000,-0.0007,0.0,0.0
173,0,2,  0d 00:02:51.08,  0d 00:01:51.08,0.1956,4.2000,C,07/25/2025 10:23:38 AM,0.0000,-0.0007,0.0,0.0
174,0,2,  0d 00:02:52.08,  0d 00:01:52.08,0.1920,4.2000,C,07/25/2025 10:23:39 AM,0.0000,-0.0007,0.0,0.0
175,0,2,  0d 00:02:53.08,  0d 00:01:53.08,0.1926,4.2000,C,07/25/2025 10:23:41 AM,0.0000,-0.0008,0.0,0.0
176,0,2,  0d 00:02:54.08,  0d 00:01:54.08,0.1901,4.2000,C,07/25/2025 10:23:41 AM,0.0000,-0.0007,0.0,0.0
177,0,2,  0d 00:02:55.08,  0d 00:01:55.08,0.1855,4.2000,C,07/25/2025 10:23:42 AM,0.0000,-0.0008,0.0,0.0
178,0,2,  0d 00:02:56.08,  0d 00:01:56.08,0.1852,4.1999,C,07/25/2025 10:23:43 AM,0.0000,-0.0008,0.0,0.0
179,0,2,  0d 00:02:57.08,  0d 00:01:57.08,0.1834,4.2000,C,07/25/2025 10:23:44 AM,0.0000,-0.0008,0.0,0.0
180,0,2,  0d 00:02:58.08,  0d 00:01:58.08,0.1825,4.2000,C,07/25/2025 10:23:45 AM,0.0000,-0.0010,0.0,0.0
181,0,2,  0d 00:02:59.08,  0d 00:01:59.08,0.1816,4.1999,C,07/25/2025 10:23:46 AM,0.0000,-0.0008,0.0,0.0
182,0,2,  0d 00:03:00.08,  0d 00:02:00.08,0.1773,4.2000,C,07/25/2025 10:23:47 AM,0.0000,-0.0007,0.0,0.0
183,0,2,  0d 00:03:01.08,  0d 00:02:01.08,0.1770,4.1999,C,07/25/2025 10:23:48 AM,0.0000,-0.0008,0.0,0.0
184,0,2,  0d 00:03:02.08,  0d 00:02:02.08,0.1749,4.2000,C,07/25/2025 10:23:49 AM,0.0000,-0.0007,0.0,0.0
185,0,2,  0d 00:03:03.08,  0d 00:02:03.08,0.1736,4.2000,C,07/25/2025 10:23:51 AM,0.0000,-0.0005,0.0,0.0
186,0,2,  0d 00:03:04.08,  0d 00:02:04.08,0.1715,4.2000,C,07/25/2025 10:23:51 AM,0.0000,-0.0010,0.0,0.0
187,0,2,  0d 00:03:05.08,  0d 00:02:05.08,0.1688,4.1999,C,07/25/2025 10:23:52 AM,0.0000,-0.0007,0.0,0.0
188,0,2,  0d 00:03:06.08,  0d 00:02:06.08,0.1700,4.2000,C,07/25/2025 10:23:53 AM,0.0000,-0.0008,0.0,0.0
189,0,2,  0d 00:03:07.08,  0d 00:02:07.08,0.1682,4.2000,C,07/25/2025 10:23:54 AM,0.0000,-0.0008,0.0,0.0
190,0,2,  0d 00:03:08.08,  0d 00:02:08.08,0.1657,4.2000,C,07/25/2025 10:23:55 AM,0.0000,-0.0008,0.0,0.0
191,0,2,  0d 00:03:09.08,  0d 00:02:09.08,0.1645,4.2000,C,07/25/2025 10:23:56 AM,0.0000,-0.0008,0.0,0.0
192,0,2,  0d 00:03:10.08,  0d 00:02:10.08,0.1614,4.2000,C,07/25/2025 10:23:57 AM,0.0000,-0.0007,0.0,0.0
193,0,2,  0d 00:03:11.08,  0d 00:02:11.08,0.1605,4.2000,C,07/25/2025 10:23:58 AM,0.0000,-0.0007,0.0,0.0
194,0,2,  0d 00:03:12.08,  0d 00:02:12.08,0.1614,4.2000,C,07/25/2025 10:23:59 AM,0.0000,-0.0008,0.0,0.0
195,0,2,  0d 00:03:13.08,  0d 00:02:13.08,0.1569,4.2000,C,07/25/2025 10:24:01 AM,0.0000,-0.0007,0.0,0.0
196,0,2,  0d 00:03:14.08,  0d 00:02:14.08,0.1581,4.2000,C,07/25/2025 10:24:01 AM,0.0000,-0.0007,0.0,0.0
197,0,2,  0d 00:03:15.08,  0d 00:02:15.08,0.1566,4.2000,C,07/25/2025 10:24:02 AM,0.0000,-0.0010,0.0,0.0
198,0,2,  0d 00:03:16.08,  0d 00:02:16.08,0.1526,4.2000,C,07/25/2025 10:24:03 AM,0.0000,-0.0008,0.0,0.0
199,0,2,  0d 00:03:17.08,  0d 00:02:17.08,0.1532,4.2000,C,07/25/2025 10:24:04 AM,0.0000,-0.0008,0.0,0.0
200,0,2,  0d 00:03:18.08,  0d 00:02:18.08,0.1526,4.2000,C,07/25/2025 10:24:05 AM,0.0000,-0.0008,0.0,0.0
201,0,2,  0d 00:03:19.08,  0d 00:02:19.08,0.1508,4.1999,C,07/25/2025 10:24:06 AM,0.0000,-0.0008,0.0,0.0
202,0,2,  0d 00:03:20.08,  0d 00:02:20.08,0.1505,4.2001,C,07/25/2025 10:24:07 AM,0.0000,-0.0007,0.0,0.0
203,0,2,  0d 00:03:21.08,  0d 00:02:21.08,0.1486,4.1999,C,07/25/2025 10:24:08 AM,0.0000,-0.0007,0.0,0.0
204,0,2,  0d 00:03:22.08,  0d 00:02:22.08,0.1459,4.2000,C,07/25/2025 10:24:09 AM,0.0000,-0.0007,0.0,0.0
205,0,2,  0d 00:03:23.08,  0d 00:02:23.08,0.1453,4.1999,C,07/25/2025 10:24:11 AM,0.0000,-0.0007,0.0,0.0
206,0,2,  0d 00:03:24.08,  0d 00:02:24.08,0.1422,4.1998,C,07/25/2025 10:24:11 AM,0.0000,-0.0007,0.0,0.0
207,0,2,  0d 00:03:25.08,  0d 00:02:25.08,0.1428,4.2000,C,07/25/2025 10:24:12 AM,0.0000,-0.0007,0.0,0.0
208,0,2,  0d 00:03:26.08,  0d 00:02:26.08,0.1395,4.1999,C,07/25/2025 10:24:13 AM,0.0000,-0.0008,0.0,0.0
209,0,2,  0d 00:03:27.08,  0d 00:02:27.08,0.1413,4.2000,C,07/25/2025 10:24:14 AM,0.0000,-0.0007,0.0,0.0
210,0,2,  0d 00:03:28.08,  0d 00:02:28.08,0.1392,4.2000,C,07/25/2025 10:24:15 AM,0.0000,-0.0008,0.0,0.0
211,0,2,  0d 00:03:29.08,  0d 00:02:29.08,0.1382,4.2000,C,07/25/2025 10:24:16 AM,0.0000,-0.0008,0.0,0.0
212,0,2,  0d 00:03:30.08,  0d 00:02:30.08,0.1392,4.1998,C,07/25/2025 10:24:17 AM,0.0000,-0.0007,0.0,0.0
213,0,2,  0d 00:03:31.08,  0d 00:02:31.08,0.1367,4.1999,C,07/25/2025 10:24:18 AM,0.0000,-0.0008,0.0,0.0
214,0,2,  0d 00:03:32.08,  0d 00:02:32.08,0.1337,4.1999,C,07/25/2025 10:24:19 AM,0.0000,-0.0007,0.0,0.0
215,0,2,  0d 00:03:33.08,  0d 00:02:33.08,0.1334,4.1999,C,07/25/2025 10:24:21 AM,0.0000,-0.0008,0.0,0.0
216,0,2,  0d 00:03:34.08,  0d 00:02:34.08,0.1334,4.2000,C,07/25/2025 10:24:21 AM,0.0000,-0.0008,0.0,0.0
217,0,2,  0d 00:03:35.08,  0d 00:02:35.08,0.1337,4.1999,C,07/25/2025 10:24:22 AM,0.0000,-0.0008,0.0,0.0
218,0,2,  0d 00:03:36.08,  0d 00:02:36.08,0.1315,4.2000,C,07/25/2025 10:24:23 AM,0.0000,-0.0008,0.0,0.0
219,0,2,  0d 00:03:37.08,  0d 00:02:37.08,0.1312,4.2000,C,07/25/2025 10:24:24 AM,0.0000,-0.0010,0.0,0.0
220,0,2,  0d 00:03:38.08,  0d 00:02:38.08,0.1279,4.2000,C,07/25/2025 10:24:25 AM,0.0000,-0.0007,0.0,0.0
221,0,2,  0d 00:03:39.08,  0d 00:02:39.08,0.1282,4.1999,C,07/25/2025 10:24:26 AM,0.0000,-0.0010,0.0,0.0
222,0,2,  0d 00:03:39.68,  0d 00:02:39.68,0.1251,4.2000,C,07/25/2025 10:24:27 AM,0.0000,-0.0007,0.0,0.0
223,0,3,  0d 00:03:39.69,  0d 00:00:00.01,0.0000,4.1975,R,07/25/2025 10:24:27 AM,0.0000,-0.0007,0.0,0.0
224,0,3,  0d 00:03:40.69,  0d 00:00:01.01,0.0000,4.1970,R,07/25/2025 10:24:28 AM,0.0000,-0.0008,0.0,0.0
225,0,3,  0d 00:03:41.69,  0d 00:00:02.01,0.0000,4.1969,R,07/25/2025 10:24:29 AM,0.0000,-0.0008,0.0,0.0
226,0,3,  0d 00:03:42.69,  0d 00:00:03.01,0.0000,4.1967,R,07/25/2025 10:24:30 AM,0.0000,-0.0008,0.0,0.0
227,0,3,  0d 00:03:43.69,  0d 00:00:04.01,0.0000,4.1968,R,07/25/2025 10:24:31 AM,0.0000,-0.0007,0.0,0.0
228,0,3,  0d 00:03:44.69,  0d 00:00:05.01,0.0000,4.1965,R,07/25/2025 10:24:32 AM,0.0000,-0.0007,0.0,0.0
229,0,3,  0d 00:03:45.69,  0d 00:00:06.01,0.0000,4.1964,R,07/25/2025 10:24:33 AM,0.0000,-0.0008,0.0,0.0
230,0,3,  0d 00:03:46.69,  0d 00:00:07.01,0.0000,4.1964,R,07/25/2025 10:24:34 AM,0.0000,-0.0007,0.0,0.0
231,0,3,  0d 00:03:47.69,  0d 00:00:08.01,0.0000,4.1963,R,07/25/2025 10:24:35 AM,0.0000,-0.0007,0.0,0.0
232,0,3,  0d 00:03:48.69,  0d 00:00:09.01,0.0000,4.1962,R,07/25/2025 10:24:36 AM,0.0000,-0.0007,0.0,0.0
233,0,3,  0d 00:03:49.69,  0d 00:00:10.01,0.0000,4.1962,R,07/25/2025 10:24:37 AM,0.0000,-0.0008,0.0,0.0
234,0,3,  0d 00:03:50.69,  0d 00:00:11.01,0.0000,4.1961,R,07/25/2025 10:24:38 AM,0.0000,-0.0005,0.0,0.0
235,0,3,  0d 00:03:51.69,  0d 00:00:12.01,0.0000,4.1959,R,07/25/2025 10:24:39 AM,0.0000,-0.0007,0.0,0.0
236,0,3,  0d 00:03:52.69,  0d 00:00:13.01,0.0000,4.1961,R,07/25/2025 10:24:40 AM,0.0000,-0.0007,0.0,0.0
237,0,3,  0d 00:03:53.69,  0d 00:00:14.01,0.0000,4.1958,R,07/25/2025 10:24:42 AM,0.0000,-0.0008,0.0,0.0
238,0,3,  0d 00:03:54.69,  0d 00:00:15.01,0.0000,4.1958,R,07/25/2025 10:24:42 AM,0.0000,-0.0008,0.0,0.0
239,0,3,  0d 00:03:55.69,  0d 00:00:16.01,0.0000,4.1958,R,07/25/2025 10:24:43 AM,0.0000,-0.0008,0.0,0.0
240,0,3,  0d 00:03:56.69,  0d 00:00:17.01,0.0000,4.1958,R,07/25/2025 10:24:44 AM,0.0000,-0.0010,0.0,0.0
241,0,3,  0d 00:03:57.69,  0d 00:00:18.01,0.0000,4.1956,R,07/25/2025 10:24:45 AM,0.0000,-0.0007,0.0,0.0
242,0,3,  0d 00:03:58.69,  0d 00:00:19.01,0.0000,4.1957,R,07/25/2025 10:24:46 AM,0.0000,-0.0007,0.0,0.0
243,0,3,  0d 00:03:59.69,  0d 00:00:20.01,0.0000,4.1956,R,07/25/2025 10:24:47 AM,0.0000,-0.0008,0.0,0.0
244,0,3,  0d 00:04:00.69,  0d 00:00:21.01,0.0000,4.1955,R,07/25/2025 10:24:48 AM,0.0000,-0.0008,0.0,0.0
245,0,3,  0d 00:04:01.69,  0d 00:00:22.01,0.0000,4.1955,R,07/25/2025 10:24:49 AM,0.0000,-0.0010,0.0,0.0
246,0,3,  0d 00:04:02.69,  0d 00:00:23.01,0.0000,4.1955,R,07/25/2025 10:24:50 AM,0.0000,-0.0008,0.0,0.0
247,0,3,  0d 00:04:03.69,  0d 00:00:24.01,0.0000,4.1955,R,07/25/2025 10:24:52 AM,0.0000,-0.0008,0.0,0.0
248,0,3,  0d 00:04:04.69,  0d 00:00:25.01,0.0000,4.1953,R,07/25/2025 10:24:52 AM,0.0000,-0.0008,0.0,0.0
249,0,3,  0d 00:04:05.69,  0d 00:00:26.01,0.0000,4.1953,R,07/25/2025 10:24:53 AM,0.0000,-0.0008,0.0,0.0
250,0,3,  0d 00:04:06.69,  0d 00:00:27.01,0.0000,4.1952,R,07/25/2025 10:24:54 AM,0.0000,-0.0007,0.0,0.0
251,0,3,  0d 00:04:07.69,  0d 00:00:28.01,0.0000,4.1951,R,07/25/2025 10:24:55 AM,0.0000,-0.0007,0.0,0.0
252,0,3,  0d 00:04:08.69,  0d 00:00:29.01,0.0000,4.1952,R,07/25/2025 10:24:56 AM,0.0000,-0.0008,0.0,0.0
253,0,3,  0d 00:04:09.69,  0d 00:00:30.01,0.0000,4.1952,R,07/25/2025 10:24:57 AM,0.0000,-0.0010,0.0,0.0
254,0,3,  0d 00:04:10.69,  0d 00:00:31.01,0.0000,4.1952,R,07/25/2025 10:24:58 AM,0.0000,-0.0005,0.0,0.0
255,0,3,  0d 00:04:11.69,  0d 00:00:32.01,0.0000,4.1950,R,07/25/2025 10:24:59 AM,0.0000,-0.0007,0.0,0.0
256,0,3,  0d 00:04:12.69,  0d 00:00:33.01,0.0000,4.1951,R,07/25/2025 10:25:00 AM,0.0000,-0.0007,0.0,0.0
257,0,3,  0d 00:04:13.69,  0d 00:00:34.01,0.0000,4.1950,R,07/25/2025 10:25:02 AM,0.0000,-0.0008,0.0,0.0
258,0,3,  0d 00:04:14.69,  0d 00:00:35.01,0.0000,4.1950,R,07/25/2025 10:25:02 AM,0.0000,-0.0008,0.0,0.0
259,0,3,  0d 00:04:15.69,  0d 00:00:36.01,0.0000,4.1950,R,07/25/2025 10:25:03 AM,0.0000,-0.0008,0.0,0.0
260,0,3,  0d 00:04:16.69,  0d 00:00:37.01,0.0000,4.1948,R,07/25/2025 10:25:04 AM,0.0000,-0.0007,0.0,0.0
261,0,3,  0d 00:04:17.69,  0d 00:00:38.01,0.0000,4.1948,R,07/25/2025 10:25:05 AM,0.0000,-0.0007,0.0,0.0
262,0,3,  0d 00:04:18.69,  0d 00:00:39.01,0.0000,4.1949,R,07/25/2025 10:25:06 AM,0.0000,-0.0008,0.0,0.0
263,0,3,  0d 00:04:19.69,  0d 00:00:40.01,0.0000,4.1949,R,07/25/2025 10:25:07 AM,0.0000,-0.0008,0.0,0.0
264,0,3,  0d 00:04:20.69,  0d 00:00:41.01,0.0000,4.1949,R,07/25/2025 10:25:08 AM,0.0000,-0.0007,0.0,0.0
265,0,3,  0d 00:04:21.69,  0d 00:00:42.01,0.0000,4.1947,R,07/25/2025 10:25:09 AM,0.0000,-0.0007,0.0,0.0
266,0,3,  0d 00:04:22.69,  0d 00:00:43.01,0.0000,4.1948,R,07/25/2025 10:25:10 AM,0.0000,-0.0010,0.0,0.0
267,0,3,  0d 00:04:23.69,  0d 00:00:44.01,0.0000,4.1946,R,07/25/2025 10:25:11 AM,0.0000,-0.0008,0.0,0.0
268,0,3,  0d 00:04:24.69,  0d 00:00:45.01,0.0000,4.1946,R,07/25/2025 10:25:12 AM,0.0000,-0.0008,0.0,0.0
269,0,3,  0d 00:04:25.69,  0d 00:00:46.01,0.0000,4.1946,R,07/25/2025 10:25:13 AM,0.0000,-0.0007,0.0,0.0
270,0,3,  0d 00:04:26.69,  0d 00:00:47.01,0.0000,4.1946,R,07/25/2025 10:25:14 AM,0.0000,-0.0008,0.0,0.0
271,0,3,  0d 00:04:27.69,  0d 00:00:48.01,0.0000,4.1946,R,07/25/2025 10:25:15 AM,0.0000,-0.0008,0.0,0.0
272,0,3,  0d 00:04:28.69,  0d 00:00:49.01,0.0000,4.1946,R,07/25/2025 10:25:16 AM,0.0000,-0.0005,0.0,0.0
273,0,3,  0d 00:04:29.69,  0d 00:00:50.01,0.0000,4.1945,R,07/25/2025 10:25:17 AM,0.0000,-0.0008,0.0,0.0
274,0,3,  0d 00:04:30.69,  0d 00:00:51.01,0.0000,4.1944,R,07/25/2025 10:25:18 AM,0.0000,-0.0007,0.0,0.0
275,0,3,  0d 00:04:31.69,  0d 00:00:52.01,0.0000,4.1945,R,07/25/2025 10:25:19 AM,0.0000,-0.0008,0.0,0.0
276,0,3,  0d 00:04:32.69,  0d 00:00:53.01,0.0000,4.1944,R,07/25/2025 10:25:20 AM,0.0000,-0.0008,0.0,0.0
277,0,3,  0d 00:04:33.69,  0d 00:00:54.01,0.0000,4.1946,R,07/25/2025 10:25:21 AM,0.0000,-0.0008,0.0,0.0
278,0,3,  0d 00:04:34.69,  0d 00:00:55.01,0.0000,4.1945,R,07/25/2025 10:25:22 AM,0.0000,-0.0008,0.0,0.0
279,0,3,  0d 00:04:35.69,  0d 00:00:56.01,0.0000,4.1944,R,07/25/2025 10:25:23 AM,0.0000,-0.0008,0.0,0.0
280,0,3,  0d 00:04:36.69,  0d 00:00:57.01,0.0000,4.1943,R,07/25/2025 10:25:24 AM,0.0000,-0.0007,0.0,0.0
281,0,3,  0d 00:04:37.69,  0d 00:00:58.01,0.0000,4.1943,R,07/25/2025 10:25:25 AM,0.0000,-0.0008,0.0,0.0
282,0,3,  0d 00:04:38.69,  0d 00:00:59.01,0.0000,4.1943,R,07/25/2025 10:25:26 AM,0.0000,-0.0008,0.0,0.0
283,0,3,  0d 00:04:39.69,  0d 00:01:00.01,0.0000,4.1943,R,07/25/2025 10:25:27 AM,0.0000,-0.0007,0.0,0.0
284,0,3,  0d 00:04:40.69,  0d 00:01:01.01,0.0000,4.1944,R,07/25/2025 10:25:28 AM,0.0000,-0.0007,0.0,0.0
285,0,3,  0d 00:04:41.69,  0d 00:01:02.01,0.0000,4.1943,R,07/25/2025 10:25:29 AM,0.0000,-0.0008,0.0,0.0
286,0,3,  0d 00:04:42.69,  0d 00:01:03.01,0.0000,4.1942,R,07/25/2025 10:25:30 AM,0.0000,-0.0008,0.0,0.0
287,0,3,  0d 00:04:43.69,  0d 00:01:04.01,0.0000,4.1942,R,07/25/2025 10:25:31 AM,0.0000,-0.0008,0.0,0.0
288,0,3,  0d 00:04:44.69,  0d 00:01:05.01,0.0000,4.1943,R,07/25/2025 10:25:32 AM,0.0000,-0.0007,0.0,0.0
289,0,3,  0d 00:04:45.69,  0d 00:01:06.01,0.0000,4.1942,R,07/25/2025 10:25:33 AM,0.0000,-0.0008,0.0,0.0
290,0,3,  0d 00:04:46.69,  0d 00:01:07.01,0.0000,4.1942,R,07/25/2025 10:25:34 AM,0.0000,-0.0008,0.0,0.0
291,0,3,  0d 00:04:47.69,  0d 00:01:08.01,0.0000,4.1942,R,07/25/2025 10:25:35 AM,0.0000,-0.0008,0.0,0.0
292,0,3,  0d 00:04:48.69,  0d 00:01:09.01,0.0000,4.1942,R,07/25/2025 10:25:36 AM,0.0000,-0.0007,0.0,0.0
293,0,3,  0d 00:04:49.69,  0d 00:01:10.01,0.0000,4.1941,R,07/25/2025 10:25:37 AM,0.0000,-0.0008,0.0,0.0
294,0,3,  0d 00:04:50.69,  0d 00:01:11.01,0.0000,4.1942,R,07/25/2025 10:25:38 AM,0.0000,-0.0008,0.0,0.0
295,0,3,  0d 00:04:51.69,  0d 00:01:12.01,0.0000,4.1941,R,07/25/2025 10:25:39 AM,0.0000,-0.0007,0.0,0.0
296,0,3,  0d 00:04:52.69,  0d 00:01:13.01,0.0000,4.1940,R,07/25/2025 10:25:40 AM,0.0000,-0.0007,0.0,0.0
297,0,3,  0d 00:04:53.69,  0d 00:01:14.01,0.0000,4.1940,R,07/25/2025 10:25:41 AM,0.0000,-0.0008,0.0,0.0
298,0,3,  0d 00:04:54.69,  0d 00:01:15.01,0.0000,4.1939,R,07/25/2025 10:25:42 AM,0.0000,-0.0008,0.0,0.0
299,0,3,  0d 00:04:55.69,  0d 00:01:16.01,0.0000,4.1940,R,07/25/2025 10:25:43 AM,0.0000,-0.0007,0.0,0.0
300,0,3,  0d 00:04:56.69,  0d 00:01:17.01,0.0000,4.1940,R,07/25/2025 10:25:44 AM,0.0000,-0.0008,0.0,0.0
301,0,3,  0d 00:04:57.69,  0d 00:01:18.01,0.0000,4.1939,R,07/25/2025 10:25:45 AM,0.0000,-0.0008,0.0,0.0
302,0,3,  0d 00:04:58.69,  0d 00:01:19.01,0.0000,4.1939,R,07/25/2025 10:25:46 AM,0.0000,-0.0007,0.0,0.0
303,0,3,  0d 00:04:59.69,  0d 00:01:20.01,0.0000,4.1939,R,07/25/2025 10:25:47 AM,0.0000,-0.0007,0.0,0.0
304,0,3,  0d 00:05:00.69,  0d 00:01:21.01,0.0000,4.1939,R,07/25/2025 10:25:48 AM,0.0000,-0.0008,0.0,0.0
305,0,3,  0d 00:05:01.69,  0d 00:01:22.01,0.0000,4.1939,R,07/25/2025 10:25:49 AM,0.0000,-0.0007,0.0,0.0
306,0,3,  0d 00:05:02.69,  0d 00:01:23.01,0.0000,4.1939,R,07/25/2025 10:25:50 AM,0.0000,-0.0007,0.0,0.0
307,0,3,  0d 00:05:03.69,  0d 00:01:24.01,0.0000,4.1940,R,07/25/2025 10:25:51 AM,0.0000,-0.0007,0.0,0.0
308,0,3,  0d 00:05:04.69,  0d 00:01:25.01,0.0000,4.1938,R,07/25/2025 10:25:53 AM,0.0000,-0.0008,0.0,0.0
309,0,3,  0d 00:05:05.69,  0d 00:01:26.01,0.0000,4.1939,R,07/25/2025 10:25:53 AM,0.0000,-0.0008,0.0,0.0
310,0,3,  0d 00:05:06.69,  0d 00:01:27.01,0.0000,4.1939,R,07/25/2025 10:25:54 AM,0.0000,-0.0008,0.0,0.0
311,0,3,  0d 00:05:07.69,  0d 00:01:28.01,0.0000,4.1939,R,07/25/2025 10:25:55 AM,0.0000,-0.0008,0.0,0.0
312,0,3,  0d 00:05:08.69,  0d 00:01:29.01,0.0000,4.1938,R,07/25/2025 10:25:56 AM,0.0000,-0.0007,0.0,0.0
313,0,3,  0d 00:05:09.69,  0d 00:01:30.01,0.0000,4.1937,R,07/25/2025 10:25:57 AM,0.0000,-0.0007,0.0,0.0
314,0,3,  0d 00:05:10.69,  0d 00:01:31.01,0.0000,4.1939,R,07/25/2025 10:25:58 AM,0.0000,-0.0007,0.0,0.0
315,0,3,  0d 00:05:11.69,  0d 00:01:32.01,0.0000,4.1938,R,07/25/2025 10:25:59 AM,0.0000,-0.0008,0.0,0.0
316,0,3,  0d 00:05:12.69,  0d 00:01:33.01,0.0000,4.1936,R,07/25/2025 10:26:00 AM,0.0000,-0.0008,0.0,0.0
317,0,3,  0d 00:05:13.69,  0d 00:01:34.01,0.0000,4.1937,R,07/25/2025 10:26:01 AM,0.0000,-0.0007,0.0,0.0
318,0,3,  0d 00:05:14.69,  0d 00:01:35.01,0.0000,4.1938,R,07/25/2025 10:26:03 AM,0.0000,-0.0008,0.0,0.0
319,0,3,  0d 00:05:15.69,  0d 00:01:36.01,0.0000,4.1936,R,07/25/2025 10:26:03 AM,0.0000,-0.0007,0.0,0.0
320,0,3,  0d 00:05:16.69,  0d 00:01:37.01,0.0000,4.1937,R,07/25/2025 10:26:04 AM,0.0000,-0.0008,0.0,0.0
321,0,3,  0d 00:05:17.69,  0d 00:01:38.01,0.0000,4.1937,R,07/25/2025 10:26:05 AM,0.0000,-0.0007,0.0,0.0
322,0,3,  0d 00:05:18.69,  0d 00:01:39.01,0.0000,4.1936,R,07/25/2025 10:26:06 AM,0.0000,-0.0008,0.0,0.0
323,0,3,  0d 00:05:19.69,  0d 00:01:40.01,0.0000,4.1936,R,07/25/2025 10:26:07 AM,0.0000,-0.0007,0.0,0.0
324,0,3,  0d 00:05:20.69,  0d 00:01:41.01,0.0000,4.1936,R,07/25/2025 10:26:08 AM,0.0000,-0.0007,0.0,0.0
325,0,3,  0d 00:05:21.69,  0d 00:01:42.01,0.0000,4.1936,R,07/25/2025 10:26:09 AM,0.0000,-0.0007,0.0,0.0
326,0,3,  0d 00:05:22.69,  0d 00:01:43.01,0.0000,4.1937,R,07/25/2025 10:26:10 AM,0.0000,-0.0008,0.0,0.0
327,0,3,  0d 00:05:23.69,  0d 00:01:44.01,0.0000,4.1936,R,07/25/2025 10:26:11 AM,0.0000,-0.0007,0.0,0.0
328,0,3,  0d 00:05:24.69,  0d 00:01:45.01,0.0000,4.1936,R,07/25/2025 10:26:13 AM,0.0000,-0.0008,0.0,0.0
329,0,3,  0d 00:05:25.69,  0d 00:01:46.01,0.0000,4.1936,R,07/25/2025 10:26:13 AM,0.0000,-0.0008,0.0,0.0
330,0,3,  0d 00:05:26.69,  0d 00:01:47.01,0.0000,4.1936,R,07/25/2025 10:26:14 AM,0.0000,-0.0007,0.0,0.0
331,0,3,  0d 00:05:27.69,  0d 00:01:48.01,0.0000,4.1935,R,07/25/2025 10:26:15 AM,0.0000,-0.0008,0.0,0.0
332,0,3,  0d 00:05:28.69,  0d 00:01:49.01,0.0000,4.1936,R,07/25/2025 10:26:16 AM,0.0000,-0.0008,0.0,0.0
333,0,3,  0d 00:05:29.69,  0d 00:01:50.01,0.0000,4.1936,R,07/25/2025 10:26:17 AM,0.0000,-0.0007,0.0,0.0
334,0,3,  0d 00:05:30.69,  0d 00:01:51.01,0.0000,4.1935,R,07/25/2025 10:26:18 AM,0.0000,-0.0007,0.0,0.0
335,0,3,  0d 00:05:31.69,  0d 00:01:52.01,0.0000,4.1936,R,07/25/2025 10:26:19 AM,0.0000,-0.0007,0.0,0.0
336,0,3,  0d 00:05:32.69,  0d 00:01:53.01,0.0000,4.1936,R,07/25/2025 10:26:20 AM,0.0000,-0.0008,0.0,0.0
337,0,3,  0d 00:05:33.69,  0d 00:01:54.01,0.0000,4.1934,R,07/25/2025 10:26:21 AM,0.0000,-0.0007,0.0,0.0
338,0,3,  0d 00:05:34.69,  0d 00:01:55.01,0.0000,4.1935,R,07/25/2025 10:26:23 AM,0.0000,-0.0007,0.0,0.0
339,0,3,  0d 00:05:35.69,  0d 00:01:56.01,0.0000,4.1934,R,07/25/2025 10:26:23 AM,0.0000,-0.0007,0.0,0.0
340,0,3,  0d 00:05:36.69,  0d 00:01:57.01,0.0000,4.1934,R,07/25/2025 10:26:24 AM,0.0000,-0.0008,0.0,0.0
341,0,3,  0d 00:05:37.69,  0d 00:01:58.01,0.0000,4.1934,R,07/25/2025 10:26:25 AM,0.0000,-0.0007,0.0,0.0
342,0,3,  0d 00:05:38.69,  0d 00:01:59.01,0.0000,4.1936,R,07/25/2025 10:26:26 AM,0.0000,-0.0010,0.0,0.0
343,0,3,  0d 00:05:39.69,  0d 00:02:00.01,0.0000,4.1934,R,07/25/2025 10:26:27 AM,0.0000,-0.0007,0.0,0.0
344,0,3,  0d 00:05:40.69,  0d 00:02:01.01,0.0000,4.1935,R,07/25/2025 10:26:28 AM,0.0000,-0.0008,0.0,0.0
345,0,3,  0d 00:05:41.69,  0d 00:02:02.01,0.0000,4.1934,R,07/25/2025 10:26:29 AM,0.0000,-0.0007,0.0,0.0
346,0,3,  0d 00:05:42.69,  0d 00:02:03.01,0.0000,4.1934,R,07/25/2025 10:26:30 AM,0.0000,-0.0010,0.0,0.0
347,0,3,  0d 00:05:43.69,  0d 00:02:04.01,0.0000,4.1933,R,07/25/2025 10:26:31 AM,0.0000,-0.0008,0.0,0.0
348,0,3,  0d 00:05:44.69,  0d 00:02:05.01,0.0000,4.1933,R,07/25/2025 10:26:32 AM,0.0000,-0.0007,0.0,0.0
349,0,3,  0d 00:05:45.69,  0d 00:02:06.01,0.0000,4.1933,R,07/25/2025 10:26:33 AM,0.0000,-0.0010,0.0,0.0
350,0,3,  0d 00:05:46.69,  0d 00:02:07.01,0.0000,4.1934,R,07/25/2025 10:26:34 AM,0.0000,-0.0007,0.0,0.0
351,0,3,  0d 00:05:47.69,  0d 00:02:08.01,0.0000,4.1933,R,07/25/2025 10:26:35 AM,0.0000,-0.0007,0.0,0.0
352,0,3,  0d 00:05:48.69,  0d 00:02:09.01,0.0000,4.1933,R,07/25/2025 10:26:36 AM,0.0000,-0.0008,0.0,0.0
353,0,3,  0d 00:05:49.69,  0d 00:02:10.01,0.0000,4.1933,R,07/25/2025 10:26:37 AM,0.0000,-0.0007,0.0,0.0
354,0,3,  0d 00:05:50.69,  0d 00:02:11.01,0.0000,4.1934,R,07/25/2025 10:26:38 AM,0.0000,-0.0008,0.0,0.0
355,0,3,  0d 00:05:51.69,  0d 00:02:12.01,0.0000,4.1933,R,07/25/2025 10:26:39 AM,0.0000,-0.0007,0.0,0.0
356,0,3,  0d 00:05:52.69,  0d 00:02:13.01,0.0000,4.1934,R,07/25/2025 10:26:40 AM,0.0000,-0.0008,0.0,0.0
357,0,3,  0d 00:05:53.69,  0d 00:02:14.01,0.0000,4.1933,R,07/25/2025 10:26:41 AM,0.0000,-0.0007,0.0,0.0
358,0,3,  0d 00:05:54.69,  0d 00:02:15.01,0.0000,4.1933,R,07/25/2025 10:26:42 AM,0.0000,-0.0007,0.0,0.0
359,0,3,  0d 00:05:55.69,  0d 00:02:16.01,0.0000,4.1933,R,07/25/2025 10:26:43 AM,0.0000,-0.0008,0.0,0.0
360,0,3,  0d 00:05:56.69,  0d 00:02:17.01,0.0000,4.1933,R,07/25/2025 10:26:44 AM,0.0000,-0.0007,0.0,0.0
361,0,3,  0d 00:05:57.69,  0d 00:02:18.01,0.0000,4.1933,R,07/25/2025 10:26:45 AM,0.0000,-0.0008,0.0,0.0
362,0,3,  0d 00:05:58.69,  0d 00:02:19.01,0.0000,4.1933,R,07/25/2025 10:26:46 AM,0.0000,-0.0007,0.0,0.0
363,0,3,  0d 00:05:59.69,  0d 00:02:20.01,0.0000,4.1933,R,07/25/2025 10:26:47 AM,0.0000,-0.0005,0.0,0.0
364,0,3,  0d 00:06:00.69,  0d 00:02:21.01,0.0000,4.1932,R,07/25/2025 10:26:48 AM,0.0000,-0.0008,0.0,0.0
365,0,3,  0d 00:06:01.69,  0d 00:02:22.01,0.0000,4.1932,R,07/25/2025 10:26:49 AM,0.0000,-0.0007,0.0,0.0
366,0,3,  0d 00:06:02.69,  0d 00:02:23.01,0.0000,4.1932,R,07/25/2025 10:26:50 AM,0.0000,-0.0005,0.0,0.0
367,0,3,  0d 00:06:03.69,  0d 00:02:24.01,0.0000,4.1933,R,07/25/2025 10:26:51 AM,0.0000,-0.0008,0.0,0.0
368,0,3,  0d 00:06:04.69,  0d 00:02:25.01,0.0000,4.1933,R,07/25/2025 10:26:52 AM,0.0000,-0.0008,0.0,0.0
369,0,3,  0d 00:06:05.69,  0d 00:02:26.01,0.0000,4.1933,R,07/25/2025 10:26:53 AM,0.0000,-0.0008,0.0,0.0
370,0,3,  0d 00:06:06.69,  0d 00:02:27.01,0.0000,4.1932,R,07/25/2025 10:26:54 AM,0.0000,-0.0010,0.0,0.0
371,0,3,  0d 00:06:07.69,  0d 00:02:28.01,0.0000,4.1931,R,07/25/2025 10:26:55 AM,0.0000,-0.0007,0.0,0.0
372,0,3,  0d 00:06:08.69,  0d 00:02:29.01,0.0000,4.1932,R,07/25/2025 10:26:56 AM,0.0000,-0.0008,0.0,0.0
373,0,3,  0d 00:06:09.69,  0d 00:02:30.01,0.0000,4.1931,R,07/25/2025 10:26:57 AM,0.0000,-0.0008,0.0,0.0
374,0,3,  0d 00:06:10.69,  0d 00:02:31.01,0.0000,4.1931,R,07/25/2025 10:26:58 AM,0.0000,-0.0008,0.0,0.0
375,0,3,  0d 00:06:11.69,  0d 00:02:32.01,0.0000,4.1931,R,07/25/2025 10:26:59 AM,0.0000,-0.0008,0.0,0.0
376,0,3,  0d 00:06:12.69,  0d 00:02:33.01,0.0000,4.1931,R,07/25/2025 10:27:00 AM,0.0000,-0.0010,0.0,0.0
377,0,3,  0d 00:06:13.69,  0d 00:02:34.01,0.0000,4.1931,R,07/25/2025 10:27:01 AM,0.0000,-0.0007,0.0,0.0
378,0,3,  0d 00:06:14.69,  0d 00:02:35.01,0.0000,4.1932,R,07/25/2025 10:27:02 AM,0.0000,-0.0010,0.0,0.0
379,0,3,  0d 00:06:15.69,  0d 00:02:36.01,0.0000,4.1931,R,07/25/2025 10:27:03 AM,0.0000,-0.0008,0.0,0.0
380,0,3,  0d 00:06:16.69,  0d 00:02:37.01,0.0000,4.1930,R,07/25/2025 10:27:04 AM,0.0000,-0.0007,0.0,0.0
381,0,3,  0d 00:06:17.69,  0d 00:02:38.01,0.0000,4.1931,R,07/25/2025 10:27:05 AM,0.0000,-0.0008,0.0,0.0
382,0,3,  0d 00:06:18.69,  0d 00:02:39.01,0.0000,4.1931,R,07/25/2025 10:27:06 AM,0.0000,-0.0008,0.0,0.0
383,0,3,  0d 00:06:19.69,  0d 00:02:40.01,0.0000,4.1931,R,07/25/2025 10:27:07 AM,0.0000,-0.0008,0.0,0.0
384,0,3,  0d 00:06:20.69,  0d 00:02:41.01,0.0000,4.1931,R,07/25/2025 10:27:08 AM,0.0000,-0.0007,0.0,0.0
385,0,3,  0d 00:06:21.69,  0d 00:02:42.01,0.0000,4.1930,R,07/25/2025 10:27:09 AM,0.0000,-0.0008,0.0,0.0
386,0,3,  0d 00:06:22.69,  0d 00:02:43.01,0.0000,4.1931,R,07/25/2025 10:27:10 AM,0.0000,-0.0008,0.0,0.0
387,0,3,  0d 00:06:23.69,  0d 00:02:44.01,0.0000,4.1931,R,07/25/2025 10:27:11 AM,0.0000,-0.0008,0.0,0.0
388,0,3,  0d 00:06:24.69,  0d 00:02:45.01,0.0000,4.1930,R,07/25/2025 10:27:12 AM,0.0000,-0.0007,0.0,0.0
389,0,3,  0d 00:06:25.69,  0d 00:02:46.01,0.0000,4.1931,R,07/25/2025 10:27:14 AM,0.0000,-0.0008,0.0,0.0
390,0,3,  0d 00:06:26.69,  0d 00:02:47.01,0.0000,4.1931,R,07/25/2025 10:27:14 AM,0.0000,-0.0007,0.0,0.0
391,0,3,  0d 00:06:27.69,  0d 00:02:48.01,0.0000,4.1930,R,07/25/2025 10:27:15 AM,0.0000,-0.0008,0.0,0.0
392,0,3,  0d 00:06:28.69,  0d 00:02:49.01,0.0000,4.1930,R,07/25/2025 10:27:16 AM,0.0000,-0.0008,0.0,0.0
393,0,3,  0d 00:06:29.69,  0d 00:02:50.01,0.0000,4.1929,R,07/25/2025 10:27:17 AM,0.0000,-0.0007,0.0,0.0
394,0,3,  0d 00:06:30.69,  0d 00:02:51.01,0.0000,4.1930,R,07/25/2025 10:27:18 AM,0.0000,-0.0007,0.0,0.0
395,0,3,  0d 00:06:31.69,  0d 00:02:52.01,0.0000,4.1930,R,07/25/2025 10:27:19 AM,0.0000,-0.0007,0.0,0.0
396,0,3,  0d 00:06:32.69,  0d 00:02:53.01,0.0000,4.1929,R,07/25/2025 10:27:20 AM,0.0000,-0.0008,0.0,0.0
397,0,3,  0d 00:06:33.69,  0d 00:02:54.01,0.0000,4.1931,R,07/25/2025 10:27:21 AM,0.0000,-0.0007,0.0,0.0
398,0,3,  0d 00:06:34.69,  0d 00:02:55.01,0.0000,4.1930,R,07/25/2025 10:27:22 AM,0.0000,-0.0007,0.0,0.0
399,0,3,  0d 00:06:35.69,  0d 00:02:56.01,0.0000,4.1930,R,07/25/2025 10:27:24 AM,0.0000,-0.0008,0.0,0.0
400,0,3,  0d 00:06:36.69,  0d 00:02:57.01,0.0000,4.1930,R,07/25/2025 10:27:24 AM,0.0000,-0.0007,0.0,0.0
401,0,3,  0d 00:06:37.69,  0d 00:02:58.01,0.0000,4.1930,R,07/25/2025 10:27:25 AM,0.0000,-0.0007,0.0,0.0
402,0,3,  0d 00:06:38.69,  0d 00:02:59.01,0.0000,4.1931,R,07/25/2025 10:27:26 AM,0.0000,-0.0007,0.0,0.0
403,0,3,  0d 00:06:39.69,  0d 00:03:00.01,0.0000,4.1930,R,07/25/2025 10:27:27 AM,0.0000,-0.0008,0.0,0.0
404,0,3,  0d 00:06:40.69,  0d 00:03:01.01,0.0000,4.1930,R,07/25/2025 10:27:28 AM,0.0000,-0.0005,0.0,0.0
405,0,3,  0d 00:06:41.69,  0d 00:03:02.01,0.0000,4.1930,R,07/25/2025 10:27:29 AM,0.0000,-0.0008,0.0,0.0
406,0,3,  0d 00:06:42.69,  0d 00:03:03.01,0.0000,4.1928,R,07/25/2025 10:27:30 AM,0.0000,-0.0008,0.0,0.0
407,0,3,  0d 00:06:43.69,  0d 00:03:04.01,0.0000,4.1930,R,07/25/2025 10:27:31 AM,0.0000,-0.0008,0.0,0.0
408,0,3,  0d 00:06:44.69,  0d 00:03:05.01,0.0000,4.1930,R,07/25/2025 10:27:32 AM,0.0000,-0.0007,0.0,0.0
409,0,3,  0d 00:06:45.69,  0d 00:03:06.01,0.0000,4.1930,R,07/25/2025 10:27:34 AM,0.0000,-0.0010,0.0,0.0
410,0,3,  0d 00:06:46.69,  0d 00:03:07.01,0.0000,4.1929,R,07/25/2025 10:27:34 AM,0.0000,-0.0010,0.0,0.0
411,0,3,  0d 00:06:47.69,  0d 00:03:08.01,0.0000,4.1930,R,07/25/2025 10:27:35 AM,0.0000,-0.0008,0.0,0.0
412,0,3,  0d 00:06:48.69,  0d 00:03:09.01,0.0000,4.1929,R,07/25/2025 10:27:36 AM,0.0000,-0.0007,0.0,0.0
413,0,3,  0d 00:06:49.69,  0d 00:03:10.01,0.0000,4.1929,R,07/25/2025 10:27:37 AM,0.0000,-0.0008,0.0,0.0
414,0,3,  0d 00:06:50.69,  0d 00:03:11.01,0.0000,4.1927,R,07/25/2025 10:27:38 AM,0.0000,-0.0008,0.0,0.0
415,0,3,  0d 00:06:51.69,  0d 00:03:12.01,0.0000,4.1927,R,07/25/2025 10:27:39 AM,0.0000,-0.0008,0.0,0.0
416,0,3,  0d 00:06:52.69,  0d 00:03:13.01,0.0000,4.1930,R,07/25/2025 10:27:40 AM,0.0000,-0.0008,0.0,0.0
417,0,3,  0d 00:06:53.69,  0d 00:03:14.01,0.0000,4.1929,R,07/25/2025 10:27:41 AM,0.0000,-0.0007,0.0,0.0
418,0,3,  0d 00:06:54.69,  0d 00:03:15.01,0.0000,4.1929,R,07/25/2025 10:27:42 AM,0.0000,-0.0008,0.0,0.0
419,0,3,  0d 00:06:55.69,  0d 00:03:16.01,0.0000,4.1927,R,07/25/2025 10:27:43 AM,0.0000,-0.0007,0.0,0.0
420,0,3,  0d 00:06:56.69,  0d 00:03:17.01,0.0000,4.1930,R,07/25/2025 10:27:44 AM,0.0000,-0.0008,0.0,0.0
421,0,3,  0d 00:06:57.69,  0d 00:03:18.01,0.0000,4.1929,R,07/25/2025 10:27:45 AM,0.0000,-0.0007,0.0,0.0
422,0,3,  0d 00:06:58.69,  0d 00:03:19.01,0.0000,4.1929,R,07/25/2025 10:27:46 AM,0.0000,-0.0007,0.0,0.0
423,0,3,  0d 00:06:59.69,  0d 00:03:20.01,0.0000,4.1928,R,07/25/2025 10:27:47 AM,0.0000,-0.0008,0.0,0.0
424,0,3,  0d 00:07:00.69,  0d 00:03:21.01,0.0000,4.1929,R,07/25/2025 10:27:48 AM,0.0000,-0.0005,0.0,0.0
425,0,3,  0d 00:07:01.69,  0d 00:03:22.01,0.0000,4.1929,R,07/25/2025 10:27:49 AM,0.0000,-0.0007,0.0,0.0
426,0,3,  0d 00:07:02.69,  0d 00:03:23.01,0.0000,4.1929,R,07/25/2025 10:27:50 AM,0.0000,-0.0008,0.0,0.0
427,0,3,  0d 00:07:03.69,  0d 00:03:24.01,0.0000,4.1927,R,07/25/2025 10:27:51 AM,0.0000,-0.0007,0.0,0.0
428,0,3,  0d 00:07:04.69,  0d 00:03:25.01,0.0000,4.1929,R,07/25/2025 10:27:52 AM,0.0000,-0.0008,0.0,0.0
429,0,3,  0d 00:07:05.69,  0d 00:03:26.01,0.0000,4.1927,R,07/25/2025 10:27:53 AM,0.0000,-0.0007,0.0,0.0
430,0,3,  0d 00:07:06.69,  0d 00:03:27.01,0.0000,4.1929,R,07/25/2025 10:27:54 AM,0.0000,-0.0008,0.0,0.0
431,0,3,  0d 00:07:07.69,  0d 00:03:28.01,0.0000,4.1927,R,07/25/2025 10:27:55 AM,0.0000,-0.0008,0.0,0.0
432,0,3,  0d 00:07:08.69,  0d 00:03:29.01,0.0000,4.1927,R,07/25/2025 10:27:56 AM,0.0000,-0.0007,0.0,0.0
433,0,3,  0d 00:07:09.69,  0d 00:03:30.01,0.0000,4.1929,R,07/25/2025 10:27:57 AM,0.0000,-0.0005,0.0,0.0
434,0,3,  0d 00:07:10.69,  0d 00:03:31.01,0.0000,4.1926,R,07/25/2025 10:27:58 AM,0.0000,-0.0008,0.0,0.0
435,0,3,  0d 00:07:11.69,  0d 00:03:32.01,0.0000,4.1928,R,07/25/2025 10:27:59 AM,0.0000,-0.0007,0.0,0.0
436,0,3,  0d 00:07:12.69,  0d 00:03:33.01,0.0000,4.1927,R,07/25/2025 10:28:00 AM,0.0000,-0.0008,0.0,0.0
437,0,3,  0d 00:07:13.69,  0d 00:03:34.01,0.0000,4.1928,R,07/25/2025 10:28:01 AM,0.0000,-0.0008,0.0,0.0
438,0,3,  0d 00:07:14.69,  0d 00:03:35.01,0.0000,4.1927,R,07/25/2025 10:28:02 AM,0.0000,-0.0008,0.0,0.0
439,0,3,  0d 00:07:15.69,  0d 00:03:36.01,0.0000,4.1927,R,07/25/2025 10:28:03 AM,0.0000,-0.0008,0.0,0.0
440,0,3,  0d 00:07:16.69,  0d 00:03:37.01,0.0000,4.1926,R,07/25/2025 10:28:04 AM,0.0000,-0.0007,0.0,0.0
441,0,3,  0d 00:07:17.69,  0d 00:03:38.01,0.0000,4.1928,R,07/25/2025 10:28:05 AM,0.0000,-0.0008,0.0,0.0
442,0,3,  0d 00:07:18.69,  0d 00:03:39.01,0.0000,4.1926,R,07/25/2025 10:28:06 AM,0.0000,-0.0008,0.0,0.0
443,0,3,  0d 00:07:19.69,  0d 00:03:40.01,0.0000,4.1926,R,07/25/2025 10:28:07 AM,0.0000,-0.0007,0.0,0.0
444,0,3,  0d 00:07:20.69,  0d 00:03:41.01,0.0000,4.1927,R,07/25/2025 10:28:08 AM,0.0000,-0.0007,0.0,0.0
445,0,3,  0d 00:07:21.69,  0d 00:03:42.01,0.0000,4.1927,R,07/25/2025 10:28:09 AM,0.0000,-0.0008,0.0,0.0
446,0,3,  0d 00:07:22.69,  0d 00:03:43.01,0.0000,4.1926,R,07/25/2025 10:28:10 AM,0.0000,-0.0008,0.0,0.0
447,0,3,  0d 00:07:23.69,  0d 00:03:44.01,0.0000,4.1926,R,07/25/2025 10:28:11 AM,0.0000,-0.0007,0.0,0.0
448,0,3,  0d 00:07:24.69,  0d 00:03:45.01,0.0000,4.1927,R,07/25/2025 10:28:12 AM,0.0000,-0.0007,0.0,0.0
449,0,3,  0d 00:07:25.69,  0d 00:03:46.01,0.0000,4.1926,R,07/25/2025 10:28:13 AM,0.0000,-0.0007,0.0,0.0
450,0,3,  0d 00:07:26.69,  0d 00:03:47.01,0.0000,4.1926,R,07/25/2025 10:28:14 AM,0.0000,-0.0008,0.0,0.0
451,0,3,  0d 00:07:27.69,  0d 00:03:48.01,0.0000,4.1926,R,07/25/2025 10:28:15 AM,0.0000,-0.0008,0.0,0.0
452,0,3,  0d 00:07:28.69,  0d 00:03:49.01,0.0000,4.1926,R,07/25/2025 10:28:16 AM,0.0000,-0.0007,0.0,0.0
453,0,3,  0d 00:07:29.69,  0d 00:03:50.01,0.0000,4.1927,R,07/25/2025 10:28:17 AM,0.0000,-0.0007,0.0,0.0
454,0,3,  0d 00:07:30.69,  0d 00:03:51.01,0.0000,4.1926,R,07/25/2025 10:28:18 AM,0.0000,-0.0007,0.0,0.0
455,0,3,  0d 00:07:31.69,  0d 00:03:52.01,0.0000,4.1927,R,07/25/2025 10:28:19 AM,0.0000,-0.0007,0.0,0.0
456,0,3,  0d 00:07:32.69,  0d 00:03:53.01,0.0000,4.1926,R,07/25/2025 10:28:20 AM,0.0000,-0.0007,0.0,0.0
457,0,3,  0d 00:07:33.69,  0d 00:03:54.01,0.0000,4.1926,R,07/25/2025 10:28:21 AM,0.0000,-0.0008,0.0,0.0
458,0,3,  0d 00:07:34.69,  0d 00:03:55.01,0.0000,4.1927,R,07/25/2025 10:28:22 AM,0.0000,-0.0008,0.0,0.0
459,0,3,  0d 00:07:35.69,  0d 00:03:56.01,0.0000,4.1927,R,07/25/2025 10:28:23 AM,0.0000,-0.0008,0.0,0.0
460,0,3,  0d 00:07:36.69,  0d 00:03:57.01,0.0000,4.1926,R,07/25/2025 10:28:25 AM,0.0000,-0.0007,0.0,0.0
461,0,3,  0d 00:07:37.69,  0d 00:03:58.01,0.0000,4.1925,R,07/25/2025 10:28:25 AM,0.0000,-0.0007,0.0,0.0
462,0,3,  0d 00:07:38.69,  0d 00:03:59.01,0.0000,4.1926,R,07/25/2025 10:28:26 AM,0.0000,-0.0008,0.0,0.0
463,0,3,  0d 00:07:39.69,  0d 00:04:00.01,0.0000,4.1924,R,07/25/2025 10:28:27 AM,0.0000,-0.0007,0.0,0.0
464,0,3,  0d 00:07:40.69,  0d 00:04:01.01,0.0000,4.1926,R,07/25/2025 10:28:28 AM,0.0000,-0.0008,0.0,0.0
465,0,3,  0d 00:07:41.69,  0d 00:04:02.01,0.0000,4.1926,R,07/25/2025 10:28:29 AM,0.0000,-0.0008,0.0,0.0
466,0,3,  0d 00:07:42.69,  0d 00:04:03.01,0.0000,4.1925,R,07/25/2025 10:28:30 AM,0.0000,-0.0007,0.0,0.0
467,0,3,  0d 00:07:43.69,  0d 00:04:04.01,0.0000,4.1925,R,07/25/2025 10:28:31 AM,0.0000,-0.0008,0.0,0.0
468,0,3,  0d 00:07:44.69,  0d 00:04:05.01,0.0000,4.1926,R,07/25/2025 10:28:32 AM,0.0000,-0.0008,0.0,0.0
469,0,3,  0d 00:07:45.69,  0d 00:04:06.01,0.0000,4.1926,R,07/25/2025 10:28:33 AM,0.0000,-0.0007,0.0,0.0
470,0,3,  0d 00:07:46.69,  0d 00:04:07.01,0.0000,4.1926,R,07/25/2025 10:28:35 AM,0.0000,-0.0007,0.0,0.0
471,0,3,  0d 00:07:47.69,  0d 00:04:08.01,0.0000,4.1925,R,07/25/2025 10:28:35 AM,0.0000,-0.0010,0.0,0.0
472,0,3,  0d 00:07:48.69,  0d 00:04:09.01,0.0000,4.1926,R,07/25/2025 10:28:36 AM,0.0000,-0.0010,0.0,0.0
473,0,3,  0d 00:07:49.69,  0d 00:04:10.01,0.0000,4.1925,R,07/25/2025 10:28:37 AM,0.0000,-0.0008,0.0,0.0
474,0,3,  0d 00:07:50.69,  0d 00:04:11.01,0.0000,4.1926,R,07/25/2025 10:28:38 AM,0.0000,-0.0007,0.0,0.0
475,0,3,  0d 00:07:51.69,  0d 00:04:12.01,0.0000,4.1926,R,07/25/2025 10:28:39 AM,0.0000,-0.0008,0.0,0.0
476,0,3,  0d 00:07:52.69,  0d 00:04:13.01,0.0000,4.1926,R,07/25/2025 10:28:40 AM,0.0000,-0.0007,0.0,0.0
477,0,3,  0d 00:07:53.69,  0d 00:04:14.01,0.0000,4.1926,R,07/25/2025 10:28:41 AM,0.0000,-0.0007,0.0,0.0
478,0,3,  0d 00:07:54.69,  0d 00:04:15.01,0.0000,4.1925,R,07/25/2025 10:28:42 AM,0.0000,-0.0007,0.0,0.0
479,0,3,  0d 00:07:55.69,  0d 00:04:16.01,0.0000,4.1924,R,07/25/2025 10:28:43 AM,0.0000,-0.0010,0.0,0.0
480,0,3,  0d 00:07:56.69,  0d 00:04:17.01,0.0000,4.1924,R,07/25/2025 10:28:45 AM,0.0000,-0.0007,0.0,0.0
481,0,3,  0d 00:07:57.69,  0d 00:04:18.01,0.0000,4.1925,R,07/25/2025 10:28:45 AM,0.0000,-0.0010,0.0,0.0
482,0,3,  0d 00:07:58.69,  0d 00:04:19.01,0.0000,4.1925,R,07/25/2025 10:28:46 AM,0.0000,-0.0008,0.0,0.0
483,0,3,  0d 00:07:59.69,  0d 00:04:20.01,0.0000,4.1925,R,07/25/2025 10:28:47 AM,0.0000,-0.0007,0.0,0.0
484,0,3,  0d 00:08:00.69,  0d 00:04:21.01,0.0000,4.1924,R,07/25/2025 10:28:48 AM,0.0000,-0.0007,0.0,0.0
485,0,3,  0d 00:08:01.69,  0d 00:04:22.01,0.0000,4.1926,R,07/25/2025 10:28:49 AM,0.0000,-0.0007,0.0,0.0
486,0,3,  0d 00:08:02.69,  0d 00:04:23.01,0.0000,4.1925,R,07/25/2025 10:28:50 AM,0.0000,-0.0008,0.0,0.0
487,0,3,  0d 00:08:03.69,  0d 00:04:24.01,0.0000,4.1924,R,07/25/2025 10:28:51 AM,0.0000,-0.0007,0.0,0.0
488,0,3,  0d 00:08:04.69,  0d 00:04:25.01,0.0000,4.1926,R,07/25/2025 10:28:52 AM,0.0000,-0.0008,0.0,0.0
489,0,3,  0d 00:08:05.69,  0d 00:04:26.01,0.0000,4.1923,R,07/25/2025 10:28:53 AM,0.0000,-0.0005,0.0,0.0
490,0,3,  0d 00:08:06.69,  0d 00:04:27.01,0.0000,4.1924,R,07/25/2025 10:28:54 AM,0.0000,-0.0008,0.0,0.0
491,0,3,  0d 00:08:07.69,  0d 00:04:28.01,0.0000,4.1925,R,07/25/2025 10:28:55 AM,0.0000,-0.0008,0.0,0.0
492,0,3,  0d 00:08:08.69,  0d 00:04:29.01,0.0000,4.1925,R,07/25/2025 10:28:56 AM,0.0000,-0.0008,0.0,0.0
493,0,3,  0d 00:08:09.69,  0d 00:04:30.01,0.0000,4.1925,R,07/25/2025 10:28:57 AM,0.0000,-0.0008,0.0,0.0
494,0,3,  0d 00:08:10.69,  0d 00:04:31.01,0.0000,4.1923,R,07/25/2025 10:28:58 AM,0.0000,-0.0007,0.0,0.0
495,0,3,  0d 00:08:11.69,  0d 00:04:32.01,0.0000,4.1924,R,07/25/2025 10:28:59 AM,0.0000,-0.0007,0.0,0.0
496,0,3,  0d 00:08:12.69,  0d 00:04:33.01,0.0000,4.1926,R,07/25/2025 10:29:00 AM,0.0000,-0.0008,0.0,0.0
497,0,3,  0d 00:08:13.69,  0d 00:04:34.01,0.0000,4.1924,R,07/25/2025 10:29:01 AM,0.0000,-0.0008,0.0,0.0
498,0,3,  0d 00:08:14.69,  0d 00:04:35.01,0.0000,4.1924,R,07/25/2025 10:29:02 AM,0.0000,-0.0008,0.0,0.0
499,0,3,  0d 00:08:15.69,  0d 00:04:36.01,0.0000,4.1923,R,07/25/2025 10:29:03 AM,0.0000,-0.0007,0.0,0.0
500,0,3,  0d 00:08:16.69,  0d 00:04:37.01,0.0000,4.1925,R,07/25/2025 10:29:04 AM,0.0000,-0.0007,0.0,0.0
501,0,3,  0d 00:08:17.69,  0d 00:04:38.01,0.0000,4.1924,R,07/25/2025 10:29:05 AM,0.0000,-0.0007,0.0,0.0
502,0,3,  0d 00:08:18.69,  0d 00:04:39.01,0.0000,4.1924,R,07/25/2025 10:29:06 AM,0.0000,-0.0007,0.0,0.0
503,0,3,  0d 00:08:19.69,  0d 00:04:40.01,0.0000,4.1924,R,07/25/2025 10:29:07 AM,0.0000,-0.0007,0.0,0.0
504,0,3,  0d 00:08:20.69,  0d 00:04:41.01,0.0000,4.1924,R,07/25/2025 10:29:08 AM,0.0000,-0.0008,0.0,0.0
505,0,3,  0d 00:08:21.69,  0d 00:04:42.01,0.0000,4.1924,R,07/25/2025 10:29:09 AM,0.0000,-0.0008,0.0,0.0
506,0,3,  0d 00:08:22.69,  0d 00:04:43.01,0.0000,4.1923,R,07/25/2025 10:29:10 AM,0.0000,-0.0005,0.0,0.0
507,0,3,  0d 00:08:23.69,  0d 00:04:44.01,0.0000,4.1923,R,07/25/2025 10:29:11 AM,0.0000,-0.0008,0.0,0.0
508,0,3,  0d 00:08:24.69,  0d 00:04:45.01,0.0000,4.1924,R,07/25/2025 10:29:12 AM,0.0000,-0.0007,0.0,0.0
509,0,3,  0d 00:08:25.69,  0d 00:04:46.01,0.0000,4.1923,R,07/25/2025 10:29:13 AM,0.0000,-0.0008,0.0,0.0
510,0,3,  0d 00:08:26.69,  0d 00:04:47.01,0.0000,4.1923,R,07/25/2025 10:29:14 AM,0.0000,-0.0008,0.0,0.0
511,0,3,  0d 00:08:27.69,  0d 00:04:48.01,0.0000,4.1924,R,07/25/2025 10:29:15 AM,0.0000,-0.0007,0.0,0.0
512,0,3,  0d 00:08:28.69,  0d 00:04:49.01,0.0000,4.1925,R,07/25/2025 10:29:16 AM,0.0000,-0.0008,0.0,0.0
513,0,3,  0d 00:08:29.69,  0d 00:04:50.01,0.0000,4.1923,R,07/25/2025 10:29:17 AM,0.0000,-0.0008,0.0,0.0
514,0,3,  0d 00:08:30.69,  0d 00:04:51.01,0.0000,4.1923,R,07/25/2025 10:29:18 AM,0.0000,-0.0010,0.0,0.0
515,0,3,  0d 00:08:31.69,  0d 00:04:52.01,0.0000,4.1923,R,07/25/2025 10:29:19 AM,0.0000,-0.0008,0.0,0.0
516,0,3,  0d 00:08:32.69,  0d 00:04:53.01,0.0000,4.1923,R,07/25/2025 10:29:20 AM,0.0000,-0.0007,0.0,0.0
517,0,3,  0d 00:08:33.69,  0d 00:04:54.01,0.0000,4.1924,R,07/25/2025 10:29:21 AM,0.0000,-0.0005,0.0,0.0
518,0,3,  0d 00:08:34.69,  0d 00:04:55.01,0.0000,4.1923,R,07/25/2025 10:29:22 AM,0.0000,-0.0008,0.0,0.0
519,0,3,  0d 00:08:35.69,  0d 00:04:56.01,0.0000,4.1924,R,07/25/2025 10:29:23 AM,0.0000,-0.0008,0.0,0.0
520,0,3,  0d 00:08:36.69,  0d 00:04:57.01,0.0000,4.1923,R,07/25/2025 10:29:24 AM,0.0000,-0.0005,0.0,0.0
521,0,3,  0d 00:08:37.69,  0d 00:04:58.01,0.0000,4.1923,R,07/25/2025 10:29:25 AM,0.0000,-0.0007,0.0,0.0
522,0,3,  0d 00:08:38.69,  0d 00:04:59.01,0.0000,4.1923,R,07/25/2025 10:29:26 AM,0.0000,-0.0007,0.0,0.0
523,0,3,  0d 00:08:39.69,  0d 00:05:00.01,0.0000,4.1922,R,07/25/2025 10:29:27 AM,0.0000,-0.0007,0.0,0.0
524,0,3,  0d 00:08:40.69,  0d 00:05:01.01,0.0000,4.1923,R,07/25/2025 10:29:28 AM,0.0000,-0.0010,0.0,0.0
525,0,3,  0d 00:08:41.69,  0d 00:05:02.01,0.0000,4.1923,R,07/25/2025 10:29:29 AM,0.0000,-0.0008,0.0,0.0
526,0,3,  0d 00:08:42.69,  0d 00:05:03.01,0.0000,4.1922,R,07/25/2025 10:29:30 AM,0.0000,-0.0010,0.0,0.0
527,0,3,  0d 00:08:43.69,  0d 00:05:04.01,0.0000,4.1923,R,07/25/2025 10:29:31 AM,0.0000,-0.0007,0.0,0.0
528,0,3,  0d 00:08:44.69,  0d 00:05:05.01,0.0000,4.1923,R,07/25/2025 10:29:32 AM,0.0000,-0.0010,0.0,0.0
529,0,3,  0d 00:08:45.69,  0d 00:05:06.01,0.0000,4.1923,R,07/25/2025 10:29:33 AM,0.0000,-0.0008,0.0,0.0
530,0,3,  0d 00:08:46.69,  0d 00:05:07.01,0.0000,4.1923,R,07/25/2025 10:29:34 AM,0.0000,-0.0007,0.0,0.0
531,0,3,  0d 00:08:47.69,  0d 00:05:08.01,0.0000,4.1923,R,07/25/2025 10:29:36 AM,0.0000,-0.0007,0.0,0.0
532,0,3,  0d 00:08:48.69,  0d 00:05:09.01,0.0000,4.1923,R,07/25/2025 10:29:36 AM,0.0000,-0.0007,0.0,0.0
533,0,3,  0d 00:08:49.69,  0d 00:05:10.01,0.0000,4.1923,R,07/25/2025 10:29:37 AM,0.0000,-0.0007,0.0,0.0
534,0,3,  0d 00:08:50.69,  0d 00:05:11.01,0.0000,4.1923,R,07/25/2025 10:29:38 AM,0.0000,-0.0010,0.0,0.0
535,0,3,  0d 00:08:51.69,  0d 00:05:12.01,0.0000,4.1923,R,07/25/2025 10:29:39 AM,0.0000,-0.0008,0.0,0.0
536,0,3,  0d 00:08:52.69,  0d 00:05:13.01,0.0000,4.1922,R,07/25/2025 10:29:40 AM,0.0000,-0.0008,0.0,0.0
537,0,3,  0d 00:08:53.69,  0d 00:05:14.01,0.0000,4.1923,R,07/25/2025 10:29:41 AM,0.0000,-0.0010,0.0,0.0
538,0,3,  0d 00:08:54.69,  0d 00:05:15.01,0.0000,4.1923,R,07/25/2025 10:29:42 AM,0.0000,-0.0007,0.0,0.0
539,0,3,  0d 00:08:55.69,  0d 00:05:16.01,0.0000,4.1923,R,07/25/2025 10:29:43 AM,0.0000,-0.0005,0.0,0.0
540,0,3,  0d 00:08:56.69,  0d 00:05:17.01,0.0000,4.1923,R,07/25/2025 10:29:44 AM,0.0000,-0.0007,0.0,0.0
541,0,3,  0d 00:08:57.69,  0d 00:05:18.01,0.0000,4.1923,R,07/25/2025 10:29:46 AM,0.0000,-0.0005,0.0,0.0
542,0,3,  0d 00:08:58.69,  0d 00:05:19.01,0.0000,4.1923,R,07/25/2025 10:29:46 AM,0.0000,-0.0008,0.0,0.0
543,0,3,  0d 00:08:59.69,  0d 00:05:20.01,0.0000,4.1923,R,07/25/2025 10:29:47 AM,0.0000,-0.0008,0.0,0.0
544,0,3,  0d 00:09:00.69,  0d 00:05:21.01,0.0000,4.1922,R,07/25/2025 10:29:48 AM,0.0000,-0.0008,0.0,0.0
545,0,3,  0d 00:09:01.69,  0d 00:05:22.01,0.0000,4.1922,R,07/25/2025 10:29:49 AM,0.0000,-0.0007,0.0,0.0
546,0,3,  0d 00:09:02.69,  0d 00:05:23.01,0.0000,4.1923,R,07/25/2025 10:29:50 AM,0.0000,-0.0008,0.0,0.0
547,0,3,  0d 00:09:03.69,  0d 00:05:24.01,0.0000,4.1922,R,07/25/2025 10:29:51 AM,0.0000,-0.0008,0.0,0.0
548,0,3,  0d 00:09:04.69,  0d 00:05:25.01,0.0000,4.1921,R,07/25/2025 10:29:52 AM,0.0000,-0.0008,0.0,0.0
549,0,3,  0d 00:09:05.69,  0d 00:05:26.01,0.0000,4.1922,R,07/25/2025 10:29:53 AM,0.0000,-0.0007,0.0,0.0
550,0,3,  0d 00:09:06.69,  0d 00:05:27.01,0.0000,4.1923,R,07/25/2025 10:29:54 AM,0.0000,-0.0008,0.0,0.0
551,0,3,  0d 00:09:07.69,  0d 00:05:28.01,0.0000,4.1922,R,07/25/2025 10:29:56 AM,0.0000,-0.0007,0.0,0.0
552,0,3,  0d 00:09:08.69,  0d 00:05:29.01,0.0000,4.1923,R,07/25/2025 10:29:56 AM,0.0000,-0.0008,0.0,0.0
553,0,3,  0d 00:09:09.69,  0d 00:05:30.01,0.0000,4.1923,R,07/25/2025 10:29:57 AM,0.0000,-0.0007,0.0,0.0
554,0,3,  0d 00:09:10.69,  0d 00:05:31.01,0.0000,4.1922,R,07/25/2025 10:29:58 AM,0.0000,-0.0010,0.0,0.0
555,0,3,  0d 00:09:11.69,  0d 00:05:32.01,0.0000,4.1921,R,07/25/2025 10:29:59 AM,0.0000,-0.0008,0.0,0.0
556,0,3,  0d 00:09:12.69,  0d 00:05:33.01,0.0000,4.1923,R,07/25/2025 10:30:00 AM,0.0000,-0.0010,0.0,0.0
557,0,3,  0d 00:09:13.69,  0d 00:05:34.01,0.0000,4.1920,R,07/25/2025 10:30:01 AM,0.0000,-0.0008,0.0,0.0
558,0,3,  0d 00:09:14.69,  0d 00:05:35.01,0.0000,4.1920,R,07/25/2025 10:30:02 AM,0.0000,-0.0010,0.0,0.0
559,0,3,  0d 00:09:15.69,  0d 00:05:36.01,0.0000,4.1922,R,07/25/2025 10:30:03 AM,0.0000,-0.0008,0.0,0.0
560,0,3,  0d 00:09:16.69,  0d 00:05:37.01,0.0000,4.1923,R,07/25/2025 10:30:04 AM,0.0000,-0.0008,0.0,0.0
561,0,3,  0d 00:09:17.69,  0d 00:05:38.01,0.0000,4.1923,R,07/25/2025 10:30:05 AM,0.0000,-0.0008,0.0,0.0
562,0,3,  0d 00:09:18.69,  0d 00:05:39.01,0.0000,4.1922,R,07/25/2025 10:30:06 AM,0.0000,-0.0008,0.0,0.0
563,0,3,  0d 00:09:19.69,  0d 00:05:40.01,0.0000,4.1922,R,07/25/2025 10:30:07 AM,0.0000,-0.0007,0.0,0.0
564,0,3,  0d 00:09:20.69,  0d 00:05:41.01,0.0000,4.1923,R,07/25/2025 10:30:08 AM,0.0000,-0.0007,0.0,0.0
565,0,3,  0d 00:09:21.69,  0d 00:05:42.01,0.0000,4.1921,R,07/25/2025 10:30:09 AM,0.0000,-0.0008,0.0,0.0
566,0,3,  0d 00:09:22.69,  0d 00:05:43.01,0.0000,4.1922,R,07/25/2025 10:30:10 AM,0.0000,-0.0008,0.0,0.0
567,0,3,  0d 00:09:23.69,  0d 00:05:44.01,0.0000,4.1922,R,07/25/2025 10:30:11 AM,0.0000,-0.0008,0.0,0.0
568,0,3,  0d 00:09:24.69,  0d 00:05:45.01,0.0000,4.1922,R,07/25/2025 10:30:12 AM,0.0000,-0.0008,0.0,0.0
569,0,3,  0d 00:09:25.69,  0d 00:05:46.01,0.0000,4.1922,R,07/25/2025 10:30:13 AM,0.0000,-0.0005,0.0,0.0
570,0,3,  0d 00:09:26.69,  0d 00:05:47.01,0.0000,4.1922,R,07/25/2025 10:30:14 AM,0.0000,-0.0007,0.0,0.0
571,0,3,  0d 00:09:27.69,  0d 00:05:48.01,0.0000,4.1922,R,07/25/2025 10:30:15 AM,0.0000,-0.0008,0.0,0.0
572,0,3,  0d 00:09:28.69,  0d 00:05:49.01,0.0000,4.1922,R,07/25/2025 10:30:16 AM,0.0000,-0.0008,0.0,0.0
573,0,3,  0d 00:09:29.69,  0d 00:05:50.01,0.0000,4.1922,R,07/25/2025 10:30:17 AM,0.0000,-0.0005,0.0,0.0
574,0,3,  0d 00:09:30.69,  0d 00:05:51.01,0.0000,4.1921,R,07/25/2025 10:30:18 AM,0.0000,-0.0010,0.0,0.0
575,0,3,  0d 00:09:31.69,  0d 00:05:52.01,0.0000,4.1920,R,07/25/2025 10:30:19 AM,0.0000,-0.0007,0.0,0.0
576,0,3,  0d 00:09:32.69,  0d 00:05:53.01,0.0000,4.1923,R,07/25/2025 10:30:20 AM,0.0000,-0.0008,0.0,0.0
577,0,3,  0d 00:09:33.69,  0d 00:05:54.01,0.0000,4.1922,R,07/25/2025 10:30:21 AM,0.0000,-0.0008,0.0,0.0
578,0,3,  0d 00:09:34.69,  0d 00:05:55.01,0.0000,4.1922,R,07/25/2025 10:30:22 AM,0.0000,-0.0008,0.0,0.0
579,0,3,  0d 00:09:35.69,  0d 00:05:56.01,0.0000,4.1922,R,07/25/2025 10:30:23 AM,0.0000,-0.0008,0.0,0.0
580,0,3,  0d 00:09:36.69,  0d 00:05:57.01,0.0000,4.1921,R,07/25/2025 10:30:24 AM,0.0000,-0.0007,0.0,0.0
581,0,3,  0d 00:09:37.69,  0d 00:05:58.01,0.0000,4.1922,R,07/25/2025 10:30:25 AM,0.0000,-0.0007,0.0,0.0
582,0,3,  0d 00:09:38.69,  0d 00:05:59.01,0.0000,4.1920,R,07/25/2025 10:30:26 AM,0.0000,-0.0008,0.0,0.0
583,0,3,  0d 00:09:39.69,  0d 00:06:00.01,0.0000,4.1923,R,07/25/2025 10:30:27 AM,0.0000,-0.0007,0.0,0.0
584,0,3,  0d 00:09:40.69,  0d 00:06:01.01,0.0000,4.1921,R,07/25/2025 10:30:28 AM,0.0000,-0.0008,0.0,0.0
585,0,3,  0d 00:09:41.69,  0d 00:06:02.01,0.0000,4.1922,R,07/25/2025 10:30:29 AM,0.0000,-0.0007,0.0,0.0
586,0,3,  0d 00:09:42.69,  0d 00:06:03.01,0.0000,4.1922,R,07/25/2025 10:30:30 AM,0.0000,-0.0007,0.0,0.0
587,0,3,  0d 00:09:43.69,  0d 00:06:04.01,0.0000,4.1921,R,07/25/2025 10:30:31 AM,0.0000,-0.0008,0.0,0.0
588,0,3,  0d 00:09:44.69,  0d 00:06:05.01,0.0000,4.1922,R,07/25/2025 10:30:32 AM,0.0000,-0.0008,0.0,0.0
589,0,3,  0d 00:09:45.69,  0d 00:06:06.01,0.0000,4.1922,R,07/25/2025 10:30:33 AM,0.0000,-0.0008,0.0,0.0
590,0,3,  0d 00:09:46.69,  0d 00:06:07.01,0.0000,4.1921,R,07/25/2025 10:30:34 AM,0.0000,-0.0007,0.0,0.0
591,0,3,  0d 00:09:47.69,  0d 00:06:08.01,0.0000,4.1921,R,07/25/2025 10:30:35 AM,0.0000,-0.0008,0.0,0.0
592,0,3,  0d 00:09:48.69,  0d 00:06:09.01,0.0000,4.1920,R,07/25/2025 10:30:36 AM,0.0000,-0.0005,0.0,0.0
593,0,3,  0d 00:09:49.69,  0d 00:06:10.01,0.0000,4.1921,R,07/25/2025 10:30:37 AM,0.0000,-0.0007,0.0,0.0
594,0,3,  0d 00:09:50.69,  0d 00:06:11.01,0.0000,4.1921,R,07/25/2025 10:30:38 AM,0.0000,-0.0008,0.0,0.0
595,0,3,  0d 00:09:51.69,  0d 00:06:12.01,0.0000,4.1920,R,07/25/2025 10:30:39 AM,0.0000,-0.0007,0.0,0.0
596,0,3,  0d 00:09:52.69,  0d 00:06:13.01,0.0000,4.1921,R,07/25/2025 10:30:40 AM,0.0000,-0.0007,0.0,0.0
597,0,3,  0d 00:09:53.69,  0d 00:06:14.01,0.0000,4.1920,R,07/25/2025 10:30:41 AM,0.0000,-0.0008,0.0,0.0
598,0,3,  0d 00:09:54.69,  0d 00:06:15.01,0.0000,4.1920,R,07/25/2025 10:30:42 AM,0.0000,-0.0008,0.0,0.0
599,0,3,  0d 00:09:55.69,  0d 00:06:16.01,0.0000,4.1920,R,07/25/2025 10:30:43 AM,0.0000,-0.0007,0.0,0.0
600,0,3,  0d 00:09:56.69,  0d 00:06:17.01,0.0000,4.1920,R,07/25/2025 10:30:44 AM,0.0000,-0.0008,0.0,0.0
601,0,3,  0d 00:09:57.69,  0d 00:06:18.01,0.0000,4.1921,R,07/25/2025 10:30:45 AM,0.0000,-0.0005,0.0,0.0
602,0,3,  0d 00:09:58.69,  0d 00:06:19.01,0.0000,4.1921,R,07/25/2025 10:30:47 AM,0.0000,-0.0007,0.0,0.0
603,0,3,  0d 00:09:59.69,  0d 00:06:20.01,0.0000,4.1921,R,07/25/2025 10:30:47 AM,0.0000,-0.0007,0.0,0.0
604,0,3,  0d 00:10:00.69,  0d 00:06:21.01,0.0000,4.1921,R,07/25/2025 10:30:48 AM,0.0000,-0.0007,0.0,0.0
605,0,3,  0d 00:10:01.69,  0d 00:06:22.01,0.0000,4.1921,R,07/25/2025 10:30:49 AM,0.0000,-0.0008,0.0,0.0
606,0,3,  0d 00:10:02.69,  0d 00:06:23.01,0.0000,4.1920,R,07/25/2025 10:30:50 AM,0.0000,-0.0007,0.0,0.0
607,0,3,  0d 00:10:03.69,  0d 00:06:24.01,0.0000,4.1920,R,07/25/2025 10:30:51 AM,0.0000,-0.0007,0.0,0.0
608,0,3,  0d 00:10:04.69,  0d 00:06:25.01,0.0000,4.1921,R,07/25/2025 10:30:52 AM,0.0000,-0.0008,0.0,0.0
609,0,3,  0d 00:10:05.69,  0d 00:06:26.01,0.0000,4.1921,R,07/25/2025 10:30:53 AM,0.0000,-0.0007,0.0,0.0
610,0,3,  0d 00:10:06.69,  0d 00:06:27.01,0.0000,4.1920,R,07/25/2025 10:30:54 AM,0.0000,-0.0007,0.0,0.0
611,0,3,  0d 00:10:07.69,  0d 00:06:28.01,0.0000,4.1920,R,07/25/2025 10:30:55 AM,0.0000,-0.0008,0.0,0.0
612,0,3,  0d 00:10:08.69,  0d 00:06:29.01,0.0000,4.1920,R,07/25/2025 10:30:57 AM,0.0000,-0.0008,0.0,0.0
613,0,3,  0d 00:10:09.69,  0d 00:06:30.01,0.0000,4.1920,R,07/25/2025 10:30:57 AM,0.0000,-0.0008,0.0,0.0
614,0,3,  0d 00:10:10.69,  0d 00:06:31.01,0.0000,4.1921,R,07/25/2025 10:30:58 AM,0.0000,-0.0008,0.0,0.0
615,0,3,  0d 00:10:11.69,  0d 00:06:32.01,0.0000,4.1921,R,07/25/2025 10:30:59 AM,0.0000,-0.0008,0.0,0.0
616,0,3,  0d 00:10:12.69,  0d 00:06:33.01,0.0000,4.1920,R,07/25/2025 10:31:00 AM,0.0000,-0.0008,0.0,0.0
617,0,3,  0d 00:10:13.69,  0d 00:06:34.01,0.0000,4.1920,R,07/25/2025 10:31:01 AM,0.0000,-0.0007,0.0,0.0
618,0,3,  0d 00:10:14.69,  0d 00:06:35.01,0.0000,4.1920,R,07/25/2025 10:31:02 AM,0.0000,-0.0008,0.0,0.0
619,0,3,  0d 00:10:15.69,  0d 00:06:36.01,0.0000,4.1920,R,07/25/2025 10:31:03 AM,0.0000,-0.0007,0.0,0.0
620,0,3,  0d 00:10:16.69,  0d 00:06:37.01,0.0000,4.1920,R,07/25/2025 10:31:04 AM,0.0000,-0.0007,0.0,0.0
621,0,3,  0d 00:10:17.69,  0d 00:06:38.01,0.0000,4.1921,R,07/25/2025 10:31:05 AM,0.0000,-0.0007,0.0,0.0
622,0,3,  0d 00:10:18.69,  0d 00:06:39.01,0.0000,4.1920,R,07/25/2025 10:31:07 AM,0.0000,-0.0008,0.0,0.0
623,0,3,  0d 00:10:19.69,  0d 00:06:40.01,0.0000,4.1921,R,07/25/2025 10:31:07 AM,0.0000,-0.0007,0.0,0.0
624,0,3,  0d 00:10:20.69,  0d 00:06:41.01,0.0000,4.1920,R,07/25/2025 10:31:08 AM,0.0000,-0.0008,0.0,0.0
625,0,3,  0d 00:10:21.69,  0d 00:06:42.01,0.0000,4.1920,R,07/25/2025 10:31:09 AM,0.0000,-0.0008,0.0,0.0
626,0,3,  0d 00:10:22.69,  0d 00:06:43.01,0.0000,4.1920,R,07/25/2025 10:31:10 AM,0.0000,-0.0007,0.0,0.0
627,0,3,  0d 00:10:23.69,  0d 00:06:44.01,0.0000,4.1920,R,07/25/2025 10:31:11 AM,0.0000,-0.0007,0.0,0.0
628,0,3,  0d 00:10:24.69,  0d 00:06:45.01,0.0000,4.1921,R,07/25/2025 10:31:12 AM,0.0000,-0.0008,0.0,0.0
629,0,3,  0d 00:10:25.69,  0d 00:06:46.01,0.0000,4.1920,R,07/25/2025 10:31:13 AM,0.0000,-0.0007,0.0,0.0
630,0,3,  0d 00:10:26.69,  0d 00:06:47.01,0.0000,4.1920,R,07/25/2025 10:31:14 AM,0.0000,-0.0008,0.0,0.0
631,0,3,  0d 00:10:27.69,  0d 00:06:48.01,0.0000,4.1920,R,07/25/2025 10:31:15 AM,0.0000,-0.0007,0.0,0.0
632,0,3,  0d 00:10:28.69,  0d 00:06:49.01,0.0000,4.1920,R,07/25/2025 10:31:16 AM,0.0000,-0.0010,0.0,0.0
633,0,3,  0d 00:10:29.69,  0d 00:06:50.01,0.0000,4.1921,R,07/25/2025 10:31:17 AM,0.0000,-0.0010,0.0,0.0
634,0,3,  0d 00:10:30.69,  0d 00:06:51.01,0.0000,4.1919,R,07/25/2025 10:31:18 AM,0.0000,-0.0007,0.0,0.0
635,0,3,  0d 00:10:31.69,  0d 00:06:52.01,0.0000,4.1920,R,07/25/2025 10:31:19 AM,0.0000,-0.0010,0.0,0.0
636,0,3,  0d 00:10:32.69,  0d 00:06:53.01,0.0000,4.1920,R,07/25/2025 10:31:20 AM,0.0000,-0.0008,0.0,0.0
637,0,3,  0d 00:10:33.69,  0d 00:06:54.01,0.0000,4.1920,R,07/25/2025 10:31:21 AM,0.0000,-0.0007,0.0,0.0
638,0,3,  0d 00:10:34.69,  0d 00:06:55.01,0.0000,4.1920,R,07/25/2025 10:31:22 AM,0.0000,-0.0007,0.0,0.0
639,0,3,  0d 00:10:35.69,  0d 00:06:56.01,0.0000,4.1920,R,07/25/2025 10:31:23 AM,0.0000,-0.0008,0.0,0.0
640,0,3,  0d 00:10:36.69,  0d 00:06:57.01,0.0000,4.1919,R,07/25/2025 10:31:24 AM,0.0000,-0.0008,0.0,0.0
641,0,3,  0d 00:10:37.69,  0d 00:06:58.01,0.0000,4.1920,R,07/25/2025 10:31:25 AM,0.0000,-0.0007,0.0,0.0
642,0,3,  0d 00:10:38.69,  0d 00:06:59.01,0.0000,4.1920,R,07/25/2025 10:31:26 AM,0.0000,-0.0008,0.0,0.0
643,0,3,  0d 00:10:39.69,  0d 00:07:00.01,0.0000,4.1919,R,07/25/2025 10:31:27 AM,0.0000,-0.0008,0.0,0.0
644,0,3,  0d 00:10:40.69,  0d 00:07:01.01,0.0000,4.1920,R,07/25/2025 10:31:28 AM,0.0000,-0.0008,0.0,0.0
645,0,3,  0d 00:10:41.69,  0d 00:07:02.01,0.0000,4.1920,R,07/25/2025 10:31:29 AM,0.0000,-0.0008,0.0,0.0
646,0,3,  0d 00:10:42.69,  0d 00:07:03.01,0.0000,4.1920,R,07/25/2025 10:31:30 AM,0.0000,-0.0010,0.0,0.0
647,0,3,  0d 00:10:43.69,  0d 00:07:04.01,0.0000,4.1919,R,07/25/2025 10:31:31 AM,0.0000,-0.0007,0.0,0.0
648,0,3,  0d 00:10:44.69,  0d 00:07:05.01,0.0000,4.1920,R,07/25/2025 10:31:32 AM,0.0000,-0.0007,0.0,0.0
649,0,3,  0d 00:10:45.69,  0d 00:07:06.01,0.0000,4.1920,R,07/25/2025 10:31:33 AM,0.0000,-0.0010,0.0,0.0
650,0,3,  0d 00:10:46.69,  0d 00:07:07.01,0.0000,4.1919,R,07/25/2025 10:31:34 AM,0.0000,-0.0008,0.0,0.0
651,0,3,  0d 00:10:47.69,  0d 00:07:08.01,0.0000,4.1920,R,07/25/2025 10:31:35 AM,0.0000,-0.0007,0.0,0.0
652,0,3,  0d 00:10:48.69,  0d 00:07:09.01,0.0000,4.1919,R,07/25/2025 10:31:36 AM,0.0000,-0.0007,0.0,0.0
653,0,3,  0d 00:10:49.69,  0d 00:07:10.01,0.0000,4.1918,R,07/25/2025 10:31:37 AM,0.0000,-0.0008,0.0,0.0
654,0,3,  0d 00:10:50.69,  0d 00:07:11.01,0.0000,4.1919,R,07/25/2025 10:31:38 AM,0.0000,-0.0007,0.0,0.0
655,0,3,  0d 00:10:51.69,  0d 00:07:12.01,0.0000,4.1919,R,07/25/2025 10:31:39 AM,0.0000,-0.0007,0.0,0.0
656,0,3,  0d 00:10:52.69,  0d 00:07:13.01,0.0000,4.1919,R,07/25/2025 10:31:40 AM,0.0000,-0.0008,0.0,0.0
657,0,3,  0d 00:10:53.69,  0d 00:07:14.01,0.0000,4.1920,R,07/25/2025 10:31:41 AM,0.0000,-0.0008,0.0,0.0
658,0,3,  0d 00:10:54.69,  0d 00:07:15.01,0.0000,4.1920,R,07/25/2025 10:31:42 AM,0.0000,-0.0008,0.0,0.0
659,0,3,  0d 00:10:55.69,  0d 00:07:16.01,0.0000,4.1920,R,07/25/2025 10:31:43 AM,0.0000,-0.0007,0.0,0.0
660,0,3,  0d 00:10:56.69,  0d 00:07:17.01,0.0000,4.1920,R,07/25/2025 10:31:44 AM,0.0000,-0.0008,0.0,0.0
661,0,3,  0d 00:10:57.69,  0d 00:07:18.01,0.0000,4.1920,R,07/25/2025 10:31:45 AM,0.0000,-0.0007,0.0,0.0
662,0,3,  0d 00:10:58.69,  0d 00:07:19.01,0.0000,4.1920,R,07/25/2025 10:31:46 AM,0.0000,-0.0008,0.0,0.0
663,0,3,  0d 00:10:59.69,  0d 00:07:20.01,0.0000,4.1917,R,07/25/2025 10:31:47 AM,0.0000,-0.0008,0.0,0.0
664,0,3,  0d 00:11:00.69,  0d 00:07:21.01,0.0000,4.1919,R,07/25/2025 10:31:48 AM,0.0000,-0.0008,0.0,0.0
665,0,3,  0d 00:11:01.69,  0d 00:07:22.01,0.0000,4.1920,R,07/25/2025 10:31:49 AM,0.0000,-0.0007,0.0,0.0
666,0,3,  0d 00:11:02.69,  0d 00:07:23.01,0.0000,4.1918,R,07/25/2025 10:31:50 AM,0.0000,-0.0005,0.0,0.0
667,0,3,  0d 00:11:03.69,  0d 00:07:24.01,0.0000,4.1919,R,07/25/2025 10:31:51 AM,0.0000,-0.0008,0.0,0.0
668,0,3,  0d 00:11:04.69,  0d 00:07:25.01,0.0000,4.1920,R,07/25/2025 10:31:52 AM,0.0000,-0.0008,0.0,0.0
669,0,3,  0d 00:11:05.69,  0d 00:07:26.01,0.0000,4.1919,R,07/25/2025 10:31:53 AM,0.0000,-0.0008,0.0,0.0
670,0,3,  0d 00:11:06.69,  0d 00:07:27.01,0.0000,4.1920,R,07/25/2025 10:31:54 AM,0.0000,-0.0007,0.0,0.0
671,0,3,  0d 00:11:07.69,  0d 00:07:28.01,0.0000,4.1920,R,07/25/2025 10:31:55 AM,0.0000,-0.0007,0.0,0.0
672,0,3,  0d 00:11:08.69,  0d 00:07:29.01,0.0000,4.1919,R,07/25/2025 10:31:56 AM,0.0000,-0.0008,0.0,0.0
673,0,3,  0d 00:11:09.69,  0d 00:07:30.01,0.0000,4.1919,R,07/25/2025 10:31:58 AM,0.0000,-0.0008,0.0,0.0
674,0,3,  0d 00:11:10.69,  0d 00:07:31.01,0.0000,4.1920,R,07/25/2025 10:31:58 AM,0.0000,-0.0007,0.0,0.0
675,0,3,  0d 00:11:11.69,  0d 00:07:32.01,0.0000,4.1919,R,07/25/2025 10:31:59 AM,0.0000,-0.0008,0.0,0.0
676,0,3,  0d 00:11:12.69,  0d 00:07:33.01,0.0000,4.1918,R,07/25/2025 10:32:00 AM,0.0000,-0.0005,0.0,0.0
677,0,3,  0d 00:11:13.69,  0d 00:07:34.01,0.0000,4.1919,R,07/25/2025 10:32:01 AM,0.0000,-0.0008,0.0,0.0
678,0,3,  0d 00:11:14.69,  0d 00:07:35.01,0.0000,4.1919,R,07/25/2025 10:32:02 AM,0.0000,-0.0008,0.0,0.0
679,0,3,  0d 00:11:15.69,  0d 00:07:36.01,0.0000,4.1918,R,07/25/2025 10:32:03 AM,0.0000,-0.0007,0.0,0.0
680,0,3,  0d 00:11:16.69,  0d 00:07:37.01,0.0000,4.1920,R,07/25/2025 10:32:04 AM,0.0000,-0.0007,0.0,0.0
681,0,3,  0d 00:11:17.69,  0d 00:07:38.01,0.0000,4.1919,R,07/25/2025 10:32:05 AM,0.0000,-0.0008,0.0,0.0
682,0,3,  0d 00:11:18.69,  0d 00:07:39.01,0.0000,4.1918,R,07/25/2025 10:32:06 AM,0.0000,-0.0008,0.0,0.0
683,0,3,  0d 00:11:19.69,  0d 00:07:40.01,0.0000,4.1920,R,07/25/2025 10:32:08 AM,0.0000,-0.0007,0.0,0.0
684,0,3,  0d 00:11:20.69,  0d 00:07:41.01,0.0000,4.1920,R,07/25/2025 10:32:08 AM,0.0000,-0.0008,0.0,0.0
685,0,3,  0d 00:11:21.69,  0d 00:07:42.01,0.0000,4.1919,R,07/25/2025 10:32:09 AM,0.0000,-0.0008,0.0,0.0
686,0,3,  0d 00:11:22.69,  0d 00:07:43.01,0.0000,4.1919,R,07/25/2025 10:32:10 AM,0.0000,-0.0008,0.0,0.0
687,0,3,  0d 00:11:23.69,  0d 00:07:44.01,0.0000,4.1920,R,07/25/2025 10:32:11 AM,0.0000,-0.0008,0.0,0.0
688,0,3,  0d 00:11:24.69,  0d 00:07:45.01,0.0000,4.1920,R,07/25/2025 10:32:12 AM,0.0000,-0.0008,0.0,0.0
689,0,3,  0d 00:11:25.69,  0d 00:07:46.01,0.0000,4.1919,R,07/25/2025 10:32:13 AM,0.0000,-0.0008,0.0,0.0
690,0,3,  0d 00:11:26.69,  0d 00:07:47.01,0.0000,4.1919,R,07/25/2025 10:32:14 AM,0.0000,-0.0007,0.0,0.0
691,0,3,  0d 00:11:27.69,  0d 00:07:48.01,0.0000,4.1920,R,07/25/2025 10:32:15 AM,0.0000,-0.0008,0.0,0.0
692,0,3,  0d 00:11:28.69,  0d 00:07:49.01,0.0000,4.1919,R,07/25/2025 10:32:16 AM,0.0000,-0.0008,0.0,0.0
693,0,3,  0d 00:11:29.69,  0d 00:07:50.01,0.0000,4.1919,R,07/25/2025 10:32:18 AM,0.0000,-0.0005,0.0,0.0
694,0,3,  0d 00:11:30.69,  0d 00:07:51.01,0.0000,4.1919,R,07/25/2025 10:32:18 AM,0.0000,-0.0008,0.0,0.0
695,0,3,  0d 00:11:31.69,  0d 00:07:52.01,0.0000,4.1920,R,07/25/2025 10:32:19 AM,0.0000,-0.0007,0.0,0.0
696,0,3,  0d 00:11:32.69,  0d 00:07:53.01,0.0000,4.1918,R,07/25/2025 10:32:20 AM,0.0000,-0.0010,0.0,0.0
697,0,3,  0d 00:11:33.69,  0d 00:07:54.01,0.0000,4.1918,R,07/25/2025 10:32:21 AM,0.0000,-0.0008,0.0,0.0
698,0,3,  0d 00:11:34.69,  0d 00:07:55.01,0.0000,4.1917,R,07/25/2025 10:32:22 AM,0.0000,-0.0007,0.0,0.0
699,0,3,  0d 00:11:35.69,  0d 00:07:56.01,0.0000,4.1918,R,07/25/2025 10:32:23 AM,0.0000,-0.0008,0.0,0.0
700,0,3,  0d 00:11:36.69,  0d 00:07:57.01,0.0000,4.1918,R,07/25/2025 10:32:24 AM,0.0000,-0.0008,0.0,0.0
701,0,3,  0d 00:11:37.69,  0d 00:07:58.01,0.0000,4.1919,R,07/25/2025 10:32:25 AM,0.0000,-0.0007,0.0,0.0
702,0,3,  0d 00:11:38.69,  0d 00:07:59.01,0.0000,4.1918,R,07/25/2025 10:32:26 AM,0.0000,-0.0007,0.0,0.0
703,0,3,  0d 00:11:39.69,  0d 00:08:00.01,0.0000,4.1919,R,07/25/2025 10:32:27 AM,0.0000,-0.0008,0.0,0.0
704,0,3,  0d 00:11:40.69,  0d 00:08:01.01,0.0000,4.1918,R,07/25/2025 10:32:28 AM,0.0000,-0.0008,0.0,0.0
705,0,3,  0d 00:11:41.69,  0d 00:08:02.01,0.0000,4.1918,R,07/25/2025 10:32:29 AM,0.0000,-0.0008,0.0,0.0
706,0,3,  0d 00:11:42.69,  0d 00:08:03.01,0.0000,4.1919,R,07/25/2025 10:32:30 AM,0.0000,-0.0007,0.0,0.0
707,0,3,  0d 00:11:43.69,  0d 00:08:04.01,0.0000,4.1918,R,07/25/2025 10:32:31 AM,0.0000,-0.0008,0.0,0.0
708,0,3,  0d 00:11:44.69,  0d 00:08:05.01,0.0000,4.1919,R,07/25/2025 10:32:32 AM,0.0000,-0.0008,0.0,0.0
709,0,3,  0d 00:11:45.69,  0d 00:08:06.01,0.0000,4.1917,R,07/25/2025 10:32:33 AM,0.0000,-0.0008,0.0,0.0
710,0,3,  0d 00:11:46.69,  0d 00:08:07.01,0.0000,4.1917,R,07/25/2025 10:32:34 AM,0.0000,-0.0008,0.0,0.0
711,0,3,  0d 00:11:47.69,  0d 00:08:08.01,0.0000,4.1917,R,07/25/2025 10:32:35 AM,0.0000,-0.0007,0.0,0.0
712,0,3,  0d 00:11:48.69,  0d 00:08:09.01,0.0000,4.1918,R,07/25/2025 10:32:36 AM,0.0000,-0.0007,0.0,0.0
713,0,3,  0d 00:11:49.69,  0d 00:08:10.01,0.0000,4.1917,R,07/25/2025 10:32:37 AM,0.0000,-0.0008,0.0,0.0
714,0,3,  0d 00:11:50.69,  0d 00:08:11.01,0.0000,4.1917,R,07/25/2025 10:32:38 AM,0.0000,-0.0008,0.0,0.0
715,0,3,  0d 00:11:51.69,  0d 00:08:12.01,0.0000,4.1917,R,07/25/2025 10:32:39 AM,0.0000,-0.0008,0.0,0.0
716,0,3,  0d 00:11:52.69,  0d 00:08:13.01,0.0000,4.1917,R,07/25/2025 10:32:40 AM,0.0000,-0.0008,0.0,0.0
717,0,3,  0d 00:11:53.69,  0d 00:08:14.01,0.0000,4.1918,R,07/25/2025 10:32:41 AM,0.0000,-0.0007,0.0,0.0
718,0,3,  0d 00:11:54.69,  0d 00:08:15.01,0.0000,4.1918,R,07/25/2025 10:32:42 AM,0.0000,-0.0007,0.0,0.0
719,0,3,  0d 00:11:55.69,  0d 00:08:16.01,0.0000,4.1919,R,07/25/2025 10:32:43 AM,0.0000,-0.0008,0.0,0.0
720,0,3,  0d 00:11:56.69,  0d 00:08:17.01,0.0000,4.1917,R,07/25/2025 10:32:44 AM,0.0000,-0.0007,0.0,0.0
721,0,3,  0d 00:11:57.69,  0d 00:08:18.01,0.0000,4.1917,R,07/25/2025 10:32:45 AM,0.0000,-0.0007,0.0,0.0
722,0,3,  0d 00:11:58.69,  0d 00:08:19.01,0.0000,4.1920,R,07/25/2025 10:32:46 AM,0.0000,-0.0008,0.0,0.0
723,0,3,  0d 00:11:59.69,  0d 00:08:20.01,0.0000,4.1918,R,07/25/2025 10:32:47 AM,0.0000,-0.0007,0.0,0.0
724,0,3,  0d 00:12:00.69,  0d 00:08:21.01,0.0000,4.1920,R,07/25/2025 10:32:48 AM,0.0000,-0.0008,0.0,0.0
725,0,3,  0d 00:12:01.69,  0d 00:08:22.01,0.0000,4.1919,R,07/25/2025 10:32:49 AM,0.0000,-0.0008,0.0,0.0
726,0,3,  0d 00:12:02.69,  0d 00:08:23.01,0.0000,4.1917,R,07/25/2025 10:32:50 AM,0.0000,-0.0007,0.0,0.0
727,0,3,  0d 00:12:03.69,  0d 00:08:24.01,0.0000,4.1917,R,07/25/2025 10:32:51 AM,0.0000,-0.0007,0.0,0.0
728,0,3,  0d 00:12:04.69,  0d 00:08:25.01,0.0000,4.1917,R,07/25/2025 10:32:52 AM,0.0000,-0.0008,0.0,0.0
729,0,3,  0d 00:12:05.69,  0d 00:08:26.01,0.0000,4.1918,R,07/25/2025 10:32:53 AM,0.0000,-0.0007,0.0,0.0
730,0,3,  0d 00:12:06.69,  0d 00:08:27.01,0.0000,4.1917,R,07/25/2025 10:32:54 AM,0.0000,-0.0008,0.0,0.0
731,0,3,  0d 00:12:07.69,  0d 00:08:28.01,0.0000,4.1918,R,07/25/2025 10:32:55 AM,0.0000,-0.0008,0.0,0.0
732,0,3,  0d 00:12:08.69,  0d 00:08:29.01,0.0000,4.1917,R,07/25/2025 10:32:56 AM,0.0000,-0.0005,0.0,0.0
733,0,3,  0d 00:12:09.69,  0d 00:08:30.01,0.0000,4.1916,R,07/25/2025 10:32:57 AM,0.0000,-0.0008,0.0,0.0
734,0,3,  0d 00:12:10.69,  0d 00:08:31.01,0.0000,4.1917,R,07/25/2025 10:32:58 AM,0.0000,-0.0008,0.0,0.0
735,0,3,  0d 00:12:11.69,  0d 00:08:32.01,0.0000,4.1917,R,07/25/2025 10:32:59 AM,0.0000,-0.0008,0.0,0.0
736,0,3,  0d 00:12:12.69,  0d 00:08:33.01,0.0000,4.1917,R,07/25/2025 10:33:00 AM,0.0000,-0.0005,0.0,0.0
737,0,3,  0d 00:12:13.69,  0d 00:08:34.01,0.0000,4.1918,R,07/25/2025 10:33:01 AM,0.0000,-0.0008,0.0,0.0
738,0,3,  0d 00:12:14.69,  0d 00:08:35.01,0.0000,4.1919,R,07/25/2025 10:33:02 AM,0.0000,-0.0008,0.0,0.0
739,0,3,  0d 00:12:15.69,  0d 00:08:36.01,0.0000,4.1917,R,07/25/2025 10:33:03 AM,0.0000,-0.0008,0.0,0.0
740,0,3,  0d 00:12:16.69,  0d 00:08:37.01,0.0000,4.1918,R,07/25/2025 10:33:04 AM,0.0000,-0.0010,0.0,0.0
741,0,3,  0d 00:12:17.69,  0d 00:08:38.01,0.0000,4.1918,R,07/25/2025 10:33:05 AM,0.0000,-0.0008,0.0,0.0
742,0,3,  0d 00:12:18.69,  0d 00:08:39.01,0.0000,4.1917,R,07/25/2025 10:33:06 AM,0.0000,-0.0007,0.0,0.0
743,0,3,  0d 00:12:19.69,  0d 00:08:40.01,0.0000,4.1917,R,07/25/2025 10:33:07 AM,0.0000,-0.0007,0.0,0.0
744,0,3,  0d 00:12:20.69,  0d 00:08:41.01,0.0000,4.1918,R,07/25/2025 10:33:09 AM,0.0000,-0.0007,0.0,0.0
745,0,3,  0d 00:12:21.69,  0d 00:08:42.01,0.0000,4.1918,R,07/25/2025 10:33:09 AM,0.0000,-0.0008,0.0,0.0
746,0,3,  0d 00:12:22.69,  0d 00:08:43.01,0.0000,4.1918,R,07/25/2025 10:33:10 AM,0.0000,-0.0007,0.0,0.0
747,0,3,  0d 00:12:23.69,  0d 00:08:44.01,0.0000,4.1917,R,07/25/2025 10:33:11 AM,0.0000,-0.0008,0.0,0.0
748,0,3,  0d 00:12:24.69,  0d 00:08:45.01,0.0000,4.1917,R,07/25/2025 10:33:12 AM,0.0000,-0.0007,0.0,0.0
749,0,3,  0d 00:12:25.69,  0d 00:08:46.01,0.0000,4.1917,R,07/25/2025 10:33:13 AM,0.0000,-0.0007,0.0,0.0
750,0,3,  0d 00:12:26.69,  0d 00:08:47.01,0.0000,4.1917,R,07/25/2025 10:33:14 AM,0.0000,-0.0008,0.0,0.0
751,0,3,  0d 00:12:27.69,  0d 00:08:48.01,0.0000,4.1917,R,07/25/2025 10:33:15 AM,0.0000,-0.0007,0.0,0.0
752,0,3,  0d 00:12:28.69,  0d 00:08:49.01,0.0000,4.1917,R,07/25/2025 10:33:16 AM,0.0000,-0.0008,0.0,0.0
753,0,3,  0d 00:12:29.69,  0d 00:08:50.01,0.0000,4.1917,R,07/25/2025 10:33:17 AM,0.0000,-0.0007,0.0,0.0
754,0,3,  0d 00:12:30.69,  0d 00:08:51.01,0.0000,4.1917,R,07/25/2025 10:33:19 AM,0.0000,-0.0008,0.0,0.0
755,0,3,  0d 00:12:31.69,  0d 00:08:52.01,0.0000,4.1916,R,07/25/2025 10:33:19 AM,0.0000,-0.0008,0.0,0.0
756,0,3,  0d 00:12:32.69,  0d 00:08:53.01,0.0000,4.1917,R,07/25/2025 10:33:20 AM,0.0000,-0.0008,0.0,0.0
757,0,3,  0d 00:12:33.69,  0d 00:08:54.01,0.0000,4.1916,R,07/25/2025 10:33:21 AM,0.0000,-0.0007,0.0,0.0
758,0,3,  0d 00:12:34.69,  0d 00:08:55.01,0.0000,4.1917,R,07/25/2025 10:33:22 AM,0.0000,-0.0010,0.0,0.0
759,0,3,  0d 00:12:35.69,  0d 00:08:56.01,0.0000,4.1917,R,07/25/2025 10:33:23 AM,0.0000,-0.0008,0.0,0.0
760,0,3,  0d 00:12:36.69,  0d 00:08:57.01,0.0000,4.1917,R,07/25/2025 10:33:24 AM,0.0000,-0.0007,0.0,0.0
761,0,3,  0d 00:12:37.69,  0d 00:08:58.01,0.0000,4.1917,R,07/25/2025 10:33:25 AM,0.0000,-0.0010,0.0,0.0
762,0,3,  0d 00:12:38.69,  0d 00:08:59.01,0.0000,4.1917,R,07/25/2025 10:33:26 AM,0.0000,-0.0007,0.0,0.0
763,0,3,  0d 00:12:39.69,  0d 00:09:00.01,0.0000,4.1917,R,07/25/2025 10:33:27 AM,0.0000,-0.0007,0.0,0.0
764,0,3,  0d 00:12:40.69,  0d 00:09:01.01,0.0000,4.1917,R,07/25/2025 10:33:29 AM,0.0000,-0.0008,0.0,0.0
765,0,3,  0d 00:12:41.69,  0d 00:09:02.01,0.0000,4.1916,R,07/25/2025 10:33:29 AM,0.0000,-0.0008,0.0,0.0
766,0,3,  0d 00:12:42.69,  0d 00:09:03.01,0.0000,4.1917,R,07/25/2025 10:33:30 AM,0.0000,-0.0007,0.0,0.0
767,0,3,  0d 00:12:43.69,  0d 00:09:04.01,0.0000,4.1917,R,07/25/2025 10:33:31 AM,0.0000,-0.0007,0.0,0.0
768,0,3,  0d 00:12:44.69,  0d 00:09:05.01,0.0000,4.1917,R,07/25/2025 10:33:32 AM,0.0000,-0.0008,0.0,0.0
769,0,3,  0d 00:12:45.69,  0d 00:09:06.01,0.0000,4.1917,R,07/25/2025 10:33:33 AM,0.0000,-0.0008,0.0,0.0
770,0,3,  0d 00:12:46.69,  0d 00:09:07.01,0.0000,4.1917,R,07/25/2025 10:33:34 AM,0.0000,-0.0008,0.0,0.0
771,0,3,  0d 00:12:47.69,  0d 00:09:08.01,0.0000,4.1918,R,07/25/2025 10:33:35 AM,0.0000,-0.0008,0.0,0.0
772,0,3,  0d 00:12:48.69,  0d 00:09:09.01,0.0000,4.1917,R,07/25/2025 10:33:36 AM,0.0000,-0.0007,0.0,0.0
773,0,3,  0d 00:12:49.69,  0d 00:09:10.01,0.0000,4.1917,R,07/25/2025 10:33:37 AM,0.0000,-0.0007,0.0,0.0
774,0,3,  0d 00:12:50.69,  0d 00:09:11.01,0.0000,4.1918,R,07/25/2025 10:33:38 AM,0.0000,-0.0008,0.0,0.0
775,0,3,  0d 00:12:51.69,  0d 00:09:12.01,0.0000,4.1916,R,07/25/2025 10:33:39 AM,0.0000,-0.0008,0.0,0.0
776,0,3,  0d 00:12:52.69,  0d 00:09:13.01,0.0000,4.1917,R,07/25/2025 10:33:40 AM,0.0000,-0.0008,0.0,0.0
777,0,3,  0d 00:12:53.69,  0d 00:09:14.01,0.0000,4.1917,R,07/25/2025 10:33:41 AM,0.0000,-0.0008,0.0,0.0
778,0,3,  0d 00:12:54.69,  0d 00:09:15.01,0.0000,4.1917,R,07/25/2025 10:33:42 AM,0.0000,-0.0007,0.0,0.0
779,0,3,  0d 00:12:55.69,  0d 00:09:16.01,0.0000,4.1916,R,07/25/2025 10:33:43 AM,0.0000,-0.0008,0.0,0.0
780,0,3,  0d 00:12:56.69,  0d 00:09:17.01,0.0000,4.1917,R,07/25/2025 10:33:44 AM,0.0000,-0.0008,0.0,0.0
781,0,3,  0d 00:12:57.69,  0d 00:09:18.01,0.0000,4.1917,R,07/25/2025 10:33:45 AM,0.0000,-0.0007,0.0,0.0
782,0,3,  0d 00:12:58.69,  0d 00:09:19.01,0.0000,4.1917,R,07/25/2025 10:33:46 AM,0.0000,-0.0007,0.0,0.0
783,0,3,  0d 00:12:59.69,  0d 00:09:20.01,0.0000,4.1918,R,07/25/2025 10:33:47 AM,0.0000,-0.0005,0.0,0.0
784,0,3,  0d 00:13:00.69,  0d 00:09:21.01,0.0000,4.1915,R,07/25/2025 10:33:48 AM,0.0000,-0.0008,0.0,0.0
785,0,3,  0d 00:13:01.69,  0d 00:09:22.01,0.0000,4.1917,R,07/25/2025 10:33:49 AM,0.0000,-0.0007,0.0,0.0
786,0,3,  0d 00:13:02.69,  0d 00:09:23.01,0.0000,4.1914,R,07/25/2025 10:33:50 AM,0.0000,-0.0008,0.0,0.0
787,0,3,  0d 00:13:03.69,  0d 00:09:24.01,0.0000,4.1916,R,07/25/2025 10:33:51 AM,0.0000,-0.0008,0.0,0.0
788,0,3,  0d 00:13:04.69,  0d 00:09:25.01,0.0000,4.1916,R,07/25/2025 10:33:52 AM,0.0000,-0.0008,0.0,0.0
789,0,3,  0d 00:13:05.69,  0d 00:09:26.01,0.0000,4.1915,R,07/25/2025 10:33:53 AM,0.0000,-0.0007,0.0,0.0
790,0,3,  0d 00:13:06.69,  0d 00:09:27.01,0.0000,4.1914,R,07/25/2025 10:33:54 AM,0.0000,-0.0008,0.0,0.0
791,0,3,  0d 00:13:07.69,  0d 00:09:28.01,0.0000,4.1917,R,07/25/2025 10:33:55 AM,0.0000,-0.0008,0.0,0.0
792,0,3,  0d 00:13:08.69,  0d 00:09:29.01,0.0000,4.1917,R,07/25/2025 10:33:56 AM,0.0000,-0.0008,0.0,0.0
793,0,3,  0d 00:13:09.69,  0d 00:09:30.01,0.0000,4.1916,R,07/25/2025 10:33:57 AM,0.0000,-0.0008,0.0,0.0
794,0,3,  0d 00:13:10.69,  0d 00:09:31.01,0.0000,4.1917,R,07/25/2025 10:33:58 AM,0.0000,-0.0008,0.0,0.0
795,0,3,  0d 00:13:11.69,  0d 00:09:32.01,0.0000,4.1917,R,07/25/2025 10:33:59 AM,0.0000,-0.0010,0.0,0.0
796,0,3,  0d 00:13:12.69,  0d 00:09:33.01,0.0000,4.1916,R,07/25/2025 10:34:00 AM,0.0000,-0.0007,0.0,0.0
797,0,3,  0d 00:13:13.69,  0d 00:09:34.01,0.0000,4.1917,R,07/25/2025 10:34:01 AM,0.0000,-0.0010,0.0,0.0
798,0,3,  0d 00:13:14.69,  0d 00:09:35.01,0.0000,4.1916,R,07/25/2025 10:34:02 AM,0.0000,-0.0008,0.0,0.0
799,0,3,  0d 00:13:15.69,  0d 00:09:36.01,0.0000,4.1915,R,07/25/2025 10:34:03 AM,0.0000,-0.0007,0.0,0.0
800,0,3,  0d 00:13:16.69,  0d 00:09:37.01,0.0000,4.1917,R,07/25/2025 10:34:04 AM,0.0000,-0.0007,0.0,0.0
801,0,3,  0d 00:13:17.69,  0d 00:09:38.01,0.0000,4.1916,R,07/25/2025 10:34:05 AM,0.0000,-0.0003,0.0,0.0
802,0,3,  0d 00:13:18.69,  0d 00:09:39.01,0.0000,4.1917,R,07/25/2025 10:34:06 AM,0.0000,-0.0007,0.0,0.0
803,0,3,  0d 00:13:19.69,  0d 00:09:40.01,0.0000,4.1917,R,07/25/2025 10:34:07 AM,0.0000,-0.0007,0.0,0.0
804,0,3,  0d 00:13:20.69,  0d 00:09:41.01,0.0000,4.1916,R,07/25/2025 10:34:08 AM,0.0000,-0.0008,0.0,0.0
805,0,3,  0d 00:13:21.69,  0d 00:09:42.01,0.0000,4.1917,R,07/25/2025 10:34:09 AM,0.0000,-0.0007,0.0,0.0
806,0,3,  0d 00:13:22.69,  0d 00:09:43.01,0.0000,4.1916,R,07/25/2025 10:34:10 AM,0.0000,-0.0008,0.0,0.0
807,0,3,  0d 00:13:23.69,  0d 00:09:44.01,0.0000,4.1916,R,07/25/2025 10:34:11 AM,0.0000,-0.0008,0.0,0.0
808,0,3,  0d 00:13:24.69,  0d 00:09:45.01,0.0000,4.1917,R,07/25/2025 10:34:12 AM,0.0000,-0.0008,0.0,0.0
809,0,3,  0d 00:13:25.69,  0d 00:09:46.01,0.0000,4.1917,R,07/25/2025 10:34:13 AM,0.0000,-0.0007,0.0,0.0
810,0,3,  0d 00:13:26.69,  0d 00:09:47.01,0.0000,4.1917,R,07/25/2025 10:34:14 AM,0.0000,-0.0008,0.0,0.0
811,0,3,  0d 00:13:27.69,  0d 00:09:48.01,0.0000,4.1916,R,07/25/2025 10:34:15 AM,0.0000,-0.0008,0.0,0.0
812,0,3,  0d 00:13:28.69,  0d 00:09:49.01,0.0000,4.1916,R,07/25/2025 10:34:16 AM,0.0000,-0.0008,0.0,0.0
813,0,3,  0d 00:13:29.69,  0d 00:09:50.01,0.0000,4.1916,R,07/25/2025 10:34:17 AM,0.0000,-0.0007,0.0,0.0
814,0,3,  0d 00:13:30.69,  0d 00:09:51.01,0.0000,4.1916,R,07/25/2025 10:34:18 AM,0.0000,-0.0008,0.0,0.0
815,0,3,  0d 00:13:31.69,  0d 00:09:52.01,0.0000,4.1917,R,07/25/2025 10:34:20 AM,0.0000,-0.0008,0.0,0.0
816,0,3,  0d 00:13:32.69,  0d 00:09:53.01,0.0000,4.1914,R,07/25/2025 10:34:20 AM,0.0000,-0.0007,0.0,0.0
817,0,3,  0d 00:13:33.69,  0d 00:09:54.01,0.0000,4.1916,R,07/25/2025 10:34:21 AM,0.0000,-0.0008,0.0,0.0
818,0,3,  0d 00:13:34.69,  0d 00:09:55.01,0.0000,4.1915,R,07/25/2025 10:34:22 AM,0.0000,-0.0008,0.0,0.0
819,0,3,  0d 00:13:35.69,  0d 00:09:56.01,0.0000,4.1916,R,07/25/2025 10:34:23 AM,0.0000,-0.0007,0.0,0.0
820,0,3,  0d 00:13:36.69,  0d 00:09:57.01,0.0000,4.1914,R,07/25/2025 10:34:24 AM,0.0000,-0.0008,0.0,0.0
821,0,3,  0d 00:13:37.69,  0d 00:09:58.01,0.0000,4.1916,R,07/25/2025 10:34:25 AM,0.0000,-0.0008,0.0,0.0
822,0,3,  0d 00:13:38.69,  0d 00:09:59.01,0.0000,4.1915,R,07/25/2025 10:34:26 AM,0.0000,-0.0007,0.0,0.0
823,0,3,  0d 00:13:39.68,  0d 00:10:00.00,0.0000,4.1915,R,07/25/2025 10:34:27 AM,0.0000,-0.0007,0.0,0.0
824,0,4,  0d 00:13:39.72,  0d 00:00:00.04,2.4186,4.1437,D,07/25/2025 10:34:27 AM,0.0000,-0.0008,0.0,0.0
825,0,4,  0d 00:13:40.72,  0d 00:00:01.04,2.4173,4.1369,D,07/25/2025 10:34:28 AM,0.0000,-0.0008,0.0,0.0
826,0,4,  0d 00:13:41.72,  0d 00:00:02.04,2.4192,4.1332,D,07/25/2025 10:34:30 AM,0.0000,-0.0008,0.0,0.0
827,0,4,  0d 00:13:42.72,  0d 00:00:03.04,2.4210,4.1300,D,07/25/2025 10:34:30 AM,0.0000,-0.0007,0.0,0.0
828,0,4,  0d 00:13:43.72,  0d 00:00:04.04,2.4225,4.1273,D,07/25/2025 10:34:31 AM,0.0000,-0.0010,0.0,0.0
829,0,4,  0d 00:13:44.72,  0d 00:00:05.04,2.4240,4.1248,D,07/25/2025 10:34:32 AM,0.0000,-0.0007,0.0,0.0
830,0,4,  0d 00:13:45.72,  0d 00:00:06.04,2.4256,4.1226,D,07/25/2025 10:34:33 AM,0.0000,-0.0007,0.0,0.0
831,0,4,  0d 00:13:46.72,  0d 00:00:07.04,2.4268,4.1205,D,07/25/2025 10:34:34 AM,0.0000,-0.0010,0.0,0.0
832,0,4,  0d 00:13:47.72,  0d 00:00:08.04,2.4268,4.1186,D,07/25/2025 10:34:35 AM,0.0000,-0.0008,0.0,0.0
833,0,4,  0d 00:13:48.72,  0d 00:00:09.04,2.4292,4.1167,D,07/25/2025 10:34:36 AM,0.0000,-0.0008,0.0,0.0
834,0,4,  0d 00:13:49.72,  0d 00:00:10.04,2.4298,4.1148,D,07/25/2025 10:34:37 AM,0.0000,-0.0010,0.0,0.0
835,0,4,  0d 00:13:50.72,  0d 00:00:11.04,2.4308,4.1134,D,07/25/2025 10:34:38 AM,0.0000,-0.0007,0.0,0.0
836,0,4,  0d 00:13:51.72,  0d 00:00:12.04,2.4320,4.1117,D,07/25/2025 10:34:40 AM,0.0000,-0.0007,0.0,0.0
837,0,4,  0d 00:13:52.72,  0d 00:00:13.04,2.4326,4.1102,D,07/25/2025 10:34:40 AM,0.0000,-0.0008,0.0,0.0
838,0,4,  0d 00:13:53.72,  0d 00:00:14.04,2.4335,4.1087,D,07/25/2025 10:34:41 AM,0.0000,-0.0007,0.0,0.0
839,0,4,  0d 00:13:54.72,  0d 00:00:15.04,2.4341,4.1073,D,07/25/2025 10:34:42 AM,0.0000,-0.0010,0.0,0.0
840,0,4,  0d 00:13:55.72,  0d 00:00:16.04,2.4350,4.1057,D,07/25/2025 10:34:43 AM,0.0000,-0.0007,0.0,0.0
841,0,4,  0d 00:13:56.72,  0d 00:00:17.04,2.4363,4.1044,D,07/25/2025 10:34:44 AM,0.0000,-0.0008,0.0,0.0
842,0,4,  0d 00:13:57.72,  0d 00:00:18.04,2.4372,4.1032,D,07/25/2025 10:34:45 AM,0.0000,-0.0007,0.0,0.0
843,0,4,  0d 00:13:58.72,  0d 00:00:19.04,2.4378,4.1020,D,07/25/2025 10:34:46 AM,0.0000,-0.0008,0.0,0.0
844,0,4,  0d 00:13:59.72,  0d 00:00:20.04,2.4381,4.1008,D,07/25/2025 10:34:47 AM,0.0000,-0.0007,0.0,0.0
845,0,4,  0d 00:14:00.72,  0d 00:00:21.04,2.4387,4.0997,D,07/25/2025 10:34:48 AM,0.0000,-0.0007,0.0,0.0
846,0,4,  0d 00:14:01.72,  0d 00:00:22.04,2.4396,4.0983,D,07/25/2025 10:34:50 AM,0.0000,-0.0008,0.0,0.0
847,0,4,  0d 00:14:02.72,  0d 00:00:23.04,2.4396,4.0972,D,07/25/2025 10:34:50 AM,0.0000,-0.0008,0.0,0.0
848,0,4,  0d 00:14:03.72,  0d 00:00:24.04,2.4408,4.0961,D,07/25/2025 10:34:51 AM,0.0000,-0.0008,0.0,0.0
849,0,4,  0d 00:14:04.72,  0d 00:00:25.04,2.4414,4.0950,D,07/25/2025 10:34:52 AM,0.0000,-0.0008,0.0,0.0
850,0,4,  0d 00:14:05.72,  0d 00:00:26.04,2.4430,4.0939,D,07/25/2025 10:34:53 AM,0.0000,-0.0008,0.0,0.0
851,0,4,  0d 00:14:06.72,  0d 00:00:27.04,2.4436,4.0929,D,07/25/2025 10:34:54 AM,0.0000,-0.0008,0.0,0.0
852,0,4,  0d 00:14:07.72,  0d 00:00:28.04,2.4439,4.0918,D,07/25/2025 10:34:55 AM,0.0000,-0.0008,0.0,0.0
853,0,4,  0d 00:14:08.72,  0d 00:00:29.04,2.4442,4.0909,D,07/25/2025 10:34:56 AM,0.0000,-0.0007,0.0,0.0
854,0,4,  0d 00:14:09.72,  0d 00:00:30.04,2.4448,4.0900,D,07/25/2025 10:34:57 AM,0.0000,-0.0008,0.0,0.0
855,0,4,  0d 00:14:10.72,  0d 00:00:31.04,2.4454,4.0888,D,07/25/2025 10:34:58 AM,0.0000,-0.0007,0.0,0.0
856,0,4,  0d 00:14:11.72,  0d 00:00:32.04,2.4457,4.0880,D,07/25/2025 10:35:00 AM,0.0000,-0.0005,0.0,0.0
857,0,4,  0d 00:14:12.72,  0d 00:00:33.04,2.4463,4.0871,D,07/25/2025 10:35:00 AM,0.0000,-0.0008,0.0,0.0
858,0,4,  0d 00:14:13.72,  0d 00:00:34.04,2.4466,4.0862,D,07/25/2025 10:35:01 AM,0.0000,-0.0007,0.0,0.0
859,0,4,  0d 00:14:14.72,  0d 00:00:35.04,2.4475,4.0853,D,07/25/2025 10:35:02 AM,0.0000,-0.0010,0.0,0.0
860,0,4,  0d 00:14:15.72,  0d 00:00:36.04,2.4485,4.0843,D,07/25/2025 10:35:03 AM,0.0000,-0.0008,0.0,0.0
861,0,4,  0d 00:14:16.72,  0d 00:00:37.04,2.4488,4.0836,D,07/25/2025 10:35:04 AM,0.0000,-0.0010,0.0,0.0
862,0,4,  0d 00:14:17.72,  0d 00:00:38.04,2.4491,4.0826,D,07/25/2025 10:35:05 AM,0.0000,-0.0008,0.0,0.0
863,0,4,  0d 00:14:18.72,  0d 00:00:39.04,2.4494,4.0817,D,07/25/2025 10:35:06 AM,0.0000,-0.0008,0.0,0.0
864,0,4,  0d 00:14:19.72,  0d 00:00:40.04,2.4509,4.0809,D,07/25/2025 10:35:07 AM,0.0000,-0.0007,0.0,0.0
865,0,4,  0d 00:14:20.72,  0d 00:00:41.04,2.4506,4.0802,D,07/25/2025 10:35:08 AM,0.0000,-0.0008,0.0,0.0
866,0,4,  0d 00:14:21.72,  0d 00:00:42.04,2.4506,4.0794,D,07/25/2025 10:35:10 AM,0.0000,-0.0007,0.0,0.0
867,0,4,  0d 00:14:22.72,  0d 00:00:43.04,2.4515,4.0785,D,07/25/2025 10:35:10 AM,0.0000,-0.0008,0.0,0.0
868,0,4,  0d 00:14:23.72,  0d 00:00:44.04,2.4524,4.0777,D,07/25/2025 10:35:11 AM,0.0000,-0.0007,0.0,0.0
869,0,4,  0d 00:14:24.72,  0d 00:00:45.04,2.4527,4.0770,D,07/25/2025 10:35:12 AM,0.0000,-0.0007,0.0,0.0
870,0,4,  0d 00:14:25.72,  0d 00:00:46.04,2.4537,4.0762,D,07/25/2025 10:35:13 AM,0.0000,-0.0008,0.0,0.0
871,0,4,  0d 00:14:26.72,  0d 00:00:47.04,2.4537,4.0755,D,07/25/2025 10:35:14 AM,0.0000,-0.0008,0.0,0.0
872,0,4,  0d 00:14:27.72,  0d 00:00:48.04,2.4537,4.0748,D,07/25/2025 10:35:15 AM,0.0000,-0.0007,0.0,0.0
873,0,4,  0d 00:14:28.72,  0d 00:00:49.04,2.4543,4.0742,D,07/25/2025 10:35:16 AM,0.0000,-0.0008,0.0,0.0
874,0,4,  0d 00:14:29.72,  0d 00:00:50.04,2.4549,4.0734,D,07/25/2025 10:35:17 AM,0.0000,-0.0005,0.0,0.0
875,0,4,  0d 00:14:30.72,  0d 00:00:51.04,2.4552,4.0726,D,07/25/2025 10:35:18 AM,0.0000,-0.0008,0.0,0.0
876,0,4,  0d 00:14:31.72,  0d 00:00:52.04,2.4558,4.0719,D,07/25/2025 10:35:20 AM,0.0000,-0.0008,0.0,0.0
877,0,4,  0d 00:14:32.72,  0d 00:00:53.04,2.4564,4.0713,D,07/25/2025 10:35:20 AM,0.0000,-0.0007,0.0,0.0
878,0,4,  0d 00:14:33.72,  0d 00:00:54.04,2.4558,4.0706,D,07/25/2025 10:35:21 AM,0.0000,-0.0008,0.0,0.0
879,0,4,  0d 00:14:34.72,  0d 00:00:55.04,2.4570,4.0699,D,07/25/2025 10:35:22 AM,0.0000,-0.0008,0.0,0.0
880,0,4,  0d 00:14:35.72,  0d 00:00:56.04,2.4573,4.0691,D,07/25/2025 10:35:23 AM,0.0000,-0.0008,0.0,0.0
881,0,4,  0d 00:14:36.72,  0d 00:00:57.04,2.4579,4.0685,D,07/25/2025 10:35:24 AM,0.0000,-0.0008,0.0,0.0
882,0,4,  0d 00:14:37.72,  0d 00:00:58.04,2.4582,4.0679,D,07/25/2025 10:35:25 AM,0.0000,-0.0008,0.0,0.0
883,0,4,  0d 00:14:38.72,  0d 00:00:59.04,2.4582,4.0673,D,07/25/2025 10:35:26 AM,0.0000,-0.0007,0.0,0.0
884,0,4,  0d 00:14:39.72,  0d 00:01:00.04,2.4585,4.0667,D,07/25/2025 10:35:27 AM,0.0000,-0.0007,0.0,0.0
885,0,4,  0d 00:14:40.72,  0d 00:01:01.04,2.4594,4.0660,D,07/25/2025 10:35:28 AM,0.0000,-0.0007,0.0,0.0
886,0,4,  0d 00:14:41.72,  0d 00:01:02.04,2.4598,4.0654,D,07/25/2025 10:35:29 AM,0.0000,-0.0007,0.0,0.0
887,0,4,  0d 00:14:42.72,  0d 00:01:03.04,2.4598,4.0647,D,07/25/2025 10:35:31 AM,0.0000,-0.0007,0.0,0.0
888,0,4,  0d 00:14:43.72,  0d 00:01:04.04,2.4598,4.0642,D,07/25/2025 10:35:31 AM,0.0000,-0.0007,0.0,0.0
889,0,4,  0d 00:14:44.72,  0d 00:01:05.04,2.4607,4.0636,D,07/25/2025 10:35:32 AM,0.0000,-0.0005,0.0,0.0
890,0,4,  0d 00:14:45.72,  0d 00:01:06.04,2.4613,4.0632,D,07/25/2025 10:35:33 AM,0.0000,-0.0007,0.0,0.0
891,0,4,  0d 00:14:46.72,  0d 00:01:07.04,2.4616,4.0624,D,07/25/2025 10:35:34 AM,0.0000,-0.0007,0.0,0.0
892,0,4,  0d 00:14:47.72,  0d 00:01:08.04,2.4625,4.0618,D,07/25/2025 10:35:35 AM,0.0000,-0.0008,0.0,0.0
893,0,4,  0d 00:14:48.72,  0d 00:01:09.04,2.4622,4.0612,D,07/25/2025 10:35:36 AM,0.0000,-0.0008,0.0,0.0
894,0,4,  0d 00:14:49.72,  0d 00:01:10.04,2.4631,4.0606,D,07/25/2025 10:35:37 AM,0.0000,-0.0007,0.0,0.0
895,0,4,  0d 00:14:50.72,  0d 00:01:11.04,2.4625,4.0600,D,07/25/2025 10:35:38 AM,0.0000,-0.0005,0.0,0.0
896,0,4,  0d 00:14:51.72,  0d 00:01:12.04,2.4628,4.0596,D,07/25/2025 10:35:39 AM,0.0000,-0.0008,0.0,0.0
897,0,4,  0d 00:14:52.72,  0d 00:01:13.04,2.4640,4.0590,D,07/25/2025 10:35:41 AM,0.0000,-0.0008,0.0,0.0
898,0,4,  0d 00:14:53.72,  0d 00:01:14.04,2.4640,4.0584,D,07/25/2025 10:35:41 AM,0.0000,-0.0008,0.0,0.0
899,0,4,  0d 00:14:54.72,  0d 00:01:15.04,2.4640,4.0580,D,07/25/2025 10:35:42 AM,0.0000,-0.0008,0.0,0.0
900,0,4,  0d 00:14:55.72,  0d 00:01:16.04,2.4646,4.0573,D,07/25/2025 10:35:43 AM,0.0000,-0.0007,0.0,0.0
901,0,4,  0d 00:14:56.72,  0d 00:01:17.04,2.4646,4.0568,D,07/25/2025 10:35:44 AM,0.0000,-0.0005,0.0,0.0
902,0,4,  0d 00:14:57.72,  0d 00:01:18.04,2.4652,4.0564,D,07/25/2025 10:35:45 AM,0.0000,-0.0010,0.0,0.0
903,0,4,  0d 00:14:58.72,  0d 00:01:19.04,2.4652,4.0558,D,07/25/2025 10:35:46 AM,0.0000,-0.0010,0.0,0.0
904,0,4,  0d 00:14:59.72,  0d 00:01:20.04,2.4662,4.0552,D,07/25/2025 10:35:47 AM,0.0000,-0.0007,0.0,0.0
905,0,4,  0d 00:15:00.72,  0d 00:01:21.04,2.4659,4.0548,D,07/25/2025 10:35:48 AM,0.0000,-0.0007,0.0,0.0
906,0,4,  0d 00:15:01.72,  0d 00:01:22.04,2.4665,4.0542,D,07/25/2025 10:35:49 AM,0.0000,-0.0010,0.0,0.0
907,0,4,  0d 00:15:02.72,  0d 00:01:23.04,2.4665,4.0538,D,07/25/2025 10:35:51 AM,0.0000,-0.0010,0.0,0.0
908,0,4,  0d 00:15:03.72,  0d 00:01:24.04,2.4671,4.0533,D,07/25/2025 10:35:51 AM,0.0000,-0.0007,0.0,0.0
909,0,4,  0d 00:15:04.72,  0d 00:01:25.04,2.4674,4.0528,D,07/25/2025 10:35:52 AM,0.0000,-0.0008,0.0,0.0
910,0,4,  0d 00:15:05.72,  0d 00:01:26.04,2.4680,4.0523,D,07/25/2025 10:35:53 AM,0.0000,-0.0010,0.0,0.0
911,0,4,  0d 00:15:06.72,  0d 00:01:27.04,2.4680,4.0518,D,07/25/2025 10:35:54 AM,0.0000,-0.0007,0.0,0.0
912,0,4,  0d 00:15:07.72,  0d 00:01:28.04,2.4680,4.0513,D,07/25/2025 10:35:55 AM,0.0000,-0.0007,0.0,0.0
913,0,4,  0d 00:15:08.72,  0d 00:01:29.04,2.4686,4.0510,D,07/25/2025 10:35:56 AM,0.0000,-0.0007,0.0,0.0
914,0,4,  0d 00:15:09.72,  0d 00:01:30.04,2.4686,4.0504,D,07/25/2025 10:35:57 AM,0.0000,-0.0010,0.0,0.0
915,0,4,  0d 00:15:10.72,  0d 00:01:31.04,2.4689,4.0500,D,07/25/2025 10:35:58 AM,0.0000,-0.0008,0.0,0.0
916,0,4,  0d 00:15:11.72,  0d 00:01:32.04,2.4692,4.0494,D,07/25/2025 10:35:59 AM,0.0000,-0.0010,0.0,0.0
917,0,4,  0d 00:15:12.72,  0d 00:01:33.04,2.4695,4.0490,D,07/25/2025 10:36:01 AM,0.0000,-0.0008,0.0,0.0
918,0,4,  0d 00:15:13.72,  0d 00:01:34.04,2.4698,4.0486,D,07/25/2025 10:36:01 AM,0.0000,-0.0007,0.0,0.0
919,0,4,  0d 00:15:14.72,  0d 00:01:35.04,2.4698,4.0482,D,07/25/2025 10:36:02 AM,0.0000,-0.0008,0.0,0.0
920,0,4,  0d 00:15:15.72,  0d 00:01:36.04,2.4698,4.0477,D,07/25/2025 10:36:03 AM,0.0000,-0.0008,0.0,0.0
921,0,4,  0d 00:15:16.72,  0d 00:01:37.04,2.4704,4.0473,D,07/25/2025 10:36:04 AM,0.0000,-0.0007,0.0,0.0
922,0,4,  0d 00:15:17.72,  0d 00:01:38.04,2.4707,4.0469,D,07/25/2025 10:36:05 AM,0.0000,-0.0008,0.0,0.0
923,0,4,  0d 00:15:18.72,  0d 00:01:39.04,2.4710,4.0465,D,07/25/2025 10:36:06 AM,0.0000,-0.0007,0.0,0.0
924,0,4,  0d 00:15:19.72,  0d 00:01:40.04,2.4707,4.0459,D,07/25/2025 10:36:07 AM,0.0000,-0.0007,0.0,0.0
925,0,4,  0d 00:15:20.72,  0d 00:01:41.04,2.4717,4.0455,D,07/25/2025 10:36:08 AM,0.0000,-0.0008,0.0,0.0
926,0,4,  0d 00:15:21.72,  0d 00:01:42.04,2.4717,4.0451,D,07/25/2025 10:36:09 AM,0.0000,-0.0008,0.0,0.0
927,0,4,  0d 00:15:22.72,  0d 00:01:43.04,2.4720,4.0449,D,07/25/2025 10:36:11 AM,0.0000,-0.0008,0.0,0.0
928,0,4,  0d 00:15:23.72,  0d 00:01:44.04,2.4726,4.0443,D,07/25/2025 10:36:11 AM,0.0000,-0.0008,0.0,0.0
929,0,4,  0d 00:15:24.72,  0d 00:01:45.04,2.4726,4.0439,D,07/25/2025 10:36:12 AM,0.0000,-0.0008,0.0,0.0
930,0,4,  0d 00:15:25.72,  0d 00:01:46.04,2.4729,4.0436,D,07/25/2025 10:36:13 AM,0.0000,-0.0007,0.0,0.0
931,0,4,  0d 00:15:26.72,  0d 00:01:47.04,2.4729,4.0431,D,07/25/2025 10:36:14 AM,0.0000,-0.0008,0.0,0.0
932,0,4,  0d 00:15:27.72,  0d 00:01:48.04,2.4738,4.0426,D,07/25/2025 10:36:15 AM,0.0000,-0.0005,0.0,0.0
933,0,4,  0d 00:15:28.72,  0d 00:01:49.04,2.4735,4.0423,D,07/25/2025 10:36:16 AM,0.0000,-0.0008,0.0,0.0
934,0,4,  0d 00:15:29.72,  0d 00:01:50.04,2.4738,4.0420,D,07/25/2025 10:36:17 AM,0.0000,-0.0007,0.0,0.0
935,0,4,  0d 00:15:30.72,  0d 00:01:51.04,2.4744,4.0416,D,07/25/2025 10:36:18 AM,0.0000,-0.0008,0.0,0.0
936,0,4,  0d 00:15:31.72,  0d 00:01:52.04,2.4741,4.0410,D,07/25/2025 10:36:19 AM,0.0000,-0.0007,0.0,0.0
937,0,4,  0d 00:15:32.72,  0d 00:01:53.04,2.4741,4.0407,D,07/25/2025 10:36:21 AM,0.0000,-0.0007,0.0,0.0
938,0,4,  0d 00:15:33.72,  0d 00:01:54.04,2.4750,4.0404,D,07/25/2025 10:36:21 AM,0.0000,-0.0008,0.0,0.0
939,0,4,  0d 00:15:34.72,  0d 00:01:55.04,2.4747,4.0400,D,07/25/2025 10:36:22 AM,0.0000,-0.0008,0.0,0.0
940,0,4,  0d 00:15:35.72,  0d 00:01:56.04,2.4753,4.0396,D,07/25/2025 10:36:23 AM,0.0000,-0.0008,0.0,0.0
941,0,4,  0d 00:15:36.72,  0d 00:01:57.04,2.4753,4.0394,D,07/25/2025 10:36:24 AM,0.0000,-0.0007,0.0,0.0
942,0,4,  0d 00:15:37.72,  0d 00:01:58.04,2.4753,4.0391,D,07/25/2025 10:36:25 AM,0.0000,-0.0008,0.0,0.0
943,0,4,  0d 00:15:38.72,  0d 00:01:59.04,2.4759,4.0385,D,07/25/2025 10:36:26 AM,0.0000,-0.0010,0.0,0.0
944,0,4,  0d 00:15:39.72,  0d 00:02:00.04,2.4759,4.0382,D,07/25/2025 10:36:27 AM,0.0000,-0.0008,0.0,0.0
945,0,4,  0d 00:15:40.72,  0d 00:02:01.04,2.4765,4.0379,D,07/25/2025 10:36:28 AM,0.0000,-0.0008,0.0,0.0
946,0,4,  0d 00:15:41.72,  0d 00:02:02.04,2.4762,4.0375,D,07/25/2025 10:36:29 AM,0.0000,-0.0008,0.0,0.0
947,0,4,  0d 00:15:42.72,  0d 00:02:03.04,2.4771,4.0372,D,07/25/2025 10:36:31 AM,0.0000,-0.0008,0.0,0.0
948,0,4,  0d 00:15:43.72,  0d 00:02:04.04,2.4765,4.0370,D,07/25/2025 10:36:31 AM,0.0000,-0.0008,0.0,0.0
949,0,4,  0d 00:15:44.72,  0d 00:02:05.04,2.4775,4.0365,D,07/25/2025 10:36:32 AM,0.0000,-0.0007,0.0,0.0
950,0,4,  0d 00:15:45.72,  0d 00:02:06.04,2.4768,4.0362,D,07/25/2025 10:36:33 AM,0.0000,-0.0008,0.0,0.0
951,0,4,  0d 00:15:46.72,  0d 00:02:07.04,2.4775,4.0358,D,07/25/2025 10:36:34 AM,0.0000,-0.0008,0.0,0.0
952,0,4,  0d 00:15:47.72,  0d 00:02:08.04,2.4781,4.0356,D,07/25/2025 10:36:35 AM,0.0000,-0.0007,0.0,0.0
953,0,4,  0d 00:15:48.72,  0d 00:02:09.04,2.4781,4.0352,D,07/25/2025 10:36:36 AM,0.0000,-0.0008,0.0,0.0
954,0,4,  0d 00:15:49.72,  0d 00:02:10.04,2.4775,4.0349,D,07/25/2025 10:36:37 AM,0.0000,-0.0008,0.0,0.0
955,0,4,  0d 00:15:50.72,  0d 00:02:11.04,2.4784,4.0346,D,07/25/2025 10:36:38 AM,0.0000,-0.0007,0.0,0.0
956,0,4,  0d 00:15:51.72,  0d 00:02:12.04,2.4787,4.0343,D,07/25/2025 10:36:39 AM,0.0000,-0.0008,0.0,0.0
957,0,4,  0d 00:15:52.72,  0d 00:02:13.04,2.4790,4.0339,D,07/25/2025 10:36:40 AM,0.0000,-0.0007,0.0,0.0
958,0,4,  0d 00:15:53.72,  0d 00:02:14.04,2.4787,4.0335,D,07/25/2025 10:36:41 AM,0.0000,-0.0007,0.0,0.0
959,0,4,  0d 00:15:54.72,  0d 00:02:15.04,2.4793,4.0331,D,07/25/2025 10:36:42 AM,0.0000,-0.0007,0.0,0.0
960,0,4,  0d 00:15:55.72,  0d 00:02:16.04,2.4793,4.0329,D,07/25/2025 10:36:43 AM,0.0000,-0.0008,0.0,0.0
961,0,4,  0d 00:15:56.72,  0d 00:02:17.04,2.4796,4.0326,D,07/25/2025 10:36:44 AM,0.0000,-0.0008,0.0,0.0
962,0,4,  0d 00:15:57.72,  0d 00:02:18.04,2.4796,4.0323,D,07/25/2025 10:36:45 AM,0.0000,-0.0007,0.0,0.0
963,0,4,  0d 00:15:58.72,  0d 00:02:19.04,2.4802,4.0320,D,07/25/2025 10:36:46 AM,0.0000,-0.0008,0.0,0.0
964,0,4,  0d 00:15:59.72,  0d 00:02:20.04,2.4802,4.0318,D,07/25/2025 10:36:47 AM,0.0000,-0.0008,0.0,0.0
965,0,4,  0d 00:16:00.72,  0d 00:02:21.04,2.4805,4.0314,D,07/25/2025 10:36:48 AM,0.0000,-0.0007,0.0,0.0
966,0,4,  0d 00:16:01.72,  0d 00:02:22.04,2.4805,4.0311,D,07/25/2025 10:36:49 AM,0.0000,-0.0008,0.0,0.0
967,0,4,  0d 00:16:02.72,  0d 00:02:23.04,2.4805,4.0310,D,07/25/2025 10:36:50 AM,0.0000,-0.0008,0.0,0.0
968,0,4,  0d 00:16:03.72,  0d 00:02:24.04,2.4808,4.0305,D,07/25/2025 10:36:52 AM,0.0000,-0.0008,0.0,0.0
969,0,4,  0d 00:16:04.72,  0d 00:02:25.04,2.4811,4.0302,D,07/25/2025 10:36:52 AM,0.0000,-0.0007,0.0,0.0
970,0,4,  0d 00:16:05.72,  0d 00:02:26.04,2.4811,4.0299,D,07/25/2025 10:36:53 AM,0.0000,-0.0007,0.0,0.0
971,0,4,  0d 00:16:06.72,  0d 00:02:27.04,2.4820,4.0295,D,07/25/2025 10:36:54 AM,0.0000,-0.0007,0.0,0.0
972,0,4,  0d 00:16:07.72,  0d 00:02:28.04,2.4811,4.0294,D,07/25/2025 10:36:55 AM,0.0000,-0.0008,0.0,0.0
973,0,4,  0d 00:16:08.72,  0d 00:02:29.04,2.4817,4.0290,D,07/25/2025 10:36:56 AM,0.0000,-0.0007,0.0,0.0
974,0,4,  0d 00:16:09.72,  0d 00:02:30.04,2.4823,4.0288,D,07/25/2025 10:36:57 AM,0.0000,-0.0007,0.0,0.0
975,0,4,  0d 00:16:10.72,  0d 00:02:31.04,2.4820,4.0286,D,07/25/2025 10:36:58 AM,0.0000,-0.0008,0.0,0.0
976,0,4,  0d 00:16:11.72,  0d 00:02:32.04,2.4826,4.0282,D,07/25/2025 10:36:59 AM,0.0000,-0.0008,0.0,0.0
977,0,4,  0d 00:16:12.72,  0d 00:02:33.04,2.4823,4.0278,D,07/25/2025 10:37:00 AM,0.0000,-0.0008,0.0,0.0
978,0,4,  0d 00:16:13.72,  0d 00:02:34.04,2.4826,4.0276,D,07/25/2025 10:37:02 AM,0.0000,-0.0008,0.0,0.0
979,0,4,  0d 00:16:14.72,  0d 00:02:35.04,2.4833,4.0274,D,07/25/2025 10:37:02 AM,0.0000,-0.0010,0.0,0.0
980,0,4,  0d 00:16:15.72,  0d 00:02:36.04,2.4829,4.0272,D,07/25/2025 10:37:03 AM,0.0000,-0.0010,0.0,0.0
981,0,4,  0d 00:16:16.72,  0d 00:02:37.04,2.4829,4.0269,D,07/25/2025 10:37:04 AM,0.0000,-0.0008,0.0,0.0
982,0,4,  0d 00:16:17.72,  0d 00:02:38.04,2.4839,4.0265,D,07/25/2025 10:37:05 AM,0.0000,-0.0007,0.0,0.0
983,0,4,  0d 00:16:18.72,  0d 00:02:39.04,2.4842,4.0262,D,07/25/2025 10:37:06 AM,0.0000,-0.0007,0.0,0.0
984,0,4,  0d 00:16:19.72,  0d 00:02:40.04,2.4836,4.0259,D,07/25/2025 10:37:07 AM,0.0000,-0.0008,0.0,0.0
985,0,4,  0d 00:16:20.72,  0d 00:02:41.04,2.4829,4.0259,D,07/25/2025 10:37:08 AM,0.0000,-0.0008,0.0,0.0
986,0,4,  0d 00:16:21.72,  0d 00:02:42.04,2.4848,4.0256,D,07/25/2025 10:37:09 AM,0.0000,-0.0008,0.0,0.0
987,0,4,  0d 00:16:22.72,  0d 00:02:43.04,2.4836,4.0253,D,07/25/2025 10:37:10 AM,0.0000,-0.0010,0.0,0.0
988,0,4,  0d 00:16:23.72,  0d 00:02:44.04,2.4848,4.0250,D,07/25/2025 10:37:12 AM,0.0000,-0.0007,0.0,0.0
989,0,4,  0d 00:16:24.72,  0d 00:02:45.04,2.4845,4.0247,D,07/25/2025 10:37:12 AM,0.0000,-0.0007,0.0,0.0
990,0,4,  0d 00:16:25.72,  0d 00:02:46.04,2.4845,4.0246,D,07/25/2025 10:37:13 AM,0.0000,-0.0008,0.0,0.0
991,0,4,  0d 00:16:26.72,  0d 00:02:47.04,2.4851,4.0243,D,07/25/2025 10:37:14 AM,0.0000,-0.0008,0.0,0.0
992,0,4,  0d 00:16:27.72,  0d 00:02:48.04,2.4854,4.0240,D,07/25/2025 10:37:15 AM,0.0000,-0.0007,0.0,0.0
993,0,4,  0d 00:16:28.72,  0d 00:02:49.04,2.4854,4.0238,D,07/25/2025 10:37:16 AM,0.0000,-0.0008,0.0,0.0
994,0,4,  0d 00:16:29.72,  0d 00:02:50.04,2.4851,4.0235,D,07/25/2025 10:37:17 AM,0.0000,-0.0008,0.0,0.0
995,0,4,  0d 00:16:30.72,  0d 00:02:51.04,2.4857,4.0233,D,07/25/2025 10:37:18 AM,0.0000,-0.0007,0.0,0.0
996,0,4,  0d 00:16:31.72,  0d 00:02:52.04,2.4851,4.0231,D,07/25/2025 10:37:19 AM,0.0000,-0.0008,0.0,0.0
997,0,4,  0d 00:16:32.72,  0d 00:02:53.04,2.4854,4.0228,D,07/25/2025 10:37:20 AM,0.0000,-0.0007,0.0,0.0
998,0,4,  0d 00:16:33.72,  0d 00:02:54.04,2.4857,4.0225,D,07/25/2025 10:37:22 AM,0.0000,-0.0008,0.0,0.0
999,0,4,  0d 00:16:34.72,  0d 00:02:55.04,2.4860,4.0221,D,07/25/2025 10:37:22 AM,0.0000,-0.0007,0.0,0.0
1000,0,4,  0d 00:16:35.72,  0d 00:02:56.04,2.4860,4.0222,D,07/25/2025 10:37:23 AM,0.0000,-0.0008,0.0,0.0
1001,0,4,  0d 00:16:36.72,  0d 00:02:57.04,2.4863,4.0218,D,07/25/2025 10:37:24 AM,0.0000,-0.0008,0.0,0.0
1002,0,4,  0d 00:16:37.72,  0d 00:02:58.04,2.4869,4.0215,D,07/25/2025 10:37:25 AM,0.0000,-0.0008,0.0,0.0
1003,0,4,  0d 00:16:38.72,  0d 00:02:59.04,2.4866,4.0215,D,07/25/2025 10:37:26 AM,0.0000,-0.0007,0.0,0.0
1004,0,4,  0d 00:16:39.72,  0d 00:03:00.04,2.4869,4.0213,D,07/25/2025 10:37:27 AM,0.0000,-0.0008,0.0,0.0
1005,0,4,  0d 00:16:40.72,  0d 00:03:01.04,2.4869,4.0211,D,07/25/2025 10:37:28 AM,0.0000,-0.0007,0.0,0.0
1006,0,4,  0d 00:16:41.72,  0d 00:03:02.04,2.4863,4.0208,D,07/25/2025 10:37:29 AM,0.0000,-0.0007,0.0,0.0
1007,0,4,  0d 00:16:42.72,  0d 00:03:03.04,2.4872,4.0205,D,07/25/2025 10:37:30 AM,0.0000,-0.0010,0.0,0.0
1008,0,4,  0d 00:16:43.72,  0d 00:03:04.04,2.4869,4.0202,D,07/25/2025 10:37:32 AM,0.0000,-0.0007,0.0,0.0
1009,0,4,  0d 00:16:44.72,  0d 00:03:05.04,2.4872,4.0200,D,07/25/2025 10:37:32 AM,0.0000,-0.0008,0.0,0.0
1010,0,4,  0d 00:16:45.72,  0d 00:03:06.04,2.4878,4.0198,D,07/25/2025 10:37:33 AM,0.0000,-0.0007,0.0,0.0
1011,0,4,  0d 00:16:46.72,  0d 00:03:07.04,2.4875,4.0195,D,07/25/2025 10:37:34 AM,0.0000,-0.0007,0.0,0.0
1012,0,4,  0d 00:16:47.72,  0d 00:03:08.04,2.4875,4.0195,D,07/25/2025 10:37:35 AM,0.0000,-0.0008,0.0,0.0
1013,0,4,  0d 00:16:48.72,  0d 00:03:09.04,2.4878,4.0192,D,07/25/2025 10:37:36 AM,0.0000,-0.0010,0.0,0.0
1014,0,4,  0d 00:16:49.72,  0d 00:03:10.04,2.4878,4.0189,D,07/25/2025 10:37:37 AM,0.0000,-0.0008,0.0,0.0
1015,0,4,  0d 00:16:50.72,  0d 00:03:11.04,2.4884,4.0187,D,07/25/2025 10:37:38 AM,0.0000,-0.0007,0.0,0.0
1016,0,4,  0d 00:16:51.72,  0d 00:03:12.04,2.4884,4.0185,D,07/25/2025 10:37:39 AM,0.0000,-0.0008,0.0,0.0
1017,0,4,  0d 00:16:52.72,  0d 00:03:13.04,2.4881,4.0183,D,07/25/2025 10:37:40 AM,0.0000,-0.0007,0.0,0.0
1018,0,4,  0d 00:16:53.72,  0d 00:03:14.04,2.4881,4.0181,D,07/25/2025 10:37:42 AM,0.0000,-0.0008,0.0,0.0
1019,0,4,  0d 00:16:54.72,  0d 00:03:15.04,2.4887,4.0179,D,07/25/2025 10:37:42 AM,0.0000,-0.0008,0.0,0.0
1020,0,4,  0d 00:16:55.72,  0d 00:03:16.04,2.4887,4.0177,D,07/25/2025 10:37:43 AM,0.0000,-0.0008,0.0,0.0
1021,0,4,  0d 00:16:56.72,  0d 00:03:17.04,2.4884,4.0175,D,07/25/2025 10:37:44 AM,0.0000,-0.0008,0.0,0.0
1022,0,4,  0d 00:16:57.72,  0d 00:03:18.04,2.4894,4.0172,D,07/25/2025 10:37:45 AM,0.0000,-0.0010,0.0,0.0
1023,0,4,  0d 00:16:58.72,  0d 00:03:19.04,2.4884,4.0172,D,07/25/2025 10:37:46 AM,0.0000,-0.0010,0.0,0.0
1024,0,4,  0d 00:16:59.72,  0d 00:03:20.04,2.4894,4.0169,D,07/25/2025 10:37:47 AM,0.0000,-0.0007,0.0,0.0
1025,0,4,  0d 00:17:00.72,  0d 00:03:21.04,2.4897,4.0166,D,07/25/2025 10:37:48 AM,0.0000,-0.0007,0.0,0.0
1026,0,4,  0d 00:17:01.72,  0d 00:03:22.04,2.4894,4.0164,D,07/25/2025 10:37:49 AM,0.0000,-0.0010,0.0,0.0
1027,0,4,  0d 00:17:02.72,  0d 00:03:23.04,2.4891,4.0163,D,07/25/2025 10:37:50 AM,0.0000,-0.0007,0.0,0.0
1028,0,4,  0d 00:17:03.72,  0d 00:03:24.04,2.4897,4.0162,D,07/25/2025 10:37:52 AM,0.0000,-0.0008,0.0,0.0
1029,0,4,  0d 00:17:04.72,  0d 00:03:25.04,2.4903,4.0158,D,07/25/2025 10:37:52 AM,0.0000,-0.0008,0.0,0.0
1030,0,4,  0d 00:17:05.72,  0d 00:03:26.04,2.4903,4.0157,D,07/25/2025 10:37:53 AM,0.0000,-0.0007,0.0,0.0
1031,0,4,  0d 00:17:06.72,  0d 00:03:27.04,2.4903,4.0155,D,07/25/2025 10:37:54 AM,0.0000,-0.0008,0.0,0.0
1032,0,4,  0d 00:17:07.72,  0d 00:03:28.04,2.4900,4.0154,D,07/25/2025 10:37:55 AM,0.0000,-0.0008,0.0,0.0
1033,0,4,  0d 00:17:08.72,  0d 00:03:29.04,2.4900,4.0153,D,07/25/2025 10:37:56 AM,0.0000,-0.0008,0.0,0.0
1034,0,4,  0d 00:17:09.72,  0d 00:03:30.04,2.4906,4.0150,D,07/25/2025 10:37:57 AM,0.0000,-0.0008,0.0,0.0
1035,0,4,  0d 00:17:10.72,  0d 00:03:31.04,2.4900,4.0147,D,07/25/2025 10:37:58 AM,0.0000,-0.0008,0.0,0.0
1036,0,4,  0d 00:17:11.72,  0d 00:03:32.04,2.4906,4.0145,D,07/25/2025 10:37:59 AM,0.0000,-0.0008,0.0,0.0
1037,0,4,  0d 00:17:12.72,  0d 00:03:33.04,2.4909,4.0143,D,07/25/2025 10:38:00 AM,0.0000,-0.0008,0.0,0.0
1038,0,4,  0d 00:17:13.72,  0d 00:03:34.04,2.4909,4.0141,D,07/25/2025 10:38:01 AM,0.0000,-0.0007,0.0,0.0
1039,0,4,  0d 00:17:14.72,  0d 00:03:35.04,2.4912,4.0141,D,07/25/2025 10:38:03 AM,0.0000,-0.0007,0.0,0.0
1040,0,4,  0d 00:17:15.72,  0d 00:03:36.04,2.4906,4.0137,D,07/25/2025 10:38:03 AM,0.0000,-0.0008,0.0,0.0
1041,0,4,  0d 00:17:16.72,  0d 00:03:37.04,2.4915,4.0136,D,07/25/2025 10:38:04 AM,0.0000,-0.0008,0.0,0.0
1042,0,4,  0d 00:17:17.72,  0d 00:03:38.04,2.4915,4.0134,D,07/25/2025 10:38:05 AM,0.0000,-0.0008,0.0,0.0
1043,0,4,  0d 00:17:18.72,  0d 00:03:39.04,2.4915,4.0133,D,07/25/2025 10:38:06 AM,0.0000,-0.0008,0.0,0.0
1044,0,4,  0d 00:17:19.72,  0d 00:03:40.04,2.4915,4.0130,D,07/25/2025 10:38:07 AM,0.0000,-0.0008,0.0,0.0
1045,0,4,  0d 00:17:20.72,  0d 00:03:41.04,2.4915,4.0130,D,07/25/2025 10:38:08 AM,0.0000,-0.0010,0.0,0.0
1046,0,4,  0d 00:17:21.72,  0d 00:03:42.04,2.4924,4.0127,D,07/25/2025 10:38:09 AM,0.0000,-0.0007,0.0,0.0
1047,0,4,  0d 00:17:22.72,  0d 00:03:43.04,2.4924,4.0126,D,07/25/2025 10:38:10 AM,0.0000,-0.0007,0.0,0.0
1048,0,4,  0d 00:17:23.72,  0d 00:03:44.04,2.4924,4.0124,D,07/25/2025 10:38:11 AM,0.0000,-0.0008,0.0,0.0
1049,0,4,  0d 00:17:24.72,  0d 00:03:45.04,2.4927,4.0121,D,07/25/2025 10:38:13 AM,0.0000,-0.0007,0.0,0.0
1050,0,4,  0d 00:17:25.72,  0d 00:03:46.04,2.4927,4.0121,D,07/25/2025 10:38:13 AM,0.0000,-0.0008,0.0,0.0
1051,0,4,  0d 00:17:26.72,  0d 00:03:47.04,2.4927,4.0119,D,07/25/2025 10:38:14 AM,0.0000,-0.0007,0.0,0.0
1052,0,4,  0d 00:17:27.72,  0d 00:03:48.04,2.4924,4.0117,D,07/25/2025 10:38:15 AM,0.0000,-0.0008,0.0,0.0
1053,0,4,  0d 00:17:28.72,  0d 00:03:49.04,2.4927,4.0114,D,07/25/2025 10:38:16 AM,0.0000,-0.0007,0.0,0.0
1054,0,4,  0d 00:17:29.72,  0d 00:03:50.04,2.4924,4.0113,D,07/25/2025 10:38:17 AM,0.0000,-0.0008,0.0,0.0
1055,0,4,  0d 00:17:30.72,  0d 00:03:51.04,2.4930,4.0111,D,07/25/2025 10:38:18 AM,0.0000,-0.0007,0.0,0.0
1056,0,4,  0d 00:17:31.72,  0d 00:03:52.04,2.4927,4.0110,D,07/25/2025 10:38:19 AM,0.0000,-0.0007,0.0,0.0
1057,0,4,  0d 00:17:32.72,  0d 00:03:53.04,2.4933,4.0108,D,07/25/2025 10:38:20 AM,0.0000,-0.0007,0.0,0.0
1058,0,4,  0d 00:17:33.72,  0d 00:03:54.04,2.4930,4.0108,D,07/25/2025 10:38:21 AM,0.0000,-0.0007,0.0,0.0
1059,0,4,  0d 00:17:34.72,  0d 00:03:55.04,2.4927,4.0105,D,07/25/2025 10:38:23 AM,0.0000,-0.0008,0.0,0.0
1060,0,4,  0d 00:17:35.72,  0d 00:03:56.04,2.4933,4.0103,D,07/25/2025 10:38:23 AM,0.0000,-0.0007,0.0,0.0
1061,0,4,  0d 00:17:36.72,  0d 00:03:57.04,2.4936,4.0101,D,07/25/2025 10:38:24 AM,0.0000,-0.0005,0.0,0.0
1062,0,4,  0d 00:17:37.72,  0d 00:03:58.04,2.4936,4.0098,D,07/25/2025 10:38:25 AM,0.0000,-0.0007,0.0,0.0
1063,0,4,  0d 00:17:38.72,  0d 00:03:59.04,2.4942,4.0098,D,07/25/2025 10:38:26 AM,0.0000,-0.0008,0.0,0.0
1064,0,4,  0d 00:17:39.72,  0d 00:04:00.04,2.4942,4.0097,D,07/25/2025 10:38:27 AM,0.0000,-0.0010,0.0,0.0
1065,0,4,  0d 00:17:40.72,  0d 00:04:01.04,2.4939,4.0095,D,07/25/2025 10:38:28 AM,0.0000,-0.0007,0.0,0.0
1066,0,4,  0d 00:17:41.72,  0d 00:04:02.04,2.4933,4.0094,D,07/25/2025 10:38:29 AM,0.0000,-0.0008,0.0,0.0
1067,0,4,  0d 00:17:42.72,  0d 00:04:03.04,2.4936,4.0093,D,07/25/2025 10:38:30 AM,0.0000,-0.0007,0.0,0.0
1068,0,4,  0d 00:17:43.72,  0d 00:04:04.04,2.4945,4.0089,D,07/25/2025 10:38:31 AM,0.0000,-0.0007,0.0,0.0
1069,0,4,  0d 00:17:44.72,  0d 00:04:05.04,2.4939,4.0089,D,07/25/2025 10:38:33 AM,0.0000,-0.0007,0.0,0.0
1070,0,4,  0d 00:17:45.72,  0d 00:04:06.04,2.4945,4.0087,D,07/25/2025 10:38:33 AM,0.0000,-0.0008,0.0,0.0
1071,0,4,  0d 00:17:46.72,  0d 00:04:07.04,2.4942,4.0085,D,07/25/2025 10:38:34 AM,0.0000,-0.0008,0.0,0.0
1072,0,4,  0d 00:17:47.72,  0d 00:04:08.04,2.4942,4.0083,D,07/25/2025 10:38:35 AM,0.0000,-0.0007,0.0,0.0
1073,0,4,  0d 00:17:48.72,  0d 00:04:09.04,2.4952,4.0082,D,07/25/2025 10:38:36 AM,0.0000,-0.0007,0.0,0.0
1074,0,4,  0d 00:17:49.72,  0d 00:04:10.04,2.4949,4.0082,D,07/25/2025 10:38:37 AM,0.0000,-0.0008,0.0,0.0
1075,0,4,  0d 00:17:50.72,  0d 00:04:11.04,2.4945,4.0079,D,07/25/2025 10:38:38 AM,0.0000,-0.0008,0.0,0.0
1076,0,4,  0d 00:17:51.72,  0d 00:04:12.04,2.4949,4.0076,D,07/25/2025 10:38:39 AM,0.0000,-0.0008,0.0,0.0
1077,0,4,  0d 00:17:52.72,  0d 00:04:13.04,2.4952,4.0074,D,07/25/2025 10:38:40 AM,0.0000,-0.0008,0.0,0.0
1078,0,4,  0d 00:17:53.72,  0d 00:04:14.04,2.4955,4.0073,D,07/25/2025 10:38:41 AM,0.0000,-0.0008,0.0,0.0
1079,0,4,  0d 00:17:54.72,  0d 00:04:15.04,2.4949,4.0072,D,07/25/2025 10:38:43 AM,0.0000,-0.0008,0.0,0.0
1080,0,4,  0d 00:17:55.72,  0d 00:04:16.04,2.4958,4.0069,D,07/25/2025 10:38:43 AM,0.0000,-0.0008,0.0,0.0
1081,0,4,  0d 00:17:56.72,  0d 00:04:17.04,2.4958,4.0069,D,07/25/2025 10:38:44 AM,0.0000,-0.0010,0.0,0.0
1082,0,4,  0d 00:17:57.72,  0d 00:04:18.04,2.4955,4.0067,D,07/25/2025 10:38:45 AM,0.0000,-0.0007,0.0,0.0
1083,0,4,  0d 00:17:58.72,  0d 00:04:19.04,2.4958,4.0066,D,07/25/2025 10:38:46 AM,0.0000,-0.0008,0.0,0.0
1084,0,4,  0d 00:17:59.72,  0d 00:04:20.04,2.4961,4.0066,D,07/25/2025 10:38:47 AM,0.0000,-0.0008,0.0,0.0
1085,0,4,  0d 00:18:00.72,  0d 00:04:21.04,2.4958,4.0063,D,07/25/2025 10:38:48 AM,0.0000,-0.0007,0.0,0.0
1086,0,4,  0d 00:18:01.72,  0d 00:04:22.04,2.4955,4.0062,D,07/25/2025 10:38:49 AM,0.0000,-0.0008,0.0,0.0
1087,0,4,  0d 00:18:02.72,  0d 00:04:23.04,2.4964,4.0060,D,07/25/2025 10:38:50 AM,0.0000,-0.0008,0.0,0.0
1088,0,4,  0d 00:18:03.72,  0d 00:04:24.04,2.4961,4.0059,D,07/25/2025 10:38:51 AM,0.0000,-0.0007,0.0,0.0
1089,0,4,  0d 00:18:04.72,  0d 00:04:25.04,2.4967,4.0057,D,07/25/2025 10:38:53 AM,0.0000,-0.0007,0.0,0.0
1090,0,4,  0d 00:18:05.72,  0d 00:04:26.04,2.4964,4.0057,D,07/25/2025 10:38:53 AM,0.0000,-0.0008,0.0,0.0
1091,0,4,  0d 00:18:06.72,  0d 00:04:27.04,2.4958,4.0055,D,07/25/2025 10:38:54 AM,0.0000,-0.0008,0.0,0.0
1092,0,4,  0d 00:18:07.72,  0d 00:04:28.04,2.4967,4.0052,D,07/25/2025 10:38:55 AM,0.0000,-0.0008,0.0,0.0
1093,0,4,  0d 00:18:08.72,  0d 00:04:29.04,2.4964,4.0051,D,07/25/2025 10:38:56 AM,0.0000,-0.0005,0.0,0.0
1094,0,4,  0d 00:18:09.72,  0d 00:04:30.04,2.4967,4.0050,D,07/25/2025 10:38:57 AM,0.0000,-0.0007,0.0,0.0
1095,0,4,  0d 00:18:10.72,  0d 00:04:31.04,2.4964,4.0050,D,07/25/2025 10:38:58 AM,0.0000,-0.0007,0.0,0.0
1096,0,4,  0d 00:18:11.72,  0d 00:04:32.04,2.4970,4.0047,D,07/25/2025 10:38:59 AM,0.0000,-0.0008,0.0,0.0
1097,0,4,  0d 00:18:12.72,  0d 00:04:33.04,2.4973,4.0046,D,07/25/2025 10:39:00 AM,0.0000,-0.0007,0.0,0.0
1098,0,4,  0d 00:18:13.72,  0d 00:04:34.04,2.4964,4.0043,D,07/25/2025 10:39:01 AM,0.0000,-0.0008,0.0,0.0
1099,0,4,  0d 00:18:14.72,  0d 00:04:35.04,2.4970,4.0042,D,07/25/2025 10:39:03 AM,0.0000,-0.0008,0.0,0.0
1100,0,4,  0d 00:18:15.72,  0d 00:04:36.04,2.4976,4.0040,D,07/25/2025 10:39:04 AM,0.0000,-0.0007,0.0,0.0
1101,0,4,  0d 00:18:16.72,  0d 00:04:37.04,2.4976,4.0039,D,07/25/2025 10:39:04 AM,0.0000,-0.0008,0.0,0.0
1102,0,4,  0d 00:18:17.72,  0d 00:04:38.04,2.4982,4.0037,D,07/25/2025 10:39:05 AM,0.0000,-0.0007,0.0,0.0
1103,0,4,  0d 00:18:18.72,  0d 00:04:39.04,2.4973,4.0036,D,07/25/2025 10:39:06 AM,0.0000,-0.0007,0.0,0.0
1104,0,4,  0d 00:18:19.72,  0d 00:04:40.04,2.4979,4.0035,D,07/25/2025 10:39:07 AM,0.0000,-0.0008,0.0,0.0
1105,0,4,  0d 00:18:20.72,  0d 00:04:41.04,2.4976,4.0033,D,07/25/2025 10:39:08 AM,0.0000,-0.0007,0.0,0.0
1106,0,4,  0d 00:18:21.72,  0d 00:04:42.04,2.4979,4.0033,D,07/25/2025 10:39:09 AM,0.0000,-0.0005,0.0,0.0
1107,0,4,  0d 00:18:22.72,  0d 00:04:43.04,2.4982,4.0031,D,07/25/2025 10:39:10 AM,0.0000,-0.0007,0.0,0.0
1108,0,4,  0d 00:18:23.72,  0d 00:04:44.04,2.4979,4.0028,D,07/25/2025 10:39:11 AM,0.0000,-0.0007,0.0,0.0
1109,0,4,  0d 00:18:24.72,  0d 00:04:45.04,2.4979,4.0027,D,07/25/2025 10:39:12 AM,0.0000,-0.0010,0.0,0.0
1110,0,4,  0d 00:18:25.72,  0d 00:04:46.04,2.4982,4.0026,D,07/25/2025 10:39:14 AM,0.0000,-0.0010,0.0,0.0
1111,0,4,  0d 00:18:26.72,  0d 00:04:47.04,2.4988,4.0024,D,07/25/2025 10:39:14 AM,0.0000,-0.0007,0.0,0.0
1112,0,4,  0d 00:18:27.72,  0d 00:04:48.04,2.4982,4.0024,D,07/25/2025 10:39:15 AM,0.0000,-0.0005,0.0,0.0
1113,0,4,  0d 00:18:28.72,  0d 00:04:49.04,2.4991,4.0022,D,07/25/2025 10:39:16 AM,0.0000,-0.0007,0.0,0.0
1114,0,4,  0d 00:18:29.72,  0d 00:04:50.04,2.4979,4.0021,D,07/25/2025 10:39:17 AM,0.0000,-0.0007,0.0,0.0
1115,0,4,  0d 00:18:30.72,  0d 00:04:51.04,2.4991,4.0019,D,07/25/2025 10:39:18 AM,0.0000,-0.0008,0.0,0.0
1116,0,4,  0d 00:18:31.72,  0d 00:04:52.04,2.4988,4.0018,D,07/25/2025 10:39:19 AM,0.0000,-0.0005,0.0,0.0
1117,0,4,  0d 00:18:32.72,  0d 00:04:53.04,2.4982,4.0018,D,07/25/2025 10:39:20 AM,0.0000,-0.0007,0.0,0.0
1118,0,4,  0d 00:18:33.72,  0d 00:04:54.04,2.4988,4.0016,D,07/25/2025 10:39:21 AM,0.0000,-0.0007,0.0,0.0
1119,0,4,  0d 00:18:34.72,  0d 00:04:55.04,2.4994,4.0014,D,07/25/2025 10:39:22 AM,0.0000,-0.0008,0.0,0.0
1120,0,4,  0d 00:18:35.72,  0d 00:04:56.04,2.4991,4.0013,D,07/25/2025 10:39:24 AM,0.0000,-0.0007,0.0,0.0
1121,0,4,  0d 00:18:36.72,  0d 00:04:57.04,2.4994,4.0011,D,07/25/2025 10:39:24 AM,0.0000,-0.0007,0.0,0.0
1122,0,4,  0d 00:18:37.72,  0d 00:04:58.04,2.4991,4.0008,D,07/25/2025 10:39:25 AM,0.0000,-0.0008,0.0,0.0
1123,0,4,  0d 00:18:38.72,  0d 00:04:59.04,2.4994,4.0007,D,07/25/2025 10:39:26 AM,0.0000,-0.0008,0.0,0.0
1124,0,4,  0d 00:18:39.72,  0d 00:05:00.04,2.4988,4.0007,D,07/25/2025 10:39:27 AM,0.0000,-0.0008,0.0,0.0
1125,0,4,  0d 00:18:40.72,  0d 00:05:01.04,2.4997,4.0005,D,07/25/2025 10:39:28 AM,0.0000,-0.0008,0.0,0.0
1126,0,4,  0d 00:18:41.72,  0d 00:05:02.04,2.4997,4.0002,D,07/25/2025 10:39:29 AM,0.0000,-0.0007,0.0,0.0
1127,0,4,  0d 00:18:42.72,  0d 00:05:03.04,2.5000,4.0002,D,07/25/2025 10:39:30 AM,0.0000,-0.0007,0.0,0.0
1128,0,4,  0d 00:18:43.72,  0d 00:05:04.04,2.5000,4.0000,D,07/25/2025 10:39:31 AM,0.0000,-0.0008,0.0,0.0
1129,0,4,  0d 00:18:44.72,  0d 00:05:05.04,2.4991,3.9998,D,07/25/2025 10:39:32 AM,0.0000,-0.0008,0.0,0.0
1130,0,4,  0d 00:18:45.72,  0d 00:05:06.04,2.5000,3.9998,D,07/25/2025 10:39:34 AM,0.0000,-0.0007,0.0,0.0
1131,0,4,  0d 00:18:46.72,  0d 00:05:07.04,2.4997,3.9998,D,07/25/2025 10:39:34 AM,0.0000,-0.0010,0.0,0.0
1132,0,4,  0d 00:18:47.72,  0d 00:05:08.04,2.5000,3.9994,D,07/25/2025 10:39:35 AM,0.0000,-0.0008,0.0,0.0
1133,0,4,  0d 00:18:48.72,  0d 00:05:09.04,2.5000,3.9995,D,07/25/2025 10:39:36 AM,0.0000,-0.0007,0.0,0.0
1134,0,4,  0d 00:18:49.72,  0d 00:05:10.04,2.5003,3.9992,D,07/25/2025 10:39:37 AM,0.0000,-0.0010,0.0,0.0
1135,0,4,  0d 00:18:50.72,  0d 00:05:11.04,2.5003,3.9991,D,07/25/2025 10:39:38 AM,0.0000,-0.0007,0.0,0.0
1136,0,4,  0d 00:18:51.72,  0d 00:05:12.04,2.5006,3.9989,D,07/25/2025 10:39:39 AM,0.0000,-0.0008,0.0,0.0
1137,0,4,  0d 00:18:52.72,  0d 00:05:13.04,2.5006,3.9989,D,07/25/2025 10:39:40 AM,0.0000,-0.0005,0.0,0.0
1138,0,4,  0d 00:18:53.72,  0d 00:05:14.04,2.5003,3.9987,D,07/25/2025 10:39:41 AM,0.0000,-0.0008,0.0,0.0
1139,0,4,  0d 00:18:54.72,  0d 00:05:15.04,2.5010,3.9985,D,07/25/2025 10:39:42 AM,0.0000,-0.0007,0.0,0.0
1140,0,4,  0d 00:18:55.72,  0d 00:05:16.04,2.5006,3.9983,D,07/25/2025 10:39:44 AM,0.0000,-0.0008,0.0,0.0
1141,0,4,  0d 00:18:56.72,  0d 00:05:17.04,2.5013,3.9984,D,07/25/2025 10:39:44 AM,0.0000,-0.0010,0.0,0.0
1142,0,4,  0d 00:18:57.72,  0d 00:05:18.04,2.5006,3.9982,D,07/25/2025 10:39:45 AM,0.0000,-0.0008,0.0,0.0
1143,0,4,  0d 00:18:58.72,  0d 00:05:19.04,2.5013,3.9981,D,07/25/2025 10:39:46 AM,0.0000,-0.0007,0.0,0.0
1144,0,4,  0d 00:18:59.72,  0d 00:05:20.04,2.5006,3.9979,D,07/25/2025 10:39:47 AM,0.0000,-0.0010,0.0,0.0
1145,0,4,  0d 00:19:00.72,  0d 00:05:21.04,2.5019,3.9976,D,07/25/2025 10:39:48 AM,0.0000,-0.0008,0.0,0.0
1146,0,4,  0d 00:19:01.72,  0d 00:05:22.04,2.5010,3.9976,D,07/25/2025 10:39:49 AM,0.0000,-0.0008,0.0,0.0
1147,0,4,  0d 00:19:02.72,  0d 00:05:23.04,2.5013,3.9974,D,07/25/2025 10:39:50 AM,0.0000,-0.0008,0.0,0.0
1148,0,4,  0d 00:19:03.72,  0d 00:05:24.04,2.5016,3.9972,D,07/25/2025 10:39:51 AM,0.0000,-0.0008,0.0,0.0
1149,0,4,  0d 00:19:04.72,  0d 00:05:25.04,2.5016,3.9973,D,07/25/2025 10:39:52 AM,0.0000,-0.0007,0.0,0.0
1150,0,4,  0d 00:19:05.72,  0d 00:05:26.04,2.5016,3.9969,D,07/25/2025 10:39:54 AM,0.0000,-0.0008,0.0,0.0
1151,0,4,  0d 00:19:06.72,  0d 00:05:27.04,2.5016,3.9969,D,07/25/2025 10:39:54 AM,0.0000,-0.0005,0.0,0.0
1152,0,4,  0d 00:19:07.72,  0d 00:05:28.04,2.5025,3.9968,D,07/25/2025 10:39:55 AM,0.0000,-0.0008,0.0,0.0
1153,0,4,  0d 00:19:08.72,  0d 00:05:29.04,2.5025,3.9965,D,07/25/2025 10:39:56 AM,0.0000,-0.0007,0.0,0.0
1154,0,4,  0d 00:19:09.72,  0d 00:05:30.04,2.5022,3.9966,D,07/25/2025 10:39:57 AM,0.0000,-0.0007,0.0,0.0
1155,0,4,  0d 00:19:10.72,  0d 00:05:31.04,2.5016,3.9964,D,07/25/2025 10:39:58 AM,0.0000,-0.0007,0.0,0.0
1156,0,4,  0d 00:19:11.72,  0d 00:05:32.04,2.5022,3.9963,D,07/25/2025 10:39:59 AM,0.0000,-0.0008,0.0,0.0
1157,0,4,  0d 00:19:12.72,  0d 00:05:33.04,2.5022,3.9962,D,07/25/2025 10:40:00 AM,0.0000,-0.0008,0.0,0.0
1158,0,4,  0d 00:19:13.72,  0d 00:05:34.04,2.5022,3.9960,D,07/25/2025 10:40:01 AM,0.0000,-0.0008,0.0,0.0
1159,0,4,  0d 00:19:14.72,  0d 00:05:35.04,2.5028,3.9959,D,07/25/2025 10:40:02 AM,0.0000,-0.0007,0.0,0.0
1160,0,4,  0d 00:19:15.72,  0d 00:05:36.04,2.5028,3.9957,D,07/25/2025 10:40:04 AM,0.0000,-0.0008,0.0,0.0
1161,0,4,  0d 00:19:16.72,  0d 00:05:37.04,2.5028,3.9956,D,07/25/2025 10:40:04 AM,0.0000,-0.0010,0.0,0.0
1162,0,4,  0d 00:19:17.72,  0d 00:05:38.04,2.5025,3.9953,D,07/25/2025 10:40:05 AM,0.0000,-0.0008,0.0,0.0
1163,0,4,  0d 00:19:18.72,  0d 00:05:39.04,2.5025,3.9953,D,07/25/2025 10:40:06 AM,0.0000,-0.0008,0.0,0.0
1164,0,4,  0d 00:19:19.72,  0d 00:05:40.04,2.5025,3.9952,D,07/25/2025 10:40:07 AM,0.0000,-0.0007,0.0,0.0
1165,0,4,  0d 00:19:20.72,  0d 00:05:41.04,2.5028,3.9950,D,07/25/2025 10:40:08 AM,0.0000,-0.0007,0.0,0.0
1166,0,4,  0d 00:19:21.72,  0d 00:05:42.04,2.5028,3.9950,D,07/25/2025 10:40:09 AM,0.0000,-0.0008,0.0,0.0
1167,0,4,  0d 00:19:22.72,  0d 00:05:43.04,2.5028,3.9947,D,07/25/2025 10:40:10 AM,0.0000,-0.0008,0.0,0.0
1168,0,4,  0d 00:19:23.72,  0d 00:05:44.04,2.5031,3.9946,D,07/25/2025 10:40:11 AM,0.0000,-0.0008,0.0,0.0
1169,0,4,  0d 00:19:24.72,  0d 00:05:45.04,2.5034,3.9944,D,07/25/2025 10:40:12 AM,0.0000,-0.0008,0.0,0.0
1170,0,4,  0d 00:19:25.72,  0d 00:05:46.04,2.5034,3.9944,D,07/25/2025 10:40:14 AM,0.0000,-0.0007,0.0,0.0
1171,0,4,  0d 00:19:26.72,  0d 00:05:47.04,2.5034,3.9940,D,07/25/2025 10:40:14 AM,0.0000,-0.0008,0.0,0.0
1172,0,4,  0d 00:19:27.72,  0d 00:05:48.04,2.5037,3.9940,D,07/25/2025 10:40:15 AM,0.0000,-0.0010,0.0,0.0
1173,0,4,  0d 00:19:28.72,  0d 00:05:49.04,2.5034,3.9938,D,07/25/2025 10:40:16 AM,0.0000,-0.0007,0.0,0.0
1174,0,4,  0d 00:19:29.72,  0d 00:05:50.04,2.5040,3.9937,D,07/25/2025 10:40:17 AM,0.0000,-0.0008,0.0,0.0
1175,0,4,  0d 00:19:30.72,  0d 00:05:51.04,2.5043,3.9937,D,07/25/2025 10:40:18 AM,0.0000,-0.0008,0.0,0.0
1176,0,4,  0d 00:19:31.72,  0d 00:05:52.04,2.5040,3.9935,D,07/25/2025 10:40:19 AM,0.0000,-0.0007,0.0,0.0
1177,0,4,  0d 00:19:32.72,  0d 00:05:53.04,2.5046,3.9933,D,07/25/2025 10:40:20 AM,0.0000,-0.0008,0.0,0.0
1178,0,4,  0d 00:19:33.72,  0d 00:05:54.04,2.5043,3.9932,D,07/25/2025 10:40:21 AM,0.0000,-0.0007,0.0,0.0
1179,0,4,  0d 00:19:34.72,  0d 00:05:55.04,2.5040,3.9931,D,07/25/2025 10:40:22 AM,0.0000,-0.0010,0.0,0.0
1180,0,4,  0d 00:19:35.72,  0d 00:05:56.04,2.5040,3.9931,D,07/25/2025 10:40:23 AM,0.0000,-0.0007,0.0,0.0
1181,0,4,  0d 00:19:36.72,  0d 00:05:57.04,2.5043,3.9928,D,07/25/2025 10:40:25 AM,0.0000,-0.0007,0.0,0.0
1182,0,4,  0d 00:19:37.72,  0d 00:05:58.04,2.5040,3.9927,D,07/25/2025 10:40:25 AM,0.0000,-0.0008,0.0,0.0
1183,0,4,  0d 00:19:38.72,  0d 00:05:59.04,2.5043,3.9925,D,07/25/2025 10:40:26 AM,0.0000,-0.0007,0.0,0.0
1184,0,4,  0d 00:19:39.72,  0d 00:06:00.04,2.5046,3.9924,D,07/25/2025 10:40:27 AM,0.0000,-0.0008,0.0,0.0
1185,0,4,  0d 00:19:40.72,  0d 00:06:01.04,2.5046,3.9922,D,07/25/2025 10:40:28 AM,0.0000,-0.0007,0.0,0.0
1186,0,4,  0d 00:19:41.72,  0d 00:06:02.04,2.5046,3.9922,D,07/25/2025 10:40:29 AM,0.0000,-0.0007,0.0,0.0
1187,0,4,  0d 00:19:42.72,  0d 00:06:03.04,2.5049,3.9920,D,07/25/2025 10:40:30 AM,0.0000,-0.0007,0.0,0.0
1188,0,4,  0d 00:19:43.72,  0d 00:06:04.04,2.5049,3.9919,D,07/25/2025 10:40:31 AM,0.0000,-0.0007,0.0,0.0
1189,0,4,  0d 00:19:44.72,  0d 00:06:05.04,2.5052,3.9918,D,07/25/2025 10:40:32 AM,0.0000,-0.0007,0.0,0.0
1190,0,4,  0d 00:19:45.72,  0d 00:06:06.04,2.5052,3.9916,D,07/25/2025 10:40:33 AM,0.0000,-0.0008,0.0,0.0
1191,0,4,  0d 00:19:46.72,  0d 00:06:07.04,2.5052,3.9914,D,07/25/2025 10:40:35 AM,0.0000,-0.0008,0.0,0.0
1192,0,4,  0d 00:19:47.72,  0d 00:06:08.04,2.5052,3.9913,D,07/25/2025 10:40:35 AM,0.0000,-0.0008,0.0,0.0
1193,0,4,  0d 00:19:48.72,  0d 00:06:09.04,2.5055,3.9911,D,07/25/2025 10:40:36 AM,0.0000,-0.0008,0.0,0.0
1194,0,4,  0d 00:19:49.72,  0d 00:06:10.04,2.5055,3.9910,D,07/25/2025 10:40:37 AM,0.0000,-0.0008,0.0,0.0
1195,0,4,  0d 00:19:50.72,  0d 00:06:11.04,2.5052,3.9909,D,07/25/2025 10:40:38 AM,0.0000,-0.0008,0.0,0.0
1196,0,4,  0d 00:19:51.72,  0d 00:06:12.04,2.5058,3.9908,D,07/25/2025 10:40:39 AM,0.0000,-0.0008,0.0,0.0
1197,0,4,  0d 00:19:52.72,  0d 00:06:13.04,2.5055,3.9906,D,07/25/2025 10:40:40 AM,0.0000,-0.0008,0.0,0.0
1198,0,4,  0d 00:19:53.72,  0d 00:06:14.04,2.5058,3.9906,D,07/25/2025 10:40:41 AM,0.0000,-0.0007,0.0,0.0
1199,0,4,  0d 00:19:54.72,  0d 00:06:15.04,2.5061,3.9903,D,07/25/2025 10:40:42 AM,0.0000,-0.0008,0.0,0.0
1200,0,4,  0d 00:19:55.72,  0d 00:06:16.04,2.5055,3.9902,D,07/25/2025 10:40:43 AM,0.0000,-0.0008,0.0,0.0
1201,0,4,  0d 00:19:56.72,  0d 00:06:17.04,2.5064,3.9900,D,07/25/2025 10:40:45 AM,0.0000,-0.0008,0.0,0.0
1202,0,4,  0d 00:19:57.72,  0d 00:06:18.04,2.5061,3.9900,D,07/25/2025 10:40:45 AM,0.0000,-0.0008,0.0,0.0
1203,0,4,  0d 00:19:58.72,  0d 00:06:19.04,2.5058,3.9898,D,07/25/2025 10:40:46 AM,0.0000,-0.0008,0.0,0.0
1204,0,4,  0d 00:19:59.72,  0d 00:06:20.04,2.5061,3.9895,D,07/25/2025 10:40:47 AM,0.0000,-0.0007,0.0,0.0
1205,0,4,  0d 00:20:00.72,  0d 00:06:21.04,2.5061,3.9896,D,07/25/2025 10:40:48 AM,0.0000,-0.0010,0.0,0.0
1206,0,4,  0d 00:20:01.72,  0d 00:06:22.04,2.5061,3.9895,D,07/25/2025 10:40:49 AM,0.0000,-0.0008,0.0,0.0
1207,0,4,  0d 00:20:02.72,  0d 00:06:23.04,2.5064,3.9892,D,07/25/2025 10:40:50 AM,0.0000,-0.0007,0.0,0.0
1208,0,4,  0d 00:20:03.72,  0d 00:06:24.04,2.5064,3.9892,D,07/25/2025 10:40:51 AM,0.0000,-0.0005,0.0,0.0
1209,0,4,  0d 00:20:04.72,  0d 00:06:25.04,2.5064,3.9890,D,07/25/2025 10:40:52 AM,0.0000,-0.0007,0.0,0.0
1210,0,4,  0d 00:20:05.72,  0d 00:06:26.04,2.5071,3.9887,D,07/25/2025 10:40:53 AM,0.0000,-0.0007,0.0,0.0
1211,0,4,  0d 00:20:06.72,  0d 00:06:27.04,2.5068,3.9888,D,07/25/2025 10:40:55 AM,0.0000,-0.0008,0.0,0.0
1212,0,4,  0d 00:20:07.72,  0d 00:06:28.04,2.5074,3.9886,D,07/25/2025 10:40:55 AM,0.0000,-0.0008,0.0,0.0
1213,0,4,  0d 00:20:08.72,  0d 00:06:29.04,2.5068,3.9884,D,07/25/2025 10:40:56 AM,0.0000,-0.0007,0.0,0.0
1214,0,4,  0d 00:20:09.72,  0d 00:06:30.04,2.5071,3.9884,D,07/25/2025 10:40:57 AM,0.0000,-0.0007,0.0,0.0
1215,0,4,  0d 00:20:10.72,  0d 00:06:31.04,2.5077,3.9882,D,07/25/2025 10:40:58 AM,0.0000,-0.0007,0.0,0.0
1216,0,4,  0d 00:20:11.72,  0d 00:06:32.04,2.5068,3.9882,D,07/25/2025 10:40:59 AM,0.0000,-0.0010,0.0,0.0
1217,0,4,  0d 00:20:12.72,  0d 00:06:33.04,2.5077,3.9879,D,07/25/2025 10:41:00 AM,0.0000,-0.0010,0.0,0.0
1218,0,4,  0d 00:20:13.72,  0d 00:06:34.04,2.5077,3.9879,D,07/25/2025 10:41:01 AM,0.0000,-0.0007,0.0,0.0
1219,0,4,  0d 00:20:14.72,  0d 00:06:35.04,2.5077,3.9876,D,07/25/2025 10:41:02 AM,0.0000,-0.0007,0.0,0.0
1220,0,4,  0d 00:20:15.72,  0d 00:06:36.04,2.5074,3.9875,D,07/25/2025 10:41:03 AM,0.0000,-0.0007,0.0,0.0
1221,0,4,  0d 00:20:16.72,  0d 00:06:37.04,2.5083,3.9873,D,07/25/2025 10:41:05 AM,0.0000,-0.0008,0.0,0.0
1222,0,4,  0d 00:20:17.72,  0d 00:06:38.04,2.5077,3.9872,D,07/25/2025 10:41:05 AM,0.0000,-0.0007,0.0,0.0
1223,0,4,  0d 00:20:18.72,  0d 00:06:39.04,2.5077,3.9870,D,07/25/2025 10:41:06 AM,0.0000,-0.0008,0.0,0.0
1224,0,4,  0d 00:20:19.72,  0d 00:06:40.04,2.5083,3.9870,D,07/25/2025 10:41:07 AM,0.0000,-0.0008,0.0,0.0
1225,0,4,  0d 00:20:20.72,  0d 00:06:41.04,2.5077,3.9867,D,07/25/2025 10:41:08 AM,0.0000,-0.0008,0.0,0.0
1226,0,4,  0d 00:20:21.72,  0d 00:06:42.04,2.5080,3.9866,D,07/25/2025 10:41:09 AM,0.0000,-0.0008,0.0,0.0
1227,0,4,  0d 00:20:22.72,  0d 00:06:43.04,2.5086,3.9865,D,07/25/2025 10:41:10 AM,0.0000,-0.0008,0.0,0.0
1228,0,4,  0d 00:20:23.72,  0d 00:06:44.04,2.5083,3.9865,D,07/25/2025 10:41:11 AM,0.0000,-0.0008,0.0,0.0
1229,0,4,  0d 00:20:24.72,  0d 00:06:45.04,2.5083,3.9863,D,07/25/2025 10:41:12 AM,0.0000,-0.0007,0.0,0.0
1230,0,4,  0d 00:20:25.72,  0d 00:06:46.04,2.5083,3.9862,D,07/25/2025 10:41:13 AM,0.0000,-0.0007,0.0,0.0
1231,0,4,  0d 00:20:26.72,  0d 00:06:47.04,2.5083,3.9861,D,07/25/2025 10:41:15 AM,0.0000,-0.0007,0.0,0.0
1232,0,4,  0d 00:20:27.72,  0d 00:06:48.04,2.5089,3.9859,D,07/25/2025 10:41:15 AM,0.0000,-0.0007,0.0,0.0
1233,0,4,  0d 00:20:28.72,  0d 00:06:49.04,2.5095,3.9857,D,07/25/2025 10:41:16 AM,0.0000,-0.0007,0.0,0.0
1234,0,4,  0d 00:20:29.72,  0d 00:06:50.04,2.5086,3.9856,D,07/25/2025 10:41:17 AM,0.0000,-0.0008,0.0,0.0
1235,0,4,  0d 00:20:30.72,  0d 00:06:51.04,2.5086,3.9856,D,07/25/2025 10:41:18 AM,0.0000,-0.0008,0.0,0.0
1236,0,4,  0d 00:20:31.72,  0d 00:06:52.04,2.5089,3.9852,D,07/25/2025 10:41:19 AM,0.0000,-0.0007,0.0,0.0
1237,0,4,  0d 00:20:32.72,  0d 00:06:53.04,2.5092,3.9853,D,07/25/2025 10:41:20 AM,0.0000,-0.0007,0.0,0.0
1238,0,4,  0d 00:20:33.72,  0d 00:06:54.04,2.5092,3.9850,D,07/25/2025 10:41:21 AM,0.0000,-0.0007,0.0,0.0
1239,0,4,  0d 00:20:34.72,  0d 00:06:55.04,2.5095,3.9849,D,07/25/2025 10:41:22 AM,0.0000,-0.0008,0.0,0.0
1240,0,4,  0d 00:20:35.72,  0d 00:06:56.04,2.5092,3.9847,D,07/25/2025 10:41:23 AM,0.0000,-0.0007,0.0,0.0
1241,0,4,  0d 00:20:36.72,  0d 00:06:57.04,2.5095,3.9847,D,07/25/2025 10:41:25 AM,0.0000,-0.0008,0.0,0.0
1242,0,4,  0d 00:20:37.72,  0d 00:06:58.04,2.5095,3.9845,D,07/25/2025 10:41:25 AM,0.0000,-0.0010,0.0,0.0
1243,0,4,  0d 00:20:38.72,  0d 00:06:59.04,2.5095,3.9844,D,07/25/2025 10:41:27 AM,0.0000,-0.0008,0.0,0.0
1244,0,4,  0d 00:20:39.72,  0d 00:07:00.04,2.5098,3.9843,D,07/25/2025 10:41:27 AM,0.0000,-0.0007,0.0,0.0
1245,0,4,  0d 00:20:40.72,  0d 00:07:01.04,2.5101,3.9841,D,07/25/2025 10:41:28 AM,0.0000,-0.0008,0.0,0.0
1246,0,4,  0d 00:20:41.72,  0d 00:07:02.04,2.5098,3.9840,D,07/25/2025 10:41:29 AM,0.0000,-0.0007,0.0,0.0
1247,0,4,  0d 00:20:42.72,  0d 00:07:03.04,2.5101,3.9837,D,07/25/2025 10:41:30 AM,0.0000,-0.0007,0.0,0.0
1248,0,4,  0d 00:20:43.72,  0d 00:07:04.04,2.5101,3.9837,D,07/25/2025 10:41:31 AM,0.0000,-0.0007,0.0,0.0
1249,0,4,  0d 00:20:44.72,  0d 00:07:05.04,2.5098,3.9835,D,07/25/2025 10:41:32 AM,0.0000,-0.0007,0.0,0.0
1250,0,4,  0d 00:20:45.72,  0d 00:07:06.04,2.5098,3.9834,D,07/25/2025 10:41:33 AM,0.0000,-0.0007,0.0,0.0
1251,0,4,  0d 00:20:46.72,  0d 00:07:07.04,2.5104,3.9832,D,07/25/2025 10:41:34 AM,0.0000,-0.0008,0.0,0.0
1252,0,4,  0d 00:20:47.72,  0d 00:07:08.04,2.5101,3.9831,D,07/25/2025 10:41:36 AM,0.0000,-0.0008,0.0,0.0
1253,0,4,  0d 00:20:48.72,  0d 00:07:09.04,2.5104,3.9831,D,07/25/2025 10:41:36 AM,0.0000,-0.0007,0.0,0.0
1254,0,4,  0d 00:20:49.72,  0d 00:07:10.04,2.5104,3.9829,D,07/25/2025 10:41:37 AM,0.0000,-0.0007,0.0,0.0
1255,0,4,  0d 00:20:50.72,  0d 00:07:11.04,2.5104,3.9828,D,07/25/2025 10:41:38 AM,0.0000,-0.0007,0.0,0.0
1256,0,4,  0d 00:20:51.72,  0d 00:07:12.04,2.5107,3.9825,D,07/25/2025 10:41:39 AM,0.0000,-0.0008,0.0,0.0
1257,0,4,  0d 00:20:52.72,  0d 00:07:13.04,2.5110,3.9825,D,07/25/2025 10:41:40 AM,0.0000,-0.0007,0.0,0.0
1258,0,4,  0d 00:20:53.72,  0d 00:07:14.04,2.5110,3.9823,D,07/25/2025 10:41:41 AM,0.0000,-0.0008,0.0,0.0
1259,0,4,  0d 00:20:54.72,  0d 00:07:15.04,2.5104,3.9821,D,07/25/2025 10:41:42 AM,0.0000,-0.0007,0.0,0.0
1260,0,4,  0d 00:20:55.72,  0d 00:07:16.04,2.5110,3.9821,D,07/25/2025 10:41:43 AM,0.0000,-0.0007,0.0,0.0
1261,0,4,  0d 00:20:56.72,  0d 00:07:17.04,2.5107,3.9820,D,07/25/2025 10:41:44 AM,0.0000,-0.0007,0.0,0.0
1262,0,4,  0d 00:20:57.72,  0d 00:07:18.04,2.5113,3.9818,D,07/25/2025 10:41:46 AM,0.0000,-0.0007,0.0,0.0
1263,0,4,  0d 00:20:58.72,  0d 00:07:19.04,2.5110,3.9817,D,07/25/2025 10:41:46 AM,0.0000,-0.0007,0.0,0.0
1264,0,4,  0d 00:20:59.72,  0d 00:07:20.04,2.5113,3.9815,D,07/25/2025 10:41:47 AM,0.0000,-0.0007,0.0,0.0
1265,0,4,  0d 00:21:00.72,  0d 00:07:21.04,2.5113,3.9812,D,07/25/2025 10:41:48 AM,0.0000,-0.0008,0.0,0.0
1266,0,4,  0d 00:21:01.72,  0d 00:07:22.04,2.5116,3.9812,D,07/25/2025 10:41:49 AM,0.0000,-0.0007,0.0,0.0
1267,0,4,  0d 00:21:02.72,  0d 00:07:23.04,2.5119,3.9810,D,07/25/2025 10:41:50 AM,0.0000,-0.0008,0.0,0.0
1268,0,4,  0d 00:21:03.72,  0d 00:07:24.04,2.5113,3.9808,D,07/25/2025 10:41:51 AM,0.0000,-0.0008,0.0,0.0
1269,0,4,  0d 00:21:04.72,  0d 00:07:25.04,2.5116,3.9808,D,07/25/2025 10:41:52 AM,0.0000,-0.0007,0.0,0.0
1270,0,4,  0d 00:21:05.72,  0d 00:07:26.04,2.5119,3.9807,D,07/25/2025 10:41:53 AM,0.0000,-0.0008,0.0,0.0
1271,0,4,  0d 00:21:06.72,  0d 00:07:27.04,2.5119,3.9805,D,07/25/2025 10:41:54 AM,0.0000,-0.0008,0.0,0.0
1272,0,4,  0d 00:21:07.72,  0d 00:07:28.04,2.5122,3.9805,D,07/25/2025 10:41:56 AM,0.0000,-0.0010,0.0,0.0
1273,0,4,  0d 00:21:08.72,  0d 00:07:29.04,2.5119,3.9803,D,07/25/2025 10:41:56 AM,0.0000,-0.0008,0.0,0.0
1274,0,4,  0d 00:21:09.72,  0d 00:07:30.04,2.5126,3.9799,D,07/25/2025 10:41:57 AM,0.0000,-0.0008,0.0,0.0
1275,0,4,  0d 00:21:10.72,  0d 00:07:31.04,2.5126,3.9799,D,07/25/2025 10:41:58 AM,0.0000,-0.0007,0.0,0.0
1276,0,4,  0d 00:21:11.72,  0d 00:07:32.04,2.5122,3.9799,D,07/25/2025 10:41:59 AM,0.0000,-0.0007,0.0,0.0
1277,0,4,  0d 00:21:12.72,  0d 00:07:33.04,2.5126,3.9798,D,07/25/2025 10:42:00 AM,0.0000,-0.0008,0.0,0.0
1278,0,4,  0d 00:21:13.72,  0d 00:07:34.04,2.5129,3.9796,D,07/25/2025 10:42:01 AM,0.0000,-0.0007,0.0,0.0
1279,0,4,  0d 00:21:14.72,  0d 00:07:35.04,2.5126,3.9795,D,07/25/2025 10:42:02 AM,0.0000,-0.0007,0.0,0.0
1280,0,4,  0d 00:21:15.72,  0d 00:07:36.04,2.5129,3.9792,D,07/25/2025 10:42:03 AM,0.0000,-0.0008,0.0,0.0
1281,0,4,  0d 00:21:16.72,  0d 00:07:37.04,2.5126,3.9793,D,07/25/2025 10:42:04 AM,0.0000,-0.0007,0.0,0.0
1282,0,4,  0d 00:21:17.72,  0d 00:07:38.04,2.5129,3.9791,D,07/25/2025 10:42:06 AM,0.0000,-0.0007,0.0,0.0
1283,0,4,  0d 00:21:18.72,  0d 00:07:39.04,2.5129,3.9788,D,07/25/2025 10:42:06 AM,0.0000,-0.0007,0.0,0.0
1284,0,4,  0d 00:21:19.72,  0d 00:07:40.04,2.5135,3.9789,D,07/25/2025 10:42:07 AM,0.0000,-0.0007,0.0,0.0
1285,0,4,  0d 00:21:20.72,  0d 00:07:41.04,2.5129,3.9787,D,07/25/2025 10:42:08 AM,0.0000,-0.0007,0.0,0.0
1286,0,4,  0d 00:21:21.72,  0d 00:07:42.04,2.5129,3.9785,D,07/25/2025 10:42:09 AM,0.0000,-0.0007,0.0,0.0
1287,0,4,  0d 00:21:22.72,  0d 00:07:43.04,2.5141,3.9782,D,07/25/2025 10:42:10 AM,0.0000,-0.0007,0.0,0.0
1288,0,4,  0d 00:21:23.72,  0d 00:07:44.04,2.5138,3.9780,D,07/25/2025 10:42:11 AM,0.0000,-0.0007,0.0,0.0
1289,0,4,  0d 00:21:24.72,  0d 00:07:45.04,2.5135,3.9781,D,07/25/2025 10:42:12 AM,0.0000,-0.0007,0.0,0.0
1290,0,4,  0d 00:21:25.72,  0d 00:07:46.04,2.5135,3.9778,D,07/25/2025 10:42:13 AM,0.0000,-0.0008,0.0,0.0
1291,0,4,  0d 00:21:26.72,  0d 00:07:47.04,2.5135,3.9780,D,07/25/2025 10:42:14 AM,0.0000,-0.0007,0.0,0.0
1292,0,4,  0d 00:21:27.72,  0d 00:07:48.04,2.5138,3.9777,D,07/25/2025 10:42:16 AM,0.0000,-0.0007,0.0,0.0
1293,0,4,  0d 00:21:28.72,  0d 00:07:49.04,2.5144,3.9775,D,07/25/2025 10:42:16 AM,0.0000,-0.0008,0.0,0.0
1294,0,4,  0d 00:21:29.72,  0d 00:07:50.04,2.5144,3.9773,D,07/25/2025 10:42:17 AM,0.0000,-0.0007,0.0,0.0
1295,0,4,  0d 00:21:30.72,  0d 00:07:51.04,2.5138,3.9772,D,07/25/2025 10:42:18 AM,0.0000,-0.0007,0.0,0.0
1296,0,4,  0d 00:21:31.72,  0d 00:07:52.04,2.5147,3.9770,D,07/25/2025 10:42:19 AM,0.0000,-0.0007,0.0,0.0
1297,0,4,  0d 00:21:32.72,  0d 00:07:53.04,2.5147,3.9768,D,07/25/2025 10:42:20 AM,0.0000,-0.0008,0.0,0.0
1298,0,4,  0d 00:21:33.72,  0d 00:07:54.04,2.5144,3.9768,D,07/25/2025 10:42:21 AM,0.0000,-0.0007,0.0,0.0
1299,0,4,  0d 00:21:34.72,  0d 00:07:55.04,2.5144,3.9767,D,07/25/2025 10:42:22 AM,0.0000,-0.0008,0.0,0.0
1300,0,4,  0d 00:21:35.72,  0d 00:07:56.04,2.5144,3.9766,D,07/25/2025 10:42:23 AM,0.0000,-0.0008,0.0,0.0
1301,0,4,  0d 00:21:36.72,  0d 00:07:57.04,2.5147,3.9763,D,07/25/2025 10:42:24 AM,0.0000,-0.0007,0.0,0.0
1302,0,4,  0d 00:21:37.72,  0d 00:07:58.04,2.5150,3.9761,D,07/25/2025 10:42:26 AM,0.0000,-0.0008,0.0,0.0
1303,0,4,  0d 00:21:38.72,  0d 00:07:59.04,2.5150,3.9761,D,07/25/2025 10:42:26 AM,0.0000,-0.0007,0.0,0.0
1304,0,4,  0d 00:21:39.72,  0d 00:08:00.04,2.5144,3.9760,D,07/25/2025 10:42:27 AM,0.0000,-0.0007,0.0,0.0
1305,0,4,  0d 00:21:40.72,  0d 00:08:01.04,2.5153,3.9757,D,07/25/2025 10:42:28 AM,0.0000,-0.0008,0.0,0.0
1306,0,4,  0d 00:21:41.72,  0d 00:08:02.04,2.5150,3.9757,D,07/25/2025 10:42:29 AM,0.0000,-0.0008,0.0,0.0
1307,0,4,  0d 00:21:42.72,  0d 00:08:03.04,2.5156,3.9754,D,07/25/2025 10:42:30 AM,0.0000,-0.0008,0.0,0.0
1308,0,4,  0d 00:21:43.72,  0d 00:08:04.04,2.5159,3.9754,D,07/25/2025 10:42:31 AM,0.0000,-0.0008,0.0,0.0
1309,0,4,  0d 00:21:44.72,  0d 00:08:05.04,2.5150,3.9753,D,07/25/2025 10:42:32 AM,0.0000,-0.0008,0.0,0.0
1310,0,4,  0d 00:21:45.72,  0d 00:08:06.04,2.5153,3.9750,D,07/25/2025 10:42:33 AM,0.0000,-0.0008,0.0,0.0
1311,0,4,  0d 00:21:46.72,  0d 00:08:07.04,2.5156,3.9750,D,07/25/2025 10:42:34 AM,0.0000,-0.0008,0.0,0.0
1312,0,4,  0d 00:21:47.72,  0d 00:08:08.04,2.5147,3.9747,D,07/25/2025 10:42:36 AM,0.0000,-0.0008,0.0,0.0
1313,0,4,  0d 00:21:48.72,  0d 00:08:09.04,2.5159,3.9747,D,07/25/2025 10:42:36 AM,0.0000,-0.0007,0.0,0.0
1314,0,4,  0d 00:21:49.72,  0d 00:08:10.04,2.5162,3.9744,D,07/25/2025 10:42:37 AM,0.0000,-0.0008,0.0,0.0
1315,0,4,  0d 00:21:50.72,  0d 00:08:11.04,2.5162,3.9743,D,07/25/2025 10:42:38 AM,0.0000,-0.0008,0.0,0.0
1316,0,4,  0d 00:21:51.72,  0d 00:08:12.04,2.5162,3.9741,D,07/25/2025 10:42:39 AM,0.0000,-0.0007,0.0,0.0
1317,0,4,  0d 00:21:52.72,  0d 00:08:13.04,2.5165,3.9740,D,07/25/2025 10:42:40 AM,0.0000,-0.0008,0.0,0.0
1318,0,4,  0d 00:21:53.72,  0d 00:08:14.04,2.5159,3.9738,D,07/25/2025 10:42:41 AM,0.0000,-0.0008,0.0,0.0
1319,0,4,  0d 00:21:54.72,  0d 00:08:15.04,2.5168,3.9738,D,07/25/2025 10:42:42 AM,0.0000,-0.0010,0.0,0.0
1320,0,4,  0d 00:21:55.72,  0d 00:08:16.04,2.5168,3.9735,D,07/25/2025 10:42:43 AM,0.0000,-0.0008,0.0,0.0
1321,0,4,  0d 00:21:56.72,  0d 00:08:17.04,2.5162,3.9734,D,07/25/2025 10:42:44 AM,0.0000,-0.0007,0.0,0.0
1322,0,4,  0d 00:21:57.72,  0d 00:08:18.04,2.5165,3.9734,D,07/25/2025 10:42:45 AM,0.0000,-0.0008,0.0,0.0
1323,0,4,  0d 00:21:58.72,  0d 00:08:19.04,2.5165,3.9731,D,07/25/2025 10:42:47 AM,0.0000,-0.0008,0.0,0.0
1324,0,4,  0d 00:21:59.72,  0d 00:08:20.04,2.5168,3.9730,D,07/25/2025 10:42:47 AM,0.0000,-0.0007,0.0,0.0
1325,0,4,  0d 00:22:00.72,  0d 00:08:21.04,2.5165,3.9730,D,07/25/2025 10:42:48 AM,0.0000,-0.0008,0.0,0.0
1326,0,4,  0d 00:22:01.72,  0d 00:08:22.04,2.5174,3.9728,D,07/25/2025 10:42:49 AM,0.0000,-0.0008,0.0,0.0
1327,0,4,  0d 00:22:02.72,  0d 00:08:23.04,2.5171,3.9724,D,07/25/2025 10:42:50 AM,0.0000,-0.0008,0.0,0.0
1328,0,4,  0d 00:22:03.72,  0d 00:08:24.04,2.5171,3.9725,D,07/25/2025 10:42:51 AM,0.0000,-0.0008,0.0,0.0
1329,0,4,  0d 00:22:04.72,  0d 00:08:25.04,2.5174,3.9722,D,07/25/2025 10:42:52 AM,0.0000,-0.0008,0.0,0.0
1330,0,4,  0d 00:22:05.72,  0d 00:08:26.04,2.5174,3.9722,D,07/25/2025 10:42:53 AM,0.0000,-0.0008,0.0,0.0
1331,0,4,  0d 00:22:06.72,  0d 00:08:27.04,2.5171,3.9721,D,07/25/2025 10:42:54 AM,0.0000,-0.0008,0.0,0.0
1332,0,4,  0d 00:22:07.72,  0d 00:08:28.04,2.5174,3.9719,D,07/25/2025 10:42:55 AM,0.0000,-0.0010,0.0,0.0
1333,0,4,  0d 00:22:08.72,  0d 00:08:29.04,2.5177,3.9718,D,07/25/2025 10:42:57 AM,0.0000,-0.0010,0.0,0.0
1334,0,4,  0d 00:22:09.72,  0d 00:08:30.04,2.5177,3.9715,D,07/25/2025 10:42:57 AM,0.0000,-0.0008,0.0,0.0
1335,0,4,  0d 00:22:10.72,  0d 00:08:31.04,2.5174,3.9713,D,07/25/2025 10:42:58 AM,0.0000,-0.0010,0.0,0.0
1336,0,4,  0d 00:22:11.72,  0d 00:08:32.04,2.5180,3.9712,D,07/25/2025 10:42:59 AM,0.0000,-0.0007,0.0,0.0
1337,0,4,  0d 00:22:12.72,  0d 00:08:33.04,2.5177,3.9709,D,07/25/2025 10:43:00 AM,0.0000,-0.0008,0.0,0.0
1338,0,4,  0d 00:22:13.72,  0d 00:08:34.04,2.5180,3.9709,D,07/25/2025 10:43:01 AM,0.0000,-0.0008,0.0,0.0
1339,0,4,  0d 00:22:14.72,  0d 00:08:35.04,2.5183,3.9706,D,07/25/2025 10:43:02 AM,0.0000,-0.0008,0.0,0.0
1340,0,4,  0d 00:22:15.72,  0d 00:08:36.04,2.5180,3.9706,D,07/25/2025 10:43:03 AM,0.0000,-0.0007,0.0,0.0
1341,0,4,  0d 00:22:16.72,  0d 00:08:37.04,2.5183,3.9705,D,07/25/2025 10:43:04 AM,0.0000,-0.0010,0.0,0.0
1342,0,4,  0d 00:22:17.72,  0d 00:08:38.04,2.5187,3.9703,D,07/25/2025 10:43:05 AM,0.0000,-0.0008,0.0,0.0
1343,0,4,  0d 00:22:18.72,  0d 00:08:39.04,2.5187,3.9701,D,07/25/2025 10:43:07 AM,0.0000,-0.0007,0.0,0.0
1344,0,4,  0d 00:22:19.72,  0d 00:08:40.04,2.5187,3.9700,D,07/25/2025 10:43:07 AM,0.0000,-0.0007,0.0,0.0
1345,0,4,  0d 00:22:20.72,  0d 00:08:41.04,2.5183,3.9699,D,07/25/2025 10:43:08 AM,0.0000,-0.0007,0.0,0.0
1346,0,4,  0d 00:22:21.72,  0d 00:08:42.04,2.5190,3.9697,D,07/25/2025 10:43:09 AM,0.0000,-0.0007,0.0,0.0
1347,0,4,  0d 00:22:22.72,  0d 00:08:43.04,2.5196,3.9695,D,07/25/2025 10:43:10 AM,0.0000,-0.0007,0.0,0.0
1348,0,4,  0d 00:22:23.72,  0d 00:08:44.04,2.5190,3.9693,D,07/25/2025 10:43:11 AM,0.0000,-0.0008,0.0,0.0
1349,0,4,  0d 00:22:24.72,  0d 00:08:45.04,2.5190,3.9693,D,07/25/2025 10:43:12 AM,0.0000,-0.0007,0.0,0.0
1350,0,4,  0d 00:22:25.72,  0d 00:08:46.04,2.5187,3.9692,D,07/25/2025 10:43:13 AM,0.0000,-0.0007,0.0,0.0
1351,0,4,  0d 00:22:26.72,  0d 00:08:47.04,2.5190,3.9690,D,07/25/2025 10:43:14 AM,0.0000,-0.0008,0.0,0.0
1352,0,4,  0d 00:22:27.72,  0d 00:08:48.04,2.5196,3.9689,D,07/25/2025 10:43:15 AM,0.0000,-0.0007,0.0,0.0
1353,0,4,  0d 00:22:28.72,  0d 00:08:49.04,2.5196,3.9687,D,07/25/2025 10:43:17 AM,0.0000,-0.0007,0.0,0.0
1354,0,4,  0d 00:22:29.72,  0d 00:08:50.04,2.5202,3.9683,D,07/25/2025 10:43:17 AM,0.0000,-0.0007,0.0,0.0
1355,0,4,  0d 00:22:30.72,  0d 00:08:51.04,2.5202,3.9683,D,07/25/2025 10:43:18 AM,0.0000,-0.0008,0.0,0.0
1356,0,4,  0d 00:22:31.72,  0d 00:08:52.04,2.5202,3.9682,D,07/25/2025 10:43:19 AM,0.0000,-0.0008,0.0,0.0
1357,0,4,  0d 00:22:32.72,  0d 00:08:53.04,2.5190,3.9680,D,07/25/2025 10:43:20 AM,0.0000,-0.0007,0.0,0.0
1358,0,4,  0d 00:22:33.72,  0d 00:08:54.04,2.5205,3.9677,D,07/25/2025 10:43:21 AM,0.0000,-0.0010,0.0,0.0
1359,0,4,  0d 00:22:34.72,  0d 00:08:55.04,2.5202,3.9676,D,07/25/2025 10:43:22 AM,0.0000,-0.0007,0.0,0.0
1360,0,4,  0d 00:22:35.72,  0d 00:08:56.04,2.5202,3.9676,D,07/25/2025 10:43:23 AM,0.0000,-0.0007,0.0,0.0
1361,0,4,  0d 00:22:36.72,  0d 00:08:57.04,2.5208,3.9673,D,07/25/2025 10:43:24 AM,0.0000,-0.0007,0.0,0.0
1362,0,4,  0d 00:22:37.72,  0d 00:08:58.04,2.5208,3.9673,D,07/25/2025 10:43:25 AM,0.0000,-0.0007,0.0,0.0
1363,0,4,  0d 00:22:38.72,  0d 00:08:59.04,2.5211,3.9670,D,07/25/2025 10:43:27 AM,0.0000,-0.0008,0.0,0.0
1364,0,4,  0d 00:22:39.72,  0d 00:09:00.04,2.5202,3.9669,D,07/25/2025 10:43:27 AM,0.0000,-0.0008,0.0,0.0
1365,0,4,  0d 00:22:40.72,  0d 00:09:01.04,2.5202,3.9667,D,07/25/2025 10:43:28 AM,0.0000,-0.0008,0.0,0.0
1366,0,4,  0d 00:22:41.72,  0d 00:09:02.04,2.5211,3.9665,D,07/25/2025 10:43:29 AM,0.0000,-0.0008,0.0,0.0
1367,0,4,  0d 00:22:42.72,  0d 00:09:03.04,2.5208,3.9664,D,07/25/2025 10:43:30 AM,0.0000,-0.0005,0.0,0.0
1368,0,4,  0d 00:22:43.72,  0d 00:09:04.04,2.5217,3.9663,D,07/25/2025 10:43:31 AM,0.0000,-0.0008,0.0,0.0
1369,0,4,  0d 00:22:44.72,  0d 00:09:05.04,2.5211,3.9660,D,07/25/2025 10:43:32 AM,0.0000,-0.0007,0.0,0.0
1370,0,4,  0d 00:22:45.72,  0d 00:09:06.04,2.5217,3.9658,D,07/25/2025 10:43:33 AM,0.0000,-0.0008,0.0,0.0
1371,0,4,  0d 00:22:46.72,  0d 00:09:07.04,2.5211,3.9657,D,07/25/2025 10:43:34 AM,0.0000,-0.0007,0.0,0.0
1372,0,4,  0d 00:22:47.72,  0d 00:09:08.04,2.5214,3.9657,D,07/25/2025 10:43:35 AM,0.0000,-0.0010,0.0,0.0
1373,0,4,  0d 00:22:48.72,  0d 00:09:09.04,2.5217,3.9654,D,07/25/2025 10:43:37 AM,0.0000,-0.0008,0.0,0.0
1374,0,4,  0d 00:22:49.72,  0d 00:09:10.04,2.5217,3.9653,D,07/25/2025 10:43:37 AM,0.0000,-0.0007,0.0,0.0
1375,0,4,  0d 00:22:50.72,  0d 00:09:11.04,2.5220,3.9651,D,07/25/2025 10:43:38 AM,0.0000,-0.0008,0.0,0.0
1376,0,4,  0d 00:22:51.72,  0d 00:09:12.04,2.5211,3.9648,D,07/25/2025 10:43:39 AM,0.0000,-0.0007,0.0,0.0
1377,0,4,  0d 00:22:52.72,  0d 00:09:13.04,2.5214,3.9648,D,07/25/2025 10:43:40 AM,0.0000,-0.0008,0.0,0.0
1378,0,4,  0d 00:22:53.72,  0d 00:09:14.04,2.5220,3.9644,D,07/25/2025 10:43:42 AM,0.0000,-0.0007,0.0,0.0
1379,0,4,  0d 00:22:54.72,  0d 00:09:15.04,2.5223,3.9643,D,07/25/2025 10:43:42 AM,0.0000,-0.0008,0.0,0.0
1380,0,4,  0d 00:22:55.72,  0d 00:09:16.04,2.5220,3.9642,D,07/25/2025 10:43:43 AM,0.0000,-0.0007,0.0,0.0
1381,0,4,  0d 00:22:56.72,  0d 00:09:17.04,2.5226,3.9640,D,07/25/2025 10:43:44 AM,0.0000,-0.0007,0.0,0.0
1382,0,4,  0d 00:22:57.72,  0d 00:09:18.04,2.5223,3.9638,D,07/25/2025 10:43:45 AM,0.0000,-0.0008,0.0,0.0
1383,0,4,  0d 00:22:58.72,  0d 00:09:19.04,2.5226,3.9638,D,07/25/2025 10:43:47 AM,0.0000,-0.0007,0.0,0.0
1384,0,4,  0d 00:22:59.72,  0d 00:09:20.04,2.5226,3.9635,D,07/25/2025 10:43:47 AM,0.0000,-0.0010,0.0,0.0
1385,0,4,  0d 00:23:00.72,  0d 00:09:21.04,2.5229,3.9634,D,07/25/2025 10:43:49 AM,0.0000,-0.0007,0.0,0.0
1386,0,4,  0d 00:23:01.72,  0d 00:09:22.04,2.5226,3.9631,D,07/25/2025 10:43:49 AM,0.0000,-0.0007,0.0,0.0
1387,0,4,  0d 00:23:02.72,  0d 00:09:23.04,2.5232,3.9630,D,07/25/2025 10:43:50 AM,0.0000,-0.0005,0.0,0.0
1388,0,4,  0d 00:23:03.72,  0d 00:09:24.04,2.5235,3.9628,D,07/25/2025 10:43:51 AM,0.0000,-0.0005,0.0,0.0
1389,0,4,  0d 00:23:04.72,  0d 00:09:25.04,2.5238,3.9625,D,07/25/2025 10:43:52 AM,0.0000,-0.0007,0.0,0.0
1390,0,4,  0d 00:23:05.72,  0d 00:09:26.04,2.5235,3.9625,D,07/25/2025 10:43:53 AM,0.0000,-0.0007,0.0,0.0
1391,0,4,  0d 00:23:06.72,  0d 00:09:27.04,2.5235,3.9622,D,07/25/2025 10:43:54 AM,0.0000,-0.0008,0.0,0.0
1392,0,4,  0d 00:23:07.72,  0d 00:09:28.04,2.5235,3.9622,D,07/25/2025 10:43:55 AM,0.0000,-0.0007,0.0,0.0
1393,0,4,  0d 00:23:08.72,  0d 00:09:29.04,2.5238,3.9619,D,07/25/2025 10:43:57 AM,0.0000,-0.0005,0.0,0.0
1394,0,4,  0d 00:23:09.72,  0d 00:09:30.04,2.5238,3.9618,D,07/25/2025 10:43:57 AM,0.0000,-0.0005,0.0,0.0
1395,0,4,  0d 00:23:10.72,  0d 00:09:31.04,2.5241,3.9615,D,07/25/2025 10:43:58 AM,0.0000,-0.0007,0.0,0.0
1396,0,4,  0d 00:23:11.72,  0d 00:09:32.04,2.5241,3.9613,D,07/25/2025 10:43:59 AM,0.0000,-0.0008,0.0,0.0
1397,0,4,  0d 00:23:12.72,  0d 00:09:33.04,2.5245,3.9612,D,07/25/2025 10:44:00 AM,0.0000,-0.0008,0.0,0.0
1398,0,4,  0d 00:23:13.72,  0d 00:09:34.04,2.5245,3.9609,D,07/25/2025 10:44:01 AM,0.0000,-0.0010,0.0,0.0
1399,0,4,  0d 00:23:14.72,  0d 00:09:35.04,2.5241,3.9608,D,07/25/2025 10:44:02 AM,0.0000,-0.0008,0.0,0.0
1400,0,4,  0d 00:23:15.72,  0d 00:09:36.04,2.5245,3.9607,D,07/25/2025 10:44:03 AM,0.0000,-0.0007,0.0,0.0
1401,0,4,  0d 00:23:16.72,  0d 00:09:37.04,2.5248,3.9605,D,07/25/2025 10:44:04 AM,0.0000,-0.0007,0.0,0.0
1402,0,4,  0d 00:23:17.72,  0d 00:09:38.04,2.5251,3.9604,D,07/25/2025 10:44:05 AM,0.0000,-0.0008,0.0,0.0
1403,0,4,  0d 00:23:18.72,  0d 00:09:39.04,2.5248,3.9602,D,07/25/2025 10:44:06 AM,0.0000,-0.0008,0.0,0.0
1404,0,4,  0d 00:23:19.72,  0d 00:09:40.04,2.5254,3.9599,D,07/25/2025 10:44:08 AM,0.0000,-0.0008,0.0,0.0
1405,0,4,  0d 00:23:20.72,  0d 00:09:41.04,2.5254,3.9597,D,07/25/2025 10:44:08 AM,0.0000,-0.0005,0.0,0.0
1406,0,4,  0d 00:23:21.72,  0d 00:09:42.04,2.5251,3.9596,D,07/25/2025 10:44:09 AM,0.0000,-0.0007,0.0,0.0
1407,0,4,  0d 00:23:22.72,  0d 00:09:43.04,2.5254,3.9594,D,07/25/2025 10:44:10 AM,0.0000,-0.0008,0.0,0.0
1408,0,4,  0d 00:23:23.72,  0d 00:09:44.04,2.5257,3.9591,D,07/25/2025 10:44:11 AM,0.0000,-0.0007,0.0,0.0
1409,0,4,  0d 00:23:24.72,  0d 00:09:45.04,2.5257,3.9591,D,07/25/2025 10:44:12 AM,0.0000,-0.0007,0.0,0.0
1410,0,4,  0d 00:23:25.72,  0d 00:09:46.04,2.5263,3.9588,D,07/25/2025 10:44:13 AM,0.0000,-0.0008,0.0,0.0
1411,0,4,  0d 00:23:26.72,  0d 00:09:47.04,2.5260,3.9586,D,07/25/2025 10:44:14 AM,0.0000,-0.0008,0.0,0.0
1412,0,4,  0d 00:23:27.72,  0d 00:09:48.04,2.5257,3.9584,D,07/25/2025 10:44:15 AM,0.0000,-0.0008,0.0,0.0
1413,0,4,  0d 00:23:28.72,  0d 00:09:49.04,2.5266,3.9581,D,07/25/2025 10:44:16 AM,0.0000,-0.0008,0.0,0.0
1414,0,4,  0d 00:23:29.72,  0d 00:09:50.04,2.5263,3.9580,D,07/25/2025 10:44:18 AM,0.0000,-0.0008,0.0,0.0
1415,0,4,  0d 00:23:30.72,  0d 00:09:51.04,2.5269,3.9577,D,07/25/2025 10:44:18 AM,0.0000,-0.0007,0.0,0.0
1416,0,4,  0d 00:23:31.72,  0d 00:09:52.04,2.5269,3.9576,D,07/25/2025 10:44:19 AM,0.0000,-0.0008,0.0,0.0
1417,0,4,  0d 00:23:32.72,  0d 00:09:53.04,2.5263,3.9575,D,07/25/2025 10:44:20 AM,0.0000,-0.0007,0.0,0.0
1418,0,4,  0d 00:23:33.72,  0d 00:09:54.04,2.5272,3.9573,D,07/25/2025 10:44:21 AM,0.0000,-0.0008,0.0,0.0
1419,0,4,  0d 00:23:34.72,  0d 00:09:55.04,2.5269,3.9571,D,07/25/2025 10:44:22 AM,0.0000,-0.0007,0.0,0.0
1420,0,4,  0d 00:23:35.72,  0d 00:09:56.04,2.5266,3.9569,D,07/25/2025 10:44:23 AM,0.0000,-0.0008,0.0,0.0
1421,0,4,  0d 00:23:36.72,  0d 00:09:57.04,2.5269,3.9567,D,07/25/2025 10:44:24 AM,0.0000,-0.0008,0.0,0.0
1422,0,4,  0d 00:23:37.72,  0d 00:09:58.04,2.5275,3.9566,D,07/25/2025 10:44:25 AM,0.0000,-0.0008,0.0,0.0
1423,0,4,  0d 00:23:38.72,  0d 00:09:59.04,2.5272,3.9564,D,07/25/2025 10:44:26 AM,0.0000,-0.0007,0.0,0.0
1424,0,4,  0d 00:23:39.72,  0d 00:10:00.04,2.5275,3.9562,D,07/25/2025 10:44:28 AM,0.0000,-0.0008,0.0,0.0
1425,0,4,  0d 00:23:40.72,  0d 00:10:01.04,2.5275,3.9561,D,07/25/2025 10:44:28 AM,0.0000,-0.0008,0.0,0.0
1426,0,4,  0d 00:23:41.72,  0d 00:10:02.04,2.5278,3.9557,D,07/25/2025 10:44:29 AM,0.0000,-0.0007,0.0,0.0
1427,0,4,  0d 00:23:42.72,  0d 00:10:03.04,2.5281,3.9554,D,07/25/2025 10:44:30 AM,0.0000,-0.0008,0.0,0.0
1428,0,4,  0d 00:23:43.72,  0d 00:10:04.04,2.5284,3.9554,D,07/25/2025 10:44:31 AM,0.0000,-0.0008,0.0,0.0
1429,0,4,  0d 00:23:44.72,  0d 00:10:05.04,2.5287,3.9550,D,07/25/2025 10:44:32 AM,0.0000,-0.0008,0.0,0.0
1430,0,4,  0d 00:23:45.72,  0d 00:10:06.04,2.5281,3.9551,D,07/25/2025 10:44:33 AM,0.0000,-0.0008,0.0,0.0
1431,0,4,  0d 00:23:46.72,  0d 00:10:07.04,2.5281,3.9548,D,07/25/2025 10:44:34 AM,0.0000,-0.0008,0.0,0.0
1432,0,4,  0d 00:23:47.72,  0d 00:10:08.04,2.5278,3.9546,D,07/25/2025 10:44:35 AM,0.0000,-0.0007,0.0,0.0
1433,0,4,  0d 00:23:48.72,  0d 00:10:09.04,2.5284,3.9543,D,07/25/2025 10:44:36 AM,0.0000,-0.0008,0.0,0.0
1434,0,4,  0d 00:23:49.72,  0d 00:10:10.04,2.5290,3.9542,D,07/25/2025 10:44:38 AM,0.0000,-0.0007,0.0,0.0
1435,0,4,  0d 00:23:50.72,  0d 00:10:11.04,2.5287,3.9538,D,07/25/2025 10:44:38 AM,0.0000,-0.0010,0.0,0.0
1436,0,4,  0d 00:23:51.72,  0d 00:10:12.04,2.5293,3.9538,D,07/25/2025 10:44:39 AM,0.0000,-0.0008,0.0,0.0
1437,0,4,  0d 00:23:52.72,  0d 00:10:13.04,2.5287,3.9535,D,07/25/2025 10:44:40 AM,0.0000,-0.0007,0.0,0.0
1438,0,4,  0d 00:23:53.72,  0d 00:10:14.04,2.5296,3.9533,D,07/25/2025 10:44:41 AM,0.0000,-0.0007,0.0,0.0
1439,0,4,  0d 00:23:54.72,  0d 00:10:15.04,2.5293,3.9531,D,07/25/2025 10:44:42 AM,0.0000,-0.0008,0.0,0.0
1440,0,4,  0d 00:23:55.72,  0d 00:10:16.04,2.5290,3.9528,D,07/25/2025 10:44:43 AM,0.0000,-0.0008,0.0,0.0
1441,0,4,  0d 00:23:56.72,  0d 00:10:17.04,2.5296,3.9527,D,07/25/2025 10:44:45 AM,0.0000,-0.0008,0.0,0.0
1442,0,4,  0d 00:23:57.72,  0d 00:10:18.04,2.5299,3.9526,D,07/25/2025 10:44:45 AM,0.0000,-0.0007,0.0,0.0
1443,0,4,  0d 00:23:58.72,  0d 00:10:19.04,2.5299,3.9523,D,07/25/2025 10:44:46 AM,0.0000,-0.0008,0.0,0.0
1444,0,4,  0d 00:23:59.72,  0d 00:10:20.04,2.5299,3.9522,D,07/25/2025 10:44:48 AM,0.0000,-0.0007,0.0,0.0
1445,0,4,  0d 00:24:00.72,  0d 00:10:21.04,2.5303,3.9518,D,07/25/2025 10:44:48 AM,0.0000,-0.0008,0.0,0.0
1446,0,4,  0d 00:24:01.72,  0d 00:10:22.04,2.5306,3.9516,D,07/25/2025 10:44:49 AM,0.0000,-0.0008,0.0,0.0
1447,0,4,  0d 00:24:02.72,  0d 00:10:23.04,2.5299,3.9515,D,07/25/2025 10:44:50 AM,0.0000,-0.0007,0.0,0.0
1448,0,4,  0d 00:24:03.72,  0d 00:10:24.04,2.5306,3.9512,D,07/25/2025 10:44:51 AM,0.0000,-0.0008,0.0,0.0
1449,0,4,  0d 00:24:04.72,  0d 00:10:25.04,2.5315,3.9509,D,07/25/2025 10:44:52 AM,0.0000,-0.0008,0.0,0.0
1450,0,4,  0d 00:24:05.72,  0d 00:10:26.04,2.5315,3.9508,D,07/25/2025 10:44:53 AM,0.0000,-0.0007,0.0,0.0
1451,0,4,  0d 00:24:06.72,  0d 00:10:27.04,2.5312,3.9507,D,07/25/2025 10:44:54 AM,0.0000,-0.0008,0.0,0.0
1452,0,4,  0d 00:24:07.72,  0d 00:10:28.04,2.5315,3.9504,D,07/25/2025 10:44:55 AM,0.0000,-0.0008,0.0,0.0
1453,0,4,  0d 00:24:08.72,  0d 00:10:29.04,2.5309,3.9501,D,07/25/2025 10:44:56 AM,0.0000,-0.0007,0.0,0.0
1454,0,4,  0d 00:24:09.72,  0d 00:10:30.04,2.5315,3.9499,D,07/25/2025 10:44:58 AM,0.0000,-0.0008,0.0,0.0
1455,0,4,  0d 00:24:10.72,  0d 00:10:31.04,2.5318,3.9497,D,07/25/2025 10:44:58 AM,0.0000,-0.0008,0.0,0.0
1456,0,4,  0d 00:24:11.72,  0d 00:10:32.04,2.5315,3.9495,D,07/25/2025 10:44:59 AM,0.0000,-0.0008,0.0,0.0
1457,0,4,  0d 00:24:12.72,  0d 00:10:33.04,2.5321,3.9493,D,07/25/2025 10:45:00 AM,0.0000,-0.0007,0.0,0.0
1458,0,4,  0d 00:24:13.72,  0d 00:10:34.04,2.5318,3.9489,D,07/25/2025 10:45:01 AM,0.0000,-0.0007,0.0,0.0
1459,0,4,  0d 00:24:14.72,  0d 00:10:35.04,2.5321,3.9487,D,07/25/2025 10:45:02 AM,0.0000,-0.0007,0.0,0.0
1460,0,4,  0d 00:24:15.72,  0d 00:10:36.04,2.5330,3.9487,D,07/25/2025 10:45:03 AM,0.0000,-0.0007,0.0,0.0
1461,0,4,  0d 00:24:16.72,  0d 00:10:37.04,2.5327,3.9483,D,07/25/2025 10:45:04 AM,0.0000,-0.0008,0.0,0.0
1462,0,4,  0d 00:24:17.72,  0d 00:10:38.04,2.5324,3.9483,D,07/25/2025 10:45:05 AM,0.0000,-0.0007,0.0,0.0
1463,0,4,  0d 00:24:18.72,  0d 00:10:39.04,2.5327,3.9480,D,07/25/2025 10:45:06 AM,0.0000,-0.0007,0.0,0.0
1464,0,4,  0d 00:24:19.72,  0d 00:10:40.04,2.5330,3.9477,D,07/25/2025 10:45:08 AM,0.0000,-0.0008,0.0,0.0
1465,0,4,  0d 00:24:20.72,  0d 00:10:41.04,2.5333,3.9475,D,07/25/2025 10:45:08 AM,0.0000,-0.0007,0.0,0.0
1466,0,4,  0d 00:24:21.72,  0d 00:10:42.04,2.5330,3.9473,D,07/25/2025 10:45:09 AM,0.0000,-0.0007,0.0,0.0
1467,0,4,  0d 00:24:22.72,  0d 00:10:43.04,2.5336,3.9470,D,07/25/2025 10:45:10 AM,0.0000,-0.0007,0.0,0.0
1468,0,4,  0d 00:24:23.72,  0d 00:10:44.04,2.5336,3.9467,D,07/25/2025 10:45:11 AM,0.0000,-0.0008,0.0,0.0
1469,0,4,  0d 00:24:24.72,  0d 00:10:45.04,2.5336,3.9466,D,07/25/2025 10:45:12 AM,0.0000,-0.0008,0.0,0.0
1470,0,4,  0d 00:24:25.72,  0d 00:10:46.04,2.5339,3.9464,D,07/25/2025 10:45:13 AM,0.0000,-0.0007,0.0,0.0
1471,0,4,  0d 00:24:26.72,  0d 00:10:47.04,2.5336,3.9462,D,07/25/2025 10:45:14 AM,0.0000,-0.0007,0.0,0.0
1472,0,4,  0d 00:24:27.72,  0d 00:10:48.04,2.5342,3.9459,D,07/25/2025 10:45:15 AM,0.0000,-0.0008,0.0,0.0
1473,0,4,  0d 00:24:28.72,  0d 00:10:49.04,2.5345,3.9458,D,07/25/2025 10:45:16 AM,0.0000,-0.0007,0.0,0.0
1474,0,4,  0d 00:24:29.72,  0d 00:10:50.04,2.5345,3.9453,D,07/25/2025 10:45:17 AM,0.0000,-0.0007,0.0,0.0
1475,0,4,  0d 00:24:30.72,  0d 00:10:51.04,2.5342,3.9452,D,07/25/2025 10:45:19 AM,0.0000,-0.0007,0.0,0.0
1476,0,4,  0d 00:24:31.72,  0d 00:10:52.04,2.5345,3.9449,D,07/25/2025 10:45:19 AM,0.0000,-0.0008,0.0,0.0
1477,0,4,  0d 00:24:32.72,  0d 00:10:53.04,2.5348,3.9447,D,07/25/2025 10:45:20 AM,0.0000,-0.0008,0.0,0.0
1478,0,4,  0d 00:24:33.72,  0d 00:10:54.04,2.5345,3.9445,D,07/25/2025 10:45:21 AM,0.0000,-0.0007,0.0,0.0
1479,0,4,  0d 00:24:34.72,  0d 00:10:55.04,2.5354,3.9443,D,07/25/2025 10:45:22 AM,0.0000,-0.0010,0.0,0.0
1480,0,4,  0d 00:24:35.72,  0d 00:10:56.04,2.5348,3.9440,D,07/25/2025 10:45:23 AM,0.0000,-0.0007,0.0,0.0
1481,0,4,  0d 00:24:36.72,  0d 00:10:57.04,2.5351,3.9438,D,07/25/2025 10:45:24 AM,0.0000,-0.0007,0.0,0.0
1482,0,4,  0d 00:24:37.72,  0d 00:10:58.04,2.5357,3.9435,D,07/25/2025 10:45:25 AM,0.0000,-0.0007,0.0,0.0
1483,0,4,  0d 00:24:38.72,  0d 00:10:59.04,2.5360,3.9433,D,07/25/2025 10:45:26 AM,0.0000,-0.0007,0.0,0.0
1484,0,4,  0d 00:24:39.72,  0d 00:11:00.04,2.5360,3.9431,D,07/25/2025 10:45:27 AM,0.0000,-0.0008,0.0,0.0
1485,0,4,  0d 00:24:40.72,  0d 00:11:01.04,2.5360,3.9429,D,07/25/2025 10:45:29 AM,0.0000,-0.0008,0.0,0.0
1486,0,4,  0d 00:24:41.72,  0d 00:11:02.04,2.5360,3.9426,D,07/25/2025 10:45:29 AM,0.0000,-0.0008,0.0,0.0
1487,0,4,  0d 00:24:42.72,  0d 00:11:03.04,2.5367,3.9422,D,07/25/2025 10:45:30 AM,0.0000,-0.0007,0.0,0.0
1488,0,4,  0d 00:24:43.72,  0d 00:11:04.04,2.5370,3.9422,D,07/25/2025 10:45:31 AM,0.0000,-0.0010,0.0,0.0
1489,0,4,  0d 00:24:44.72,  0d 00:11:05.04,2.5367,3.9419,D,07/25/2025 10:45:32 AM,0.0000,-0.0007,0.0,0.0
1490,0,4,  0d 00:24:45.72,  0d 00:11:06.04,2.5370,3.9415,D,07/25/2025 10:45:33 AM,0.0000,-0.0008,0.0,0.0
1491,0,4,  0d 00:24:46.72,  0d 00:11:07.04,2.5370,3.9413,D,07/25/2025 10:45:34 AM,0.0000,-0.0007,0.0,0.0
1492,0,4,  0d 00:24:47.72,  0d 00:11:08.04,2.5373,3.9410,D,07/25/2025 10:45:35 AM,0.0000,-0.0007,0.0,0.0
1493,0,4,  0d 00:24:48.72,  0d 00:11:09.04,2.5373,3.9409,D,07/25/2025 10:45:36 AM,0.0000,-0.0008,0.0,0.0
1494,0,4,  0d 00:24:49.72,  0d 00:11:10.04,2.5376,3.9406,D,07/25/2025 10:45:37 AM,0.0000,-0.0008,0.0,0.0
1495,0,4,  0d 00:24:50.72,  0d 00:11:11.04,2.5379,3.9403,D,07/25/2025 10:45:39 AM,0.0000,-0.0007,0.0,0.0
1496,0,4,  0d 00:24:51.72,  0d 00:11:12.04,2.5379,3.9400,D,07/25/2025 10:45:39 AM,0.0000,-0.0007,0.0,0.0
1497,0,4,  0d 00:24:52.72,  0d 00:11:13.04,2.5379,3.9399,D,07/25/2025 10:45:40 AM,0.0000,-0.0007,0.0,0.0
1498,0,4,  0d 00:24:53.72,  0d 00:11:14.04,2.5376,3.9395,D,07/25/2025 10:45:41 AM,0.0000,-0.0008,0.0,0.0
1499,0,4,  0d 00:24:54.72,  0d 00:11:15.04,2.5385,3.9393,D,07/25/2025 10:45:42 AM,0.0000,-0.0008,0.0,0.0
1500,0,4,  0d 00:24:55.72,  0d 00:11:16.04,2.5385,3.9390,D,07/25/2025 10:45:43 AM,0.0000,-0.0007,0.0,0.0
1501,0,4,  0d 00:24:56.72,  0d 00:11:17.04,2.5388,3.9387,D,07/25/2025 10:45:44 AM,0.0000,-0.0008,0.0,0.0
1502,0,4,  0d 00:24:57.72,  0d 00:11:18.04,2.5385,3.9384,D,07/25/2025 10:45:45 AM,0.0000,-0.0008,0.0,0.0
1503,0,4,  0d 00:24:58.72,  0d 00:11:19.04,2.5391,3.9384,D,07/25/2025 10:45:46 AM,0.0000,-0.0007,0.0,0.0
1504,0,4,  0d 00:24:59.72,  0d 00:11:20.04,2.5394,3.9380,D,07/25/2025 10:45:47 AM,0.0000,-0.0007,0.0,0.0
1505,0,4,  0d 00:25:00.72,  0d 00:11:21.04,2.5391,3.9377,D,07/25/2025 10:45:49 AM,0.0000,-0.0008,0.0,0.0
1506,0,4,  0d 00:25:01.72,  0d 00:11:22.04,2.5394,3.9374,D,07/25/2025 10:45:49 AM,0.0000,-0.0007,0.0,0.0
1507,0,4,  0d 00:25:02.72,  0d 00:11:23.04,2.5400,3.9372,D,07/25/2025 10:45:50 AM,0.0000,-0.0008,0.0,0.0
1508,0,4,  0d 00:25:03.72,  0d 00:11:24.04,2.5397,3.9369,D,07/25/2025 10:45:51 AM,0.0000,-0.0008,0.0,0.0
1509,0,4,  0d 00:25:04.72,  0d 00:11:25.04,2.5397,3.9367,D,07/25/2025 10:45:52 AM,0.0000,-0.0008,0.0,0.0
1510,0,4,  0d 00:25:05.72,  0d 00:11:26.04,2.5400,3.9364,D,07/25/2025 10:45:53 AM,0.0000,-0.0008,0.0,0.0
1511,0,4,  0d 00:25:06.72,  0d 00:11:27.04,2.5403,3.9361,D,07/25/2025 10:45:54 AM,0.0000,-0.0008,0.0,0.0
1512,0,4,  0d 00:25:07.72,  0d 00:11:28.04,2.5403,3.9358,D,07/25/2025 10:45:55 AM,0.0000,-0.0007,0.0,0.0
1513,0,4,  0d 00:25:08.72,  0d 00:11:29.04,2.5406,3.9356,D,07/25/2025 10:45:56 AM,0.0000,-0.0010,0.0,0.0
1514,0,4,  0d 00:25:09.72,  0d 00:11:30.04,2.5409,3.9355,D,07/25/2025 10:45:57 AM,0.0000,-0.0008,0.0,0.0
1515,0,4,  0d 00:25:10.72,  0d 00:11:31.04,2.5415,3.9351,D,07/25/2025 10:45:59 AM,0.0000,-0.0008,0.0,0.0
1516,0,4,  0d 00:25:11.72,  0d 00:11:32.04,2.5409,3.9349,D,07/25/2025 10:45:59 AM,0.0000,-0.0008,0.0,0.0
1517,0,4,  0d 00:25:12.72,  0d 00:11:33.04,2.5412,3.9345,D,07/25/2025 10:46:00 AM,0.0000,-0.0008,0.0,0.0
1518,0,4,  0d 00:25:13.72,  0d 00:11:34.04,2.5412,3.9343,D,07/25/2025 10:46:01 AM,0.0000,-0.0010,0.0,0.0
1519,0,4,  0d 00:25:14.72,  0d 00:11:35.04,2.5412,3.9340,D,07/25/2025 10:46:02 AM,0.0000,-0.0008,0.0,0.0
1520,0,4,  0d 00:25:15.72,  0d 00:11:36.04,2.5418,3.9337,D,07/25/2025 10:46:03 AM,0.0000,-0.0007,0.0,0.0
1521,0,4,  0d 00:25:16.72,  0d 00:11:37.04,2.5422,3.9334,D,07/25/2025 10:46:04 AM,0.0000,-0.0008,0.0,0.0
1522,0,4,  0d 00:25:17.72,  0d 00:11:38.04,2.5422,3.9332,D,07/25/2025 10:46:05 AM,0.0000,-0.0008,0.0,0.0
1523,0,4,  0d 00:25:18.72,  0d 00:11:39.04,2.5428,3.9328,D,07/25/2025 10:46:06 AM,0.0000,-0.0010,0.0,0.0
1524,0,4,  0d 00:25:19.72,  0d 00:11:40.04,2.5428,3.9327,D,07/25/2025 10:46:07 AM,0.0000,-0.0008,0.0,0.0
1525,0,4,  0d 00:25:20.72,  0d 00:11:41.04,2.5431,3.9322,D,07/25/2025 10:46:09 AM,0.0000,-0.0007,0.0,0.0
1526,0,4,  0d 00:25:21.72,  0d 00:11:42.04,2.5431,3.9320,D,07/25/2025 10:46:09 AM,0.0000,-0.0010,0.0,0.0
1527,0,4,  0d 00:25:22.72,  0d 00:11:43.04,2.5434,3.9319,D,07/25/2025 10:46:10 AM,0.0000,-0.0007,0.0,0.0
1528,0,4,  0d 00:25:23.72,  0d 00:11:44.04,2.5431,3.9315,D,07/25/2025 10:46:11 AM,0.0000,-0.0007,0.0,0.0
1529,0,4,  0d 00:25:24.72,  0d 00:11:45.04,2.5443,3.9313,D,07/25/2025 10:46:12 AM,0.0000,-0.0010,0.0,0.0
1530,0,4,  0d 00:25:25.72,  0d 00:11:46.04,2.5437,3.9309,D,07/25/2025 10:46:13 AM,0.0000,-0.0007,0.0,0.0
1531,0,4,  0d 00:25:26.72,  0d 00:11:47.04,2.5437,3.9306,D,07/25/2025 10:46:14 AM,0.0000,-0.0007,0.0,0.0
1532,0,4,  0d 00:25:27.72,  0d 00:11:48.04,2.5446,3.9303,D,07/25/2025 10:46:15 AM,0.0000,-0.0007,0.0,0.0
1533,0,4,  0d 00:25:28.72,  0d 00:11:49.04,2.5443,3.9300,D,07/25/2025 10:46:16 AM,0.0000,-0.0007,0.0,0.0
1534,0,4,  0d 00:25:29.72,  0d 00:11:50.04,2.5446,3.9298,D,07/25/2025 10:46:17 AM,0.0000,-0.0008,0.0,0.0
1535,0,4,  0d 00:25:30.72,  0d 00:11:51.04,2.5449,3.9294,D,07/25/2025 10:46:19 AM,0.0000,-0.0008,0.0,0.0
1536,0,4,  0d 00:25:31.72,  0d 00:11:52.04,2.5452,3.9291,D,07/25/2025 10:46:20 AM,0.0000,-0.0008,0.0,0.0
1537,0,4,  0d 00:25:32.72,  0d 00:11:53.04,2.5452,3.9290,D,07/25/2025 10:46:20 AM,0.0000,-0.0008,0.0,0.0
1538,0,4,  0d 00:25:33.72,  0d 00:11:54.04,2.5452,3.9286,D,07/25/2025 10:46:21 AM,0.0000,-0.0008,0.0,0.0
1539,0,4,  0d 00:25:34.72,  0d 00:11:55.04,2.5455,3.9283,D,07/25/2025 10:46:22 AM,0.0000,-0.0008,0.0,0.0
1540,0,4,  0d 00:25:35.72,  0d 00:11:56.04,2.5455,3.9280,D,07/25/2025 10:46:23 AM,0.0000,-0.0008,0.0,0.0
1541,0,4,  0d 00:25:36.72,  0d 00:11:57.04,2.5458,3.9277,D,07/25/2025 10:46:24 AM,0.0000,-0.0007,0.0,0.0
1542,0,4,  0d 00:25:37.72,  0d 00:11:58.04,2.5464,3.9274,D,07/25/2025 10:46:25 AM,0.0000,-0.0008,0.0,0.0
1543,0,4,  0d 00:25:38.72,  0d 00:11:59.04,2.5458,3.9271,D,07/25/2025 10:46:26 AM,0.0000,-0.0007,0.0,0.0
1544,0,4,  0d 00:25:39.72,  0d 00:12:00.04,2.5458,3.9270,D,07/25/2025 10:46:27 AM,0.0000,-0.0007,0.0,0.0
1545,0,4,  0d 00:25:40.72,  0d 00:12:01.04,2.5470,3.9266,D,07/25/2025 10:46:28 AM,0.0000,-0.0008,0.0,0.0
1546,0,4,  0d 00:25:41.72,  0d 00:12:02.04,2.5470,3.9263,D,07/25/2025 10:46:30 AM,0.0000,-0.0008,0.0,0.0
1547,0,4,  0d 00:25:42.72,  0d 00:12:03.04,2.5470,3.9259,D,07/25/2025 10:46:30 AM,0.0000,-0.0007,0.0,0.0
1548,0,4,  0d 00:25:43.72,  0d 00:12:04.04,2.5473,3.9257,D,07/25/2025 10:46:31 AM,0.0000,-0.0008,0.0,0.0
1549,0,4,  0d 00:25:44.72,  0d 00:12:05.04,2.5473,3.9252,D,07/25/2025 10:46:32 AM,0.0000,-0.0008,0.0,0.0
1550,0,4,  0d 00:25:45.72,  0d 00:12:06.04,2.5476,3.9252,D,07/25/2025 10:46:33 AM,0.0000,-0.0007,0.0,0.0
1551,0,4,  0d 00:25:46.72,  0d 00:12:07.04,2.5476,3.9248,D,07/25/2025 10:46:34 AM,0.0000,-0.0007,0.0,0.0
1552,0,4,  0d 00:25:47.72,  0d 00:12:08.04,2.5480,3.9245,D,07/25/2025 10:46:35 AM,0.0000,-0.0008,0.0,0.0
1553,0,4,  0d 00:25:48.72,  0d 00:12:09.04,2.5483,3.9242,D,07/25/2025 10:46:36 AM,0.0000,-0.0008,0.0,0.0
1554,0,4,  0d 00:25:49.72,  0d 00:12:10.04,2.5486,3.9238,D,07/25/2025 10:46:37 AM,0.0000,-0.0008,0.0,0.0
1555,0,4,  0d 00:25:50.72,  0d 00:12:11.04,2.5483,3.9235,D,07/25/2025 10:46:38 AM,0.0000,-0.0008,0.0,0.0
1556,0,4,  0d 00:25:51.72,  0d 00:12:12.04,2.5489,3.9232,D,07/25/2025 10:46:40 AM,0.0000,-0.0005,0.0,0.0
1557,0,4,  0d 00:25:52.72,  0d 00:12:13.04,2.5492,3.9230,D,07/25/2025 10:46:40 AM,0.0000,-0.0008,0.0,0.0
1558,0,4,  0d 00:25:53.72,  0d 00:12:14.04,2.5492,3.9226,D,07/25/2025 10:46:41 AM,0.0000,-0.0008,0.0,0.0
1559,0,4,  0d 00:25:54.72,  0d 00:12:15.04,2.5498,3.9223,D,07/25/2025 10:46:42 AM,0.0000,-0.0007,0.0,0.0
1560,0,4,  0d 00:25:55.72,  0d 00:12:16.04,2.5498,3.9220,D,07/25/2025 10:46:43 AM,0.0000,-0.0007,0.0,0.0
1561,0,4,  0d 00:25:56.72,  0d 00:12:17.04,2.5495,3.9216,D,07/25/2025 10:46:44 AM,0.0000,-0.0008,0.0,0.0
1562,0,4,  0d 00:25:57.72,  0d 00:12:18.04,2.5501,3.9214,D,07/25/2025 10:46:45 AM,0.0000,-0.0010,0.0,0.0
1563,0,4,  0d 00:25:58.72,  0d 00:12:19.04,2.5501,3.9210,D,07/25/2025 10:46:46 AM,0.0000,-0.0008,0.0,0.0
1564,0,4,  0d 00:25:59.72,  0d 00:12:20.04,2.5507,3.9207,D,07/25/2025 10:46:47 AM,0.0000,-0.0008,0.0,0.0
1565,0,4,  0d 00:26:00.72,  0d 00:12:21.04,2.5507,3.9206,D,07/25/2025 10:46:48 AM,0.0000,-0.0008,0.0,0.0
1566,0,4,  0d 00:26:01.72,  0d 00:12:22.04,2.5510,3.9203,D,07/25/2025 10:46:50 AM,0.0000,-0.0008,0.0,0.0
1567,0,4,  0d 00:26:02.72,  0d 00:12:23.04,2.5504,3.9198,D,07/25/2025 10:46:50 AM,0.0000,-0.0008,0.0,0.0
1568,0,4,  0d 00:26:03.72,  0d 00:12:24.04,2.5507,3.9194,D,07/25/2025 10:46:51 AM,0.0000,-0.0007,0.0,0.0
1569,0,4,  0d 00:26:04.72,  0d 00:12:25.04,2.5516,3.9192,D,07/25/2025 10:46:52 AM,0.0000,-0.0008,0.0,0.0
1570,0,4,  0d 00:26:05.72,  0d 00:12:26.04,2.5510,3.9188,D,07/25/2025 10:46:53 AM,0.0000,-0.0010,0.0,0.0
1571,0,4,  0d 00:26:06.72,  0d 00:12:27.04,2.5522,3.9185,D,07/25/2025 10:46:54 AM,0.0000,-0.0005,0.0,0.0
1572,0,4,  0d 00:26:07.72,  0d 00:12:28.04,2.5522,3.9182,D,07/25/2025 10:46:55 AM,0.0000,-0.0008,0.0,0.0
1573,0,4,  0d 00:26:08.72,  0d 00:12:29.04,2.5522,3.9181,D,07/25/2025 10:46:56 AM,0.0000,-0.0007,0.0,0.0
1574,0,4,  0d 00:26:09.72,  0d 00:12:30.04,2.5525,3.9174,D,07/25/2025 10:46:57 AM,0.0000,-0.0008,0.0,0.0
1575,0,4,  0d 00:26:10.72,  0d 00:12:31.04,2.5528,3.9173,D,07/25/2025 10:46:58 AM,0.0000,-0.0008,0.0,0.0
1576,0,4,  0d 00:26:11.72,  0d 00:12:32.04,2.5525,3.9171,D,07/25/2025 10:47:00 AM,0.0000,-0.0008,0.0,0.0
1577,0,4,  0d 00:26:12.72,  0d 00:12:33.04,2.5525,3.9166,D,07/25/2025 10:47:00 AM,0.0000,-0.0007,0.0,0.0
1578,0,4,  0d 00:26:13.72,  0d 00:12:34.04,2.5531,3.9165,D,07/25/2025 10:47:01 AM,0.0000,-0.0007,0.0,0.0
1579,0,4,  0d 00:26:14.72,  0d 00:12:35.04,2.5531,3.9159,D,07/25/2025 10:47:02 AM,0.0000,-0.0008,0.0,0.0
1580,0,4,  0d 00:26:15.72,  0d 00:12:36.04,2.5537,3.9158,D,07/25/2025 10:47:03 AM,0.0000,-0.0007,0.0,0.0
1581,0,4,  0d 00:26:16.72,  0d 00:12:37.04,2.5541,3.9154,D,07/25/2025 10:47:04 AM,0.0000,-0.0007,0.0,0.0
1582,0,4,  0d 00:26:17.72,  0d 00:12:38.04,2.5537,3.9152,D,07/25/2025 10:47:06 AM,0.0000,-0.0007,0.0,0.0
1583,0,4,  0d 00:26:18.72,  0d 00:12:39.04,2.5541,3.9148,D,07/25/2025 10:47:06 AM,0.0000,-0.0007,0.0,0.0
1584,0,4,  0d 00:26:19.72,  0d 00:12:40.04,2.5544,3.9143,D,07/25/2025 10:47:07 AM,0.0000,-0.0008,0.0,0.0
1585,0,4,  0d 00:26:20.72,  0d 00:12:41.04,2.5547,3.9140,D,07/25/2025 10:47:08 AM,0.0000,-0.0008,0.0,0.0
1586,0,4,  0d 00:26:21.72,  0d 00:12:42.04,2.5544,3.9137,D,07/25/2025 10:47:10 AM,0.0000,-0.0007,0.0,0.0
1587,0,4,  0d 00:26:22.72,  0d 00:12:43.04,2.5553,3.9135,D,07/25/2025 10:47:10 AM,0.0000,-0.0008,0.0,0.0
1588,0,4,  0d 00:26:23.72,  0d 00:12:44.04,2.5553,3.9130,D,07/25/2025 10:47:11 AM,0.0000,-0.0007,0.0,0.0
1589,0,4,  0d 00:26:24.72,  0d 00:12:45.04,2.5547,3.9128,D,07/25/2025 10:47:12 AM,0.0000,-0.0005,0.0,0.0
1590,0,4,  0d 00:26:25.72,  0d 00:12:46.04,2.5559,3.9125,D,07/25/2025 10:47:13 AM,0.0000,-0.0007,0.0,0.0
1591,0,4,  0d 00:26:26.72,  0d 00:12:47.04,2.5559,3.9121,D,07/25/2025 10:47:14 AM,0.0000,-0.0008,0.0,0.0
1592,0,4,  0d 00:26:27.72,  0d 00:12:48.04,2.5559,3.9118,D,07/25/2025 10:47:15 AM,0.0000,-0.0007,0.0,0.0
1593,0,4,  0d 00:26:28.72,  0d 00:12:49.04,2.5559,3.9113,D,07/25/2025 10:47:16 AM,0.0000,-0.0008,0.0,0.0
1594,0,4,  0d 00:26:29.72,  0d 00:12:50.04,2.5568,3.9110,D,07/25/2025 10:47:17 AM,0.0000,-0.0008,0.0,0.0
1595,0,4,  0d 00:26:30.72,  0d 00:12:51.04,2.5568,3.9110,D,07/25/2025 10:47:18 AM,0.0000,-0.0008,0.0,0.0
1596,0,4,  0d 00:26:31.72,  0d 00:12:52.04,2.5571,3.9106,D,07/25/2025 10:47:20 AM,0.0000,-0.0008,0.0,0.0
1597,0,4,  0d 00:26:32.72,  0d 00:12:53.04,2.5574,3.9101,D,07/25/2025 10:47:20 AM,0.0000,-0.0008,0.0,0.0
1598,0,4,  0d 00:26:33.72,  0d 00:12:54.04,2.5571,3.9098,D,07/25/2025 10:47:21 AM,0.0000,-0.0008,0.0,0.0
1599,0,4,  0d 00:26:34.72,  0d 00:12:55.04,2.5577,3.9095,D,07/25/2025 10:47:22 AM,0.0000,-0.0008,0.0,0.0
1600,0,4,  0d 00:26:35.72,  0d 00:12:56.04,2.5583,3.9090,D,07/25/2025 10:47:23 AM,0.0000,-0.0007,0.0,0.0
1601,0,4,  0d 00:26:36.72,  0d 00:12:57.04,2.5583,3.9088,D,07/25/2025 10:47:25 AM,0.0000,-0.0008,0.0,0.0
1602,0,4,  0d 00:26:37.72,  0d 00:12:58.04,2.5583,3.9084,D,07/25/2025 10:47:25 AM,0.0000,-0.0010,0.0,0.0
1603,0,4,  0d 00:26:38.72,  0d 00:12:59.04,2.5589,3.9081,D,07/25/2025 10:47:26 AM,0.0000,-0.0008,0.0,0.0
1604,0,4,  0d 00:26:39.72,  0d 00:13:00.04,2.5586,3.9078,D,07/25/2025 10:47:27 AM,0.0000,-0.0007,0.0,0.0
1605,0,4,  0d 00:26:40.72,  0d 00:13:01.04,2.5586,3.9073,D,07/25/2025 10:47:28 AM,0.0000,-0.0008,0.0,0.0
1606,0,4,  0d 00:26:41.72,  0d 00:13:02.04,2.5592,3.9071,D,07/25/2025 10:47:30 AM,0.0000,-0.0007,0.0,0.0
1607,0,4,  0d 00:26:42.72,  0d 00:13:03.04,2.5595,3.9067,D,07/25/2025 10:47:31 AM,0.0000,-0.0008,0.0,0.0
1608,0,4,  0d 00:26:43.72,  0d 00:13:04.04,2.5595,3.9063,D,07/25/2025 10:47:31 AM,0.0000,-0.0008,0.0,0.0
1609,0,4,  0d 00:26:44.72,  0d 00:13:05.04,2.5602,3.9060,D,07/25/2025 10:47:32 AM,0.0000,-0.0008,0.0,0.0
1610,0,4,  0d 00:26:45.72,  0d 00:13:06.04,2.5608,3.9058,D,07/25/2025 10:47:33 AM,0.0000,-0.0005,0.0,0.0
1611,0,4,  0d 00:26:46.72,  0d 00:13:07.04,2.5602,3.9053,D,07/25/2025 10:47:34 AM,0.0000,-0.0007,0.0,0.0
1612,0,4,  0d 00:26:47.72,  0d 00:13:08.04,2.5605,3.9049,D,07/25/2025 10:47:35 AM,0.0000,-0.0008,0.0,0.0
1613,0,4,  0d 00:26:48.72,  0d 00:13:09.04,2.5608,3.9046,D,07/25/2025 10:47:36 AM,0.0000,-0.0008,0.0,0.0
1614,0,4,  0d 00:26:49.72,  0d 00:13:10.04,2.5611,3.9042,D,07/25/2025 10:47:37 AM,0.0000,-0.0007,0.0,0.0
1615,0,4,  0d 00:26:50.72,  0d 00:13:11.04,2.5611,3.9039,D,07/25/2025 10:47:38 AM,0.0000,-0.0007,0.0,0.0
1616,0,4,  0d 00:26:51.72,  0d 00:13:12.04,2.5617,3.9036,D,07/25/2025 10:47:39 AM,0.0000,-0.0008,0.0,0.0
1617,0,4,  0d 00:26:52.72,  0d 00:13:13.04,2.5620,3.9033,D,07/25/2025 10:47:41 AM,0.0000,-0.0008,0.0,0.0
1618,0,4,  0d 00:26:53.72,  0d 00:13:14.04,2.5614,3.9029,D,07/25/2025 10:47:41 AM,0.0000,-0.0008,0.0,0.0
1619,0,4,  0d 00:26:54.72,  0d 00:13:15.04,2.5617,3.9024,D,07/25/2025 10:47:42 AM,0.0000,-0.0008,0.0,0.0
1620,0,4,  0d 00:26:55.72,  0d 00:13:16.04,2.5617,3.9021,D,07/25/2025 10:47:43 AM,0.0000,-0.0008,0.0,0.0
1621,0,4,  0d 00:26:56.72,  0d 00:13:17.04,2.5632,3.9019,D,07/25/2025 10:47:44 AM,0.0000,-0.0007,0.0,0.0
1622,0,4,  0d 00:26:57.72,  0d 00:13:18.04,2.5629,3.9015,D,07/25/2025 10:47:45 AM,0.0000,-0.0007,0.0,0.0
1623,0,4,  0d 00:26:58.72,  0d 00:13:19.04,2.5632,3.9012,D,07/25/2025 10:47:46 AM,0.0000,-0.0008,0.0,0.0
1624,0,4,  0d 00:26:59.72,  0d 00:13:20.04,2.5632,3.9009,D,07/25/2025 10:47:47 AM,0.0000,-0.0008,0.0,0.0
1625,0,4,  0d 00:27:00.72,  0d 00:13:21.04,2.5638,3.9006,D,07/25/2025 10:47:48 AM,0.0000,-0.0008,0.0,0.0
1626,0,4,  0d 00:27:01.72,  0d 00:13:22.04,2.5641,3.9001,D,07/25/2025 10:47:49 AM,0.0000,-0.0008,0.0,0.0
1627,0,4,  0d 00:27:02.72,  0d 00:13:23.04,2.5641,3.8997,D,07/25/2025 10:47:51 AM,0.0000,-0.0008,0.0,0.0
1628,0,4,  0d 00:27:03.72,  0d 00:13:24.04,2.5641,3.8996,D,07/25/2025 10:47:51 AM,0.0000,-0.0008,0.0,0.0
1629,0,4,  0d 00:27:04.72,  0d 00:13:25.04,2.5644,3.8991,D,07/25/2025 10:47:52 AM,0.0000,-0.0008,0.0,0.0
1630,0,4,  0d 00:27:05.72,  0d 00:13:26.04,2.5644,3.8986,D,07/25/2025 10:47:53 AM,0.0000,-0.0008,0.0,0.0
1631,0,4,  0d 00:27:06.72,  0d 00:13:27.04,2.5653,3.8985,D,07/25/2025 10:47:54 AM,0.0000,-0.0007,0.0,0.0
1632,0,4,  0d 00:27:07.72,  0d 00:13:28.04,2.5653,3.8981,D,07/25/2025 10:47:55 AM,0.0000,-0.0007,0.0,0.0
1633,0,4,  0d 00:27:08.72,  0d 00:13:29.04,2.5647,3.8978,D,07/25/2025 10:47:56 AM,0.0000,-0.0008,0.0,0.0
1634,0,4,  0d 00:27:09.72,  0d 00:13:30.04,2.5660,3.8973,D,07/25/2025 10:47:57 AM,0.0000,-0.0007,0.0,0.0
1635,0,4,  0d 00:27:10.72,  0d 00:13:31.04,2.5660,3.8968,D,07/25/2025 10:47:58 AM,0.0000,-0.0008,0.0,0.0
1636,0,4,  0d 00:27:11.72,  0d 00:13:32.04,2.5660,3.8966,D,07/25/2025 10:47:59 AM,0.0000,-0.0007,0.0,0.0
1637,0,4,  0d 00:27:12.72,  0d 00:13:33.04,2.5660,3.8962,D,07/25/2025 10:48:01 AM,0.0000,-0.0008,0.0,0.0
1638,0,4,  0d 00:27:13.72,  0d 00:13:34.04,2.5672,3.8959,D,07/25/2025 10:48:01 AM,0.0000,-0.0005,0.0,0.0
1639,0,4,  0d 00:27:14.72,  0d 00:13:35.04,2.5666,3.8956,D,07/25/2025 10:48:02 AM,0.0000,-0.0010,0.0,0.0
1640,0,4,  0d 00:27:15.72,  0d 00:13:36.04,2.5675,3.8951,D,07/25/2025 10:48:03 AM,0.0000,-0.0008,0.0,0.0
1641,0,4,  0d 00:27:16.72,  0d 00:13:37.04,2.5669,3.8949,D,07/25/2025 10:48:04 AM,0.0000,-0.0007,0.0,0.0
1642,0,4,  0d 00:27:17.72,  0d 00:13:38.04,2.5675,3.8946,D,07/25/2025 10:48:05 AM,0.0000,-0.0008,0.0,0.0
1643,0,4,  0d 00:27:18.72,  0d 00:13:39.04,2.5672,3.8943,D,07/25/2025 10:48:06 AM,0.0000,-0.0007,0.0,0.0
1644,0,4,  0d 00:27:19.72,  0d 00:13:40.04,2.5678,3.8937,D,07/25/2025 10:48:07 AM,0.0000,-0.0008,0.0,0.0
1645,0,4,  0d 00:27:20.72,  0d 00:13:41.04,2.5687,3.8933,D,07/25/2025 10:48:08 AM,0.0000,-0.0008,0.0,0.0
1646,0,4,  0d 00:27:21.72,  0d 00:13:42.04,2.5684,3.8930,D,07/25/2025 10:48:09 AM,0.0000,-0.0007,0.0,0.0
1647,0,4,  0d 00:27:22.72,  0d 00:13:43.04,2.5684,3.8926,D,07/25/2025 10:48:11 AM,0.0000,-0.0008,0.0,0.0
1648,0,4,  0d 00:27:23.72,  0d 00:13:44.04,2.5684,3.8925,D,07/25/2025 10:48:11 AM,0.0000,-0.0007,0.0,0.0
1649,0,4,  0d 00:27:24.72,  0d 00:13:45.04,2.5687,3.8920,D,07/25/2025 10:48:12 AM,0.0000,-0.0007,0.0,0.0
1650,0,4,  0d 00:27:25.72,  0d 00:13:46.04,2.5693,3.8918,D,07/25/2025 10:48:13 AM,0.0000,-0.0007,0.0,0.0
1651,0,4,  0d 00:27:26.72,  0d 00:13:47.04,2.5693,3.8914,D,07/25/2025 10:48:14 AM,0.0000,-0.0008,0.0,0.0
1652,0,4,  0d 00:27:27.72,  0d 00:13:48.04,2.5696,3.8911,D,07/25/2025 10:48:15 AM,0.0000,-0.0008,0.0,0.0
1653,0,4,  0d 00:27:28.72,  0d 00:13:49.04,2.5702,3.8906,D,07/25/2025 10:48:16 AM,0.0000,-0.0008,0.0,0.0
1654,0,4,  0d 00:27:29.72,  0d 00:13:50.04,2.5705,3.8901,D,07/25/2025 10:48:17 AM,0.0000,-0.0008,0.0,0.0
1655,0,4,  0d 00:27:30.72,  0d 00:13:51.04,2.5708,3.8899,D,07/25/2025 10:48:18 AM,0.0000,-0.0008,0.0,0.0
1656,0,4,  0d 00:27:31.72,  0d 00:13:52.04,2.5705,3.8894,D,07/25/2025 10:48:19 AM,0.0000,-0.0005,0.0,0.0
1657,0,4,  0d 00:27:32.72,  0d 00:13:53.04,2.5711,3.8891,D,07/25/2025 10:48:21 AM,0.0000,-0.0010,0.0,0.0
1658,0,4,  0d 00:27:33.72,  0d 00:13:54.04,2.5711,3.8888,D,07/25/2025 10:48:21 AM,0.0000,-0.0008,0.0,0.0
1659,0,4,  0d 00:27:34.72,  0d 00:13:55.04,2.5715,3.8885,D,07/25/2025 10:48:22 AM,0.0000,-0.0007,0.0,0.0
1660,0,4,  0d 00:27:35.72,  0d 00:13:56.04,2.5721,3.8881,D,07/25/2025 10:48:23 AM,0.0000,-0.0008,0.0,0.0
1661,0,4,  0d 00:27:36.72,  0d 00:13:57.04,2.5718,3.8878,D,07/25/2025 10:48:24 AM,0.0000,-0.0005,0.0,0.0
1662,0,4,  0d 00:27:37.72,  0d 00:13:58.04,2.5724,3.8872,D,07/25/2025 10:48:25 AM,0.0000,-0.0007,0.0,0.0
1663,0,4,  0d 00:27:38.72,  0d 00:13:59.04,2.5730,3.8870,D,07/25/2025 10:48:26 AM,0.0000,-0.0007,0.0,0.0
1664,0,4,  0d 00:27:39.72,  0d 00:14:00.04,2.5727,3.8867,D,07/25/2025 10:48:27 AM,0.0000,-0.0007,0.0,0.0
1665,0,4,  0d 00:27:40.72,  0d 00:14:01.04,2.5733,3.8863,D,07/25/2025 10:48:28 AM,0.0000,-0.0007,0.0,0.0
1666,0,4,  0d 00:27:41.72,  0d 00:14:02.04,2.5730,3.8859,D,07/25/2025 10:48:29 AM,0.0000,-0.0007,0.0,0.0
1667,0,4,  0d 00:27:42.72,  0d 00:14:03.04,2.5736,3.8856,D,07/25/2025 10:48:31 AM,0.0000,-0.0010,0.0,0.0
1668,0,4,  0d 00:27:43.72,  0d 00:14:04.04,2.5742,3.8852,D,07/25/2025 10:48:31 AM,0.0000,-0.0008,0.0,0.0
1669,0,4,  0d 00:27:44.72,  0d 00:14:05.04,2.5736,3.8849,D,07/25/2025 10:48:32 AM,0.0000,-0.0005,0.0,0.0
1670,0,4,  0d 00:27:45.72,  0d 00:14:06.04,2.5739,3.8846,D,07/25/2025 10:48:33 AM,0.0000,-0.0008,0.0,0.0
1671,0,4,  0d 00:27:46.72,  0d 00:14:07.04,2.5739,3.8842,D,07/25/2025 10:48:34 AM,0.0000,-0.0008,0.0,0.0
1672,0,4,  0d 00:27:47.72,  0d 00:14:08.04,2.5742,3.8838,D,07/25/2025 10:48:35 AM,0.0000,-0.0007,0.0,0.0
1673,0,4,  0d 00:27:48.72,  0d 00:14:09.04,2.5745,3.8836,D,07/25/2025 10:48:36 AM,0.0000,-0.0007,0.0,0.0
1674,0,4,  0d 00:27:49.72,  0d 00:14:10.04,2.5757,3.8830,D,07/25/2025 10:48:37 AM,0.0000,-0.0007,0.0,0.0
1675,0,4,  0d 00:27:50.72,  0d 00:14:11.04,2.5751,3.8827,D,07/25/2025 10:48:38 AM,0.0000,-0.0008,0.0,0.0
1676,0,4,  0d 00:27:51.72,  0d 00:14:12.04,2.5760,3.8825,D,07/25/2025 10:48:39 AM,0.0000,-0.0007,0.0,0.0
1677,0,4,  0d 00:27:52.72,  0d 00:14:13.04,2.5760,3.8820,D,07/25/2025 10:48:41 AM,0.0000,-0.0007,0.0,0.0
1678,0,4,  0d 00:27:53.72,  0d 00:14:14.04,2.5763,3.8817,D,07/25/2025 10:48:41 AM,0.0000,-0.0008,0.0,0.0
1679,0,4,  0d 00:27:54.72,  0d 00:14:15.04,2.5763,3.8814,D,07/25/2025 10:48:42 AM,0.0000,-0.0007,0.0,0.0
1680,0,4,  0d 00:27:55.72,  0d 00:14:16.04,2.5763,3.8810,D,07/25/2025 10:48:43 AM,0.0000,-0.0008,0.0,0.0
1681,0,4,  0d 00:27:56.72,  0d 00:14:17.04,2.5766,3.8806,D,07/25/2025 10:48:44 AM,0.0000,-0.0007,0.0,0.0
1682,0,4,  0d 00:27:57.72,  0d 00:14:18.04,2.5766,3.8803,D,07/25/2025 10:48:45 AM,0.0000,-0.0008,0.0,0.0
1683,0,4,  0d 00:27:58.72,  0d 00:14:19.04,2.5766,3.8798,D,07/25/2025 10:48:46 AM,0.0000,-0.0008,0.0,0.0
1684,0,4,  0d 00:27:59.72,  0d 00:14:20.04,2.5776,3.8797,D,07/25/2025 10:48:47 AM,0.0000,-0.0008,0.0,0.0
1685,0,4,  0d 00:28:00.72,  0d 00:14:21.04,2.5772,3.8793,D,07/25/2025 10:48:48 AM,0.0000,-0.0008,0.0,0.0
1686,0,4,  0d 00:28:01.72,  0d 00:14:22.04,2.5779,3.8789,D,07/25/2025 10:48:49 AM,0.0000,-0.0008,0.0,0.0
1687,0,4,  0d 00:28:02.72,  0d 00:14:23.04,2.5779,3.8786,D,07/25/2025 10:48:50 AM,0.0000,-0.0007,0.0,0.0
1688,0,4,  0d 00:28:03.72,  0d 00:14:24.04,2.5788,3.8782,D,07/25/2025 10:48:52 AM,0.0000,-0.0007,0.0,0.0
1689,0,4,  0d 00:28:04.72,  0d 00:14:25.04,2.5788,3.8778,D,07/25/2025 10:48:52 AM,0.0000,-0.0007,0.0,0.0
1690,0,4,  0d 00:28:05.72,  0d 00:14:26.04,2.5785,3.8775,D,07/25/2025 10:48:53 AM,0.0000,-0.0008,0.0,0.0
1691,0,4,  0d 00:28:06.72,  0d 00:14:27.04,2.5794,3.8770,D,07/25/2025 10:48:54 AM,0.0000,-0.0005,0.0,0.0
1692,0,4,  0d 00:28:07.72,  0d 00:14:28.04,2.5794,3.8767,D,07/25/2025 10:48:55 AM,0.0000,-0.0007,0.0,0.0
1693,0,4,  0d 00:28:08.72,  0d 00:14:29.04,2.5797,3.8764,D,07/25/2025 10:48:56 AM,0.0000,-0.0007,0.0,0.0
1694,0,4,  0d 00:28:09.72,  0d 00:14:30.04,2.5794,3.8759,D,07/25/2025 10:48:57 AM,0.0000,-0.0008,0.0,0.0
1695,0,4,  0d 00:28:10.72,  0d 00:14:31.04,2.5797,3.8757,D,07/25/2025 10:48:58 AM,0.0000,-0.0007,0.0,0.0
1696,0,4,  0d 00:28:11.72,  0d 00:14:32.04,2.5803,3.8752,D,07/25/2025 10:48:59 AM,0.0000,-0.0007,0.0,0.0
1697,0,4,  0d 00:28:12.72,  0d 00:14:33.04,2.5809,3.8750,D,07/25/2025 10:49:00 AM,0.0000,-0.0007,0.0,0.0
1698,0,4,  0d 00:28:13.72,  0d 00:14:34.04,2.5812,3.8746,D,07/25/2025 10:49:02 AM,0.0000,-0.0007,0.0,0.0
1699,0,4,  0d 00:28:14.72,  0d 00:14:35.04,2.5809,3.8743,D,07/25/2025 10:49:02 AM,0.0000,-0.0007,0.0,0.0
1700,0,4,  0d 00:28:15.72,  0d 00:14:36.04,2.5809,3.8739,D,07/25/2025 10:49:03 AM,0.0000,-0.0008,0.0,0.0
1701,0,4,  0d 00:28:16.72,  0d 00:14:37.04,2.5812,3.8736,D,07/25/2025 10:49:04 AM,0.0000,-0.0008,0.0,0.0
1702,0,4,  0d 00:28:17.72,  0d 00:14:38.04,2.5815,3.8732,D,07/25/2025 10:49:05 AM,0.0000,-0.0008,0.0,0.0
1703,0,4,  0d 00:28:18.72,  0d 00:14:39.04,2.5821,3.8729,D,07/25/2025 10:49:06 AM,0.0000,-0.0007,0.0,0.0
1704,0,4,  0d 00:28:19.72,  0d 00:14:40.04,2.5827,3.8725,D,07/25/2025 10:49:07 AM,0.0000,-0.0007,0.0,0.0
1705,0,4,  0d 00:28:20.72,  0d 00:14:41.04,2.5824,3.8721,D,07/25/2025 10:49:08 AM,0.0000,-0.0008,0.0,0.0
1706,0,4,  0d 00:28:21.72,  0d 00:14:42.04,2.5830,3.8718,D,07/25/2025 10:49:09 AM,0.0000,-0.0007,0.0,0.0
1707,0,4,  0d 00:28:22.72,  0d 00:14:43.04,2.5830,3.8714,D,07/25/2025 10:49:10 AM,0.0000,-0.0007,0.0,0.0
1708,0,4,  0d 00:28:23.72,  0d 00:14:44.04,2.5827,3.8711,D,07/25/2025 10:49:12 AM,0.0000,-0.0007,0.0,0.0
1709,0,4,  0d 00:28:24.72,  0d 00:14:45.04,2.5834,3.8708,D,07/25/2025 10:49:12 AM,0.0000,-0.0007,0.0,0.0
1710,0,4,  0d 00:28:25.72,  0d 00:14:46.04,2.5840,3.8705,D,07/25/2025 10:49:13 AM,0.0000,-0.0008,0.0,0.0
1711,0,4,  0d 00:28:26.72,  0d 00:14:47.04,2.5837,3.8699,D,07/25/2025 10:49:14 AM,0.0000,-0.0005,0.0,0.0
1712,0,4,  0d 00:28:27.72,  0d 00:14:48.04,2.5837,3.8698,D,07/25/2025 10:49:15 AM,0.0000,-0.0008,0.0,0.0
1713,0,4,  0d 00:28:28.72,  0d 00:14:49.04,2.5840,3.8695,D,07/25/2025 10:49:16 AM,0.0000,-0.0007,0.0,0.0
1714,0,4,  0d 00:28:29.72,  0d 00:14:50.04,2.5843,3.8691,D,07/25/2025 10:49:17 AM,0.0000,-0.0007,0.0,0.0
1715,0,4,  0d 00:28:30.72,  0d 00:14:51.04,2.5849,3.8687,D,07/25/2025 10:49:18 AM,0.0000,-0.0008,0.0,0.0
1716,0,4,  0d 00:28:31.72,  0d 00:14:52.04,2.5849,3.8683,D,07/25/2025 10:49:19 AM,0.0000,-0.0008,0.0,0.0
1717,0,4,  0d 00:28:32.72,  0d 00:14:53.04,2.5855,3.8680,D,07/25/2025 10:49:20 AM,0.0000,-0.0008,0.0,0.0
1718,0,4,  0d 00:28:33.72,  0d 00:14:54.04,2.5852,3.8676,D,07/25/2025 10:49:22 AM,0.0000,-0.0008,0.0,0.0
1719,0,4,  0d 00:28:34.72,  0d 00:14:55.04,2.5855,3.8673,D,07/25/2025 10:49:22 AM,0.0000,-0.0007,0.0,0.0
1720,0,4,  0d 00:28:35.72,  0d 00:14:56.04,2.5858,3.8671,D,07/25/2025 10:49:23 AM,0.0000,-0.0008,0.0,0.0
1721,0,4,  0d 00:28:36.72,  0d 00:14:57.04,2.5864,3.8668,D,07/25/2025 10:49:24 AM,0.0000,-0.0007,0.0,0.0
1722,0,4,  0d 00:28:37.72,  0d 00:14:58.04,2.5861,3.8663,D,07/25/2025 10:49:25 AM,0.0000,-0.0007,0.0,0.0
1723,0,4,  0d 00:28:38.72,  0d 00:14:59.04,2.5867,3.8660,D,07/25/2025 10:49:26 AM,0.0000,-0.0007,0.0,0.0
1724,0,4,  0d 00:28:39.72,  0d 00:15:00.04,2.5864,3.8657,D,07/25/2025 10:49:27 AM,0.0000,-0.0010,0.0,0.0
1725,0,4,  0d 00:28:40.72,  0d 00:15:01.04,2.5870,3.8654,D,07/25/2025 10:49:28 AM,0.0000,-0.0007,0.0,0.0
1726,0,4,  0d 00:28:41.72,  0d 00:15:02.04,2.5873,3.8650,D,07/25/2025 10:49:30 AM,0.0000,-0.0005,0.0,0.0
1727,0,4,  0d 00:28:42.72,  0d 00:15:03.04,2.5870,3.8647,D,07/25/2025 10:49:30 AM,0.0000,-0.0010,0.0,0.0
1728,0,4,  0d 00:28:43.72,  0d 00:15:04.04,2.5876,3.8642,D,07/25/2025 10:49:32 AM,0.0000,-0.0007,0.0,0.0
1729,0,4,  0d 00:28:44.72,  0d 00:15:05.04,2.5879,3.8640,D,07/25/2025 10:49:32 AM,0.0000,-0.0008,0.0,0.0
1730,0,4,  0d 00:28:45.72,  0d 00:15:06.04,2.5885,3.8635,D,07/25/2025 10:49:33 AM,0.0000,-0.0007,0.0,0.0
1731,0,4,  0d 00:28:46.72,  0d 00:15:07.04,2.5885,3.8631,D,07/25/2025 10:49:34 AM,0.0000,-0.0008,0.0,0.0
1732,0,4,  0d 00:28:47.72,  0d 00:15:08.04,2.5885,3.8629,D,07/25/2025 10:49:35 AM,0.0000,-0.0008,0.0,0.0
1733,0,4,  0d 00:28:48.72,  0d 00:15:09.04,2.5888,3.8626,D,07/25/2025 10:49:36 AM,0.0000,-0.0008,0.0,0.0
1734,0,4,  0d 00:28:49.72,  0d 00:15:10.04,2.5892,3.8624,D,07/25/2025 10:49:38 AM,0.0000,-0.0007,0.0,0.0
1735,0,4,  0d 00:28:50.72,  0d 00:15:11.04,2.5895,3.8620,D,07/25/2025 10:49:38 AM,0.0000,-0.0007,0.0,0.0
1736,0,4,  0d 00:28:51.72,  0d 00:15:12.04,2.5895,3.8616,D,07/25/2025 10:49:39 AM,0.0000,-0.0008,0.0,0.0
1737,0,4,  0d 00:28:52.72,  0d 00:15:13.04,2.5901,3.8614,D,07/25/2025 10:49:40 AM,0.0000,-0.0008,0.0,0.0
1738,0,4,  0d 00:28:53.72,  0d 00:15:14.04,2.5895,3.8609,D,07/25/2025 10:49:42 AM,0.0000,-0.0007,0.0,0.0
1739,0,4,  0d 00:28:54.72,  0d 00:15:15.04,2.5901,3.8605,D,07/25/2025 10:49:42 AM,0.0000,-0.0007,0.0,0.0
1740,0,4,  0d 00:28:55.72,  0d 00:15:16.04,2.5901,3.8601,D,07/25/2025 10:49:43 AM,0.0000,-0.0005,0.0,0.0
1741,0,4,  0d 00:28:56.72,  0d 00:15:17.04,2.5907,3.8599,D,07/25/2025 10:49:44 AM,0.0000,-0.0008,0.0,0.0
1742,0,4,  0d 00:28:57.72,  0d 00:15:18.04,2.5910,3.8595,D,07/25/2025 10:49:46 AM,0.0000,-0.0007,0.0,0.0
1743,0,4,  0d 00:28:58.72,  0d 00:15:19.04,2.5907,3.8592,D,07/25/2025 10:49:47 AM,0.0000,-0.0008,0.0,0.0
1744,0,4,  0d 00:28:59.72,  0d 00:15:20.04,2.5910,3.8589,D,07/25/2025 10:49:47 AM,0.0000,-0.0008,0.0,0.0
1745,0,4,  0d 00:29:00.72,  0d 00:15:21.04,2.5913,3.8585,D,07/25/2025 10:49:48 AM,0.0000,-0.0007,0.0,0.0
1746,0,4,  0d 00:29:01.72,  0d 00:15:22.04,2.5916,3.8582,D,07/25/2025 10:49:49 AM,0.0000,-0.0007,0.0,0.0
1747,0,4,  0d 00:29:02.72,  0d 00:15:23.04,2.5922,3.8578,D,07/25/2025 10:49:50 AM,0.0000,-0.0008,0.0,0.0
1748,0,4,  0d 00:29:03.72,  0d 00:15:24.04,2.5922,3.8575,D,07/25/2025 10:49:52 AM,0.0000,-0.0007,0.0,0.0
1749,0,4,  0d 00:29:04.72,  0d 00:15:25.04,2.5922,3.8571,D,07/25/2025 10:49:52 AM,0.0000,-0.0007,0.0,0.0
1750,0,4,  0d 00:29:05.72,  0d 00:15:26.04,2.5925,3.8569,D,07/25/2025 10:49:54 AM,0.0000,-0.0008,0.0,0.0
1751,0,4,  0d 00:29:06.72,  0d 00:15:27.04,2.5925,3.8565,D,07/25/2025 10:49:54 AM,0.0000,-0.0008,0.0,0.0
1752,0,4,  0d 00:29:07.72,  0d 00:15:28.04,2.5928,3.8563,D,07/25/2025 10:49:55 AM,0.0000,-0.0007,0.0,0.0
1753,0,4,  0d 00:29:08.72,  0d 00:15:29.04,2.5934,3.8559,D,07/25/2025 10:49:56 AM,0.0000,-0.0007,0.0,0.0
1754,0,4,  0d 00:29:09.72,  0d 00:15:30.04,2.5931,3.8556,D,07/25/2025 10:49:57 AM,0.0000,-0.0007,0.0,0.0
1755,0,4,  0d 00:29:10.72,  0d 00:15:31.04,2.5934,3.8553,D,07/25/2025 10:49:58 AM,0.0000,-0.0007,0.0,0.0
1756,0,4,  0d 00:29:11.72,  0d 00:15:32.04,2.5940,3.8548,D,07/25/2025 10:49:59 AM,0.0000,-0.0007,0.0,0.0
1757,0,4,  0d 00:29:12.72,  0d 00:15:33.04,2.5946,3.8544,D,07/25/2025 10:50:00 AM,0.0000,-0.0007,0.0,0.0
1758,0,4,  0d 00:29:13.72,  0d 00:15:34.04,2.5940,3.8543,D,07/25/2025 10:50:01 AM,0.0000,-0.0007,0.0,0.0
1759,0,4,  0d 00:29:14.72,  0d 00:15:35.04,2.5946,3.8538,D,07/25/2025 10:50:03 AM,0.0000,-0.0007,0.0,0.0
1760,0,4,  0d 00:29:15.72,  0d 00:15:36.04,2.5953,3.8534,D,07/25/2025 10:50:03 AM,0.0000,-0.0008,0.0,0.0
1761,0,4,  0d 00:29:16.72,  0d 00:15:37.04,2.5949,3.8532,D,07/25/2025 10:50:04 AM,0.0000,-0.0007,0.0,0.0
1762,0,4,  0d 00:29:17.72,  0d 00:15:38.04,2.5949,3.8530,D,07/25/2025 10:50:05 AM,0.0000,-0.0008,0.0,0.0
1763,0,4,  0d 00:29:18.72,  0d 00:15:39.04,2.5956,3.8526,D,07/25/2025 10:50:06 AM,0.0000,-0.0007,0.0,0.0
1764,0,4,  0d 00:29:19.72,  0d 00:15:40.04,2.5959,3.8524,D,07/25/2025 10:50:07 AM,0.0000,-0.0008,0.0,0.0
1765,0,4,  0d 00:29:20.72,  0d 00:15:41.04,2.5968,3.8520,D,07/25/2025 10:50:08 AM,0.0000,-0.0008,0.0,0.0
1766,0,4,  0d 00:29:21.72,  0d 00:15:42.04,2.5959,3.8518,D,07/25/2025 10:50:09 AM,0.0000,-0.0008,0.0,0.0
1767,0,4,  0d 00:29:22.72,  0d 00:15:43.04,2.5965,3.8514,D,07/25/2025 10:50:10 AM,0.0000,-0.0008,0.0,0.0
1768,0,4,  0d 00:29:23.72,  0d 00:15:44.04,2.5962,3.8510,D,07/25/2025 10:50:11 AM,0.0000,-0.0008,0.0,0.0
1769,0,4,  0d 00:29:24.72,  0d 00:15:45.04,2.5971,3.8508,D,07/25/2025 10:50:13 AM,0.0000,-0.0008,0.0,0.0
1770,0,4,  0d 00:29:25.72,  0d 00:15:46.04,2.5971,3.8504,D,07/25/2025 10:50:13 AM,0.0000,-0.0007,0.0,0.0
1771,0,4,  0d 00:29:26.72,  0d 00:15:47.04,2.5983,3.8501,D,07/25/2025 10:50:14 AM,0.0000,-0.0007,0.0,0.0
1772,0,4,  0d 00:29:27.72,  0d 00:15:48.04,2.5971,3.8499,D,07/25/2025 10:50:15 AM,0.0000,-0.0008,0.0,0.0
1773,0,4,  0d 00:29:28.72,  0d 00:15:49.04,2.5971,3.8495,D,07/25/2025 10:50:16 AM,0.0000,-0.0007,0.0,0.0
1774,0,4,  0d 00:29:29.72,  0d 00:15:50.04,2.5983,3.8492,D,07/25/2025 10:50:17 AM,0.0000,-0.0007,0.0,0.0
1775,0,4,  0d 00:29:30.72,  0d 00:15:51.04,2.5983,3.8489,D,07/25/2025 10:50:18 AM,0.0000,-0.0008,0.0,0.0
1776,0,4,  0d 00:29:31.72,  0d 00:15:52.04,2.5980,3.8486,D,07/25/2025 10:50:19 AM,0.0000,-0.0007,0.0,0.0
1777,0,4,  0d 00:29:32.72,  0d 00:15:53.04,2.5983,3.8482,D,07/25/2025 10:50:20 AM,0.0000,-0.0008,0.0,0.0
1778,0,4,  0d 00:29:33.72,  0d 00:15:54.04,2.5986,3.8479,D,07/25/2025 10:50:21 AM,0.0000,-0.0008,0.0,0.0
1779,0,4,  0d 00:29:34.72,  0d 00:15:55.04,2.5989,3.8476,D,07/25/2025 10:50:23 AM,0.0000,-0.0008,0.0,0.0
1780,0,4,  0d 00:29:35.72,  0d 00:15:56.04,2.5992,3.8473,D,07/25/2025 10:50:23 AM,0.0000,-0.0007,0.0,0.0
1781,0,4,  0d 00:29:36.72,  0d 00:15:57.04,2.5995,3.8470,D,07/25/2025 10:50:24 AM,0.0000,-0.0008,0.0,0.0
1782,0,4,  0d 00:29:37.72,  0d 00:15:58.04,2.5992,3.8466,D,07/25/2025 10:50:25 AM,0.0000,-0.0008,0.0,0.0
1783,0,4,  0d 00:29:38.72,  0d 00:15:59.04,2.5998,3.8463,D,07/25/2025 10:50:26 AM,0.0000,-0.0007,0.0,0.0
1784,0,4,  0d 00:29:39.72,  0d 00:16:00.04,2.5998,3.8459,D,07/25/2025 10:50:27 AM,0.0000,-0.0008,0.0,0.0
1785,0,4,  0d 00:29:40.72,  0d 00:16:01.04,2.6001,3.8458,D,07/25/2025 10:50:28 AM,0.0000,-0.0007,0.0,0.0
1786,0,4,  0d 00:29:41.72,  0d 00:16:02.04,2.6007,3.8454,D,07/25/2025 10:50:29 AM,0.0000,-0.0008,0.0,0.0
1787,0,4,  0d 00:29:42.72,  0d 00:16:03.04,2.6004,3.8450,D,07/25/2025 10:50:30 AM,0.0000,-0.0008,0.0,0.0
1788,0,4,  0d 00:29:43.72,  0d 00:16:04.04,2.6007,3.8449,D,07/25/2025 10:50:31 AM,0.0000,-0.0008,0.0,0.0
1789,0,4,  0d 00:29:44.72,  0d 00:16:05.04,2.6001,3.8444,D,07/25/2025 10:50:33 AM,0.0000,-0.0008,0.0,0.0
1790,0,4,  0d 00:29:45.72,  0d 00:16:06.04,2.6014,3.8442,D,07/25/2025 10:50:33 AM,0.0000,-0.0008,0.0,0.0
1791,0,4,  0d 00:29:46.72,  0d 00:16:07.04,2.6007,3.8440,D,07/25/2025 10:50:34 AM,0.0000,-0.0007,0.0,0.0
1792,0,4,  0d 00:29:47.72,  0d 00:16:08.04,2.6014,3.8436,D,07/25/2025 10:50:35 AM,0.0000,-0.0007,0.0,0.0
1793,0,4,  0d 00:29:48.72,  0d 00:16:09.04,2.6020,3.8434,D,07/25/2025 10:50:36 AM,0.0000,-0.0008,0.0,0.0
1794,0,4,  0d 00:29:49.72,  0d 00:16:10.04,2.6017,3.8431,D,07/25/2025 10:50:37 AM,0.0000,-0.0007,0.0,0.0
1795,0,4,  0d 00:29:50.72,  0d 00:16:11.04,2.6017,3.8427,D,07/25/2025 10:50:38 AM,0.0000,-0.0007,0.0,0.0
1796,0,4,  0d 00:29:51.72,  0d 00:16:12.04,2.6026,3.8423,D,07/25/2025 10:50:39 AM,0.0000,-0.0008,0.0,0.0
1797,0,4,  0d 00:29:52.72,  0d 00:16:13.04,2.6026,3.8421,D,07/25/2025 10:50:40 AM,0.0000,-0.0008,0.0,0.0
1798,0,4,  0d 00:29:53.72,  0d 00:16:14.04,2.6026,3.8418,D,07/25/2025 10:50:41 AM,0.0000,-0.0008,0.0,0.0
1799,0,4,  0d 00:29:54.72,  0d 00:16:15.04,2.6029,3.8415,D,07/25/2025 10:50:43 AM,0.0000,-0.0007,0.0,0.0
1800,0,4,  0d 00:29:55.72,  0d 00:16:16.04,2.6029,3.8412,D,07/25/2025 10:50:43 AM,0.0000,-0.0008,0.0,0.0
1801,0,4,  0d 00:29:56.72,  0d 00:16:17.04,2.6026,3.8409,D,07/25/2025 10:50:44 AM,0.0000,-0.0007,0.0,0.0
1802,0,4,  0d 00:29:57.72,  0d 00:16:18.04,2.6032,3.8407,D,07/25/2025 10:50:45 AM,0.0000,-0.0008,0.0,0.0
1803,0,4,  0d 00:29:58.72,  0d 00:16:19.04,2.6044,3.8401,D,07/25/2025 10:50:46 AM,0.0000,-0.0008,0.0,0.0
1804,0,4,  0d 00:29:59.72,  0d 00:16:20.04,2.6041,3.8399,D,07/25/2025 10:50:47 AM,0.0000,-0.0007,0.0,0.0
1805,0,4,  0d 00:30:00.72,  0d 00:16:21.04,2.6041,3.8398,D,07/25/2025 10:50:48 AM,0.0000,-0.0007,0.0,0.0
1806,0,4,  0d 00:30:01.72,  0d 00:16:22.04,2.6044,3.8396,D,07/25/2025 10:50:49 AM,0.0000,-0.0007,0.0,0.0
1807,0,4,  0d 00:30:02.72,  0d 00:16:23.04,2.6047,3.8392,D,07/25/2025 10:50:50 AM,0.0000,-0.0008,0.0,0.0
1808,0,4,  0d 00:30:03.72,  0d 00:16:24.04,2.6044,3.8388,D,07/25/2025 10:50:51 AM,0.0000,-0.0008,0.0,0.0
1809,0,4,  0d 00:30:04.72,  0d 00:16:25.04,2.6050,3.8386,D,07/25/2025 10:50:53 AM,0.0000,-0.0008,0.0,0.0
1810,0,4,  0d 00:30:05.72,  0d 00:16:26.04,2.6053,3.8382,D,07/25/2025 10:50:53 AM,0.0000,-0.0007,0.0,0.0
1811,0,4,  0d 00:30:06.72,  0d 00:16:27.04,2.6050,3.8380,D,07/25/2025 10:50:54 AM,0.0000,-0.0005,0.0,0.0
1812,0,4,  0d 00:30:07.72,  0d 00:16:28.04,2.6056,3.8375,D,07/25/2025 10:50:55 AM,0.0000,-0.0007,0.0,0.0
1813,0,4,  0d 00:30:08.72,  0d 00:16:29.04,2.6056,3.8373,D,07/25/2025 10:50:56 AM,0.0000,-0.0008,0.0,0.0
1814,0,4,  0d 00:30:09.72,  0d 00:16:30.04,2.6062,3.8371,D,07/25/2025 10:50:57 AM,0.0000,-0.0007,0.0,0.0
1815,0,4,  0d 00:30:10.72,  0d 00:16:31.04,2.6065,3.8368,D,07/25/2025 10:50:58 AM,0.0000,-0.0008,0.0,0.0
1816,0,4,  0d 00:30:11.72,  0d 00:16:32.04,2.6059,3.8364,D,07/25/2025 10:50:59 AM,0.0000,-0.0010,0.0,0.0
1817,0,4,  0d 00:30:12.72,  0d 00:16:33.04,2.6059,3.8362,D,07/25/2025 10:51:00 AM,0.0000,-0.0008,0.0,0.0
1818,0,4,  0d 00:30:13.72,  0d 00:16:34.04,2.6072,3.8359,D,07/25/2025 10:51:01 AM,0.0000,-0.0007,0.0,0.0
1819,0,4,  0d 00:30:14.72,  0d 00:16:35.04,2.6069,3.8357,D,07/25/2025 10:51:03 AM,0.0000,-0.0007,0.0,0.0
1820,0,4,  0d 00:30:15.72,  0d 00:16:36.04,2.6069,3.8354,D,07/25/2025 10:51:03 AM,0.0000,-0.0008,0.0,0.0
1821,0,4,  0d 00:30:16.72,  0d 00:16:37.04,2.6072,3.8350,D,07/25/2025 10:51:04 AM,0.0000,-0.0008,0.0,0.0
1822,0,4,  0d 00:30:17.72,  0d 00:16:38.04,2.6078,3.8347,D,07/25/2025 10:51:05 AM,0.0000,-0.0008,0.0,0.0
1823,0,4,  0d 00:30:18.72,  0d 00:16:39.04,2.6081,3.8345,D,07/25/2025 10:51:06 AM,0.0000,-0.0007,0.0,0.0
1824,0,4,  0d 00:30:19.72,  0d 00:16:40.04,2.6081,3.8341,D,07/25/2025 10:51:07 AM,0.0000,-0.0010,0.0,0.0
1825,0,4,  0d 00:30:20.72,  0d 00:16:41.04,2.6084,3.8340,D,07/25/2025 10:51:08 AM,0.0000,-0.0008,0.0,0.0
1826,0,4,  0d 00:30:21.72,  0d 00:16:42.04,2.6087,3.8337,D,07/25/2025 10:51:09 AM,0.0000,-0.0007,0.0,0.0
1827,0,4,  0d 00:30:22.72,  0d 00:16:43.04,2.6084,3.8333,D,07/25/2025 10:51:10 AM,0.0000,-0.0008,0.0,0.0
1828,0,4,  0d 00:30:23.72,  0d 00:16:44.04,2.6087,3.8330,D,07/25/2025 10:51:11 AM,0.0000,-0.0007,0.0,0.0
1829,0,4,  0d 00:30:24.72,  0d 00:16:45.04,2.6084,3.8330,D,07/25/2025 10:51:12 AM,0.0000,-0.0007,0.0,0.0
1830,0,4,  0d 00:30:25.72,  0d 00:16:46.04,2.6084,3.8326,D,07/25/2025 10:51:14 AM,0.0000,-0.0007,0.0,0.0
1831,0,4,  0d 00:30:26.72,  0d 00:16:47.04,2.6093,3.8324,D,07/25/2025 10:51:14 AM,0.0000,-0.0007,0.0,0.0
1832,0,4,  0d 00:30:27.72,  0d 00:16:48.04,2.6096,3.8319,D,07/25/2025 10:51:15 AM,0.0000,-0.0008,0.0,0.0
1833,0,4,  0d 00:30:28.72,  0d 00:16:49.04,2.6096,3.8316,D,07/25/2025 10:51:16 AM,0.0000,-0.0008,0.0,0.0
1834,0,4,  0d 00:30:29.72,  0d 00:16:50.04,2.6099,3.8315,D,07/25/2025 10:51:17 AM,0.0000,-0.0005,0.0,0.0
1835,0,4,  0d 00:30:30.72,  0d 00:16:51.04,2.6105,3.8311,D,07/25/2025 10:51:18 AM,0.0000,-0.0008,0.0,0.0
1836,0,4,  0d 00:30:31.72,  0d 00:16:52.04,2.6102,3.8311,D,07/25/2025 10:51:19 AM,0.0000,-0.0008,0.0,0.0
1837,0,4,  0d 00:30:32.72,  0d 00:16:53.04,2.6105,3.8306,D,07/25/2025 10:51:20 AM,0.0000,-0.0008,0.0,0.0
1838,0,4,  0d 00:30:33.72,  0d 00:16:54.04,2.6108,3.8304,D,07/25/2025 10:51:21 AM,0.0000,-0.0008,0.0,0.0
1839,0,4,  0d 00:30:34.72,  0d 00:16:55.04,2.6111,3.8300,D,07/25/2025 10:51:22 AM,0.0000,-0.0008,0.0,0.0
1840,0,4,  0d 00:30:35.72,  0d 00:16:56.04,2.6108,3.8298,D,07/25/2025 10:51:24 AM,0.0000,-0.0008,0.0,0.0
1841,0,4,  0d 00:30:36.72,  0d 00:16:57.04,2.6111,3.8296,D,07/25/2025 10:51:24 AM,0.0000,-0.0007,0.0,0.0
1842,0,4,  0d 00:30:37.72,  0d 00:16:58.04,2.6117,3.8293,D,07/25/2025 10:51:25 AM,0.0000,-0.0008,0.0,0.0
1843,0,4,  0d 00:30:38.72,  0d 00:16:59.04,2.6117,3.8290,D,07/25/2025 10:51:26 AM,0.0000,-0.0008,0.0,0.0
1844,0,4,  0d 00:30:39.72,  0d 00:17:00.04,2.6117,3.8288,D,07/25/2025 10:51:27 AM,0.0000,-0.0008,0.0,0.0
1845,0,4,  0d 00:30:40.72,  0d 00:17:01.04,2.6114,3.8284,D,07/25/2025 10:51:28 AM,0.0000,-0.0008,0.0,0.0
1846,0,4,  0d 00:30:41.72,  0d 00:17:02.04,2.6120,3.8282,D,07/25/2025 10:51:29 AM,0.0000,-0.0007,0.0,0.0
1847,0,4,  0d 00:30:42.72,  0d 00:17:03.04,2.6123,3.8280,D,07/25/2025 10:51:30 AM,0.0000,-0.0007,0.0,0.0
1848,0,4,  0d 00:30:43.72,  0d 00:17:04.04,2.6126,3.8276,D,07/25/2025 10:51:31 AM,0.0000,-0.0005,0.0,0.0
1849,0,4,  0d 00:30:44.72,  0d 00:17:05.04,2.6123,3.8273,D,07/25/2025 10:51:32 AM,0.0000,-0.0007,0.0,0.0
1850,0,4,  0d 00:30:45.72,  0d 00:17:06.04,2.6130,3.8271,D,07/25/2025 10:51:34 AM,0.0000,-0.0007,0.0,0.0
1851,0,4,  0d 00:30:46.72,  0d 00:17:07.04,2.6123,3.8269,D,07/25/2025 10:51:34 AM,0.0000,-0.0008,0.0,0.0
1852,0,4,  0d 00:30:47.72,  0d 00:17:08.04,2.6133,3.8267,D,07/25/2025 10:51:35 AM,0.0000,-0.0007,0.0,0.0
1853,0,4,  0d 00:30:48.72,  0d 00:17:09.04,2.6130,3.8263,D,07/25/2025 10:51:36 AM,0.0000,-0.0007,0.0,0.0
1854,0,4,  0d 00:30:49.72,  0d 00:17:10.04,2.6136,3.8260,D,07/25/2025 10:51:37 AM,0.0000,-0.0008,0.0,0.0
1855,0,4,  0d 00:30:50.72,  0d 00:17:11.04,2.6136,3.8259,D,07/25/2025 10:51:38 AM,0.0000,-0.0007,0.0,0.0
1856,0,4,  0d 00:30:51.72,  0d 00:17:12.04,2.6142,3.8255,D,07/25/2025 10:51:39 AM,0.0000,-0.0007,0.0,0.0
1857,0,4,  0d 00:30:52.72,  0d 00:17:13.04,2.6139,3.8253,D,07/25/2025 10:51:40 AM,0.0000,-0.0007,0.0,0.0
1858,0,4,  0d 00:30:53.72,  0d 00:17:14.04,2.6139,3.8250,D,07/25/2025 10:51:41 AM,0.0000,-0.0007,0.0,0.0
1859,0,4,  0d 00:30:54.72,  0d 00:17:15.04,2.6148,3.8246,D,07/25/2025 10:51:42 AM,0.0000,-0.0007,0.0,0.0
1860,0,4,  0d 00:30:55.72,  0d 00:17:16.04,2.6148,3.8244,D,07/25/2025 10:51:44 AM,0.0000,-0.0008,0.0,0.0
1861,0,4,  0d 00:30:56.72,  0d 00:17:17.04,2.6145,3.8242,D,07/25/2025 10:51:44 AM,0.0000,-0.0008,0.0,0.0
1862,0,4,  0d 00:30:57.72,  0d 00:17:18.04,2.6148,3.8238,D,07/25/2025 10:51:45 AM,0.0000,-0.0007,0.0,0.0
1863,0,4,  0d 00:30:58.72,  0d 00:17:19.04,2.6148,3.8236,D,07/25/2025 10:51:46 AM,0.0000,-0.0007,0.0,0.0
1864,0,4,  0d 00:30:59.72,  0d 00:17:20.04,2.6157,3.8235,D,07/25/2025 10:51:47 AM,0.0000,-0.0008,0.0,0.0
1865,0,4,  0d 00:31:00.72,  0d 00:17:21.04,2.6154,3.8231,D,07/25/2025 10:51:48 AM,0.0000,-0.0010,0.0,0.0
1866,0,4,  0d 00:31:01.72,  0d 00:17:22.04,2.6160,3.8229,D,07/25/2025 10:51:49 AM,0.0000,-0.0007,0.0,0.0
1867,0,4,  0d 00:31:02.72,  0d 00:17:23.04,2.6157,3.8226,D,07/25/2025 10:51:50 AM,0.0000,-0.0010,0.0,0.0
1868,0,4,  0d 00:31:03.72,  0d 00:17:24.04,2.6157,3.8225,D,07/25/2025 10:51:51 AM,0.0000,-0.0008,0.0,0.0
1869,0,4,  0d 00:31:04.72,  0d 00:17:25.04,2.6160,3.8221,D,07/25/2025 10:51:53 AM,0.0000,-0.0008,0.0,0.0
1870,0,4,  0d 00:31:05.72,  0d 00:17:26.04,2.6160,3.8218,D,07/25/2025 10:51:54 AM,0.0000,-0.0008,0.0,0.0
1871,0,4,  0d 00:31:06.72,  0d 00:17:27.04,2.6169,3.8215,D,07/25/2025 10:51:54 AM,0.0000,-0.0007,0.0,0.0
1872,0,4,  0d 00:31:07.72,  0d 00:17:28.04,2.6169,3.8213,D,07/25/2025 10:51:55 AM,0.0000,-0.0008,0.0,0.0
1873,0,4,  0d 00:31:08.72,  0d 00:17:29.04,2.6166,3.8210,D,07/25/2025 10:51:56 AM,0.0000,-0.0008,0.0,0.0
1874,0,4,  0d 00:31:09.72,  0d 00:17:30.04,2.6172,3.8208,D,07/25/2025 10:51:57 AM,0.0000,-0.0008,0.0,0.0
1875,0,4,  0d 00:31:10.72,  0d 00:17:31.04,2.6169,3.8206,D,07/25/2025 10:51:58 AM,0.0000,-0.0007,0.0,0.0
1876,0,4,  0d 00:31:11.72,  0d 00:17:32.04,2.6172,3.8202,D,07/25/2025 10:51:59 AM,0.0000,-0.0008,0.0,0.0
1877,0,4,  0d 00:31:12.72,  0d 00:17:33.04,2.6172,3.8199,D,07/25/2025 10:52:00 AM,0.0000,-0.0008,0.0,0.0
1878,0,4,  0d 00:31:13.72,  0d 00:17:34.04,2.6178,3.8198,D,07/25/2025 10:52:01 AM,0.0000,-0.0008,0.0,0.0
1879,0,4,  0d 00:31:14.72,  0d 00:17:35.04,2.6178,3.8196,D,07/25/2025 10:52:03 AM,0.0000,-0.0008,0.0,0.0
1880,0,4,  0d 00:31:15.72,  0d 00:17:36.04,2.6181,3.8193,D,07/25/2025 10:52:04 AM,0.0000,-0.0007,0.0,0.0
1881,0,4,  0d 00:31:16.72,  0d 00:17:37.04,2.6181,3.8192,D,07/25/2025 10:52:04 AM,0.0000,-0.0007,0.0,0.0
1882,0,4,  0d 00:31:17.72,  0d 00:17:38.04,2.6181,3.8188,D,07/25/2025 10:52:05 AM,0.0000,-0.0007,0.0,0.0
1883,0,4,  0d 00:31:18.72,  0d 00:17:39.04,2.6181,3.8185,D,07/25/2025 10:52:06 AM,0.0000,-0.0007,0.0,0.0
1884,0,4,  0d 00:31:19.72,  0d 00:17:40.04,2.6181,3.8183,D,07/25/2025 10:52:07 AM,0.0000,-0.0008,0.0,0.0
1885,0,4,  0d 00:31:20.72,  0d 00:17:41.04,2.6191,3.8180,D,07/25/2025 10:52:08 AM,0.0000,-0.0008,0.0,0.0
1886,0,4,  0d 00:31:21.72,  0d 00:17:42.04,2.6188,3.8177,D,07/25/2025 10:52:09 AM,0.0000,-0.0008,0.0,0.0
1887,0,4,  0d 00:31:22.72,  0d 00:17:43.04,2.6197,3.8175,D,07/25/2025 10:52:10 AM,0.0000,-0.0007,0.0,0.0
1888,0,4,  0d 00:31:23.72,  0d 00:17:44.04,2.6191,3.8173,D,07/25/2025 10:52:11 AM,0.0000,-0.0007,0.0,0.0
1889,0,4,  0d 00:31:24.72,  0d 00:17:45.04,2.6194,3.8171,D,07/25/2025 10:52:12 AM,0.0000,-0.0010,0.0,0.0
1890,0,4,  0d 00:31:25.72,  0d 00:17:46.04,2.6200,3.8168,D,07/25/2025 10:52:14 AM,0.0000,-0.0008,0.0,0.0
1891,0,4,  0d 00:31:26.72,  0d 00:17:47.04,2.6194,3.8168,D,07/25/2025 10:52:15 AM,0.0000,-0.0008,0.0,0.0
1892,0,4,  0d 00:31:27.72,  0d 00:17:48.04,2.6200,3.8163,D,07/25/2025 10:52:16 AM,0.0000,-0.0008,0.0,0.0
1893,0,4,  0d 00:31:28.72,  0d 00:17:49.04,2.6200,3.8162,D,07/25/2025 10:52:16 AM,0.0000,-0.0008,0.0,0.0
1894,0,4,  0d 00:31:29.72,  0d 00:17:50.04,2.6206,3.8159,D,07/25/2025 10:52:17 AM,0.0000,-0.0008,0.0,0.0
1895,0,4,  0d 00:31:30.72,  0d 00:17:51.04,2.6206,3.8155,D,07/25/2025 10:52:18 AM,0.0000,-0.0008,0.0,0.0
1896,0,4,  0d 00:31:31.72,  0d 00:17:52.04,2.6215,3.8154,D,07/25/2025 10:52:19 AM,0.0000,-0.0008,0.0,0.0
1897,0,4,  0d 00:31:32.72,  0d 00:17:53.04,2.6212,3.8151,D,07/25/2025 10:52:20 AM,0.0000,-0.0010,0.0,0.0
1898,0,4,  0d 00:31:33.72,  0d 00:17:54.04,2.6212,3.8149,D,07/25/2025 10:52:21 AM,0.0000,-0.0007,0.0,0.0
1899,0,4,  0d 00:31:34.72,  0d 00:17:55.04,2.6212,3.8148,D,07/25/2025 10:52:22 AM,0.0000,-0.0008,0.0,0.0
1900,0,4,  0d 00:31:35.72,  0d 00:17:56.04,2.6215,3.8144,D,07/25/2025 10:52:24 AM,0.0000,-0.0008,0.0,0.0
1901,0,4,  0d 00:31:36.72,  0d 00:17:57.04,2.6215,3.8142,D,07/25/2025 10:52:24 AM,0.0000,-0.0008,0.0,0.0
1902,0,4,  0d 00:31:37.72,  0d 00:17:58.04,2.6212,3.8139,D,07/25/2025 10:52:25 AM,0.0000,-0.0008,0.0,0.0
1903,0,4,  0d 00:31:38.72,  0d 00:17:59.04,2.6221,3.8137,D,07/25/2025 10:52:26 AM,0.0000,-0.0008,0.0,0.0
1904,0,4,  0d 00:31:39.72,  0d 00:18:00.04,2.6221,3.8134,D,07/25/2025 10:52:27 AM,0.0000,-0.0008,0.0,0.0
1905,0,4,  0d 00:31:40.72,  0d 00:18:01.04,2.6221,3.8134,D,07/25/2025 10:52:28 AM,0.0000,-0.0010,0.0,0.0
1906,0,4,  0d 00:31:41.72,  0d 00:18:02.04,2.6227,3.8129,D,07/25/2025 10:52:29 AM,0.0000,-0.0007,0.0,0.0
1907,0,4,  0d 00:31:42.72,  0d 00:18:03.04,2.6227,3.8128,D,07/25/2025 10:52:30 AM,0.0000,-0.0007,0.0,0.0
1908,0,4,  0d 00:31:43.72,  0d 00:18:04.04,2.6230,3.8125,D,07/25/2025 10:52:31 AM,0.0000,-0.0007,0.0,0.0
1909,0,4,  0d 00:31:44.72,  0d 00:18:05.04,2.6233,3.8122,D,07/25/2025 10:52:32 AM,0.0000,-0.0008,0.0,0.0
1910,0,4,  0d 00:31:45.72,  0d 00:18:06.04,2.6230,3.8120,D,07/25/2025 10:52:33 AM,0.0000,-0.0007,0.0,0.0
1911,0,4,  0d 00:31:46.72,  0d 00:18:07.04,2.6233,3.8119,D,07/25/2025 10:52:35 AM,0.0000,-0.0007,0.0,0.0
1912,0,4,  0d 00:31:47.72,  0d 00:18:08.04,2.6230,3.8116,D,07/25/2025 10:52:35 AM,0.0000,-0.0008,0.0,0.0
1913,0,4,  0d 00:31:48.72,  0d 00:18:09.04,2.6239,3.8113,D,07/25/2025 10:52:36 AM,0.0000,-0.0008,0.0,0.0
1914,0,4,  0d 00:31:49.72,  0d 00:18:10.04,2.6239,3.8110,D,07/25/2025 10:52:37 AM,0.0000,-0.0008,0.0,0.0
1915,0,4,  0d 00:31:50.72,  0d 00:18:11.04,2.6239,3.8108,D,07/25/2025 10:52:38 AM,0.0000,-0.0007,0.0,0.0
1916,0,4,  0d 00:31:51.72,  0d 00:18:12.04,2.6239,3.8105,D,07/25/2025 10:52:39 AM,0.0000,-0.0010,0.0,0.0
1917,0,4,  0d 00:31:52.72,  0d 00:18:13.04,2.6246,3.8103,D,07/25/2025 10:52:40 AM,0.0000,-0.0007,0.0,0.0
1918,0,4,  0d 00:31:53.72,  0d 00:18:14.04,2.6242,3.8101,D,07/25/2025 10:52:41 AM,0.0000,-0.0008,0.0,0.0
1919,0,4,  0d 00:31:54.72,  0d 00:18:15.04,2.6246,3.8099,D,07/25/2025 10:52:42 AM,0.0000,-0.0008,0.0,0.0
1920,0,4,  0d 00:31:55.72,  0d 00:18:16.04,2.6246,3.8096,D,07/25/2025 10:52:43 AM,0.0000,-0.0007,0.0,0.0
1921,0,4,  0d 00:31:56.72,  0d 00:18:17.04,2.6246,3.8094,D,07/25/2025 10:52:45 AM,0.0000,-0.0007,0.0,0.0
1922,0,4,  0d 00:31:57.72,  0d 00:18:18.04,2.6249,3.8092,D,07/25/2025 10:52:45 AM,0.0000,-0.0007,0.0,0.0
1923,0,4,  0d 00:31:58.72,  0d 00:18:19.04,2.6252,3.8090,D,07/25/2025 10:52:46 AM,0.0000,-0.0007,0.0,0.0
1924,0,4,  0d 00:31:59.72,  0d 00:18:20.04,2.6255,3.8088,D,07/25/2025 10:52:47 AM,0.0000,-0.0007,0.0,0.0
1925,0,4,  0d 00:32:00.72,  0d 00:18:21.04,2.6255,3.8084,D,07/25/2025 10:52:48 AM,0.0000,-0.0008,0.0,0.0
1926,0,4,  0d 00:32:01.72,  0d 00:18:22.04,2.6258,3.8083,D,07/25/2025 10:52:49 AM,0.0000,-0.0007,0.0,0.0
1927,0,4,  0d 00:32:02.72,  0d 00:18:23.04,2.6258,3.8080,D,07/25/2025 10:52:50 AM,0.0000,-0.0007,0.0,0.0
1928,0,4,  0d 00:32:03.72,  0d 00:18:24.04,2.6258,3.8078,D,07/25/2025 10:52:51 AM,0.0000,-0.0007,0.0,0.0
1929,0,4,  0d 00:32:04.72,  0d 00:18:25.04,2.6258,3.8075,D,07/25/2025 10:52:52 AM,0.0000,-0.0008,0.0,0.0
1930,0,4,  0d 00:32:05.72,  0d 00:18:26.04,2.6264,3.8075,D,07/25/2025 10:52:53 AM,0.0000,-0.0010,0.0,0.0
1931,0,4,  0d 00:32:06.72,  0d 00:18:27.04,2.6267,3.8070,D,07/25/2025 10:52:55 AM,0.0000,-0.0007,0.0,0.0
1932,0,4,  0d 00:32:07.72,  0d 00:18:28.04,2.6264,3.8068,D,07/25/2025 10:52:55 AM,0.0000,-0.0008,0.0,0.0
1933,0,4,  0d 00:32:08.72,  0d 00:18:29.04,2.6264,3.8067,D,07/25/2025 10:52:56 AM,0.0000,-0.0007,0.0,0.0
1934,0,4,  0d 00:32:09.72,  0d 00:18:30.04,2.6270,3.8064,D,07/25/2025 10:52:57 AM,0.0000,-0.0007,0.0,0.0
1935,0,4,  0d 00:32:10.72,  0d 00:18:31.04,2.6270,3.8063,D,07/25/2025 10:52:58 AM,0.0000,-0.0007,0.0,0.0
1936,0,4,  0d 00:32:11.72,  0d 00:18:32.04,2.6276,3.8059,D,07/25/2025 10:52:59 AM,0.0000,-0.0007,0.0,0.0
1937,0,4,  0d 00:32:12.72,  0d 00:18:33.04,2.6273,3.8057,D,07/25/2025 10:53:00 AM,0.0000,-0.0007,0.0,0.0
1938,0,4,  0d 00:32:13.72,  0d 00:18:34.04,2.6279,3.8055,D,07/25/2025 10:53:01 AM,0.0000,-0.0007,0.0,0.0
1939,0,4,  0d 00:32:14.72,  0d 00:18:35.04,2.6279,3.8053,D,07/25/2025 10:53:02 AM,0.0000,-0.0008,0.0,0.0
1940,0,4,  0d 00:32:15.72,  0d 00:18:36.04,2.6279,3.8051,D,07/25/2025 10:53:03 AM,0.0000,-0.0008,0.0,0.0
1941,0,4,  0d 00:32:16.72,  0d 00:18:37.04,2.6279,3.8049,D,07/25/2025 10:53:05 AM,0.0000,-0.0007,0.0,0.0
1942,0,4,  0d 00:32:17.72,  0d 00:18:38.04,2.6282,3.8046,D,07/25/2025 10:53:05 AM,0.0000,-0.0008,0.0,0.0
1943,0,4,  0d 00:32:18.72,  0d 00:18:39.04,2.6285,3.8045,D,07/25/2025 10:53:06 AM,0.0000,-0.0008,0.0,0.0
1944,0,4,  0d 00:32:19.72,  0d 00:18:40.04,2.6279,3.8041,D,07/25/2025 10:53:07 AM,0.0000,-0.0008,0.0,0.0
1945,0,4,  0d 00:32:20.72,  0d 00:18:41.04,2.6285,3.8040,D,07/25/2025 10:53:08 AM,0.0000,-0.0007,0.0,0.0
1946,0,4,  0d 00:32:21.72,  0d 00:18:42.04,2.6288,3.8038,D,07/25/2025 10:53:09 AM,0.0000,-0.0007,0.0,0.0
1947,0,4,  0d 00:32:22.72,  0d 00:18:43.04,2.6291,3.8036,D,07/25/2025 10:53:10 AM,0.0000,-0.0007,0.0,0.0
1948,0,4,  0d 00:32:23.72,  0d 00:18:44.04,2.6288,3.8033,D,07/25/2025 10:53:12 AM,0.0000,-0.0008,0.0,0.0
1949,0,4,  0d 00:32:24.72,  0d 00:18:45.04,2.6288,3.8032,D,07/25/2025 10:53:12 AM,0.0000,-0.0008,0.0,0.0
1950,0,4,  0d 00:32:25.72,  0d 00:18:46.04,2.6297,3.8029,D,07/25/2025 10:53:13 AM,0.0000,-0.0008,0.0,0.0
1951,0,4,  0d 00:32:26.72,  0d 00:18:47.04,2.6297,3.8025,D,07/25/2025 10:53:15 AM,0.0000,-0.0008,0.0,0.0
1952,0,4,  0d 00:32:27.72,  0d 00:18:48.04,2.6300,3.8024,D,07/25/2025 10:53:15 AM,0.0000,-0.0008,0.0,0.0
1953,0,4,  0d 00:32:28.72,  0d 00:18:49.04,2.6297,3.8020,D,07/25/2025 10:53:16 AM,0.0000,-0.0007,0.0,0.0
1954,0,4,  0d 00:32:29.72,  0d 00:18:50.04,2.6297,3.8019,D,07/25/2025 10:53:17 AM,0.0000,-0.0008,0.0,0.0
1955,0,4,  0d 00:32:30.72,  0d 00:18:51.04,2.6307,3.8016,D,07/25/2025 10:53:19 AM,0.0000,-0.0008,0.0,0.0
1956,0,4,  0d 00:32:31.72,  0d 00:18:52.04,2.6307,3.8014,D,07/25/2025 10:53:19 AM,0.0000,-0.0007,0.0,0.0
1957,0,4,  0d 00:32:32.72,  0d 00:18:53.04,2.6307,3.8013,D,07/25/2025 10:53:20 AM,0.0000,-0.0007,0.0,0.0
1958,0,4,  0d 00:32:33.72,  0d 00:18:54.04,2.6307,3.8012,D,07/25/2025 10:53:21 AM,0.0000,-0.0007,0.0,0.0
1959,0,4,  0d 00:32:34.72,  0d 00:18:55.04,2.6310,3.8008,D,07/25/2025 10:53:22 AM,0.0000,-0.0008,0.0,0.0
1960,0,4,  0d 00:32:35.72,  0d 00:18:56.04,2.6319,3.8007,D,07/25/2025 10:53:23 AM,0.0000,-0.0008,0.0,0.0
1961,0,4,  0d 00:32:36.72,  0d 00:18:57.04,2.6310,3.8006,D,07/25/2025 10:53:25 AM,0.0000,-0.0008,0.0,0.0
1962,0,4,  0d 00:32:37.72,  0d 00:18:58.04,2.6316,3.8003,D,07/25/2025 10:53:25 AM,0.0000,-0.0005,0.0,0.0
1963,0,4,  0d 00:32:38.72,  0d 00:18:59.04,2.6316,3.8000,D,07/25/2025 10:53:26 AM,0.0000,-0.0008,0.0,0.0
1964,0,4,  0d 00:32:39.72,  0d 00:19:00.04,2.6316,3.7998,D,07/25/2025 10:53:27 AM,0.0000,-0.0008,0.0,0.0
1965,0,4,  0d 00:32:40.72,  0d 00:19:01.04,2.6316,3.7995,D,07/25/2025 10:53:29 AM,0.0000,-0.0005,0.0,0.0
1966,0,4,  0d 00:32:41.72,  0d 00:19:02.04,2.6319,3.7993,D,07/25/2025 10:53:29 AM,0.0000,-0.0008,0.0,0.0
1967,0,4,  0d 00:32:42.72,  0d 00:19:03.04,2.6322,3.7990,D,07/25/2025 10:53:30 AM,0.0000,-0.0007,0.0,0.0
1968,0,4,  0d 00:32:43.72,  0d 00:19:04.04,2.6319,3.7989,D,07/25/2025 10:53:31 AM,0.0000,-0.0007,0.0,0.0
1969,0,4,  0d 00:32:44.72,  0d 00:19:05.04,2.6325,3.7987,D,07/25/2025 10:53:32 AM,0.0000,-0.0008,0.0,0.0
1970,0,4,  0d 00:32:45.72,  0d 00:19:06.04,2.6328,3.7985,D,07/25/2025 10:53:33 AM,0.0000,-0.0008,0.0,0.0
1971,0,4,  0d 00:32:46.72,  0d 00:19:07.04,2.6328,3.7983,D,07/25/2025 10:53:35 AM,0.0000,-0.0008,0.0,0.0
1972,0,4,  0d 00:32:47.72,  0d 00:19:08.04,2.6328,3.7979,D,07/25/2025 10:53:36 AM,0.0000,-0.0008,0.0,0.0
1973,0,4,  0d 00:32:48.72,  0d 00:19:09.04,2.6331,3.7977,D,07/25/2025 10:53:36 AM,0.0000,-0.0008,0.0,0.0
1974,0,4,  0d 00:32:49.72,  0d 00:19:10.04,2.6328,3.7974,D,07/25/2025 10:53:37 AM,0.0000,-0.0007,0.0,0.0
1975,0,4,  0d 00:32:50.72,  0d 00:19:11.04,2.6328,3.7973,D,07/25/2025 10:53:38 AM,0.0000,-0.0008,0.0,0.0
1976,0,4,  0d 00:32:51.72,  0d 00:19:12.04,2.6337,3.7971,D,07/25/2025 10:53:39 AM,0.0000,-0.0008,0.0,0.0
1977,0,4,  0d 00:32:52.72,  0d 00:19:13.04,2.6334,3.7969,D,07/25/2025 10:53:40 AM,0.0000,-0.0007,0.0,0.0
1978,0,4,  0d 00:32:53.72,  0d 00:19:14.04,2.6340,3.7967,D,07/25/2025 10:53:41 AM,0.0000,-0.0007,0.0,0.0
1979,0,4,  0d 00:32:54.72,  0d 00:19:15.04,2.6340,3.7965,D,07/25/2025 10:53:42 AM,0.0000,-0.0008,0.0,0.0
1980,0,4,  0d 00:32:55.72,  0d 00:19:16.04,2.6346,3.7961,D,07/25/2025 10:53:43 AM,0.0000,-0.0005,0.0,0.0
1981,0,4,  0d 00:32:56.72,  0d 00:19:17.04,2.6346,3.7959,D,07/25/2025 10:53:44 AM,0.0000,-0.0008,0.0,0.0
1982,0,4,  0d 00:32:57.72,  0d 00:19:18.04,2.6340,3.7957,D,07/25/2025 10:53:46 AM,0.0000,-0.0008,0.0,0.0
1983,0,4,  0d 00:32:58.72,  0d 00:19:19.04,2.6343,3.7955,D,07/25/2025 10:53:46 AM,0.0000,-0.0007,0.0,0.0
1984,0,4,  0d 00:32:59.72,  0d 00:19:20.04,2.6352,3.7951,D,07/25/2025 10:53:47 AM,0.0000,-0.0008,0.0,0.0
1985,0,4,  0d 00:33:00.72,  0d 00:19:21.04,2.6349,3.7951,D,07/25/2025 10:53:48 AM,0.0000,-0.0008,0.0,0.0
1986,0,4,  0d 00:33:01.72,  0d 00:19:22.04,2.6355,3.7948,D,07/25/2025 10:53:49 AM,0.0000,-0.0007,0.0,0.0
1987,0,4,  0d 00:33:02.72,  0d 00:19:23.04,2.6352,3.7947,D,07/25/2025 10:53:50 AM,0.0000,-0.0005,0.0,0.0
1988,0,4,  0d 00:33:03.72,  0d 00:19:24.04,2.6349,3.7945,D,07/25/2025 10:53:51 AM,0.0000,-0.0008,0.0,0.0
1989,0,4,  0d 00:33:04.72,  0d 00:19:25.04,2.6355,3.7941,D,07/25/2025 10:53:52 AM,0.0000,-0.0007,0.0,0.0
1990,0,4,  0d 00:33:05.72,  0d 00:19:26.04,2.6352,3.7940,D,07/25/2025 10:53:53 AM,0.0000,-0.0007,0.0,0.0
1991,0,4,  0d 00:33:06.72,  0d 00:19:27.04,2.6352,3.7938,D,07/25/2025 10:53:54 AM,0.0000,-0.0007,0.0,0.0
1992,0,4,  0d 00:33:07.72,  0d 00:19:28.04,2.6352,3.7936,D,07/25/2025 10:53:56 AM,0.0000,-0.0008,0.0,0.0
1993,0,4,  0d 00:33:08.72,  0d 00:19:29.04,2.6368,3.7932,D,07/25/2025 10:53:56 AM,0.0000,-0.0007,0.0,0.0
1994,0,4,  0d 00:33:09.72,  0d 00:19:30.04,2.6361,3.7932,D,07/25/2025 10:53:57 AM,0.0000,-0.0007,0.0,0.0
1995,0,4,  0d 00:33:10.72,  0d 00:19:31.04,2.6361,3.7930,D,07/25/2025 10:53:58 AM,0.0000,-0.0008,0.0,0.0
1996,0,4,  0d 00:33:11.72,  0d 00:19:32.04,2.6358,3.7928,D,07/25/2025 10:53:59 AM,0.0000,-0.0007,0.0,0.0
1997,0,4,  0d 00:33:12.72,  0d 00:19:33.04,2.6371,3.7925,D,07/25/2025 10:54:00 AM,0.0000,-0.0007,0.0,0.0
1998,0,4,  0d 00:33:13.72,  0d 00:19:34.04,2.6371,3.7922,D,07/25/2025 10:54:01 AM,0.0000,-0.0007,0.0,0.0
1999,0,4,  0d 00:33:14.72,  0d 00:19:35.04,2.6374,3.7920,D,07/25/2025 10:54:02 AM,0.0000,-0.0008,0.0,0.0
2000,0,4,  0d 00:33:15.72,  0d 00:19:36.04,2.6365,3.7919,D,07/25/2025 10:54:03 AM,0.0000,-0.0008,0.0,0.0
2001,0,4,  0d 00:33:16.72,  0d 00:19:37.04,2.6377,3.7916,D,07/25/2025 10:54:04 AM,0.0000,-0.0008,0.0,0.0
2002,0,4,  0d 00:33:17.72,  0d 00:19:38.04,2.6377,3.7913,D,07/25/2025 10:54:06 AM,0.0000,-0.0007,0.0,0.0
2003,0,4,  0d 00:33:18.72,  0d 00:19:39.04,2.6374,3.7913,D,07/25/2025 10:54:06 AM,0.0000,-0.0007,0.0,0.0
2004,0,4,  0d 00:33:19.72,  0d 00:19:40.04,2.6377,3.7910,D,07/25/2025 10:54:07 AM,0.0000,-0.0008,0.0,0.0
2005,0,4,  0d 00:33:20.72,  0d 00:19:41.04,2.6380,3.7909,D,07/25/2025 10:54:08 AM,0.0000,-0.0008,0.0,0.0
2006,0,4,  0d 00:33:21.72,  0d 00:19:42.04,2.6380,3.7906,D,07/25/2025 10:54:09 AM,0.0000,-0.0007,0.0,0.0
2007,0,4,  0d 00:33:22.72,  0d 00:19:43.04,2.6380,3.7903,D,07/25/2025 10:54:10 AM,0.0000,-0.0005,0.0,0.0
2008,0,4,  0d 00:33:23.72,  0d 00:19:44.04,2.6380,3.7901,D,07/25/2025 10:54:11 AM,0.0000,-0.0008,0.0,0.0
2009,0,4,  0d 00:33:24.72,  0d 00:19:45.04,2.6383,3.7898,D,07/25/2025 10:54:12 AM,0.0000,-0.0005,0.0,0.0
2010,0,4,  0d 00:33:25.72,  0d 00:19:46.04,2.6386,3.7898,D,07/25/2025 10:54:13 AM,0.0000,-0.0007,0.0,0.0
2011,0,4,  0d 00:33:26.72,  0d 00:19:47.04,2.6392,3.7894,D,07/25/2025 10:54:14 AM,0.0000,-0.0007,0.0,0.0
2012,0,4,  0d 00:33:27.72,  0d 00:19:48.04,2.6380,3.7893,D,07/25/2025 10:54:16 AM,0.0000,-0.0008,0.0,0.0
2013,0,4,  0d 00:33:28.72,  0d 00:19:49.04,2.6392,3.7889,D,07/25/2025 10:54:16 AM,0.0000,-0.0007,0.0,0.0
2014,0,4,  0d 00:33:29.72,  0d 00:19:50.04,2.6395,3.7889,D,07/25/2025 10:54:17 AM,0.0000,-0.0007,0.0,0.0
2015,0,4,  0d 00:33:30.72,  0d 00:19:51.04,2.6392,3.7886,D,07/25/2025 10:54:18 AM,0.0000,-0.0008,0.0,0.0
2016,0,4,  0d 00:33:31.72,  0d 00:19:52.04,2.6392,3.7884,D,07/25/2025 10:54:19 AM,0.0000,-0.0010,0.0,0.0
2017,0,4,  0d 00:33:32.72,  0d 00:19:53.04,2.6401,3.7882,D,07/25/2025 10:54:20 AM,0.0000,-0.0005,0.0,0.0
2018,0,4,  0d 00:33:33.72,  0d 00:19:54.04,2.6398,3.7879,D,07/25/2025 10:54:21 AM,0.0000,-0.0007,0.0,0.0
2019,0,4,  0d 00:33:34.72,  0d 00:19:55.04,2.6401,3.7877,D,07/25/2025 10:54:22 AM,0.0000,-0.0007,0.0,0.0
2020,0,4,  0d 00:33:35.72,  0d 00:19:56.04,2.6398,3.7875,D,07/25/2025 10:54:24 AM,0.0000,-0.0007,0.0,0.0
2021,0,4,  0d 00:33:36.72,  0d 00:19:57.04,2.6401,3.7873,D,07/25/2025 10:54:25 AM,0.0000,-0.0008,0.0,0.0
2022,0,4,  0d 00:33:37.72,  0d 00:19:58.04,2.6404,3.7871,D,07/25/2025 10:54:26 AM,0.0000,-0.0008,0.0,0.0
2023,0,4,  0d 00:33:38.72,  0d 00:19:59.04,2.6407,3.7869,D,07/25/2025 10:54:26 AM,0.0000,-0.0010,0.0,0.0
2024,0,4,  0d 00:33:39.68,  0d 00:20:00.00,2.6410,3.7868,D,07/25/2025 10:54:27 AM,0.0000,-0.0007,0.0,0.0
2025,0,5,  0d 00:33:39.69,  0d 00:00:00.01,0.0000,3.8336,R,07/25/2025 10:54:27 AM,0.0000,-0.0008,0.0,0.0
2026,0,5,  0d 00:33:40.69,  0d 00:00:01.01,0.0000,3.8387,R,07/25/2025 10:54:28 AM,0.0000,-0.0007,0.0,0.0
2027,0,5,  0d 00:33:41.69,  0d 00:00:02.01,0.0000,3.8412,R,07/25/2025 10:54:29 AM,0.0000,-0.0008,0.0,0.0
2028,0,5,  0d 00:33:42.69,  0d 00:00:03.01,0.0000,3.8429,R,07/25/2025 10:54:30 AM,0.0000,-0.0007,0.0,0.0
2029,0,5,  0d 00:33:43.69,  0d 00:00:04.01,0.0000,3.8445,R,07/25/2025 10:54:31 AM,0.0000,-0.0008,0.0,0.0
2030,0,5,  0d 00:33:44.69,  0d 00:00:05.01,0.0000,3.8459,R,07/25/2025 10:54:32 AM,0.0000,-0.0007,0.0,0.0
2031,0,5,  0d 00:33:45.69,  0d 00:00:06.01,0.0000,3.8471,R,07/25/2025 10:54:33 AM,0.0000,-0.0007,0.0,0.0
2032,0,5,  0d 00:33:46.69,  0d 00:00:07.01,0.0000,3.8482,R,07/25/2025 10:54:34 AM,0.0000,-0.0007,0.0,0.0
2033,0,5,  0d 00:33:47.69,  0d 00:00:08.01,0.0000,3.8492,R,07/25/2025 10:54:36 AM,0.0000,-0.0010,0.0,0.0
2034,0,5,  0d 00:33:48.69,  0d 00:00:09.01,0.0000,3.8501,R,07/25/2025 10:54:36 AM,0.0000,-0.0008,0.0,0.0
2035,0,5,  0d 00:33:49.69,  0d 00:00:10.01,0.0000,3.8510,R,07/25/2025 10:54:37 AM,0.0000,-0.0008,0.0,0.0
2036,0,5,  0d 00:33:50.69,  0d 00:00:11.01,0.0000,3.8518,R,07/25/2025 10:54:38 AM,0.0000,-0.0007,0.0,0.0
2037,0,5,  0d 00:33:51.69,  0d 00:00:12.01,0.0000,3.8526,R,07/25/2025 10:54:39 AM,0.0000,-0.0007,0.0,0.0
2038,0,5,  0d 00:33:52.69,  0d 00:00:13.01,0.0000,3.8534,R,07/25/2025 10:54:40 AM,0.0000,-0.0007,0.0,0.0
2039,0,5,  0d 00:33:53.69,  0d 00:00:14.01,0.0000,3.8540,R,07/25/2025 10:54:41 AM,0.0000,-0.0007,0.0,0.0
2040,0,5,  0d 00:33:54.69,  0d 00:00:15.01,0.0000,3.8547,R,07/25/2025 10:54:42 AM,0.0000,-0.0007,0.0,0.0
2041,0,5,  0d 00:33:55.69,  0d 00:00:16.01,0.0000,3.8553,R,07/25/2025 10:54:43 AM,0.0000,-0.0008,0.0,0.0
2042,0,5,  0d 00:33:56.69,  0d 00:00:17.01,0.0000,3.8558,R,07/25/2025 10:54:44 AM,0.0000,-0.0007,0.0,0.0
2043,0,5,  0d 00:33:57.69,  0d 00:00:18.01,0.0000,3.8564,R,07/25/2025 10:54:46 AM,0.0000,-0.0008,0.0,0.0
2044,0,5,  0d 00:33:58.69,  0d 00:00:19.01,0.0000,3.8569,R,07/25/2025 10:54:46 AM,0.0000,-0.0008,0.0,0.0
2045,0,5,  0d 00:33:59.69,  0d 00:00:20.01,0.0000,3.8575,R,07/25/2025 10:54:47 AM,0.0000,-0.0008,0.0,0.0
2046,0,5,  0d 00:34:00.69,  0d 00:00:21.01,0.0000,3.8578,R,07/25/2025 10:54:48 AM,0.0000,-0.0007,0.0,0.0
2047,0,5,  0d 00:34:01.69,  0d 00:00:22.01,0.0000,3.8585,R,07/25/2025 10:54:49 AM,0.0000,-0.0008,0.0,0.0
2048,0,5,  0d 00:34:02.69,  0d 00:00:23.01,0.0000,3.8589,R,07/25/2025 10:54:50 AM,0.0000,-0.0007,0.0,0.0
2049,0,5,  0d 00:34:03.69,  0d 00:00:24.01,0.0000,3.8592,R,07/25/2025 10:54:51 AM,0.0000,-0.0005,0.0,0.0
2050,0,5,  0d 00:34:04.69,  0d 00:00:25.01,0.0000,3.8596,R,07/25/2025 10:54:52 AM,0.0000,-0.0007,0.0,0.0
2051,0,5,  0d 00:34:05.69,  0d 00:00:26.01,0.0000,3.8600,R,07/25/2025 10:54:53 AM,0.0000,-0.0008,0.0,0.0
2052,0,5,  0d 00:34:06.69,  0d 00:00:27.01,0.0000,3.8603,R,07/25/2025 10:54:54 AM,0.0000,-0.0008,0.0,0.0
2053,0,5,  0d 00:34:07.69,  0d 00:00:28.01,0.0000,3.8606,R,07/25/2025 10:54:55 AM,0.0000,-0.0008,0.0,0.0
2054,0,5,  0d 00:34:08.69,  0d 00:00:29.01,0.0000,3.8611,R,07/25/2025 10:54:57 AM,0.0000,-0.0008,0.0,0.0
2055,0,5,  0d 00:34:09.69,  0d 00:00:30.01,0.0000,3.8614,R,07/25/2025 10:54:57 AM,0.0000,-0.0007,0.0,0.0
2056,0,5,  0d 00:34:10.69,  0d 00:00:31.01,0.0000,3.8617,R,07/25/2025 10:54:58 AM,0.0000,-0.0008,0.0,0.0
2057,0,5,  0d 00:34:11.69,  0d 00:00:32.01,0.0000,3.8620,R,07/25/2025 10:54:59 AM,0.0000,-0.0010,0.0,0.0
2058,0,5,  0d 00:34:12.69,  0d 00:00:33.01,0.0000,3.8622,R,07/25/2025 10:55:00 AM,0.0000,-0.0008,0.0,0.0
2059,0,5,  0d 00:34:13.69,  0d 00:00:34.01,0.0000,3.8626,R,07/25/2025 10:55:01 AM,0.0000,-0.0008,0.0,0.0
2060,0,5,  0d 00:34:14.69,  0d 00:00:35.01,0.0000,3.8627,R,07/25/2025 10:55:02 AM,0.0000,-0.0008,0.0,0.0
2061,0,5,  0d 00:34:15.69,  0d 00:00:36.01,0.0000,3.8631,R,07/25/2025 10:55:03 AM,0.0000,-0.0007,0.0,0.0
2062,0,5,  0d 00:34:16.69,  0d 00:00:37.01,0.0000,3.8632,R,07/25/2025 10:55:04 AM,0.0000,-0.0007,0.0,0.0
2063,0,5,  0d 00:34:17.69,  0d 00:00:38.01,0.0000,3.8634,R,07/25/2025 10:55:05 AM,0.0000,-0.0007,0.0,0.0
2064,0,5,  0d 00:34:18.69,  0d 00:00:39.01,0.0000,3.8637,R,07/25/2025 10:55:07 AM,0.0000,-0.0010,0.0,0.0
2065,0,5,  0d 00:34:19.69,  0d 00:00:40.01,0.0000,3.8639,R,07/25/2025 10:55:07 AM,0.0000,-0.0008,0.0,0.0
2066,0,5,  0d 00:34:20.69,  0d 00:00:41.01,0.0000,3.8643,R,07/25/2025 10:55:08 AM,0.0000,-0.0007,0.0,0.0
2067,0,5,  0d 00:34:21.69,  0d 00:00:42.01,0.0000,3.8643,R,07/25/2025 10:55:09 AM,0.0000,-0.0010,0.0,0.0
2068,0,5,  0d 00:34:22.69,  0d 00:00:43.01,0.0000,3.8645,R,07/25/2025 10:55:10 AM,0.0000,-0.0005,0.0,0.0
2069,0,5,  0d 00:34:23.69,  0d 00:00:44.01,0.0000,3.8650,R,07/25/2025 10:55:11 AM,0.0000,-0.0007,0.0,0.0
2070,0,5,  0d 00:34:24.69,  0d 00:00:45.01,0.0000,3.8650,R,07/25/2025 10:55:12 AM,0.0000,-0.0010,0.0,0.0
2071,0,5,  0d 00:34:25.69,  0d 00:00:46.01,0.0000,3.8652,R,07/25/2025 10:55:13 AM,0.0000,-0.0007,0.0,0.0
2072,0,5,  0d 00:34:26.69,  0d 00:00:47.01,0.0000,3.8653,R,07/25/2025 10:55:14 AM,0.0000,-0.0008,0.0,0.0
2073,0,5,  0d 00:34:27.69,  0d 00:00:48.01,0.0000,3.8656,R,07/25/2025 10:55:15 AM,0.0000,-0.0008,0.0,0.0
2074,0,5,  0d 00:34:28.69,  0d 00:00:49.01,0.0000,3.8658,R,07/25/2025 10:55:17 AM,0.0000,-0.0007,0.0,0.0
2075,0,5,  0d 00:34:29.69,  0d 00:00:50.01,0.0000,3.8659,R,07/25/2025 10:55:17 AM,0.0000,-0.0008,0.0,0.0
2076,0,5,  0d 00:34:30.69,  0d 00:00:51.01,0.0000,3.8661,R,07/25/2025 10:55:18 AM,0.0000,-0.0008,0.0,0.0
2077,0,5,  0d 00:34:31.69,  0d 00:00:52.01,0.0000,3.8663,R,07/25/2025 10:55:19 AM,0.0000,-0.0008,0.0,0.0
2078,0,5,  0d 00:34:32.69,  0d 00:00:53.01,0.0000,3.8666,R,07/25/2025 10:55:20 AM,0.0000,-0.0007,0.0,0.0
2079,0,5,  0d 00:34:33.69,  0d 00:00:54.01,0.0000,3.8666,R,07/25/2025 10:55:21 AM,0.0000,-0.0008,0.0,0.0
2080,0,5,  0d 00:34:34.69,  0d 00:00:55.01,0.0000,3.8668,R,07/25/2025 10:55:22 AM,0.0000,-0.0010,0.0,0.0
2081,0,5,  0d 00:34:35.69,  0d 00:00:56.01,0.0000,3.8669,R,07/25/2025 10:55:23 AM,0.0000,-0.0008,0.0,0.0
2082,0,5,  0d 00:34:36.69,  0d 00:00:57.01,0.0000,3.8670,R,07/25/2025 10:55:24 AM,0.0000,-0.0007,0.0,0.0
2083,0,5,  0d 00:34:37.69,  0d 00:00:58.01,0.0000,3.8672,R,07/25/2025 10:55:25 AM,0.0000,-0.0007,0.0,0.0
2084,0,5,  0d 00:34:38.69,  0d 00:00:59.01,0.0000,3.8673,R,07/25/2025 10:55:27 AM,0.0000,-0.0007,0.0,0.0
2085,0,5,  0d 00:34:39.68,  0d 00:01:00.00,0.0000,3.8674,R,07/25/2025 10:55:27 AM,0.0000,-0.0007,0.0,0.0
2086,0,6,  0d 00:34:39.72,  0d 00:00:00.04,2.0914,3.8299,D,07/25/2025 10:55:27 AM,0.0000,-0.0007,0.0,0.0
2087,0,6,  0d 00:34:40.72,  0d 00:00:01.04,2.0908,3.8261,D,07/25/2025 10:55:28 AM,0.0000,-0.0008,0.0,0.0
2088,0,6,  0d 00:34:41.72,  0d 00:00:02.04,2.0914,3.8243,D,07/25/2025 10:55:29 AM,0.0000,-0.0010,0.0,0.0
2089,0,6,  0d 00:34:42.72,  0d 00:00:03.04,2.0926,3.8229,D,07/25/2025 10:55:30 AM,0.0000,-0.0008,0.0,0.0
2090,0,6,  0d 00:34:43.72,  0d 00:00:04.04,2.0935,3.8215,D,07/25/2025 10:55:31 AM,0.0000,-0.0008,0.0,0.0
2091,0,6,  0d 00:34:44.72,  0d 00:00:05.04,2.0938,3.8206,D,07/25/2025 10:55:32 AM,0.0000,-0.0008,0.0,0.0
2092,0,6,  0d 00:34:45.72,  0d 00:00:06.04,2.0941,3.8195,D,07/25/2025 10:55:34 AM,0.0000,-0.0008,0.0,0.0
2093,0,6,  0d 00:34:46.72,  0d 00:00:07.04,2.0948,3.8186,D,07/25/2025 10:55:35 AM,0.0000,-0.0007,0.0,0.0
2094,0,6,  0d 00:34:47.72,  0d 00:00:08.04,2.0954,3.8178,D,07/25/2025 10:55:36 AM,0.0000,-0.0008,0.0,0.0
2095,0,6,  0d 00:34:48.72,  0d 00:00:09.04,2.0957,3.8171,D,07/25/2025 10:55:37 AM,0.0000,-0.0007,0.0,0.0
2096,0,6,  0d 00:34:49.72,  0d 00:00:10.04,2.0960,3.8163,D,07/25/2025 10:55:37 AM,0.0000,-0.0008,0.0,0.0
2097,0,6,  0d 00:34:50.72,  0d 00:00:11.04,2.0969,3.8156,D,07/25/2025 10:55:38 AM,0.0000,-0.0008,0.0,0.0
2098,0,6,  0d 00:34:51.72,  0d 00:00:12.04,2.0966,3.8147,D,07/25/2025 10:55:39 AM,0.0000,-0.0008,0.0,0.0
2099,0,6,  0d 00:34:52.72,  0d 00:00:13.04,2.0972,3.8143,D,07/25/2025 10:55:40 AM,0.0000,-0.0008,0.0,0.0
2100,0,6,  0d 00:34:53.72,  0d 00:00:14.04,2.0972,3.8137,D,07/25/2025 10:55:41 AM,0.0000,-0.0010,0.0,0.0
2101,0,6,  0d 00:34:54.72,  0d 00:00:15.04,2.0975,3.8132,D,07/25/2025 10:55:42 AM,0.0000,-0.0005,0.0,0.0
2102,0,6,  0d 00:34:55.72,  0d 00:00:16.04,2.0981,3.8127,D,07/25/2025 10:55:44 AM,0.0000,-0.0007,0.0,0.0
2103,0,6,  0d 00:34:56.72,  0d 00:00:17.04,2.0981,3.8120,D,07/25/2025 10:55:44 AM,0.0000,-0.0008,0.0,0.0
2104,0,6,  0d 00:34:57.72,  0d 00:00:18.04,2.0987,3.8114,D,07/25/2025 10:55:45 AM,0.0000,-0.0007,0.0,0.0
2105,0,6,  0d 00:34:58.72,  0d 00:00:19.04,2.0990,3.8109,D,07/25/2025 10:55:47 AM,0.0000,-0.0007,0.0,0.0
2106,0,6,  0d 00:34:59.72,  0d 00:00:20.04,2.0990,3.8103,D,07/25/2025 10:55:48 AM,0.0000,-0.0007,0.0,0.0
2107,0,6,  0d 00:35:00.72,  0d 00:00:21.04,2.0990,3.8099,D,07/25/2025 10:55:48 AM,0.0000,-0.0007,0.0,0.0
2108,0,6,  0d 00:35:01.72,  0d 00:00:22.04,2.1003,3.8094,D,07/25/2025 10:55:49 AM,0.0000,-0.0007,0.0,0.0
2109,0,6,  0d 00:35:02.72,  0d 00:00:23.04,2.1006,3.8091,D,07/25/2025 10:55:50 AM,0.0000,-0.0008,0.0,0.0
2110,0,6,  0d 00:35:03.72,  0d 00:00:24.04,2.1006,3.8087,D,07/25/2025 10:55:52 AM,0.0000,-0.0008,0.0,0.0
2111,0,6,  0d 00:35:04.72,  0d 00:00:25.04,2.1003,3.8082,D,07/25/2025 10:55:53 AM,0.0000,-0.0007,0.0,0.0
2112,0,6,  0d 00:35:05.72,  0d 00:00:26.04,2.1012,3.8077,D,07/25/2025 10:55:53 AM,0.0000,-0.0007,0.0,0.0
2113,0,6,  0d 00:35:06.72,  0d 00:00:27.04,2.1012,3.8074,D,07/25/2025 10:55:54 AM,0.0000,-0.0008,0.0,0.0
2114,0,6,  0d 00:35:07.72,  0d 00:00:28.04,2.1015,3.8070,D,07/25/2025 10:55:55 AM,0.0000,-0.0007,0.0,0.0
2115,0,6,  0d 00:35:08.72,  0d 00:00:29.04,2.1015,3.8065,D,07/25/2025 10:55:57 AM,0.0000,-0.0007,0.0,0.0
2116,0,6,  0d 00:35:09.72,  0d 00:00:30.04,2.1015,3.8061,D,07/25/2025 10:55:58 AM,0.0000,-0.0007,0.0,0.0
2117,0,6,  0d 00:35:10.72,  0d 00:00:31.04,2.1018,3.8058,D,07/25/2025 10:55:58 AM,0.0000,-0.0008,0.0,0.0
2118,0,6,  0d 00:35:11.72,  0d 00:00:32.04,2.1018,3.8055,D,07/25/2025 10:55:59 AM,0.0000,-0.0007,0.0,0.0
2119,0,6,  0d 00:35:12.72,  0d 00:00:33.04,2.1021,3.8050,D,07/25/2025 10:56:00 AM,0.0000,-0.0008,0.0,0.0
2120,0,6,  0d 00:35:13.72,  0d 00:00:34.04,2.1024,3.8047,D,07/25/2025 10:56:01 AM,0.0000,-0.0007,0.0,0.0
2121,0,6,  0d 00:35:14.72,  0d 00:00:35.04,2.1024,3.8042,D,07/25/2025 10:56:02 AM,0.0000,-0.0007,0.0,0.0
2122,0,6,  0d 00:35:15.72,  0d 00:00:36.04,2.1027,3.8039,D,07/25/2025 10:56:03 AM,0.0000,-0.0007,0.0,0.0
2123,0,6,  0d 00:35:16.72,  0d 00:00:37.04,2.1030,3.8037,D,07/25/2025 10:56:04 AM,0.0000,-0.0008,0.0,0.0
2124,0,6,  0d 00:35:17.72,  0d 00:00:38.04,2.1030,3.8033,D,07/25/2025 10:56:05 AM,0.0000,-0.0008,0.0,0.0
2125,0,6,  0d 00:35:18.72,  0d 00:00:39.04,2.1036,3.8029,D,07/25/2025 10:56:06 AM,0.0000,-0.0008,0.0,0.0
2126,0,6,  0d 00:35:19.72,  0d 00:00:40.04,2.1036,3.8027,D,07/25/2025 10:56:08 AM,0.0000,-0.0008,0.0,0.0
2127,0,6,  0d 00:35:20.72,  0d 00:00:41.04,2.1039,3.8023,D,07/25/2025 10:56:08 AM,0.0000,-0.0008,0.0,0.0
2128,0,6,  0d 00:35:21.72,  0d 00:00:42.04,2.1039,3.8019,D,07/25/2025 10:56:09 AM,0.0000,-0.0008,0.0,0.0
2129,0,6,  0d 00:35:22.72,  0d 00:00:43.04,2.1042,3.8016,D,07/25/2025 10:56:10 AM,0.0000,-0.0007,0.0,0.0
2130,0,6,  0d 00:35:23.72,  0d 00:00:44.04,2.1048,3.8014,D,07/25/2025 10:56:11 AM,0.0000,-0.0008,0.0,0.0
2131,0,6,  0d 00:35:24.72,  0d 00:00:45.04,2.1048,3.8009,D,07/25/2025 10:56:12 AM,0.0000,-0.0010,0.0,0.0
2132,0,6,  0d 00:35:25.72,  0d 00:00:46.04,2.1045,3.8008,D,07/25/2025 10:56:13 AM,0.0000,-0.0008,0.0,0.0
2133,0,6,  0d 00:35:26.72,  0d 00:00:47.04,2.1048,3.8005,D,07/25/2025 10:56:14 AM,0.0000,-0.0007,0.0,0.0
2134,0,6,  0d 00:35:27.72,  0d 00:00:48.04,2.1057,3.8000,D,07/25/2025 10:56:15 AM,0.0000,-0.0008,0.0,0.0
2135,0,6,  0d 00:35:28.72,  0d 00:00:49.04,2.1048,3.7998,D,07/25/2025 10:56:16 AM,0.0000,-0.0008,0.0,0.0
2136,0,6,  0d 00:35:29.72,  0d 00:00:50.04,2.1057,3.7996,D,07/25/2025 10:56:18 AM,0.0000,-0.0007,0.0,0.0
2137,0,6,  0d 00:35:30.72,  0d 00:00:51.04,2.1054,3.7992,D,07/25/2025 10:56:18 AM,0.0000,-0.0008,0.0,0.0
2138,0,6,  0d 00:35:31.72,  0d 00:00:52.04,2.1054,3.7989,D,07/25/2025 10:56:19 AM,0.0000,-0.0007,0.0,0.0
2139,0,6,  0d 00:35:32.72,  0d 00:00:53.04,2.1054,3.7986,D,07/25/2025 10:56:20 AM,0.0000,-0.0008,0.0,0.0
2140,0,6,  0d 00:35:33.72,  0d 00:00:54.04,2.1057,3.7983,D,07/25/2025 10:56:21 AM,0.0000,-0.0007,0.0,0.0
2141,0,6,  0d 00:35:34.72,  0d 00:00:55.04,2.1061,3.7980,D,07/25/2025 10:56:22 AM,0.0000,-0.0008,0.0,0.0
2142,0,6,  0d 00:35:35.72,  0d 00:00:56.04,2.1064,3.7978,D,07/25/2025 10:56:23 AM,0.0000,-0.0007,0.0,0.0
2143,0,6,  0d 00:35:36.72,  0d 00:00:57.04,2.1067,3.7974,D,07/25/2025 10:56:24 AM,0.0000,-0.0007,0.0,0.0
2144,0,6,  0d 00:35:37.72,  0d 00:00:58.04,2.1064,3.7971,D,07/25/2025 10:56:25 AM,0.0000,-0.0008,0.0,0.0
2145,0,6,  0d 00:35:38.72,  0d 00:00:59.04,2.1070,3.7968,D,07/25/2025 10:56:26 AM,0.0000,-0.0008,0.0,0.0
2146,0,6,  0d 00:35:39.72,  0d 00:01:00.04,2.1067,3.7967,D,07/25/2025 10:56:28 AM,0.0000,-0.0008,0.0,0.0
2147,0,6,  0d 00:35:40.72,  0d 00:01:01.04,2.1073,3.7964,D,07/25/2025 10:56:28 AM,0.0000,-0.0008,0.0,0.0
2148,0,6,  0d 00:35:41.72,  0d 00:01:02.04,2.1076,3.7959,D,07/25/2025 10:56:29 AM,0.0000,-0.0008,0.0,0.0
2149,0,6,  0d 00:35:42.72,  0d 00:01:03.04,2.1073,3.7958,D,07/25/2025 10:56:30 AM,0.0000,-0.0007,0.0,0.0
2150,0,6,  0d 00:35:43.72,  0d 00:01:04.04,2.1073,3.7956,D,07/25/2025 10:56:31 AM,0.0000,-0.0008,0.0,0.0
2151,0,6,  0d 00:35:44.72,  0d 00:01:05.04,2.1073,3.7951,D,07/25/2025 10:56:32 AM,0.0000,-0.0007,0.0,0.0
2152,0,6,  0d 00:35:45.72,  0d 00:01:06.04,2.1079,3.7950,D,07/25/2025 10:56:33 AM,0.0000,-0.0007,0.0,0.0
2153,0,6,  0d 00:35:46.72,  0d 00:01:07.04,2.1082,3.7946,D,07/25/2025 10:56:34 AM,0.0000,-0.0008,0.0,0.0
2154,0,6,  0d 00:35:47.72,  0d 00:01:08.04,2.1079,3.7945,D,07/25/2025 10:56:35 AM,0.0000,-0.0008,0.0,0.0
2155,0,6,  0d 00:35:48.72,  0d 00:01:09.04,2.1082,3.7942,D,07/25/2025 10:56:36 AM,0.0000,-0.0008,0.0,0.0
2156,0,6,  0d 00:35:49.72,  0d 00:01:10.04,2.1079,3.7939,D,07/25/2025 10:56:38 AM,0.0000,-0.0008,0.0,0.0
2157,0,6,  0d 00:35:50.72,  0d 00:01:11.04,2.1082,3.7937,D,07/25/2025 10:56:38 AM,0.0000,-0.0007,0.0,0.0
2158,0,6,  0d 00:35:51.72,  0d 00:01:12.04,2.1088,3.7935,D,07/25/2025 10:56:39 AM,0.0000,-0.0007,0.0,0.0
2159,0,6,  0d 00:35:52.72,  0d 00:01:13.04,2.1088,3.7932,D,07/25/2025 10:56:40 AM,0.0000,-0.0008,0.0,0.0
2160,0,6,  0d 00:35:53.72,  0d 00:01:14.04,2.1085,3.7929,D,07/25/2025 10:56:42 AM,0.0000,-0.0005,0.0,0.0
2161,0,6,  0d 00:35:54.72,  0d 00:01:15.04,2.1091,3.7926,D,07/25/2025 10:56:43 AM,0.0000,-0.0008,0.0,0.0
2162,0,6,  0d 00:35:55.72,  0d 00:01:16.04,2.1097,3.7924,D,07/25/2025 10:56:43 AM,0.0000,-0.0008,0.0,0.0
2163,0,6,  0d 00:35:56.72,  0d 00:01:17.04,2.1091,3.7921,D,07/25/2025 10:56:44 AM,0.0000,-0.0008,0.0,0.0
2164,0,6,  0d 00:35:57.72,  0d 00:01:18.04,2.1100,3.7919,D,07/25/2025 10:56:46 AM,0.0000,-0.0008,0.0,0.0
2165,0,6,  0d 00:35:58.72,  0d 00:01:19.04,2.1100,3.7915,D,07/25/2025 10:56:47 AM,0.0000,-0.0007,0.0,0.0
2166,0,6,  0d 00:35:59.72,  0d 00:01:20.04,2.1094,3.7913,D,07/25/2025 10:56:48 AM,0.0000,-0.0007,0.0,0.0
2167,0,6,  0d 00:36:00.72,  0d 00:01:21.04,2.1097,3.7911,D,07/25/2025 10:56:49 AM,0.0000,-0.0007,0.0,0.0
2168,0,6,  0d 00:36:01.72,  0d 00:01:22.04,2.1103,3.7910,D,07/25/2025 10:56:50 AM,0.0000,-0.0007,0.0,0.0
2169,0,6,  0d 00:36:02.72,  0d 00:01:23.04,2.1103,3.7906,D,07/25/2025 10:56:51 AM,0.0000,-0.0007,0.0,0.0
2170,0,6,  0d 00:36:03.72,  0d 00:01:24.04,2.1106,3.7903,D,07/25/2025 10:56:52 AM,0.0000,-0.0007,0.0,0.0
2171,0,6,  0d 00:36:04.72,  0d 00:01:25.04,2.1106,3.7900,D,07/25/2025 10:56:53 AM,0.0000,-0.0007,0.0,0.0
2172,0,6,  0d 00:36:05.72,  0d 00:01:26.04,2.1103,3.7899,D,07/25/2025 10:56:53 AM,0.0000,-0.0008,0.0,0.0
2173,0,6,  0d 00:36:06.72,  0d 00:01:27.04,2.1106,3.7896,D,07/25/2025 10:56:54 AM,0.0000,-0.0007,0.0,0.0
2174,0,6,  0d 00:36:07.72,  0d 00:01:28.04,2.1112,3.7894,D,07/25/2025 10:56:56 AM,0.0000,-0.0008,0.0,0.0
2175,0,6,  0d 00:36:08.72,  0d 00:01:29.04,2.1112,3.7892,D,07/25/2025 10:56:56 AM,0.0000,-0.0008,0.0,0.0
2176,0,6,  0d 00:36:09.72,  0d 00:01:30.04,2.1112,3.7888,D,07/25/2025 10:56:58 AM,0.0000,-0.0007,0.0,0.0
2177,0,6,  0d 00:36:10.72,  0d 00:01:31.04,2.1112,3.7886,D,07/25/2025 10:56:58 AM,0.0000,-0.0007,0.0,0.0
2178,0,6,  0d 00:36:11.72,  0d 00:01:32.04,2.1112,3.7884,D,07/25/2025 10:56:59 AM,0.0000,-0.0007,0.0,0.0
2179,0,6,  0d 00:36:12.72,  0d 00:01:33.04,2.1115,3.7881,D,07/25/2025 10:57:01 AM,0.0000,-0.0008,0.0,0.0
2180,0,6,  0d 00:36:13.72,  0d 00:01:34.04,2.1118,3.7880,D,07/25/2025 10:57:02 AM,0.0000,-0.0008,0.0,0.0
2181,0,6,  0d 00:36:14.72,  0d 00:01:35.04,2.1118,3.7877,D,07/25/2025 10:57:03 AM,0.0000,-0.0008,0.0,0.0
2182,0,6,  0d 00:36:15.72,  0d 00:01:36.04,2.1125,3.7876,D,07/25/2025 10:57:04 AM,0.0000,-0.0007,0.0,0.0
2183,0,6,  0d 00:36:16.72,  0d 00:01:37.04,2.1122,3.7873,D,07/25/2025 10:57:05 AM,0.0000,-0.0008,0.0,0.0
2184,0,6,  0d 00:36:17.72,  0d 00:01:38.04,2.1118,3.7871,D,07/25/2025 10:57:06 AM,0.0000,-0.0008,0.0,0.0
2185,0,6,  0d 00:36:18.72,  0d 00:01:39.04,2.1125,3.7868,D,07/25/2025 10:57:07 AM,0.0000,-0.0008,0.0,0.0
2186,0,6,  0d 00:36:19.72,  0d 00:01:40.04,2.1122,3.7868,D,07/25/2025 10:57:08 AM,0.0000,-0.0008,0.0,0.0
2187,0,6,  0d 00:36:20.72,  0d 00:01:41.04,2.1125,3.7864,D,07/25/2025 10:57:09 AM,0.0000,-0.0010,0.0,0.0
2188,0,6,  0d 00:36:21.72,  0d 00:01:42.04,2.1131,3.7861,D,07/25/2025 10:57:10 AM,0.0000,-0.0007,0.0,0.0
2189,0,6,  0d 00:36:22.72,  0d 00:01:43.04,2.1128,3.7861,D,07/25/2025 10:57:11 AM,0.0000,-0.0007,0.0,0.0
2190,0,6,  0d 00:36:23.72,  0d 00:01:44.04,2.1128,3.7857,D,07/25/2025 10:57:11 AM,0.0000,-0.0008,0.0,0.0
2191,0,6,  0d 00:36:24.72,  0d 00:01:45.04,2.1131,3.7855,D,07/25/2025 10:57:13 AM,0.0000,-0.0007,0.0,0.0
2192,0,6,  0d 00:36:25.72,  0d 00:01:46.04,2.1131,3.7853,D,07/25/2025 10:57:14 AM,0.0000,-0.0007,0.0,0.0
2193,0,6,  0d 00:36:26.72,  0d 00:01:47.04,2.1134,3.7851,D,07/25/2025 10:57:15 AM,0.0000,-0.0008,0.0,0.0
2194,0,6,  0d 00:36:27.72,  0d 00:01:48.04,2.1134,3.7848,D,07/25/2025 10:57:16 AM,0.0000,-0.0008,0.0,0.0
2195,0,6,  0d 00:36:28.72,  0d 00:01:49.04,2.1140,3.7846,D,07/25/2025 10:57:17 AM,0.0000,-0.0007,0.0,0.0
2196,0,6,  0d 00:36:29.72,  0d 00:01:50.04,2.1134,3.7845,D,07/25/2025 10:57:18 AM,0.0000,-0.0007,0.0,0.0
2197,0,6,  0d 00:36:30.72,  0d 00:01:51.04,2.1134,3.7842,D,07/25/2025 10:57:19 AM,0.0000,-0.0007,0.0,0.0
2198,0,6,  0d 00:36:31.72,  0d 00:01:52.04,2.1146,3.7841,D,07/25/2025 10:57:20 AM,0.0000,-0.0007,0.0,0.0
2199,0,6,  0d 00:36:32.72,  0d 00:01:53.04,2.1143,3.7836,D,07/25/2025 10:57:21 AM,0.0000,-0.0007,0.0,0.0
2200,0,6,  0d 00:36:33.72,  0d 00:01:54.04,2.1143,3.7836,D,07/25/2025 10:57:22 AM,0.0000,-0.0007,0.0,0.0
2201,0,6,  0d 00:36:34.72,  0d 00:01:55.04,2.1143,3.7834,D,07/25/2025 10:57:23 AM,0.0000,-0.0008,0.0,0.0
2202,0,6,  0d 00:36:35.72,  0d 00:01:56.04,2.1140,3.7832,D,07/25/2025 10:57:24 AM,0.0000,-0.0007,0.0,0.0
2203,0,6,  0d 00:36:36.72,  0d 00:01:57.04,2.1146,3.7829,D,07/25/2025 10:57:25 AM,0.0000,-0.0007,0.0,0.0
2204,0,6,  0d 00:36:37.72,  0d 00:01:58.04,2.1146,3.7826,D,07/25/2025 10:57:26 AM,0.0000,-0.0008,0.0,0.0
2205,0,6,  0d 00:36:38.72,  0d 00:01:59.04,2.1143,3.7825,D,07/25/2025 10:57:27 AM,0.0000,-0.0007,0.0,0.0
2206,0,6,  0d 00:36:39.72,  0d 00:02:00.04,2.1146,3.7823,D,07/25/2025 10:57:28 AM,0.0000,-0.0008,0.0,0.0
2207,0,6,  0d 00:36:40.72,  0d 00:02:01.04,2.1152,3.7820,D,07/25/2025 10:57:29 AM,0.0000,-0.0007,0.0,0.0
2208,0,6,  0d 00:36:41.72,  0d 00:02:02.04,2.1149,3.7819,D,07/25/2025 10:57:29 AM,0.0000,-0.0008,0.0,0.0
2209,0,6,  0d 00:36:42.72,  0d 00:02:03.04,2.1149,3.7816,D,07/25/2025 10:57:30 AM,0.0000,-0.0008,0.0,0.0
2210,0,6,  0d 00:36:43.72,  0d 00:02:04.04,2.1155,3.7815,D,07/25/2025 10:57:31 AM,0.0000,-0.0007,0.0,0.0
2211,0,6,  0d 00:36:44.72,  0d 00:02:05.04,2.1152,3.7813,D,07/25/2025 10:57:32 AM,0.0000,-0.0008,0.0,0.0
2212,0,6,  0d 00:36:45.72,  0d 00:02:06.04,2.1164,3.7810,D,07/25/2025 10:57:33 AM,0.0000,-0.0008,0.0,0.0
2213,0,6,  0d 00:36:46.72,  0d 00:02:07.04,2.1155,3.7809,D,07/25/2025 10:57:34 AM,0.0000,-0.0007,0.0,0.0
2214,0,6,  0d 00:36:47.72,  0d 00:02:08.04,2.1158,3.7807,D,07/25/2025 10:57:35 AM,0.0000,-0.0008,0.0,0.0
2215,0,6,  0d 00:36:48.72,  0d 00:02:09.04,2.1161,3.7805,D,07/25/2025 10:57:37 AM,0.0000,-0.0007,0.0,0.0
2216,0,6,  0d 00:36:49.72,  0d 00:02:10.04,2.1161,3.7803,D,07/25/2025 10:57:38 AM,0.0000,-0.0007,0.0,0.0
2217,0,6,  0d 00:36:50.72,  0d 00:02:11.04,2.1167,3.7800,D,07/25/2025 10:57:39 AM,0.0000,-0.0008,0.0,0.0
2218,0,6,  0d 00:36:51.72,  0d 00:02:12.04,2.1167,3.7798,D,07/25/2025 10:57:40 AM,0.0000,-0.0007,0.0,0.0
2219,0,6,  0d 00:36:52.72,  0d 00:02:13.04,2.1164,3.7796,D,07/25/2025 10:57:40 AM,0.0000,-0.0007,0.0,0.0
2220,0,6,  0d 00:36:53.72,  0d 00:02:14.04,2.1164,3.7794,D,07/25/2025 10:57:41 AM,0.0000,-0.0008,0.0,0.0
2221,0,6,  0d 00:36:54.72,  0d 00:02:15.04,2.1167,3.7794,D,07/25/2025 10:57:42 AM,0.0000,-0.0007,0.0,0.0
2222,0,6,  0d 00:36:55.72,  0d 00:02:16.04,2.1164,3.7790,D,07/25/2025 10:57:43 AM,0.0000,-0.0007,0.0,0.0
2223,0,6,  0d 00:36:56.72,  0d 00:02:17.04,2.1167,3.7789,D,07/25/2025 10:57:45 AM,0.0000,-0.0007,0.0,0.0
2224,0,6,  0d 00:36:57.72,  0d 00:02:18.04,2.1170,3.7787,D,07/25/2025 10:57:46 AM,0.0000,-0.0008,0.0,0.0
2225,0,6,  0d 00:36:58.72,  0d 00:02:19.04,2.1170,3.7785,D,07/25/2025 10:57:47 AM,0.0000,-0.0008,0.0,0.0
2226,0,6,  0d 00:36:59.72,  0d 00:02:20.04,2.1170,3.7784,D,07/25/2025 10:57:48 AM,0.0000,-0.0008,0.0,0.0
2227,0,6,  0d 00:37:00.72,  0d 00:02:21.04,2.1173,3.7782,D,07/25/2025 10:57:49 AM,0.0000,-0.0008,0.0,0.0
2228,0,6,  0d 00:37:01.72,  0d 00:02:22.04,2.1170,3.7781,D,07/25/2025 10:57:50 AM,0.0000,-0.0007,0.0,0.0
2229,0,6,  0d 00:37:02.72,  0d 00:02:23.04,2.1180,3.7778,D,07/25/2025 10:57:51 AM,0.0000,-0.0008,0.0,0.0
2230,0,6,  0d 00:37:03.72,  0d 00:02:24.04,2.1180,3.7774,D,07/25/2025 10:57:52 AM,0.0000,-0.0007,0.0,0.0
2231,0,6,  0d 00:37:04.72,  0d 00:02:25.04,2.1170,3.7774,D,07/25/2025 10:57:53 AM,0.0000,-0.0010,0.0,0.0
2232,0,6,  0d 00:37:05.72,  0d 00:02:26.04,2.1176,3.7771,D,07/25/2025 10:57:54 AM,0.0000,-0.0008,0.0,0.0
2233,0,6,  0d 00:37:06.72,  0d 00:02:27.04,2.1176,3.7770,D,07/25/2025 10:57:55 AM,0.0000,-0.0008,0.0,0.0
2234,0,6,  0d 00:37:07.72,  0d 00:02:28.04,2.1183,3.7768,D,07/25/2025 10:57:56 AM,0.0000,-0.0007,0.0,0.0
2235,0,6,  0d 00:37:08.72,  0d 00:02:29.04,2.1183,3.7765,D,07/25/2025 10:57:57 AM,0.0000,-0.0010,0.0,0.0
2236,0,6,  0d 00:37:09.72,  0d 00:02:30.04,2.1183,3.7765,D,07/25/2025 10:57:57 AM,0.0000,-0.0007,0.0,0.0
2237,0,6,  0d 00:37:10.72,  0d 00:02:31.04,2.1183,3.7763,D,07/25/2025 10:57:59 AM,0.0000,-0.0008,0.0,0.0
2238,0,6,  0d 00:37:11.72,  0d 00:02:32.04,2.1183,3.7760,D,07/25/2025 10:58:00 AM,0.0000,-0.0007,0.0,0.0
2239,0,6,  0d 00:37:12.72,  0d 00:02:33.04,2.1186,3.7758,D,07/25/2025 10:58:00 AM,0.0000,-0.0008,0.0,0.0
2240,0,6,  0d 00:37:13.72,  0d 00:02:34.04,2.1189,3.7756,D,07/25/2025 10:58:01 AM,0.0000,-0.0008,0.0,0.0
2241,0,6,  0d 00:37:14.72,  0d 00:02:35.04,2.1192,3.7753,D,07/25/2025 10:58:02 AM,0.0000,-0.0008,0.0,0.0
2242,0,6,  0d 00:37:15.72,  0d 00:02:36.04,2.1189,3.7754,D,07/25/2025 10:58:03 AM,0.0000,-0.0008,0.0,0.0
2243,0,6,  0d 00:37:16.72,  0d 00:02:37.04,2.1192,3.7750,D,07/25/2025 10:58:04 AM,0.0000,-0.0008,0.0,0.0
2244,0,6,  0d 00:37:17.72,  0d 00:02:38.04,2.1189,3.7748,D,07/25/2025 10:58:06 AM,0.0000,-0.0007,0.0,0.0
2245,0,6,  0d 00:37:18.72,  0d 00:02:39.04,2.1192,3.7747,D,07/25/2025 10:58:06 AM,0.0000,-0.0007,0.0,0.0
2246,0,6,  0d 00:37:19.72,  0d 00:02:40.04,2.1198,3.7745,D,07/25/2025 10:58:07 AM,0.0000,-0.0007,0.0,0.0
2247,0,6,  0d 00:37:20.72,  0d 00:02:41.04,2.1192,3.7744,D,07/25/2025 10:58:09 AM,0.0000,-0.0007,0.0,0.0
2248,0,6,  0d 00:37:21.72,  0d 00:02:42.04,2.1195,3.7741,D,07/25/2025 10:58:10 AM,0.0000,-0.0010,0.0,0.0
2249,0,6,  0d 00:37:22.72,  0d 00:02:43.04,2.1198,3.7738,D,07/25/2025 10:58:11 AM,0.0000,-0.0008,0.0,0.0
2250,0,6,  0d 00:37:23.72,  0d 00:02:44.04,2.1198,3.7736,D,07/25/2025 10:58:12 AM,0.0000,-0.0005,0.0,0.0
2251,0,6,  0d 00:37:24.72,  0d 00:02:45.04,2.1198,3.7736,D,07/25/2025 10:58:13 AM,0.0000,-0.0008,0.0,0.0
2252,0,6,  0d 00:37:25.72,  0d 00:02:46.04,2.1204,3.7733,D,07/25/2025 10:58:14 AM,0.0000,-0.0007,0.0,0.0
2253,0,6,  0d 00:37:26.72,  0d 00:02:47.04,2.1204,3.7732,D,07/25/2025 10:58:15 AM,0.0000,-0.0010,0.0,0.0
2254,0,6,  0d 00:37:27.72,  0d 00:02:48.04,2.1204,3.7728,D,07/25/2025 10:58:15 AM,0.0000,-0.0008,0.0,0.0
2255,0,6,  0d 00:37:28.72,  0d 00:02:49.04,2.1204,3.7726,D,07/25/2025 10:58:16 AM,0.0000,-0.0008,0.0,0.0
2256,0,6,  0d 00:37:29.72,  0d 00:02:50.04,2.1207,3.7726,D,07/25/2025 10:58:17 AM,0.0000,-0.0005,0.0,0.0
2257,0,6,  0d 00:37:30.72,  0d 00:02:51.04,2.1207,3.7723,D,07/25/2025 10:58:19 AM,0.0000,-0.0007,0.0,0.0
2258,0,6,  0d 00:37:31.72,  0d 00:02:52.04,2.1201,3.7720,D,07/25/2025 10:58:20 AM,0.0000,-0.0007,0.0,0.0
2259,0,6,  0d 00:37:32.72,  0d 00:02:53.04,2.1204,3.7720,D,07/25/2025 10:58:21 AM,0.0000,-0.0010,0.0,0.0
2260,0,6,  0d 00:37:33.72,  0d 00:02:54.04,2.1213,3.7716,D,07/25/2025 10:58:22 AM,0.0000,-0.0008,0.0,0.0
2261,0,6,  0d 00:37:34.72,  0d 00:02:55.04,2.1207,3.7716,D,07/25/2025 10:58:23 AM,0.0000,-0.0008,0.0,0.0
2262,0,6,  0d 00:37:35.72,  0d 00:02:56.04,2.1213,3.7713,D,07/25/2025 10:58:24 AM,0.0000,-0.0007,0.0,0.0
2263,0,6,  0d 00:37:36.72,  0d 00:02:57.04,2.1213,3.7713,D,07/25/2025 10:58:25 AM,0.0000,-0.0008,0.0,0.0
2264,0,6,  0d 00:37:37.72,  0d 00:02:58.04,2.1216,3.7710,D,07/25/2025 10:58:26 AM,0.0000,-0.0007,0.0,0.0
2265,0,6,  0d 00:37:38.72,  0d 00:02:59.04,2.1213,3.7709,D,07/25/2025 10:58:27 AM,0.0000,-0.0008,0.0,0.0
2266,0,6,  0d 00:37:39.72,  0d 00:03:00.04,2.1216,3.7706,D,07/25/2025 10:58:28 AM,0.0000,-0.0008,0.0,0.0
2267,0,6,  0d 00:37:40.72,  0d 00:03:01.04,2.1216,3.7704,D,07/25/2025 10:58:29 AM,0.0000,-0.0008,0.0,0.0
2268,0,6,  0d 00:37:41.72,  0d 00:03:02.04,2.1216,3.7702,D,07/25/2025 10:58:30 AM,0.0000,-0.0008,0.0,0.0
2269,0,6,  0d 00:37:42.72,  0d 00:03:03.04,2.1219,3.7700,D,07/25/2025 10:58:31 AM,0.0000,-0.0008,0.0,0.0
2270,0,6,  0d 00:37:43.72,  0d 00:03:04.04,2.1222,3.7698,D,07/25/2025 10:58:32 AM,0.0000,-0.0007,0.0,0.0
2271,0,6,  0d 00:37:44.72,  0d 00:03:05.04,2.1219,3.7697,D,07/25/2025 10:58:32 AM,0.0000,-0.0008,0.0,0.0
2272,0,6,  0d 00:37:45.72,  0d 00:03:06.04,2.1219,3.7694,D,07/25/2025 10:58:33 AM,0.0000,-0.0008,0.0,0.0
2273,0,6,  0d 00:37:46.72,  0d 00:03:07.04,2.1222,3.7692,D,07/25/2025 10:58:34 AM,0.0000,-0.0008,0.0,0.0
2274,0,6,  0d 00:37:47.72,  0d 00:03:08.04,2.1225,3.7690,D,07/25/2025 10:58:35 AM,0.0000,-0.0008,0.0,0.0
2275,0,6,  0d 00:37:48.72,  0d 00:03:09.04,2.1222,3.7687,D,07/25/2025 10:58:36 AM,0.0000,-0.0008,0.0,0.0
2276,0,6,  0d 00:37:49.72,  0d 00:03:10.04,2.1225,3.7687,D,07/25/2025 10:58:38 AM,0.0000,-0.0008,0.0,0.0
2277,0,6,  0d 00:37:50.72,  0d 00:03:11.04,2.1225,3.7684,D,07/25/2025 10:58:38 AM,0.0000,-0.0008,0.0,0.0
2278,0,6,  0d 00:37:51.72,  0d 00:03:12.04,2.1225,3.7683,D,07/25/2025 10:58:40 AM,0.0000,-0.0007,0.0,0.0
2279,0,6,  0d 00:37:52.72,  0d 00:03:13.04,2.1225,3.7681,D,07/25/2025 10:58:41 AM,0.0000,-0.0007,0.0,0.0
2280,0,6,  0d 00:37:53.72,  0d 00:03:14.04,2.1228,3.7679,D,07/25/2025 10:58:42 AM,0.0000,-0.0005,0.0,0.0
2281,0,6,  0d 00:37:54.72,  0d 00:03:15.04,2.1231,3.7678,D,07/25/2025 10:58:43 AM,0.0000,-0.0007,0.0,0.0
2282,0,6,  0d 00:37:55.72,  0d 00:03:16.04,2.1234,3.7673,D,07/25/2025 10:58:44 AM,0.0000,-0.0007,0.0,0.0
2283,0,6,  0d 00:37:56.72,  0d 00:03:17.04,2.1231,3.7673,D,07/25/2025 10:58:45 AM,0.0000,-0.0007,0.0,0.0
2284,0,6,  0d 00:37:57.72,  0d 00:03:18.04,2.1234,3.7671,D,07/25/2025 10:58:46 AM,0.0000,-0.0010,0.0,0.0
2285,0,6,  0d 00:37:58.72,  0d 00:03:19.04,2.1238,3.7669,D,07/25/2025 10:58:46 AM,0.0000,-0.0008,0.0,0.0
2286,0,6,  0d 00:37:59.72,  0d 00:03:20.04,2.1234,3.7667,D,07/25/2025 10:58:47 AM,0.0000,-0.0008,0.0,0.0
2287,0,6,  0d 00:38:00.72,  0d 00:03:21.04,2.1244,3.7664,D,07/25/2025 10:58:49 AM,0.0000,-0.0008,0.0,0.0
2288,0,6,  0d 00:38:01.72,  0d 00:03:22.04,2.1238,3.7663,D,07/25/2025 10:58:50 AM,0.0000,-0.0007,0.0,0.0
2289,0,6,  0d 00:38:02.72,  0d 00:03:23.04,2.1238,3.7660,D,07/25/2025 10:58:51 AM,0.0000,-0.0007,0.0,0.0
2290,0,6,  0d 00:38:03.72,  0d 00:03:24.04,2.1244,3.7658,D,07/25/2025 10:58:52 AM,0.0000,-0.0005,0.0,0.0
2291,0,6,  0d 00:38:04.72,  0d 00:03:25.04,2.1244,3.7656,D,07/25/2025 10:58:53 AM,0.0000,-0.0008,0.0,0.0
2292,0,6,  0d 00:38:05.72,  0d 00:03:26.04,2.1244,3.7654,D,07/25/2025 10:58:54 AM,0.0000,-0.0008,0.0,0.0
2293,0,6,  0d 00:38:06.72,  0d 00:03:27.04,2.1244,3.7652,D,07/25/2025 10:58:55 AM,0.0000,-0.0007,0.0,0.0
2294,0,6,  0d 00:38:07.72,  0d 00:03:28.04,2.1244,3.7652,D,07/25/2025 10:58:56 AM,0.0000,-0.0007,0.0,0.0
2295,0,6,  0d 00:38:08.72,  0d 00:03:29.04,2.1250,3.7649,D,07/25/2025 10:58:57 AM,0.0000,-0.0008,0.0,0.0
2296,0,6,  0d 00:38:09.72,  0d 00:03:30.04,2.1244,3.7646,D,07/25/2025 10:58:58 AM,0.0000,-0.0008,0.0,0.0
2297,0,6,  0d 00:38:10.72,  0d 00:03:31.04,2.1253,3.7646,D,07/25/2025 10:58:59 AM,0.0000,-0.0007,0.0,0.0
2298,0,6,  0d 00:38:11.72,  0d 00:03:32.04,2.1253,3.7642,D,07/25/2025 10:59:00 AM,0.0000,-0.0008,0.0,0.0
2299,0,6,  0d 00:38:12.72,  0d 00:03:33.04,2.1250,3.7642,D,07/25/2025 10:59:01 AM,0.0000,-0.0007,0.0,0.0
2300,0,6,  0d 00:38:13.72,  0d 00:03:34.04,2.1259,3.7639,D,07/25/2025 10:59:02 AM,0.0000,-0.0007,0.0,0.0
2301,0,6,  0d 00:38:14.72,  0d 00:03:35.04,2.1253,3.7636,D,07/25/2025 10:59:03 AM,0.0000,-0.0008,0.0,0.0
2302,0,6,  0d 00:38:15.72,  0d 00:03:36.04,2.1256,3.7636,D,07/25/2025 10:59:04 AM,0.0000,-0.0008,0.0,0.0
2303,0,6,  0d 00:38:16.72,  0d 00:03:37.04,2.1259,3.7633,D,07/25/2025 10:59:05 AM,0.0000,-0.0007,0.0,0.0
2304,0,6,  0d 00:38:17.72,  0d 00:03:38.04,2.1259,3.7630,D,07/25/2025 10:59:06 AM,0.0000,-0.0008,0.0,0.0
2305,0,6,  0d 00:38:18.72,  0d 00:03:39.04,2.1259,3.7630,D,07/25/2025 10:59:07 AM,0.0000,-0.0008,0.0,0.0
2306,0,6,  0d 00:38:19.72,  0d 00:03:40.04,2.1262,3.7626,D,07/25/2025 10:59:08 AM,0.0000,-0.0007,0.0,0.0
2307,0,6,  0d 00:38:20.72,  0d 00:03:41.04,2.1259,3.7624,D,07/25/2025 10:59:09 AM,0.0000,-0.0007,0.0,0.0
2308,0,6,  0d 00:38:21.72,  0d 00:03:42.04,2.1262,3.7623,D,07/25/2025 10:59:10 AM,0.0000,-0.0007,0.0,0.0
2309,0,6,  0d 00:38:22.72,  0d 00:03:43.04,2.1265,3.7621,D,07/25/2025 10:59:11 AM,0.0000,-0.0008,0.0,0.0
2310,0,6,  0d 00:38:23.72,  0d 00:03:44.04,2.1265,3.7618,D,07/25/2025 10:59:12 AM,0.0000,-0.0008,0.0,0.0
2311,0,6,  0d 00:38:24.72,  0d 00:03:45.04,2.1265,3.7617,D,07/25/2025 10:59:12 AM,0.0000,-0.0008,0.0,0.0
2312,0,6,  0d 00:38:25.72,  0d 00:03:46.04,2.1262,3.7615,D,07/25/2025 10:59:13 AM,0.0000,-0.0007,0.0,0.0
2313,0,6,  0d 00:38:26.72,  0d 00:03:47.04,2.1265,3.7612,D,07/25/2025 10:59:14 AM,0.0000,-0.0007,0.0,0.0
2314,0,6,  0d 00:38:27.72,  0d 00:03:48.04,2.1271,3.7611,D,07/25/2025 10:59:16 AM,0.0000,-0.0007,0.0,0.0
2315,0,6,  0d 00:38:28.72,  0d 00:03:49.04,2.1268,3.7609,D,07/25/2025 10:59:16 AM,0.0000,-0.0008,0.0,0.0
2316,0,6,  0d 00:38:29.72,  0d 00:03:50.04,2.1268,3.7608,D,07/25/2025 10:59:17 AM,0.0000,-0.0007,0.0,0.0
2317,0,6,  0d 00:38:30.72,  0d 00:03:51.04,2.1277,3.7604,D,07/25/2025 10:59:18 AM,0.0000,-0.0008,0.0,0.0
2318,0,6,  0d 00:38:31.72,  0d 00:03:52.04,2.1271,3.7604,D,07/25/2025 10:59:20 AM,0.0000,-0.0008,0.0,0.0
2319,0,6,  0d 00:38:32.72,  0d 00:03:53.04,2.1274,3.7602,D,07/25/2025 10:59:21 AM,0.0000,-0.0007,0.0,0.0
2320,0,6,  0d 00:38:33.72,  0d 00:03:54.04,2.1280,3.7598,D,07/25/2025 10:59:22 AM,0.0000,-0.0008,0.0,0.0
2321,0,6,  0d 00:38:34.72,  0d 00:03:55.04,2.1277,3.7597,D,07/25/2025 10:59:22 AM,0.0000,-0.0008,0.0,0.0
2322,0,6,  0d 00:38:35.72,  0d 00:03:56.04,2.1280,3.7595,D,07/25/2025 10:59:23 AM,0.0000,-0.0007,0.0,0.0
2323,0,6,  0d 00:38:36.72,  0d 00:03:57.04,2.1283,3.7592,D,07/25/2025 10:59:25 AM,0.0000,-0.0008,0.0,0.0
2324,0,6,  0d 00:38:37.72,  0d 00:03:58.04,2.1283,3.7591,D,07/25/2025 10:59:25 AM,0.0000,-0.0008,0.0,0.0
2325,0,6,  0d 00:38:38.72,  0d 00:03:59.04,2.1283,3.7589,D,07/25/2025 10:59:26 AM,0.0000,-0.0010,0.0,0.0
2326,0,6,  0d 00:38:39.72,  0d 00:04:00.04,2.1283,3.7586,D,07/25/2025 10:59:27 AM,0.0000,-0.0008,0.0,0.0
2327,0,6,  0d 00:38:40.72,  0d 00:04:01.04,2.1286,3.7584,D,07/25/2025 10:59:29 AM,0.0000,-0.0008,0.0,0.0
2328,0,6,  0d 00:38:41.72,  0d 00:04:02.04,2.1280,3.7583,D,07/25/2025 10:59:30 AM,0.0000,-0.0007,0.0,0.0
2329,0,6,  0d 00:38:42.72,  0d 00:04:03.04,2.1286,3.7581,D,07/25/2025 10:59:31 AM,0.0000,-0.0008,0.0,0.0
2330,0,6,  0d 00:38:43.72,  0d 00:04:04.04,2.1292,3.7578,D,07/25/2025 10:59:32 AM,0.0000,-0.0007,0.0,0.0
2331,0,6,  0d 00:38:44.72,  0d 00:04:05.04,2.1289,3.7576,D,07/25/2025 10:59:33 AM,0.0000,-0.0008,0.0,0.0
2332,0,6,  0d 00:38:45.72,  0d 00:04:06.04,2.1292,3.7576,D,07/25/2025 10:59:34 AM,0.0000,-0.0007,0.0,0.0
2333,0,6,  0d 00:38:46.72,  0d 00:04:07.04,2.1292,3.7573,D,07/25/2025 10:59:35 AM,0.0000,-0.0008,0.0,0.0
2334,0,6,  0d 00:38:47.72,  0d 00:04:08.04,2.1292,3.7571,D,07/25/2025 10:59:36 AM,0.0000,-0.0007,0.0,0.0
2335,0,6,  0d 00:38:48.72,  0d 00:04:09.04,2.1295,3.7568,D,07/25/2025 10:59:37 AM,0.0000,-0.0007,0.0,0.0
2336,0,6,  0d 00:38:49.72,  0d 00:04:10.04,2.1299,3.7567,D,07/25/2025 10:59:38 AM,0.0000,-0.0008,0.0,0.0
2337,0,6,  0d 00:38:50.72,  0d 00:04:11.04,2.1289,3.7565,D,07/25/2025 10:59:39 AM,0.0000,-0.0007,0.0,0.0
2338,0,6,  0d 00:38:51.72,  0d 00:04:12.04,2.1292,3.7562,D,07/25/2025 10:59:40 AM,0.0000,-0.0008,0.0,0.0
2339,0,6,  0d 00:38:52.72,  0d 00:04:13.04,2.1299,3.7561,D,07/25/2025 10:59:41 AM,0.0000,-0.0008,0.0,0.0
2340,0,6,  0d 00:38:53.72,  0d 00:04:14.04,2.1292,3.7559,D,07/25/2025 10:59:42 AM,0.0000,-0.0010,0.0,0.0
2341,0,6,  0d 00:38:54.72,  0d 00:04:15.04,2.1299,3.7557,D,07/25/2025 10:59:43 AM,0.0000,-0.0007,0.0,0.0
2342,0,6,  0d 00:38:55.72,  0d 00:04:16.04,2.1302,3.7554,D,07/25/2025 10:59:44 AM,0.0000,-0.0008,0.0,0.0
2343,0,6,  0d 00:38:56.72,  0d 00:04:17.04,2.1302,3.7552,D,07/25/2025 10:59:44 AM,0.0000,-0.0008,0.0,0.0
2344,0,6,  0d 00:38:57.72,  0d 00:04:18.04,2.1305,3.7550,D,07/25/2025 10:59:45 AM,0.0000,-0.0008,0.0,0.0
2345,0,6,  0d 00:38:58.72,  0d 00:04:19.04,2.1302,3.7548,D,07/25/2025 10:59:47 AM,0.0000,-0.0007,0.0,0.0
2346,0,6,  0d 00:38:59.72,  0d 00:04:20.04,2.1305,3.7546,D,07/25/2025 10:59:48 AM,0.0000,-0.0008,0.0,0.0
2347,0,6,  0d 00:39:00.72,  0d 00:04:21.04,2.1308,3.7544,D,07/25/2025 10:59:49 AM,0.0000,-0.0008,0.0,0.0
2348,0,6,  0d 00:39:01.72,  0d 00:04:22.04,2.1308,3.7542,D,07/25/2025 10:59:50 AM,0.0000,-0.0010,0.0,0.0
2349,0,6,  0d 00:39:02.72,  0d 00:04:23.04,2.1311,3.7541,D,07/25/2025 10:59:51 AM,0.0000,-0.0010,0.0,0.0
2350,0,6,  0d 00:39:03.72,  0d 00:04:24.04,2.1308,3.7538,D,07/25/2025 10:59:52 AM,0.0000,-0.0008,0.0,0.0
2351,0,6,  0d 00:39:04.72,  0d 00:04:25.04,2.1308,3.7535,D,07/25/2025 10:59:52 AM,0.0000,-0.0007,0.0,0.0
2352,0,6,  0d 00:39:05.72,  0d 00:04:26.04,2.1314,3.7534,D,07/25/2025 10:59:54 AM,0.0000,-0.0005,0.0,0.0
2353,0,6,  0d 00:39:06.72,  0d 00:04:27.04,2.1308,3.7533,D,07/25/2025 10:59:54 AM,0.0000,-0.0008,0.0,0.0
2354,0,6,  0d 00:39:07.72,  0d 00:04:28.04,2.1317,3.7530,D,07/25/2025 10:59:56 AM,0.0000,-0.0008,0.0,0.0
2355,0,6,  0d 00:39:08.72,  0d 00:04:29.04,2.1314,3.7527,D,07/25/2025 10:59:57 AM,0.0000,-0.0007,0.0,0.0
2356,0,6,  0d 00:39:09.72,  0d 00:04:30.04,2.1317,3.7526,D,07/25/2025 10:59:58 AM,0.0000,-0.0007,0.0,0.0
2357,0,6,  0d 00:39:10.72,  0d 00:04:31.04,2.1317,3.7523,D,07/25/2025 10:59:59 AM,0.0000,-0.0007,0.0,0.0
2358,0,6,  0d 00:39:11.72,  0d 00:04:32.04,2.1320,3.7521,D,07/25/2025 11:00:00 AM,0.0000,-0.0008,0.0,0.0
2359,0,6,  0d 00:39:12.72,  0d 00:04:33.04,2.1320,3.7520,D,07/25/2025 11:00:01 AM,0.0000,-0.0008,0.0,0.0
2360,0,6,  0d 00:39:13.72,  0d 00:04:34.04,2.1320,3.7517,D,07/25/2025 11:00:02 AM,0.0000,-0.0007,0.0,0.0
2361,0,6,  0d 00:39:14.72,  0d 00:04:35.04,2.1320,3.7516,D,07/25/2025 11:00:03 AM,0.0000,-0.0008,0.0,0.0
2362,0,6,  0d 00:39:15.72,  0d 00:04:36.04,2.1323,3.7514,D,07/25/2025 11:00:04 AM,0.0000,-0.0007,0.0,0.0
2363,0,6,  0d 00:39:16.72,  0d 00:04:37.04,2.1326,3.7512,D,07/25/2025 11:00:05 AM,0.0000,-0.0008,0.0,0.0
2364,0,6,  0d 00:39:17.72,  0d 00:04:38.04,2.1326,3.7509,D,07/25/2025 11:00:06 AM,0.0000,-0.0008,0.0,0.0
2365,0,6,  0d 00:39:18.72,  0d 00:04:39.04,2.1329,3.7507,D,07/25/2025 11:00:07 AM,0.0000,-0.0008,0.0,0.0
2366,0,6,  0d 00:39:19.72,  0d 00:04:40.04,2.1329,3.7503,D,07/25/2025 11:00:08 AM,0.0000,-0.0007,0.0,0.0
2367,0,6,  0d 00:39:20.72,  0d 00:04:41.04,2.1326,3.7503,D,07/25/2025 11:00:09 AM,0.0000,-0.0008,0.0,0.0
2368,0,6,  0d 00:39:21.72,  0d 00:04:42.04,2.1329,3.7500,D,07/25/2025 11:00:10 AM,0.0000,-0.0008,0.0,0.0
2369,0,6,  0d 00:39:22.72,  0d 00:04:43.04,2.1329,3.7500,D,07/25/2025 11:00:11 AM,0.0000,-0.0007,0.0,0.0
2370,0,6,  0d 00:39:23.72,  0d 00:04:44.04,2.1332,3.7495,D,07/25/2025 11:00:12 AM,0.0000,-0.0010,0.0,0.0
2371,0,6,  0d 00:39:24.72,  0d 00:04:45.04,2.1335,3.7494,D,07/25/2025 11:00:13 AM,0.0000,-0.0008,0.0,0.0
2372,0,6,  0d 00:39:25.72,  0d 00:04:46.04,2.1332,3.7492,D,07/25/2025 11:00:14 AM,0.0000,-0.0008,0.0,0.0
2373,0,6,  0d 00:39:26.72,  0d 00:04:47.04,2.1335,3.7491,D,07/25/2025 11:00:15 AM,0.0000,-0.0008,0.0,0.0
2374,0,6,  0d 00:39:27.72,  0d 00:04:48.04,2.1332,3.7489,D,07/25/2025 11:00:16 AM,0.0000,-0.0008,0.0,0.0
2375,0,6,  0d 00:39:28.72,  0d 00:04:49.04,2.1338,3.7486,D,07/25/2025 11:00:17 AM,0.0000,-0.0007,0.0,0.0
2376,0,6,  0d 00:39:29.72,  0d 00:04:50.04,2.1338,3.7484,D,07/25/2025 11:00:18 AM,0.0000,-0.0007,0.0,0.0
2377,0,6,  0d 00:39:30.72,  0d 00:04:51.04,2.1341,3.7482,D,07/25/2025 11:00:19 AM,0.0000,-0.0007,0.0,0.0
2378,0,6,  0d 00:39:31.72,  0d 00:04:52.04,2.1344,3.7481,D,07/25/2025 11:00:20 AM,0.0000,-0.0008,0.0,0.0
2379,0,6,  0d 00:39:32.72,  0d 00:04:53.04,2.1338,3.7478,D,07/25/2025 11:00:21 AM,0.0000,-0.0008,0.0,0.0
2380,0,6,  0d 00:39:33.72,  0d 00:04:54.04,2.1344,3.7477,D,07/25/2025 11:00:22 AM,0.0000,-0.0007,0.0,0.0
2381,0,6,  0d 00:39:34.72,  0d 00:04:55.04,2.1344,3.7473,D,07/25/2025 11:00:23 AM,0.0000,-0.0008,0.0,0.0
2382,0,6,  0d 00:39:35.72,  0d 00:04:56.04,2.1341,3.7472,D,07/25/2025 11:00:24 AM,0.0000,-0.0007,0.0,0.0
2383,0,6,  0d 00:39:36.72,  0d 00:04:57.04,2.1341,3.7469,D,07/25/2025 11:00:25 AM,0.0000,-0.0008,0.0,0.0
2384,0,6,  0d 00:39:37.72,  0d 00:04:58.04,2.1353,3.7468,D,07/25/2025 11:00:26 AM,0.0000,-0.0008,0.0,0.0
2385,0,6,  0d 00:39:38.72,  0d 00:04:59.04,2.1353,3.7463,D,07/25/2025 11:00:27 AM,0.0000,-0.0007,0.0,0.0
2386,0,6,  0d 00:39:39.72,  0d 00:05:00.04,2.1353,3.7462,D,07/25/2025 11:00:28 AM,0.0000,-0.0007,0.0,0.0
2387,0,6,  0d 00:39:40.72,  0d 00:05:01.04,2.1357,3.7460,D,07/25/2025 11:00:29 AM,0.0000,-0.0005,0.0,0.0
2388,0,6,  0d 00:39:41.72,  0d 00:05:02.04,2.1357,3.7459,D,07/25/2025 11:00:30 AM,0.0000,-0.0008,0.0,0.0
2389,0,6,  0d 00:39:42.72,  0d 00:05:03.04,2.1353,3.7457,D,07/25/2025 11:00:31 AM,0.0000,-0.0007,0.0,0.0
2390,0,6,  0d 00:39:43.72,  0d 00:05:04.04,2.1353,3.7456,D,07/25/2025 11:00:32 AM,0.0000,-0.0008,0.0,0.0
2391,0,6,  0d 00:39:44.72,  0d 00:05:05.04,2.1360,3.7453,D,07/25/2025 11:00:33 AM,0.0000,-0.0007,0.0,0.0
2392,0,6,  0d 00:39:45.72,  0d 00:05:06.04,2.1357,3.7449,D,07/25/2025 11:00:34 AM,0.0000,-0.0007,0.0,0.0
2393,0,6,  0d 00:39:46.72,  0d 00:05:07.04,2.1363,3.7448,D,07/25/2025 11:00:35 AM,0.0000,-0.0007,0.0,0.0
2394,0,6,  0d 00:39:47.72,  0d 00:05:08.04,2.1363,3.7446,D,07/25/2025 11:00:36 AM,0.0000,-0.0008,0.0,0.0
2395,0,6,  0d 00:39:48.72,  0d 00:05:09.04,2.1363,3.7445,D,07/25/2025 11:00:37 AM,0.0000,-0.0008,0.0,0.0
2396,0,6,  0d 00:39:49.72,  0d 00:05:10.04,2.1366,3.7442,D,07/25/2025 11:00:38 AM,0.0000,-0.0008,0.0,0.0
2397,0,6,  0d 00:39:50.72,  0d 00:05:11.04,2.1363,3.7440,D,07/25/2025 11:00:39 AM,0.0000,-0.0007,0.0,0.0
2398,0,6,  0d 00:39:51.72,  0d 00:05:12.04,2.1372,3.7436,D,07/25/2025 11:00:40 AM,0.0000,-0.0008,0.0,0.0
2399,0,6,  0d 00:39:52.72,  0d 00:05:13.04,2.1372,3.7436,D,07/25/2025 11:00:41 AM,0.0000,-0.0008,0.0,0.0
2400,0,6,  0d 00:39:53.72,  0d 00:05:14.04,2.1372,3.7433,D,07/25/2025 11:00:42 AM,0.0000,-0.0007,0.0,0.0
2401,0,6,  0d 00:39:54.72,  0d 00:05:15.04,2.1366,3.7432,D,07/25/2025 11:00:43 AM,0.0000,-0.0008,0.0,0.0
2402,0,6,  0d 00:39:55.72,  0d 00:05:16.04,2.1378,3.7427,D,07/25/2025 11:00:44 AM,0.0000,-0.0008,0.0,0.0
2403,0,6,  0d 00:39:56.72,  0d 00:05:17.04,2.1372,3.7427,D,07/25/2025 11:00:45 AM,0.0000,-0.0008,0.0,0.0
2404,0,6,  0d 00:39:57.72,  0d 00:05:18.04,2.1372,3.7425,D,07/25/2025 11:00:46 AM,0.0000,-0.0008,0.0,0.0
2405,0,6,  0d 00:39:58.72,  0d 00:05:19.04,2.1375,3.7424,D,07/25/2025 11:00:47 AM,0.0000,-0.0008,0.0,0.0
2406,0,6,  0d 00:39:59.72,  0d 00:05:20.04,2.1378,3.7420,D,07/25/2025 11:00:48 AM,0.0000,-0.0010,0.0,0.0
2407,0,6,  0d 00:40:00.72,  0d 00:05:21.04,2.1381,3.7418,D,07/25/2025 11:00:49 AM,0.0000,-0.0007,0.0,0.0
2408,0,6,  0d 00:40:01.72,  0d 00:05:22.04,2.1381,3.7417,D,07/25/2025 11:00:50 AM,0.0000,-0.0007,0.0,0.0
2409,0,6,  0d 00:40:02.72,  0d 00:05:23.04,2.1381,3.7413,D,07/25/2025 11:00:51 AM,0.0000,-0.0007,0.0,0.0
2410,0,6,  0d 00:40:03.72,  0d 00:05:24.04,2.1381,3.7413,D,07/25/2025 11:00:52 AM,0.0000,-0.0007,0.0,0.0
2411,0,6,  0d 00:40:04.72,  0d 00:05:25.04,2.1381,3.7410,D,07/25/2025 11:00:53 AM,0.0000,-0.0007,0.0,0.0
2412,0,6,  0d 00:40:05.72,  0d 00:05:26.04,2.1384,3.7408,D,07/25/2025 11:00:54 AM,0.0000,-0.0008,0.0,0.0
2413,0,6,  0d 00:40:06.72,  0d 00:05:27.04,2.1384,3.7407,D,07/25/2025 11:00:55 AM,0.0000,-0.0007,0.0,0.0
2414,0,6,  0d 00:40:07.72,  0d 00:05:28.04,2.1387,3.7404,D,07/25/2025 11:00:56 AM,0.0000,-0.0007,0.0,0.0
2415,0,6,  0d 00:40:08.72,  0d 00:05:29.04,2.1390,3.7401,D,07/25/2025 11:00:57 AM,0.0000,-0.0008,0.0,0.0
2416,0,6,  0d 00:40:09.72,  0d 00:05:30.04,2.1390,3.7398,D,07/25/2025 11:00:58 AM,0.0000,-0.0007,0.0,0.0
2417,0,6,  0d 00:40:10.72,  0d 00:05:31.04,2.1390,3.7396,D,07/25/2025 11:00:59 AM,0.0000,-0.0005,0.0,0.0
2418,0,6,  0d 00:40:11.72,  0d 00:05:32.04,2.1390,3.7396,D,07/25/2025 11:01:00 AM,0.0000,-0.0008,0.0,0.0
2419,0,6,  0d 00:40:12.72,  0d 00:05:33.04,2.1387,3.7393,D,07/25/2025 11:01:01 AM,0.0000,-0.0008,0.0,0.0
2420,0,6,  0d 00:40:13.72,  0d 00:05:34.04,2.1393,3.7391,D,07/25/2025 11:01:02 AM,0.0000,-0.0008,0.0,0.0
2421,0,6,  0d 00:40:14.72,  0d 00:05:35.04,2.1396,3.7389,D,07/25/2025 11:01:03 AM,0.0000,-0.0007,0.0,0.0
2422,0,6,  0d 00:40:15.72,  0d 00:05:36.04,2.1393,3.7387,D,07/25/2025 11:01:04 AM,0.0000,-0.0007,0.0,0.0
2423,0,6,  0d 00:40:16.72,  0d 00:05:37.04,2.1399,3.7385,D,07/25/2025 11:01:05 AM,0.0000,-0.0007,0.0,0.0
2424,0,6,  0d 00:40:17.72,  0d 00:05:38.04,2.1402,3.7382,D,07/25/2025 11:01:06 AM,0.0000,-0.0008,0.0,0.0
2425,0,6,  0d 00:40:18.72,  0d 00:05:39.04,2.1396,3.7381,D,07/25/2025 11:01:07 AM,0.0000,-0.0008,0.0,0.0
2426,0,6,  0d 00:40:19.72,  0d 00:05:40.04,2.1402,3.7378,D,07/25/2025 11:01:08 AM,0.0000,-0.0007,0.0,0.0
2427,0,6,  0d 00:40:20.72,  0d 00:05:41.04,2.1402,3.7376,D,07/25/2025 11:01:09 AM,0.0000,-0.0007,0.0,0.0
2428,0,6,  0d 00:40:21.72,  0d 00:05:42.04,2.1402,3.7373,D,07/25/2025 11:01:10 AM,0.0000,-0.0008,0.0,0.0
2429,0,6,  0d 00:40:22.72,  0d 00:05:43.04,2.1399,3.7371,D,07/25/2025 11:01:11 AM,0.0000,-0.0008,0.0,0.0
2430,0,6,  0d 00:40:23.72,  0d 00:05:44.04,2.1405,3.7370,D,07/25/2025 11:01:12 AM,0.0000,-0.0007,0.0,0.0
2431,0,6,  0d 00:40:24.72,  0d 00:05:45.04,2.1411,3.7366,D,07/25/2025 11:01:13 AM,0.0000,-0.0008,0.0,0.0
2432,0,6,  0d 00:40:25.72,  0d 00:05:46.04,2.1411,3.7364,D,07/25/2025 11:01:14 AM,0.0000,-0.0007,0.0,0.0
2433,0,6,  0d 00:40:26.72,  0d 00:05:47.04,2.1411,3.7362,D,07/25/2025 11:01:15 AM,0.0000,-0.0007,0.0,0.0
2434,0,6,  0d 00:40:27.72,  0d 00:05:48.04,2.1405,3.7360,D,07/25/2025 11:01:16 AM,0.0000,-0.0007,0.0,0.0
2435,0,6,  0d 00:40:28.72,  0d 00:05:49.04,2.1411,3.7358,D,07/25/2025 11:01:17 AM,0.0000,-0.0007,0.0,0.0
2436,0,6,  0d 00:40:29.72,  0d 00:05:50.04,2.1411,3.7356,D,07/25/2025 11:01:18 AM,0.0000,-0.0008,0.0,0.0
2437,0,6,  0d 00:40:30.72,  0d 00:05:51.04,2.1418,3.7354,D,07/25/2025 11:01:19 AM,0.0000,-0.0008,0.0,0.0
2438,0,6,  0d 00:40:31.72,  0d 00:05:52.04,2.1418,3.7353,D,07/25/2025 11:01:20 AM,0.0000,-0.0008,0.0,0.0
2439,0,6,  0d 00:40:32.72,  0d 00:05:53.04,2.1418,3.7350,D,07/25/2025 11:01:21 AM,0.0000,-0.0007,0.0,0.0
2440,0,6,  0d 00:40:33.72,  0d 00:05:54.04,2.1415,3.7346,D,07/25/2025 11:01:22 AM,0.0000,-0.0007,0.0,0.0
2441,0,6,  0d 00:40:34.72,  0d 00:05:55.04,2.1421,3.7346,D,07/25/2025 11:01:23 AM,0.0000,-0.0007,0.0,0.0
2442,0,6,  0d 00:40:35.72,  0d 00:05:56.04,2.1418,3.7343,D,07/25/2025 11:01:24 AM,0.0000,-0.0008,0.0,0.0
2443,0,6,  0d 00:40:36.72,  0d 00:05:57.04,2.1421,3.7340,D,07/25/2025 11:01:25 AM,0.0000,-0.0008,0.0,0.0
2444,0,6,  0d 00:40:37.72,  0d 00:05:58.04,2.1421,3.7340,D,07/25/2025 11:01:26 AM,0.0000,-0.0007,0.0,0.0
2445,0,6,  0d 00:40:38.72,  0d 00:05:59.04,2.1430,3.7336,D,07/25/2025 11:01:27 AM,0.0000,-0.0008,0.0,0.0
2446,0,6,  0d 00:40:39.72,  0d 00:06:00.04,2.1427,3.7333,D,07/25/2025 11:01:28 AM,0.0000,-0.0010,0.0,0.0
2447,0,6,  0d 00:40:40.72,  0d 00:06:01.04,2.1430,3.7332,D,07/25/2025 11:01:29 AM,0.0000,-0.0007,0.0,0.0
2448,0,6,  0d 00:40:41.72,  0d 00:06:02.04,2.1430,3.7330,D,07/25/2025 11:01:30 AM,0.0000,-0.0008,0.0,0.0
2449,0,6,  0d 00:40:42.72,  0d 00:06:03.04,2.1430,3.7327,D,07/25/2025 11:01:31 AM,0.0000,-0.0007,0.0,0.0
2450,0,6,  0d 00:40:43.72,  0d 00:06:04.04,2.1436,3.7326,D,07/25/2025 11:01:32 AM,0.0000,-0.0008,0.0,0.0
2451,0,6,  0d 00:40:44.72,  0d 00:06:05.04,2.1433,3.7323,D,07/25/2025 11:01:33 AM,0.0000,-0.0005,0.0,0.0
2452,0,6,  0d 00:40:45.72,  0d 00:06:06.04,2.1430,3.7321,D,07/25/2025 11:01:34 AM,0.0000,-0.0007,0.0,0.0
2453,0,6,  0d 00:40:46.72,  0d 00:06:07.04,2.1442,3.7319,D,07/25/2025 11:01:35 AM,0.0000,-0.0008,0.0,0.0
2454,0,6,  0d 00:40:47.72,  0d 00:06:08.04,2.1436,3.7317,D,07/25/2025 11:01:36 AM,0.0000,-0.0010,0.0,0.0
2455,0,6,  0d 00:40:48.72,  0d 00:06:09.04,2.1436,3.7315,D,07/25/2025 11:01:37 AM,0.0000,-0.0007,0.0,0.0
2456,0,6,  0d 00:40:49.72,  0d 00:06:10.04,2.1436,3.7314,D,07/25/2025 11:01:38 AM,0.0000,-0.0007,0.0,0.0
2457,0,6,  0d 00:40:50.72,  0d 00:06:11.04,2.1439,3.7311,D,07/25/2025 11:01:39 AM,0.0000,-0.0008,0.0,0.0
2458,0,6,  0d 00:40:51.72,  0d 00:06:12.04,2.1439,3.7309,D,07/25/2025 11:01:40 AM,0.0000,-0.0007,0.0,0.0
2459,0,6,  0d 00:40:52.72,  0d 00:06:13.04,2.1442,3.7305,D,07/25/2025 11:01:41 AM,0.0000,-0.0007,0.0,0.0
2460,0,6,  0d 00:40:53.72,  0d 00:06:14.04,2.1445,3.7304,D,07/25/2025 11:01:42 AM,0.0000,-0.0008,0.0,0.0
2461,0,6,  0d 00:40:54.72,  0d 00:06:15.04,2.1445,3.7301,D,07/25/2025 11:01:43 AM,0.0000,-0.0008,0.0,0.0
2462,0,6,  0d 00:40:55.72,  0d 00:06:16.04,2.1448,3.7298,D,07/25/2025 11:01:44 AM,0.0000,-0.0007,0.0,0.0
2463,0,6,  0d 00:40:56.72,  0d 00:06:17.04,2.1451,3.7298,D,07/25/2025 11:01:45 AM,0.0000,-0.0007,0.0,0.0
2464,0,6,  0d 00:40:57.72,  0d 00:06:18.04,2.1448,3.7295,D,07/25/2025 11:01:46 AM,0.0000,-0.0008,0.0,0.0
2465,0,6,  0d 00:40:58.72,  0d 00:06:19.04,2.1448,3.7294,D,07/25/2025 11:01:47 AM,0.0000,-0.0008,0.0,0.0
2466,0,6,  0d 00:40:59.72,  0d 00:06:20.04,2.1448,3.7292,D,07/25/2025 11:01:48 AM,0.0000,-0.0007,0.0,0.0
2467,0,6,  0d 00:41:00.72,  0d 00:06:21.04,2.1451,3.7288,D,07/25/2025 11:01:49 AM,0.0000,-0.0005,0.0,0.0
2468,0,6,  0d 00:41:01.72,  0d 00:06:22.04,2.1451,3.7286,D,07/25/2025 11:01:50 AM,0.0000,-0.0007,0.0,0.0
2469,0,6,  0d 00:41:02.72,  0d 00:06:23.04,2.1454,3.7285,D,07/25/2025 11:01:51 AM,0.0000,-0.0008,0.0,0.0
2470,0,6,  0d 00:41:03.72,  0d 00:06:24.04,2.1457,3.7282,D,07/25/2025 11:01:52 AM,0.0000,-0.0008,0.0,0.0
2471,0,6,  0d 00:41:04.72,  0d 00:06:25.04,2.1457,3.7279,D,07/25/2025 11:01:53 AM,0.0000,-0.0008,0.0,0.0
2472,0,6,  0d 00:41:05.72,  0d 00:06:26.04,2.1457,3.7277,D,07/25/2025 11:01:54 AM,0.0000,-0.0008,0.0,0.0
2473,0,6,  0d 00:41:06.72,  0d 00:06:27.04,2.1460,3.7276,D,07/25/2025 11:01:55 AM,0.0000,-0.0007,0.0,0.0
2474,0,6,  0d 00:41:07.72,  0d 00:06:28.04,2.1463,3.7272,D,07/25/2025 11:01:56 AM,0.0000,-0.0010,0.0,0.0
2475,0,6,  0d 00:41:08.72,  0d 00:06:29.04,2.1460,3.7270,D,07/25/2025 11:01:57 AM,0.0000,-0.0008,0.0,0.0
2476,0,6,  0d 00:41:09.72,  0d 00:06:30.04,2.1463,3.7269,D,07/25/2025 11:01:58 AM,0.0000,-0.0007,0.0,0.0
2477,0,6,  0d 00:41:10.72,  0d 00:06:31.04,2.1466,3.7267,D,07/25/2025 11:01:59 AM,0.0000,-0.0008,0.0,0.0
2478,0,6,  0d 00:41:11.72,  0d 00:06:32.04,2.1463,3.7264,D,07/25/2025 11:02:00 AM,0.0000,-0.0007,0.0,0.0
2479,0,6,  0d 00:41:12.72,  0d 00:06:33.04,2.1463,3.7263,D,07/25/2025 11:02:01 AM,0.0000,-0.0008,0.0,0.0
2480,0,6,  0d 00:41:13.72,  0d 00:06:34.04,2.1469,3.7259,D,07/25/2025 11:02:02 AM,0.0000,-0.0007,0.0,0.0
2481,0,6,  0d 00:41:14.72,  0d 00:06:35.04,2.1463,3.7258,D,07/25/2025 11:02:03 AM,0.0000,-0.0007,0.0,0.0
2482,0,6,  0d 00:41:15.72,  0d 00:06:36.04,2.1469,3.7255,D,07/25/2025 11:02:04 AM,0.0000,-0.0010,0.0,0.0
2483,0,6,  0d 00:41:16.72,  0d 00:06:37.04,2.1472,3.7253,D,07/25/2025 11:02:05 AM,0.0000,-0.0008,0.0,0.0
2484,0,6,  0d 00:41:17.72,  0d 00:06:38.04,2.1469,3.7250,D,07/25/2025 11:02:06 AM,0.0000,-0.0007,0.0,0.0
2485,0,6,  0d 00:41:18.72,  0d 00:06:39.04,2.1469,3.7250,D,07/25/2025 11:02:07 AM,0.0000,-0.0007,0.0,0.0
2486,0,6,  0d 00:41:19.72,  0d 00:06:40.04,2.1472,3.7247,D,07/25/2025 11:02:08 AM,0.0000,-0.0008,0.0,0.0
2487,0,6,  0d 00:41:20.72,  0d 00:06:41.04,2.1479,3.7244,D,07/25/2025 11:02:09 AM,0.0000,-0.0008,0.0,0.0
2488,0,6,  0d 00:41:21.72,  0d 00:06:42.04,2.1482,3.7241,D,07/25/2025 11:02:10 AM,0.0000,-0.0008,0.0,0.0
2489,0,6,  0d 00:41:22.72,  0d 00:06:43.04,2.1482,3.7240,D,07/25/2025 11:02:11 AM,0.0000,-0.0007,0.0,0.0
2490,0,6,  0d 00:41:23.72,  0d 00:06:44.04,2.1485,3.7236,D,07/25/2025 11:02:12 AM,0.0000,-0.0008,0.0,0.0
2491,0,6,  0d 00:41:24.72,  0d 00:06:45.04,2.1485,3.7235,D,07/25/2025 11:02:13 AM,0.0000,-0.0008,0.0,0.0
2492,0,6,  0d 00:41:25.72,  0d 00:06:46.04,2.1485,3.7234,D,07/25/2025 11:02:14 AM,0.0000,-0.0008,0.0,0.0
2493,0,6,  0d 00:41:26.72,  0d 00:06:47.04,2.1485,3.7230,D,07/25/2025 11:02:15 AM,0.0000,-0.0008,0.0,0.0
2494,0,6,  0d 00:41:27.72,  0d 00:06:48.04,2.1491,3.7227,D,07/25/2025 11:02:16 AM,0.0000,-0.0007,0.0,0.0
2495,0,6,  0d 00:41:28.72,  0d 00:06:49.04,2.1488,3.7227,D,07/25/2025 11:02:17 AM,0.0000,-0.0008,0.0,0.0
2496,0,6,  0d 00:41:29.72,  0d 00:06:50.04,2.1488,3.7225,D,07/25/2025 11:02:18 AM,0.0000,-0.0008,0.0,0.0
2497,0,6,  0d 00:41:30.72,  0d 00:06:51.04,2.1491,3.7221,D,07/25/2025 11:02:19 AM,0.0000,-0.0007,0.0,0.0
2498,0,6,  0d 00:41:31.72,  0d 00:06:52.04,2.1491,3.7220,D,07/25/2025 11:02:20 AM,0.0000,-0.0007,0.0,0.0
2499,0,6,  0d 00:41:32.72,  0d 00:06:53.04,2.1494,3.7218,D,07/25/2025 11:02:21 AM,0.0000,-0.0008,0.0,0.0
2500,0,6,  0d 00:41:33.72,  0d 00:06:54.04,2.1497,3.7215,D,07/25/2025 11:02:22 AM,0.0000,-0.0007,0.0,0.0
2501,0,6,  0d 00:41:34.72,  0d 00:06:55.04,2.1500,3.7212,D,07/25/2025 11:02:23 AM,0.0000,-0.0007,0.0,0.0
2502,0,6,  0d 00:41:35.72,  0d 00:06:56.04,2.1497,3.7211,D,07/25/2025 11:02:24 AM,0.0000,-0.0008,0.0,0.0
2503,0,6,  0d 00:41:36.72,  0d 00:06:57.04,2.1500,3.7209,D,07/25/2025 11:02:25 AM,0.0000,-0.0007,0.0,0.0
2504,0,6,  0d 00:41:37.72,  0d 00:06:58.04,2.1497,3.7207,D,07/25/2025 11:02:26 AM,0.0000,-0.0008,0.0,0.0
2505,0,6,  0d 00:41:38.72,  0d 00:06:59.04,2.1503,3.7205,D,07/25/2025 11:02:27 AM,0.0000,-0.0005,0.0,0.0
2506,0,6,  0d 00:41:39.72,  0d 00:07:00.04,2.1506,3.7202,D,07/25/2025 11:02:28 AM,0.0000,-0.0008,0.0,0.0
2507,0,6,  0d 00:41:40.72,  0d 00:07:01.04,2.1497,3.7200,D,07/25/2025 11:02:29 AM,0.0000,-0.0007,0.0,0.0
2508,0,6,  0d 00:41:41.72,  0d 00:07:02.04,2.1503,3.7198,D,07/25/2025 11:02:30 AM,0.0000,-0.0008,0.0,0.0
2509,0,6,  0d 00:41:42.72,  0d 00:07:03.04,2.1509,3.7196,D,07/25/2025 11:02:31 AM,0.0000,-0.0007,0.0,0.0
2510,0,6,  0d 00:41:43.72,  0d 00:07:04.04,2.1506,3.7194,D,07/25/2025 11:02:32 AM,0.0000,-0.0008,0.0,0.0
2511,0,6,  0d 00:41:44.72,  0d 00:07:05.04,2.1506,3.7192,D,07/25/2025 11:02:33 AM,0.0000,-0.0007,0.0,0.0
2512,0,6,  0d 00:41:45.72,  0d 00:07:06.04,2.1515,3.7189,D,07/25/2025 11:02:34 AM,0.0000,-0.0007,0.0,0.0
2513,0,6,  0d 00:41:46.72,  0d 00:07:07.04,2.1509,3.7187,D,07/25/2025 11:02:35 AM,0.0000,-0.0008,0.0,0.0
2514,0,6,  0d 00:41:47.72,  0d 00:07:08.04,2.1515,3.7184,D,07/25/2025 11:02:36 AM,0.0000,-0.0008,0.0,0.0
2515,0,6,  0d 00:41:48.72,  0d 00:07:09.04,2.1515,3.7182,D,07/25/2025 11:02:37 AM,0.0000,-0.0007,0.0,0.0
2516,0,6,  0d 00:41:49.72,  0d 00:07:10.04,2.1512,3.7181,D,07/25/2025 11:02:38 AM,0.0000,-0.0008,0.0,0.0
2517,0,6,  0d 00:41:50.72,  0d 00:07:11.04,2.1515,3.7178,D,07/25/2025 11:02:39 AM,0.0000,-0.0008,0.0,0.0
2518,0,6,  0d 00:41:51.72,  0d 00:07:12.04,2.1521,3.7174,D,07/25/2025 11:02:40 AM,0.0000,-0.0010,0.0,0.0
2519,0,6,  0d 00:41:52.72,  0d 00:07:13.04,2.1518,3.7173,D,07/25/2025 11:02:41 AM,0.0000,-0.0008,0.0,0.0
2520,0,6,  0d 00:41:53.72,  0d 00:07:14.04,2.1518,3.7170,D,07/25/2025 11:02:42 AM,0.0000,-0.0008,0.0,0.0
2521,0,6,  0d 00:41:54.72,  0d 00:07:15.04,2.1527,3.7169,D,07/25/2025 11:02:43 AM,0.0000,-0.0007,0.0,0.0
2522,0,6,  0d 00:41:55.72,  0d 00:07:16.04,2.1524,3.7166,D,07/25/2025 11:02:44 AM,0.0000,-0.0007,0.0,0.0
2523,0,6,  0d 00:41:56.72,  0d 00:07:17.04,2.1527,3.7165,D,07/25/2025 11:02:45 AM,0.0000,-0.0005,0.0,0.0
2524,0,6,  0d 00:41:57.72,  0d 00:07:18.04,2.1521,3.7162,D,07/25/2025 11:02:46 AM,0.0000,-0.0007,0.0,0.0
2525,0,6,  0d 00:41:58.72,  0d 00:07:19.04,2.1527,3.7160,D,07/25/2025 11:02:47 AM,0.0000,-0.0008,0.0,0.0
2526,0,6,  0d 00:41:59.72,  0d 00:07:20.04,2.1530,3.7158,D,07/25/2025 11:02:48 AM,0.0000,-0.0008,0.0,0.0
2527,0,6,  0d 00:42:00.72,  0d 00:07:21.04,2.1530,3.7156,D,07/25/2025 11:02:49 AM,0.0000,-0.0008,0.0,0.0
2528,0,6,  0d 00:42:01.72,  0d 00:07:22.04,2.1534,3.7154,D,07/25/2025 11:02:50 AM,0.0000,-0.0007,0.0,0.0
2529,0,6,  0d 00:42:02.72,  0d 00:07:23.04,2.1524,3.7152,D,07/25/2025 11:02:51 AM,0.0000,-0.0008,0.0,0.0
2530,0,6,  0d 00:42:03.72,  0d 00:07:24.04,2.1534,3.7147,D,07/25/2025 11:02:52 AM,0.0000,-0.0007,0.0,0.0
2531,0,6,  0d 00:42:04.72,  0d 00:07:25.04,2.1534,3.7145,D,07/25/2025 11:02:53 AM,0.0000,-0.0007,0.0,0.0
2532,0,6,  0d 00:42:05.72,  0d 00:07:26.04,2.1530,3.7144,D,07/25/2025 11:02:54 AM,0.0000,-0.0008,0.0,0.0
2533,0,6,  0d 00:42:06.72,  0d 00:07:27.04,2.1537,3.7141,D,07/25/2025 11:02:55 AM,0.0000,-0.0007,0.0,0.0
2534,0,6,  0d 00:42:07.72,  0d 00:07:28.04,2.1537,3.7138,D,07/25/2025 11:02:56 AM,0.0000,-0.0008,0.0,0.0
2535,0,6,  0d 00:42:08.72,  0d 00:07:29.04,2.1537,3.7137,D,07/25/2025 11:02:57 AM,0.0000,-0.0007,0.0,0.0
2536,0,6,  0d 00:42:09.72,  0d 00:07:30.04,2.1543,3.7134,D,07/25/2025 11:02:58 AM,0.0000,-0.0007,0.0,0.0
2537,0,6,  0d 00:42:10.72,  0d 00:07:31.04,2.1543,3.7132,D,07/25/2025 11:02:59 AM,0.0000,-0.0007,0.0,0.0
2538,0,6,  0d 00:42:11.72,  0d 00:07:32.04,2.1546,3.7131,D,07/25/2025 11:03:00 AM,0.0000,-0.0007,0.0,0.0
2539,0,6,  0d 00:42:12.72,  0d 00:07:33.04,2.1549,3.7128,D,07/25/2025 11:03:01 AM,0.0000,-0.0008,0.0,0.0
2540,0,6,  0d 00:42:13.72,  0d 00:07:34.04,2.1546,3.7126,D,07/25/2025 11:03:02 AM,0.0000,-0.0008,0.0,0.0
2541,0,6,  0d 00:42:14.72,  0d 00:07:35.04,2.1546,3.7124,D,07/25/2025 11:03:03 AM,0.0000,-0.0007,0.0,0.0
2542,0,6,  0d 00:42:15.72,  0d 00:07:36.04,2.1555,3.7121,D,07/25/2025 11:03:04 AM,0.0000,-0.0007,0.0,0.0
2543,0,6,  0d 00:42:16.72,  0d 00:07:37.04,2.1546,3.7119,D,07/25/2025 11:03:05 AM,0.0000,-0.0007,0.0,0.0
2544,0,6,  0d 00:42:17.72,  0d 00:07:38.04,2.1552,3.7117,D,07/25/2025 11:03:06 AM,0.0000,-0.0008,0.0,0.0
2545,0,6,  0d 00:42:18.72,  0d 00:07:39.04,2.1549,3.7114,D,07/25/2025 11:03:07 AM,0.0000,-0.0007,0.0,0.0
2546,0,6,  0d 00:42:19.72,  0d 00:07:40.04,2.1552,3.7113,D,07/25/2025 11:03:08 AM,0.0000,-0.0008,0.0,0.0
2547,0,6,  0d 00:42:20.72,  0d 00:07:41.04,2.1558,3.7109,D,07/25/2025 11:03:09 AM,0.0000,-0.0005,0.0,0.0
2548,0,6,  0d 00:42:21.72,  0d 00:07:42.04,2.1561,3.7107,D,07/25/2025 11:03:10 AM,0.0000,-0.0010,0.0,0.0
2549,0,6,  0d 00:42:22.72,  0d 00:07:43.04,2.1561,3.7105,D,07/25/2025 11:03:11 AM,0.0000,-0.0008,0.0,0.0
2550,0,6,  0d 00:42:23.72,  0d 00:07:44.04,2.1558,3.7102,D,07/25/2025 11:03:12 AM,0.0000,-0.0008,0.0,0.0
2551,0,6,  0d 00:42:24.72,  0d 00:07:45.04,2.1558,3.7102,D,07/25/2025 11:03:13 AM,0.0000,-0.0007,0.0,0.0
2552,0,6,  0d 00:42:25.72,  0d 00:07:46.04,2.1561,3.7098,D,07/25/2025 11:03:14 AM,0.0000,-0.0005,0.0,0.0
2553,0,6,  0d 00:42:26.72,  0d 00:07:47.04,2.1561,3.7096,D,07/25/2025 11:03:15 AM,0.0000,-0.0008,0.0,0.0
2554,0,6,  0d 00:42:27.72,  0d 00:07:48.04,2.1567,3.7094,D,07/25/2025 11:03:16 AM,0.0000,-0.0007,0.0,0.0
2555,0,6,  0d 00:42:28.72,  0d 00:07:49.04,2.1570,3.7091,D,07/25/2025 11:03:17 AM,0.0000,-0.0007,0.0,0.0
2556,0,6,  0d 00:42:29.72,  0d 00:07:50.04,2.1564,3.7089,D,07/25/2025 11:03:18 AM,0.0000,-0.0010,0.0,0.0
2557,0,6,  0d 00:42:30.72,  0d 00:07:51.04,2.1567,3.7088,D,07/25/2025 11:03:19 AM,0.0000,-0.0008,0.0,0.0
2558,0,6,  0d 00:42:31.72,  0d 00:07:52.04,2.1573,3.7085,D,07/25/2025 11:03:20 AM,0.0000,-0.0007,0.0,0.0
2559,0,6,  0d 00:42:32.72,  0d 00:07:53.04,2.1573,3.7083,D,07/25/2025 11:03:21 AM,0.0000,-0.0005,0.0,0.0
2560,0,6,  0d 00:42:33.72,  0d 00:07:54.04,2.1570,3.7081,D,07/25/2025 11:03:22 AM,0.0000,-0.0007,0.0,0.0
2561,0,6,  0d 00:42:34.72,  0d 00:07:55.04,2.1573,3.7078,D,07/25/2025 11:03:23 AM,0.0000,-0.0010,0.0,0.0
2562,0,6,  0d 00:42:35.72,  0d 00:07:56.04,2.1579,3.7075,D,07/25/2025 11:03:24 AM,0.0000,-0.0010,0.0,0.0
2563,0,6,  0d 00:42:36.72,  0d 00:07:57.04,2.1573,3.7074,D,07/25/2025 11:03:25 AM,0.0000,-0.0007,0.0,0.0
2564,0,6,  0d 00:42:37.72,  0d 00:07:58.04,2.1576,3.7071,D,07/25/2025 11:03:26 AM,0.0000,-0.0005,0.0,0.0
2565,0,6,  0d 00:42:38.72,  0d 00:07:59.04,2.1576,3.7069,D,07/25/2025 11:03:27 AM,0.0000,-0.0008,0.0,0.0
2566,0,6,  0d 00:42:39.72,  0d 00:08:00.04,2.1579,3.7066,D,07/25/2025 11:03:28 AM,0.0000,-0.0007,0.0,0.0
2567,0,6,  0d 00:42:40.72,  0d 00:08:01.04,2.1579,3.7065,D,07/25/2025 11:03:29 AM,0.0000,-0.0010,0.0,0.0
2568,0,6,  0d 00:42:41.72,  0d 00:08:02.04,2.1582,3.7063,D,07/25/2025 11:03:30 AM,0.0000,-0.0007,0.0,0.0
2569,0,6,  0d 00:42:42.72,  0d 00:08:03.04,2.1582,3.7060,D,07/25/2025 11:03:31 AM,0.0000,-0.0007,0.0,0.0
2570,0,6,  0d 00:42:43.72,  0d 00:08:04.04,2.1585,3.7058,D,07/25/2025 11:03:32 AM,0.0000,-0.0007,0.0,0.0
2571,0,6,  0d 00:42:44.72,  0d 00:08:05.04,2.1585,3.7056,D,07/25/2025 11:03:33 AM,0.0000,-0.0008,0.0,0.0
2572,0,6,  0d 00:42:45.72,  0d 00:08:06.04,2.1588,3.7052,D,07/25/2025 11:03:34 AM,0.0000,-0.0008,0.0,0.0
2573,0,6,  0d 00:42:46.72,  0d 00:08:07.04,2.1592,3.7050,D,07/25/2025 11:03:35 AM,0.0000,-0.0008,0.0,0.0
2574,0,6,  0d 00:42:47.72,  0d 00:08:08.04,2.1595,3.7048,D,07/25/2025 11:03:36 AM,0.0000,-0.0008,0.0,0.0
2575,0,6,  0d 00:42:48.72,  0d 00:08:09.04,2.1592,3.7047,D,07/25/2025 11:03:37 AM,0.0000,-0.0007,0.0,0.0
2576,0,6,  0d 00:42:49.72,  0d 00:08:10.04,2.1598,3.7044,D,07/25/2025 11:03:38 AM,0.0000,-0.0008,0.0,0.0
2577,0,6,  0d 00:42:50.72,  0d 00:08:11.04,2.1595,3.7041,D,07/25/2025 11:03:39 AM,0.0000,-0.0008,0.0,0.0
2578,0,6,  0d 00:42:51.72,  0d 00:08:12.04,2.1595,3.7038,D,07/25/2025 11:03:40 AM,0.0000,-0.0008,0.0,0.0
2579,0,6,  0d 00:42:52.72,  0d 00:08:13.04,2.1598,3.7037,D,07/25/2025 11:03:41 AM,0.0000,-0.0008,0.0,0.0
2580,0,6,  0d 00:42:53.72,  0d 00:08:14.04,2.1601,3.7034,D,07/25/2025 11:03:42 AM,0.0000,-0.0008,0.0,0.0
2581,0,6,  0d 00:42:54.72,  0d 00:08:15.04,2.1604,3.7033,D,07/25/2025 11:03:43 AM,0.0000,-0.0008,0.0,0.0
2582,0,6,  0d 00:42:55.72,  0d 00:08:16.04,2.1598,3.7031,D,07/25/2025 11:03:44 AM,0.0000,-0.0008,0.0,0.0
2583,0,6,  0d 00:42:56.72,  0d 00:08:17.04,2.1601,3.7029,D,07/25/2025 11:03:45 AM,0.0000,-0.0008,0.0,0.0
2584,0,6,  0d 00:42:57.72,  0d 00:08:18.04,2.1607,3.7027,D,07/25/2025 11:03:46 AM,0.0000,-0.0008,0.0,0.0
2585,0,6,  0d 00:42:58.72,  0d 00:08:19.04,2.1607,3.7024,D,07/25/2025 11:03:47 AM,0.0000,-0.0008,0.0,0.0
2586,0,6,  0d 00:42:59.72,  0d 00:08:20.04,2.1610,3.7021,D,07/25/2025 11:03:48 AM,0.0000,-0.0007,0.0,0.0
2587,0,6,  0d 00:43:00.72,  0d 00:08:21.04,2.1610,3.7019,D,07/25/2025 11:03:49 AM,0.0000,-0.0008,0.0,0.0
2588,0,6,  0d 00:43:01.72,  0d 00:08:22.04,2.1607,3.7016,D,07/25/2025 11:03:50 AM,0.0000,-0.0007,0.0,0.0
2589,0,6,  0d 00:43:02.72,  0d 00:08:23.04,2.1613,3.7014,D,07/25/2025 11:03:51 AM,0.0000,-0.0008,0.0,0.0
2590,0,6,  0d 00:43:03.72,  0d 00:08:24.04,2.1610,3.7012,D,07/25/2025 11:03:52 AM,0.0000,-0.0008,0.0,0.0
2591,0,6,  0d 00:43:04.72,  0d 00:08:25.04,2.1616,3.7009,D,07/25/2025 11:03:53 AM,0.0000,-0.0007,0.0,0.0
2592,0,6,  0d 00:43:05.72,  0d 00:08:26.04,2.1619,3.7008,D,07/25/2025 11:03:54 AM,0.0000,-0.0008,0.0,0.0
2593,0,6,  0d 00:43:06.72,  0d 00:08:27.04,2.1616,3.7005,D,07/25/2025 11:03:55 AM,0.0000,-0.0007,0.0,0.0
2594,0,6,  0d 00:43:07.72,  0d 00:08:28.04,2.1619,3.7003,D,07/25/2025 11:03:56 AM,0.0000,-0.0008,0.0,0.0
2595,0,6,  0d 00:43:08.72,  0d 00:08:29.04,2.1619,3.7000,D,07/25/2025 11:03:57 AM,0.0000,-0.0007,0.0,0.0
2596,0,6,  0d 00:43:09.72,  0d 00:08:30.04,2.1622,3.6999,D,07/25/2025 11:03:58 AM,0.0000,-0.0007,0.0,0.0
2597,0,6,  0d 00:43:10.72,  0d 00:08:31.04,2.1625,3.6997,D,07/25/2025 11:03:59 AM,0.0000,-0.0007,0.0,0.0
2598,0,6,  0d 00:43:11.72,  0d 00:08:32.04,2.1628,3.6995,D,07/25/2025 11:04:00 AM,0.0000,-0.0007,0.0,0.0
2599,0,6,  0d 00:43:12.72,  0d 00:08:33.04,2.1628,3.6991,D,07/25/2025 11:04:01 AM,0.0000,-0.0007,0.0,0.0
2600,0,6,  0d 00:43:13.72,  0d 00:08:34.04,2.1625,3.6990,D,07/25/2025 11:04:02 AM,0.0000,-0.0007,0.0,0.0
2601,0,6,  0d 00:43:14.72,  0d 00:08:35.04,2.1628,3.6988,D,07/25/2025 11:04:03 AM,0.0000,-0.0008,0.0,0.0
2602,0,6,  0d 00:43:15.72,  0d 00:08:36.04,2.1628,3.6983,D,07/25/2025 11:04:04 AM,0.0000,-0.0005,0.0,0.0
2603,0,6,  0d 00:43:16.72,  0d 00:08:37.04,2.1628,3.6983,D,07/25/2025 11:04:05 AM,0.0000,-0.0007,0.0,0.0
2604,0,6,  0d 00:43:17.72,  0d 00:08:38.04,2.1631,3.6979,D,07/25/2025 11:04:06 AM,0.0000,-0.0007,0.0,0.0
2605,0,6,  0d 00:43:18.72,  0d 00:08:39.04,2.1631,3.6978,D,07/25/2025 11:04:07 AM,0.0000,-0.0005,0.0,0.0
2606,0,6,  0d 00:43:19.72,  0d 00:08:40.04,2.1637,3.6973,D,07/25/2025 11:04:08 AM,0.0000,-0.0008,0.0,0.0
2607,0,6,  0d 00:43:20.72,  0d 00:08:41.04,2.1631,3.6974,D,07/25/2025 11:04:09 AM,0.0000,-0.0007,0.0,0.0
2608,0,6,  0d 00:43:21.72,  0d 00:08:42.04,2.1640,3.6970,D,07/25/2025 11:04:10 AM,0.0000,-0.0007,0.0,0.0
2609,0,6,  0d 00:43:22.72,  0d 00:08:43.04,2.1634,3.6969,D,07/25/2025 11:04:11 AM,0.0000,-0.0008,0.0,0.0
2610,0,6,  0d 00:43:23.72,  0d 00:08:44.04,2.1637,3.6966,D,07/25/2025 11:04:12 AM,0.0000,-0.0007,0.0,0.0
2611,0,6,  0d 00:43:24.72,  0d 00:08:45.04,2.1643,3.6963,D,07/25/2025 11:04:13 AM,0.0000,-0.0008,0.0,0.0
2612,0,6,  0d 00:43:25.72,  0d 00:08:46.04,2.1637,3.6962,D,07/25/2025 11:04:14 AM,0.0000,-0.0005,0.0,0.0
2613,0,6,  0d 00:43:26.72,  0d 00:08:47.04,2.1640,3.6959,D,07/25/2025 11:04:15 AM,0.0000,-0.0008,0.0,0.0
2614,0,6,  0d 00:43:27.72,  0d 00:08:48.04,2.1643,3.6957,D,07/25/2025 11:04:16 AM,0.0000,-0.0007,0.0,0.0
2615,0,6,  0d 00:43:28.72,  0d 00:08:49.04,2.1643,3.6954,D,07/25/2025 11:04:17 AM,0.0000,-0.0005,0.0,0.0
2616,0,6,  0d 00:43:29.72,  0d 00:08:50.04,2.1646,3.6953,D,07/25/2025 11:04:18 AM,0.0000,-0.0007,0.0,0.0
2617,0,6,  0d 00:43:30.72,  0d 00:08:51.04,2.1643,3.6950,D,07/25/2025 11:04:19 AM,0.0000,-0.0007,0.0,0.0
2618,0,6,  0d 00:43:31.72,  0d 00:08:52.04,2.1650,3.6948,D,07/25/2025 11:04:20 AM,0.0000,-0.0007,0.0,0.0
2619,0,6,  0d 00:43:32.72,  0d 00:08:53.04,2.1653,3.6946,D,07/25/2025 11:04:21 AM,0.0000,-0.0008,0.0,0.0
2620,0,6,  0d 00:43:33.72,  0d 00:08:54.04,2.1653,3.6944,D,07/25/2025 11:04:22 AM,0.0000,-0.0007,0.0,0.0
2621,0,6,  0d 00:43:34.72,  0d 00:08:55.04,2.1653,3.6941,D,07/25/2025 11:04:23 AM,0.0000,-0.0008,0.0,0.0
2622,0,6,  0d 00:43:35.72,  0d 00:08:56.04,2.1653,3.6938,D,07/25/2025 11:04:24 AM,0.0000,-0.0008,0.0,0.0
2623,0,6,  0d 00:43:36.72,  0d 00:08:57.04,2.1659,3.6935,D,07/25/2025 11:04:25 AM,0.0000,-0.0007,0.0,0.0
2624,0,6,  0d 00:43:37.72,  0d 00:08:58.04,2.1656,3.6935,D,07/25/2025 11:04:26 AM,0.0000,-0.0007,0.0,0.0
2625,0,6,  0d 00:43:38.72,  0d 00:08:59.04,2.1656,3.6934,D,07/25/2025 11:04:27 AM,0.0000,-0.0008,0.0,0.0
2626,0,6,  0d 00:43:39.72,  0d 00:09:00.04,2.1656,3.6930,D,07/25/2025 11:04:28 AM,0.0000,-0.0007,0.0,0.0
2627,0,6,  0d 00:43:40.72,  0d 00:09:01.04,2.1659,3.6927,D,07/25/2025 11:04:29 AM,0.0000,-0.0008,0.0,0.0
2628,0,6,  0d 00:43:41.72,  0d 00:09:02.04,2.1665,3.6925,D,07/25/2025 11:04:30 AM,0.0000,-0.0007,0.0,0.0
2629,0,6,  0d 00:43:42.72,  0d 00:09:03.04,2.1665,3.6921,D,07/25/2025 11:04:31 AM,0.0000,-0.0008,0.0,0.0
2630,0,6,  0d 00:43:43.72,  0d 00:09:04.04,2.1668,3.6918,D,07/25/2025 11:04:32 AM,0.0000,-0.0008,0.0,0.0
2631,0,6,  0d 00:43:44.72,  0d 00:09:05.04,2.1665,3.6916,D,07/25/2025 11:04:33 AM,0.0000,-0.0008,0.0,0.0
2632,0,6,  0d 00:43:45.72,  0d 00:09:06.04,2.1677,3.6915,D,07/25/2025 11:04:34 AM,0.0000,-0.0007,0.0,0.0
2633,0,6,  0d 00:43:46.72,  0d 00:09:07.04,2.1665,3.6912,D,07/25/2025 11:04:35 AM,0.0000,-0.0007,0.0,0.0
2634,0,6,  0d 00:43:47.72,  0d 00:09:08.04,2.1677,3.6910,D,07/25/2025 11:04:36 AM,0.0000,-0.0007,0.0,0.0
2635,0,6,  0d 00:43:48.72,  0d 00:09:09.04,2.1674,3.6909,D,07/25/2025 11:04:37 AM,0.0000,-0.0007,0.0,0.0
2636,0,6,  0d 00:43:49.72,  0d 00:09:10.04,2.1674,3.6905,D,07/25/2025 11:04:38 AM,0.0000,-0.0010,0.0,0.0
2637,0,6,  0d 00:43:50.72,  0d 00:09:11.04,2.1677,3.6903,D,07/25/2025 11:04:39 AM,0.0000,-0.0007,0.0,0.0
2638,0,6,  0d 00:43:51.72,  0d 00:09:12.04,2.1680,3.6899,D,07/25/2025 11:04:40 AM,0.0000,-0.0008,0.0,0.0
2639,0,6,  0d 00:43:52.72,  0d 00:09:13.04,2.1680,3.6899,D,07/25/2025 11:04:41 AM,0.0000,-0.0008,0.0,0.0
2640,0,6,  0d 00:43:53.72,  0d 00:09:14.04,2.1686,3.6895,D,07/25/2025 11:04:42 AM,0.0000,-0.0008,0.0,0.0
2641,0,6,  0d 00:43:54.72,  0d 00:09:15.04,2.1677,3.6894,D,07/25/2025 11:04:43 AM,0.0000,-0.0008,0.0,0.0
2642,0,6,  0d 00:43:55.72,  0d 00:09:16.04,2.1677,3.6893,D,07/25/2025 11:04:44 AM,0.0000,-0.0008,0.0,0.0
2643,0,6,  0d 00:43:56.72,  0d 00:09:17.04,2.1683,3.6889,D,07/25/2025 11:04:45 AM,0.0000,-0.0007,0.0,0.0
2644,0,6,  0d 00:43:57.72,  0d 00:09:18.04,2.1686,3.6887,D,07/25/2025 11:04:46 AM,0.0000,-0.0008,0.0,0.0
2645,0,6,  0d 00:43:58.72,  0d 00:09:19.04,2.1689,3.6884,D,07/25/2025 11:04:47 AM,0.0000,-0.0007,0.0,0.0
2646,0,6,  0d 00:43:59.72,  0d 00:09:20.04,2.1692,3.6883,D,07/25/2025 11:04:48 AM,0.0000,-0.0008,0.0,0.0
2647,0,6,  0d 00:44:00.72,  0d 00:09:21.04,2.1692,3.6880,D,07/25/2025 11:04:49 AM,0.0000,-0.0007,0.0,0.0
2648,0,6,  0d 00:44:01.72,  0d 00:09:22.04,2.1692,3.6877,D,07/25/2025 11:04:50 AM,0.0000,-0.0007,0.0,0.0
2649,0,6,  0d 00:44:02.72,  0d 00:09:23.04,2.1698,3.6875,D,07/25/2025 11:04:51 AM,0.0000,-0.0008,0.0,0.0
2650,0,6,  0d 00:44:03.72,  0d 00:09:24.04,2.1695,3.6873,D,07/25/2025 11:04:52 AM,0.0000,-0.0007,0.0,0.0
2651,0,6,  0d 00:44:04.72,  0d 00:09:25.04,2.1698,3.6870,D,07/25/2025 11:04:53 AM,0.0000,-0.0007,0.0,0.0
2652,0,6,  0d 00:44:05.72,  0d 00:09:26.04,2.1698,3.6870,D,07/25/2025 11:04:54 AM,0.0000,-0.0007,0.0,0.0
2653,0,6,  0d 00:44:06.72,  0d 00:09:27.04,2.1695,3.6866,D,07/25/2025 11:04:55 AM,0.0000,-0.0010,0.0,0.0
2654,0,6,  0d 00:44:07.72,  0d 00:09:28.04,2.1704,3.6863,D,07/25/2025 11:04:56 AM,0.0000,-0.0008,0.0,0.0
2655,0,6,  0d 00:44:08.72,  0d 00:09:29.04,2.1698,3.6862,D,07/25/2025 11:04:57 AM,0.0000,-0.0008,0.0,0.0
2656,0,6,  0d 00:44:09.72,  0d 00:09:30.04,2.1701,3.6859,D,07/25/2025 11:04:58 AM,0.0000,-0.0007,0.0,0.0
2657,0,6,  0d 00:44:10.72,  0d 00:09:31.04,2.1704,3.6856,D,07/25/2025 11:04:59 AM,0.0000,-0.0007,0.0,0.0
2658,0,6,  0d 00:44:11.72,  0d 00:09:32.04,2.1707,3.6854,D,07/25/2025 11:05:00 AM,0.0000,-0.0005,0.0,0.0
2659,0,6,  0d 00:44:12.72,  0d 00:09:33.04,2.1704,3.6851,D,07/25/2025 11:05:01 AM,0.0000,-0.0007,0.0,0.0
2660,0,6,  0d 00:44:13.72,  0d 00:09:34.04,2.1707,3.6848,D,07/25/2025 11:05:02 AM,0.0000,-0.0008,0.0,0.0
2661,0,6,  0d 00:44:14.72,  0d 00:09:35.04,2.1707,3.6847,D,07/25/2025 11:05:03 AM,0.0000,-0.0007,0.0,0.0
2662,0,6,  0d 00:44:15.72,  0d 00:09:36.04,2.1704,3.6844,D,07/25/2025 11:05:04 AM,0.0000,-0.0007,0.0,0.0
2663,0,6,  0d 00:44:16.72,  0d 00:09:37.04,2.1714,3.6842,D,07/25/2025 11:05:05 AM,0.0000,-0.0007,0.0,0.0
2664,0,6,  0d 00:44:17.72,  0d 00:09:38.04,2.1714,3.6839,D,07/25/2025 11:05:06 AM,0.0000,-0.0008,0.0,0.0
2665,0,6,  0d 00:44:18.72,  0d 00:09:39.04,2.1720,3.6837,D,07/25/2025 11:05:07 AM,0.0000,-0.0008,0.0,0.0
2666,0,6,  0d 00:44:19.72,  0d 00:09:40.04,2.1711,3.6835,D,07/25/2025 11:05:08 AM,0.0000,-0.0008,0.0,0.0
2667,0,6,  0d 00:44:20.72,  0d 00:09:41.04,2.1717,3.6832,D,07/25/2025 11:05:09 AM,0.0000,-0.0007,0.0,0.0
2668,0,6,  0d 00:44:21.72,  0d 00:09:42.04,2.1726,3.6830,D,07/25/2025 11:05:10 AM,0.0000,-0.0007,0.0,0.0
2669,0,6,  0d 00:44:22.72,  0d 00:09:43.04,2.1717,3.6828,D,07/25/2025 11:05:11 AM,0.0000,-0.0010,0.0,0.0
2670,0,6,  0d 00:44:23.72,  0d 00:09:44.04,2.1720,3.6825,D,07/25/2025 11:05:12 AM,0.0000,-0.0008,0.0,0.0
2671,0,6,  0d 00:44:24.72,  0d 00:09:45.04,2.1726,3.6822,D,07/25/2025 11:05:13 AM,0.0000,-0.0007,0.0,0.0
2672,0,6,  0d 00:44:25.72,  0d 00:09:46.04,2.1723,3.6820,D,07/25/2025 11:05:14 AM,0.0000,-0.0007,0.0,0.0
2673,0,6,  0d 00:44:26.72,  0d 00:09:47.04,2.1729,3.6818,D,07/25/2025 11:05:15 AM,0.0000,-0.0005,0.0,0.0
2674,0,6,  0d 00:44:27.72,  0d 00:09:48.04,2.1732,3.6815,D,07/25/2025 11:05:16 AM,0.0000,-0.0008,0.0,0.0
2675,0,6,  0d 00:44:28.72,  0d 00:09:49.04,2.1726,3.6814,D,07/25/2025 11:05:17 AM,0.0000,-0.0005,0.0,0.0
2676,0,6,  0d 00:44:29.72,  0d 00:09:50.04,2.1735,3.6810,D,07/25/2025 11:05:18 AM,0.0000,-0.0008,0.0,0.0
2677,0,6,  0d 00:44:30.72,  0d 00:09:51.04,2.1729,3.6808,D,07/25/2025 11:05:19 AM,0.0000,-0.0008,0.0,0.0
2678,0,6,  0d 00:44:31.72,  0d 00:09:52.04,2.1735,3.6806,D,07/25/2025 11:05:20 AM,0.0000,-0.0007,0.0,0.0
2679,0,6,  0d 00:44:32.72,  0d 00:09:53.04,2.1729,3.6802,D,07/25/2025 11:05:21 AM,0.0000,-0.0008,0.0,0.0
2680,0,6,  0d 00:44:33.72,  0d 00:09:54.04,2.1738,3.6802,D,07/25/2025 11:05:22 AM,0.0000,-0.0008,0.0,0.0
2681,0,6,  0d 00:44:34.72,  0d 00:09:55.04,2.1738,3.6799,D,07/25/2025 11:05:23 AM,0.0000,-0.0008,0.0,0.0
2682,0,6,  0d 00:44:35.72,  0d 00:09:56.04,2.1741,3.6796,D,07/25/2025 11:05:24 AM,0.0000,-0.0007,0.0,0.0
2683,0,6,  0d 00:44:36.72,  0d 00:09:57.04,2.1735,3.6795,D,07/25/2025 11:05:25 AM,0.0000,-0.0007,0.0,0.0
2684,0,6,  0d 00:44:37.72,  0d 00:09:58.04,2.1747,3.6791,D,07/25/2025 11:05:26 AM,0.0000,-0.0007,0.0,0.0
2685,0,6,  0d 00:44:38.72,  0d 00:09:59.04,2.1747,3.6789,D,07/25/2025 11:05:27 AM,0.0000,-0.0008,0.0,0.0
2686,0,6,  0d 00:44:39.72,  0d 00:10:00.04,2.1747,3.6786,D,07/25/2025 11:05:28 AM,0.0000,-0.0007,0.0,0.0
2687,0,6,  0d 00:44:40.72,  0d 00:10:01.04,2.1738,3.6785,D,07/25/2025 11:05:29 AM,0.0000,-0.0007,0.0,0.0
2688,0,6,  0d 00:44:41.72,  0d 00:10:02.04,2.1744,3.6783,D,07/25/2025 11:05:30 AM,0.0000,-0.0008,0.0,0.0
2689,0,6,  0d 00:44:42.72,  0d 00:10:03.04,2.1753,3.6781,D,07/25/2025 11:05:31 AM,0.0000,-0.0008,0.0,0.0
2690,0,6,  0d 00:44:43.72,  0d 00:10:04.04,2.1750,3.6777,D,07/25/2025 11:05:32 AM,0.0000,-0.0007,0.0,0.0
2691,0,6,  0d 00:44:44.72,  0d 00:10:05.04,2.1750,3.6776,D,07/25/2025 11:05:33 AM,0.0000,-0.0005,0.0,0.0
2692,0,6,  0d 00:44:45.72,  0d 00:10:06.04,2.1759,3.6773,D,07/25/2025 11:05:34 AM,0.0000,-0.0008,0.0,0.0
2693,0,6,  0d 00:44:46.72,  0d 00:10:07.04,2.1750,3.6770,D,07/25/2025 11:05:35 AM,0.0000,-0.0010,0.0,0.0
2694,0,6,  0d 00:44:47.72,  0d 00:10:08.04,2.1750,3.6769,D,07/25/2025 11:05:36 AM,0.0000,-0.0007,0.0,0.0
2695,0,6,  0d 00:44:48.72,  0d 00:10:09.04,2.1753,3.6765,D,07/25/2025 11:05:37 AM,0.0000,-0.0008,0.0,0.0
2696,0,6,  0d 00:44:49.72,  0d 00:10:10.04,2.1759,3.6763,D,07/25/2025 11:05:38 AM,0.0000,-0.0010,0.0,0.0
2697,0,6,  0d 00:44:50.72,  0d 00:10:11.04,2.1756,3.6761,D,07/25/2025 11:05:39 AM,0.0000,-0.0007,0.0,0.0
2698,0,6,  0d 00:44:51.72,  0d 00:10:12.04,2.1759,3.6758,D,07/25/2025 11:05:40 AM,0.0000,-0.0008,0.0,0.0
2699,0,6,  0d 00:44:52.72,  0d 00:10:13.04,2.1762,3.6755,D,07/25/2025 11:05:41 AM,0.0000,-0.0008,0.0,0.0
2700,0,6,  0d 00:44:53.72,  0d 00:10:14.04,2.1762,3.6753,D,07/25/2025 11:05:42 AM,0.0000,-0.0010,0.0,0.0
2701,0,6,  0d 00:44:54.72,  0d 00:10:15.04,2.1765,3.6751,D,07/25/2025 11:05:43 AM,0.0000,-0.0008,0.0,0.0
2702,0,6,  0d 00:44:55.72,  0d 00:10:16.04,2.1762,3.6749,D,07/25/2025 11:05:44 AM,0.0000,-0.0010,0.0,0.0
2703,0,6,  0d 00:44:56.72,  0d 00:10:17.04,2.1765,3.6745,D,07/25/2025 11:05:45 AM,0.0000,-0.0007,0.0,0.0
2704,0,6,  0d 00:44:57.72,  0d 00:10:18.04,2.1769,3.6744,D,07/25/2025 11:05:46 AM,0.0000,-0.0007,0.0,0.0
2705,0,6,  0d 00:44:58.72,  0d 00:10:19.04,2.1775,3.6740,D,07/25/2025 11:05:47 AM,0.0000,-0.0007,0.0,0.0
2706,0,6,  0d 00:44:59.72,  0d 00:10:20.04,2.1775,3.6739,D,07/25/2025 11:05:48 AM,0.0000,-0.0007,0.0,0.0
2707,0,6,  0d 00:45:00.72,  0d 00:10:21.04,2.1778,3.6736,D,07/25/2025 11:05:49 AM,0.0000,-0.0008,0.0,0.0
2708,0,6,  0d 00:45:01.72,  0d 00:10:22.04,2.1778,3.6735,D,07/25/2025 11:05:50 AM,0.0000,-0.0007,0.0,0.0
2709,0,6,  0d 00:45:02.72,  0d 00:10:23.04,2.1775,3.6732,D,07/25/2025 11:05:51 AM,0.0000,-0.0007,0.0,0.0
2710,0,6,  0d 00:45:03.72,  0d 00:10:24.04,2.1775,3.6730,D,07/25/2025 11:05:52 AM,0.0000,-0.0008,0.0,0.0
2711,0,6,  0d 00:45:04.72,  0d 00:10:25.04,2.1778,3.6726,D,07/25/2025 11:05:53 AM,0.0000,-0.0007,0.0,0.0
2712,0,6,  0d 00:45:05.72,  0d 00:10:26.04,2.1784,3.6723,D,07/25/2025 11:05:54 AM,0.0000,-0.0007,0.0,0.0
2713,0,6,  0d 00:45:06.72,  0d 00:10:27.04,2.1784,3.6721,D,07/25/2025 11:05:55 AM,0.0000,-0.0007,0.0,0.0
2714,0,6,  0d 00:45:07.72,  0d 00:10:28.04,2.1790,3.6719,D,07/25/2025 11:05:56 AM,0.0000,-0.0007,0.0,0.0
2715,0,6,  0d 00:45:08.72,  0d 00:10:29.04,2.1784,3.6716,D,07/25/2025 11:05:57 AM,0.0000,-0.0007,0.0,0.0
2716,0,6,  0d 00:45:09.72,  0d 00:10:30.04,2.1784,3.6715,D,07/25/2025 11:05:58 AM,0.0000,-0.0008,0.0,0.0
2717,0,6,  0d 00:45:10.72,  0d 00:10:31.04,2.1787,3.6712,D,07/25/2025 11:05:59 AM,0.0000,-0.0007,0.0,0.0
2718,0,6,  0d 00:45:11.72,  0d 00:10:32.04,2.1790,3.6709,D,07/25/2025 11:06:00 AM,0.0000,-0.0010,0.0,0.0
2719,0,6,  0d 00:45:12.72,  0d 00:10:33.04,2.1793,3.6708,D,07/25/2025 11:06:01 AM,0.0000,-0.0008,0.0,0.0
2720,0,6,  0d 00:45:13.72,  0d 00:10:34.04,2.1790,3.6706,D,07/25/2025 11:06:02 AM,0.0000,-0.0007,0.0,0.0
2721,0,6,  0d 00:45:14.72,  0d 00:10:35.04,2.1796,3.6703,D,07/25/2025 11:06:03 AM,0.0000,-0.0007,0.0,0.0
2722,0,6,  0d 00:45:15.72,  0d 00:10:36.04,2.1796,3.6700,D,07/25/2025 11:06:04 AM,0.0000,-0.0008,0.0,0.0
2723,0,6,  0d 00:45:16.72,  0d 00:10:37.04,2.1802,3.6697,D,07/25/2025 11:06:05 AM,0.0000,-0.0010,0.0,0.0
2724,0,6,  0d 00:45:17.72,  0d 00:10:38.04,2.1799,3.6696,D,07/25/2025 11:06:06 AM,0.0000,-0.0007,0.0,0.0
2725,0,6,  0d 00:45:18.72,  0d 00:10:39.04,2.1793,3.6693,D,07/25/2025 11:06:07 AM,0.0000,-0.0008,0.0,0.0
2726,0,6,  0d 00:45:19.72,  0d 00:10:40.04,2.1805,3.6690,D,07/25/2025 11:06:08 AM,0.0000,-0.0008,0.0,0.0
2727,0,6,  0d 00:45:20.72,  0d 00:10:41.04,2.1808,3.6688,D,07/25/2025 11:06:09 AM,0.0000,-0.0008,0.0,0.0
2728,0,6,  0d 00:45:21.72,  0d 00:10:42.04,2.1802,3.6686,D,07/25/2025 11:06:10 AM,0.0000,-0.0007,0.0,0.0
2729,0,6,  0d 00:45:22.72,  0d 00:10:43.04,2.1805,3.6683,D,07/25/2025 11:06:11 AM,0.0000,-0.0008,0.0,0.0
2730,0,6,  0d 00:45:23.72,  0d 00:10:44.04,2.1805,3.6680,D,07/25/2025 11:06:12 AM,0.0000,-0.0007,0.0,0.0
2731,0,6,  0d 00:45:24.72,  0d 00:10:45.04,2.1811,3.6679,D,07/25/2025 11:06:13 AM,0.0000,-0.0008,0.0,0.0
2732,0,6,  0d 00:45:25.72,  0d 00:10:46.04,2.1814,3.6675,D,07/25/2025 11:06:14 AM,0.0000,-0.0007,0.0,0.0
2733,0,6,  0d 00:45:26.72,  0d 00:10:47.04,2.1817,3.6673,D,07/25/2025 11:06:15 AM,0.0000,-0.0005,0.0,0.0
2734,0,6,  0d 00:45:27.72,  0d 00:10:48.04,2.1811,3.6672,D,07/25/2025 11:06:16 AM,0.0000,-0.0008,0.0,0.0
2735,0,6,  0d 00:45:28.72,  0d 00:10:49.04,2.1817,3.6668,D,07/25/2025 11:06:17 AM,0.0000,-0.0008,0.0,0.0
2736,0,6,  0d 00:45:29.72,  0d 00:10:50.04,2.1817,3.6667,D,07/25/2025 11:06:18 AM,0.0000,-0.0007,0.0,0.0
2737,0,6,  0d 00:45:30.72,  0d 00:10:51.04,2.1814,3.6664,D,07/25/2025 11:06:19 AM,0.0000,-0.0008,0.0,0.0
2738,0,6,  0d 00:45:31.72,  0d 00:10:52.04,2.1820,3.6661,D,07/25/2025 11:06:20 AM,0.0000,-0.0007,0.0,0.0
2739,0,6,  0d 00:45:32.72,  0d 00:10:53.04,2.1814,3.6659,D,07/25/2025 11:06:21 AM,0.0000,-0.0008,0.0,0.0
2740,0,6,  0d 00:45:33.72,  0d 00:10:54.04,2.1827,3.6655,D,07/25/2025 11:06:22 AM,0.0000,-0.0007,0.0,0.0
2741,0,6,  0d 00:45:34.72,  0d 00:10:55.04,2.1823,3.6655,D,07/25/2025 11:06:23 AM,0.0000,-0.0005,0.0,0.0
2742,0,6,  0d 00:45:35.72,  0d 00:10:56.04,2.1823,3.6651,D,07/25/2025 11:06:24 AM,0.0000,-0.0007,0.0,0.0
2743,0,6,  0d 00:45:36.72,  0d 00:10:57.04,2.1823,3.6648,D,07/25/2025 11:06:25 AM,0.0000,-0.0010,0.0,0.0
2744,0,6,  0d 00:45:37.72,  0d 00:10:58.04,2.1830,3.6647,D,07/25/2025 11:06:26 AM,0.0000,-0.0008,0.0,0.0
2745,0,6,  0d 00:45:38.72,  0d 00:10:59.04,2.1827,3.6645,D,07/25/2025 11:06:27 AM,0.0000,-0.0007,0.0,0.0
2746,0,6,  0d 00:45:39.72,  0d 00:11:00.04,2.1833,3.6641,D,07/25/2025 11:06:28 AM,0.0000,-0.0007,0.0,0.0
2747,0,6,  0d 00:45:40.72,  0d 00:11:01.04,2.1830,3.6640,D,07/25/2025 11:06:29 AM,0.0000,-0.0005,0.0,0.0
2748,0,6,  0d 00:45:41.72,  0d 00:11:02.04,2.1836,3.6637,D,07/25/2025 11:06:30 AM,0.0000,-0.0008,0.0,0.0
2749,0,6,  0d 00:45:42.72,  0d 00:11:03.04,2.1839,3.6634,D,07/25/2025 11:06:31 AM,0.0000,-0.0007,0.0,0.0
2750,0,6,  0d 00:45:43.72,  0d 00:11:04.04,2.1833,3.6633,D,07/25/2025 11:06:32 AM,0.0000,-0.0008,0.0,0.0
2751,0,6,  0d 00:45:44.72,  0d 00:11:05.04,2.1842,3.6631,D,07/25/2025 11:06:33 AM,0.0000,-0.0005,0.0,0.0
2752,0,6,  0d 00:45:45.72,  0d 00:11:06.04,2.1842,3.6627,D,07/25/2025 11:06:34 AM,0.0000,-0.0007,0.0,0.0
2753,0,6,  0d 00:45:46.72,  0d 00:11:07.04,2.1845,3.6624,D,07/25/2025 11:06:35 AM,0.0000,-0.0007,0.0,0.0
2754,0,6,  0d 00:45:47.72,  0d 00:11:08.04,2.1845,3.6622,D,07/25/2025 11:06:36 AM,0.0000,-0.0008,0.0,0.0
2755,0,6,  0d 00:45:48.72,  0d 00:11:09.04,2.1842,3.6619,D,07/25/2025 11:06:37 AM,0.0000,-0.0008,0.0,0.0
2756,0,6,  0d 00:45:49.72,  0d 00:11:10.04,2.1845,3.6618,D,07/25/2025 11:06:38 AM,0.0000,-0.0007,0.0,0.0
2757,0,6,  0d 00:45:50.72,  0d 00:11:11.04,2.1848,3.6615,D,07/25/2025 11:06:39 AM,0.0000,-0.0008,0.0,0.0
2758,0,6,  0d 00:45:51.72,  0d 00:11:12.04,2.1848,3.6612,D,07/25/2025 11:06:40 AM,0.0000,-0.0007,0.0,0.0
2759,0,6,  0d 00:45:52.72,  0d 00:11:13.04,2.1848,3.6609,D,07/25/2025 11:06:41 AM,0.0000,-0.0008,0.0,0.0
2760,0,6,  0d 00:45:53.72,  0d 00:11:14.04,2.1851,3.6608,D,07/25/2025 11:06:42 AM,0.0000,-0.0010,0.0,0.0
2761,0,6,  0d 00:45:54.72,  0d 00:11:15.04,2.1848,3.6606,D,07/25/2025 11:06:43 AM,0.0000,-0.0008,0.0,0.0
2762,0,6,  0d 00:45:55.72,  0d 00:11:16.04,2.1848,3.6603,D,07/25/2025 11:06:44 AM,0.0000,-0.0008,0.0,0.0
2763,0,6,  0d 00:45:56.72,  0d 00:11:17.04,2.1854,3.6600,D,07/25/2025 11:06:45 AM,0.0000,-0.0008,0.0,0.0
2764,0,6,  0d 00:45:57.72,  0d 00:11:18.04,2.1857,3.6598,D,07/25/2025 11:06:46 AM,0.0000,-0.0008,0.0,0.0
2765,0,6,  0d 00:45:58.72,  0d 00:11:19.04,2.1857,3.6593,D,07/25/2025 11:06:47 AM,0.0000,-0.0008,0.0,0.0
2766,0,6,  0d 00:45:59.72,  0d 00:11:20.04,2.1857,3.6593,D,07/25/2025 11:06:48 AM,0.0000,-0.0008,0.0,0.0
2767,0,6,  0d 00:46:00.72,  0d 00:11:21.04,2.1863,3.6590,D,07/25/2025 11:06:49 AM,0.0000,-0.0010,0.0,0.0
2768,0,6,  0d 00:46:01.72,  0d 00:11:22.04,2.1857,3.6588,D,07/25/2025 11:06:50 AM,0.0000,-0.0007,0.0,0.0
2769,0,6,  0d 00:46:02.72,  0d 00:11:23.04,2.1860,3.6586,D,07/25/2025 11:06:51 AM,0.0000,-0.0007,0.0,0.0
2770,0,6,  0d 00:46:03.72,  0d 00:11:24.04,2.1863,3.6583,D,07/25/2025 11:06:52 AM,0.0000,-0.0007,0.0,0.0
2771,0,6,  0d 00:46:04.72,  0d 00:11:25.04,2.1869,3.6580,D,07/25/2025 11:06:53 AM,0.0000,-0.0008,0.0,0.0
2772,0,6,  0d 00:46:05.72,  0d 00:11:26.04,2.1872,3.6577,D,07/25/2025 11:06:54 AM,0.0000,-0.0007,0.0,0.0
2773,0,6,  0d 00:46:06.72,  0d 00:11:27.04,2.1872,3.6575,D,07/25/2025 11:06:55 AM,0.0000,-0.0007,0.0,0.0
2774,0,6,  0d 00:46:07.72,  0d 00:11:28.04,2.1869,3.6574,D,07/25/2025 11:06:56 AM,0.0000,-0.0008,0.0,0.0
2775,0,6,  0d 00:46:08.72,  0d 00:11:29.04,2.1875,3.6570,D,07/25/2025 11:06:57 AM,0.0000,-0.0008,0.0,0.0
2776,0,6,  0d 00:46:09.72,  0d 00:11:30.04,2.1875,3.6569,D,07/25/2025 11:06:58 AM,0.0000,-0.0007,0.0,0.0
2777,0,6,  0d 00:46:10.72,  0d 00:11:31.04,2.1878,3.6566,D,07/25/2025 11:06:59 AM,0.0000,-0.0007,0.0,0.0
2778,0,6,  0d 00:46:11.72,  0d 00:11:32.04,2.1872,3.6563,D,07/25/2025 11:07:00 AM,0.0000,-0.0008,0.0,0.0
2779,0,6,  0d 00:46:12.72,  0d 00:11:33.04,2.1884,3.6560,D,07/25/2025 11:07:01 AM,0.0000,-0.0008,0.0,0.0
2780,0,6,  0d 00:46:13.72,  0d 00:11:34.04,2.1884,3.6559,D,07/25/2025 11:07:02 AM,0.0000,-0.0008,0.0,0.0
2781,0,6,  0d 00:46:14.72,  0d 00:11:35.04,2.1878,3.6556,D,07/25/2025 11:07:03 AM,0.0000,-0.0007,0.0,0.0
2782,0,6,  0d 00:46:15.72,  0d 00:11:36.04,2.1884,3.6553,D,07/25/2025 11:07:04 AM,0.0000,-0.0008,0.0,0.0
2783,0,6,  0d 00:46:16.72,  0d 00:11:37.04,2.1888,3.6551,D,07/25/2025 11:07:05 AM,0.0000,-0.0008,0.0,0.0
2784,0,6,  0d 00:46:17.72,  0d 00:11:38.04,2.1888,3.6550,D,07/25/2025 11:07:06 AM,0.0000,-0.0008,0.0,0.0
2785,0,6,  0d 00:46:18.72,  0d 00:11:39.04,2.1891,3.6546,D,07/25/2025 11:07:07 AM,0.0000,-0.0008,0.0,0.0
2786,0,6,  0d 00:46:19.72,  0d 00:11:40.04,2.1894,3.6544,D,07/25/2025 11:07:08 AM,0.0000,-0.0008,0.0,0.0
2787,0,6,  0d 00:46:20.72,  0d 00:11:41.04,2.1891,3.6541,D,07/25/2025 11:07:09 AM,0.0000,-0.0007,0.0,0.0
2788,0,6,  0d 00:46:21.72,  0d 00:11:42.04,2.1894,3.6539,D,07/25/2025 11:07:10 AM,0.0000,-0.0008,0.0,0.0
2789,0,6,  0d 00:46:22.72,  0d 00:11:43.04,2.1891,3.6537,D,07/25/2025 11:07:11 AM,0.0000,-0.0008,0.0,0.0
2790,0,6,  0d 00:46:23.72,  0d 00:11:44.04,2.1900,3.6533,D,07/25/2025 11:07:12 AM,0.0000,-0.0010,0.0,0.0
2791,0,6,  0d 00:46:24.72,  0d 00:11:45.04,2.1897,3.6532,D,07/25/2025 11:07:13 AM,0.0000,-0.0007,0.0,0.0
2792,0,6,  0d 00:46:25.72,  0d 00:11:46.04,2.1900,3.6530,D,07/25/2025 11:07:14 AM,0.0000,-0.0007,0.0,0.0
2793,0,6,  0d 00:46:26.72,  0d 00:11:47.04,2.1903,3.6527,D,07/25/2025 11:07:15 AM,0.0000,-0.0007,0.0,0.0
2794,0,6,  0d 00:46:27.72,  0d 00:11:48.04,2.1903,3.6524,D,07/25/2025 11:07:16 AM,0.0000,-0.0008,0.0,0.0
2795,0,6,  0d 00:46:28.72,  0d 00:11:49.04,2.1906,3.6520,D,07/25/2025 11:07:17 AM,0.0000,-0.0008,0.0,0.0
2796,0,6,  0d 00:46:29.72,  0d 00:11:50.04,2.1903,3.6519,D,07/25/2025 11:07:18 AM,0.0000,-0.0008,0.0,0.0
2797,0,6,  0d 00:46:30.72,  0d 00:11:51.04,2.1906,3.6517,D,07/25/2025 11:07:19 AM,0.0000,-0.0007,0.0,0.0
2798,0,6,  0d 00:46:31.72,  0d 00:11:52.04,2.1912,3.6514,D,07/25/2025 11:07:20 AM,0.0000,-0.0007,0.0,0.0
2799,0,6,  0d 00:46:32.72,  0d 00:11:53.04,2.1912,3.6513,D,07/25/2025 11:07:21 AM,0.0000,-0.0008,0.0,0.0
2800,0,6,  0d 00:46:33.72,  0d 00:11:54.04,2.1906,3.6510,D,07/25/2025 11:07:22 AM,0.0000,-0.0007,0.0,0.0
2801,0,6,  0d 00:46:34.72,  0d 00:11:55.04,2.1909,3.6509,D,07/25/2025 11:07:23 AM,0.0000,-0.0008,0.0,0.0
2802,0,6,  0d 00:46:35.72,  0d 00:11:56.04,2.1912,3.6506,D,07/25/2025 11:07:24 AM,0.0000,-0.0008,0.0,0.0
2803,0,6,  0d 00:46:36.72,  0d 00:11:57.04,2.1918,3.6503,D,07/25/2025 11:07:25 AM,0.0000,-0.0008,0.0,0.0
2804,0,6,  0d 00:46:37.72,  0d 00:11:58.04,2.1912,3.6501,D,07/25/2025 11:07:26 AM,0.0000,-0.0008,0.0,0.0
2805,0,6,  0d 00:46:38.72,  0d 00:11:59.04,2.1921,3.6497,D,07/25/2025 11:07:27 AM,0.0000,-0.0008,0.0,0.0
2806,0,6,  0d 00:46:39.72,  0d 00:12:00.04,2.1918,3.6494,D,07/25/2025 11:07:28 AM,0.0000,-0.0008,0.0,0.0
2807,0,6,  0d 00:46:40.72,  0d 00:12:01.04,2.1918,3.6492,D,07/25/2025 11:07:29 AM,0.0000,-0.0007,0.0,0.0
2808,0,6,  0d 00:46:41.72,  0d 00:12:02.04,2.1921,3.6489,D,07/25/2025 11:07:30 AM,0.0000,-0.0008,0.0,0.0
2809,0,6,  0d 00:46:42.72,  0d 00:12:03.04,2.1924,3.6489,D,07/25/2025 11:07:31 AM,0.0000,-0.0010,0.0,0.0
2810,0,6,  0d 00:46:43.72,  0d 00:12:04.04,2.1927,3.6486,D,07/25/2025 11:07:32 AM,0.0000,-0.0008,0.0,0.0
2811,0,6,  0d 00:46:44.72,  0d 00:12:05.04,2.1921,3.6482,D,07/25/2025 11:07:33 AM,0.0000,-0.0008,0.0,0.0
2812,0,6,  0d 00:46:45.72,  0d 00:12:06.04,2.1927,3.6481,D,07/25/2025 11:07:34 AM,0.0000,-0.0008,0.0,0.0
2813,0,6,  0d 00:46:46.72,  0d 00:12:07.04,2.1930,3.6477,D,07/25/2025 11:07:35 AM,0.0000,-0.0007,0.0,0.0
2814,0,6,  0d 00:46:47.72,  0d 00:12:08.04,2.1933,3.6475,D,07/25/2025 11:07:36 AM,0.0000,-0.0008,0.0,0.0
2815,0,6,  0d 00:46:48.72,  0d 00:12:09.04,2.1933,3.6472,D,07/25/2025 11:07:37 AM,0.0000,-0.0007,0.0,0.0
2816,0,6,  0d 00:46:49.72,  0d 00:12:10.04,2.1930,3.6470,D,07/25/2025 11:07:38 AM,0.0000,-0.0008,0.0,0.0
2817,0,6,  0d 00:46:50.72,  0d 00:12:11.04,2.1930,3.6468,D,07/25/2025 11:07:39 AM,0.0000,-0.0007,0.0,0.0
2818,0,6,  0d 00:46:51.72,  0d 00:12:12.04,2.1936,3.6466,D,07/25/2025 11:07:40 AM,0.0000,-0.0007,0.0,0.0
2819,0,6,  0d 00:46:52.72,  0d 00:12:13.04,2.1939,3.6462,D,07/25/2025 11:07:41 AM,0.0000,-0.0008,0.0,0.0
2820,0,6,  0d 00:46:53.72,  0d 00:12:14.04,2.1936,3.6459,D,07/25/2025 11:07:42 AM,0.0000,-0.0008,0.0,0.0
2821,0,6,  0d 00:46:54.72,  0d 00:12:15.04,2.1936,3.6458,D,07/25/2025 11:07:43 AM,0.0000,-0.0008,0.0,0.0
2822,0,6,  0d 00:46:55.72,  0d 00:12:16.04,2.1939,3.6455,D,07/25/2025 11:07:44 AM,0.0000,-0.0008,0.0,0.0
2823,0,6,  0d 00:46:56.72,  0d 00:12:17.04,2.1939,3.6453,D,07/25/2025 11:07:45 AM,0.0000,-0.0008,0.0,0.0
2824,0,6,  0d 00:46:57.72,  0d 00:12:18.04,2.1946,3.6451,D,07/25/2025 11:07:46 AM,0.0000,-0.0007,0.0,0.0
2825,0,6,  0d 00:46:58.72,  0d 00:12:19.04,2.1949,3.6449,D,07/25/2025 11:07:47 AM,0.0000,-0.0010,0.0,0.0
2826,0,6,  0d 00:46:59.72,  0d 00:12:20.04,2.1952,3.6445,D,07/25/2025 11:07:48 AM,0.0000,-0.0007,0.0,0.0
2827,0,6,  0d 00:47:00.72,  0d 00:12:21.04,2.1949,3.6444,D,07/25/2025 11:07:49 AM,0.0000,-0.0007,0.0,0.0
2828,0,6,  0d 00:47:01.72,  0d 00:12:22.04,2.1952,3.6442,D,07/25/2025 11:07:50 AM,0.0000,-0.0007,0.0,0.0
2829,0,6,  0d 00:47:02.72,  0d 00:12:23.04,2.1955,3.6439,D,07/25/2025 11:07:51 AM,0.0000,-0.0008,0.0,0.0
2830,0,6,  0d 00:47:03.72,  0d 00:12:24.04,2.1955,3.6436,D,07/25/2025 11:07:52 AM,0.0000,-0.0008,0.0,0.0
2831,0,6,  0d 00:47:04.72,  0d 00:12:25.04,2.1952,3.6435,D,07/25/2025 11:07:53 AM,0.0000,-0.0008,0.0,0.0
2832,0,6,  0d 00:47:05.72,  0d 00:12:26.04,2.1958,3.6431,D,07/25/2025 11:07:54 AM,0.0000,-0.0008,0.0,0.0
2833,0,6,  0d 00:47:06.72,  0d 00:12:27.04,2.1961,3.6429,D,07/25/2025 11:07:55 AM,0.0000,-0.0007,0.0,0.0
2834,0,6,  0d 00:47:07.72,  0d 00:12:28.04,2.1964,3.6426,D,07/25/2025 11:07:56 AM,0.0000,-0.0007,0.0,0.0
2835,0,6,  0d 00:47:08.72,  0d 00:12:29.04,2.1958,3.6423,D,07/25/2025 11:07:57 AM,0.0000,-0.0008,0.0,0.0
2836,0,6,  0d 00:47:09.72,  0d 00:12:30.04,2.1964,3.6421,D,07/25/2025 11:07:58 AM,0.0000,-0.0008,0.0,0.0
2837,0,6,  0d 00:47:10.72,  0d 00:12:31.04,2.1964,3.6419,D,07/25/2025 11:07:59 AM,0.0000,-0.0008,0.0,0.0
2838,0,6,  0d 00:47:11.72,  0d 00:12:32.04,2.1964,3.6416,D,07/25/2025 11:08:00 AM,0.0000,-0.0007,0.0,0.0
2839,0,6,  0d 00:47:12.72,  0d 00:12:33.04,2.1970,3.6413,D,07/25/2025 11:08:01 AM,0.0000,-0.0007,0.0,0.0
2840,0,6,  0d 00:47:13.72,  0d 00:12:34.04,2.1970,3.6413,D,07/25/2025 11:08:02 AM,0.0000,-0.0008,0.0,0.0
2841,0,6,  0d 00:47:14.72,  0d 00:12:35.04,2.1967,3.6410,D,07/25/2025 11:08:03 AM,0.0000,-0.0007,0.0,0.0
2842,0,6,  0d 00:47:15.72,  0d 00:12:36.04,2.1973,3.6407,D,07/25/2025 11:08:04 AM,0.0000,-0.0007,0.0,0.0
2843,0,6,  0d 00:47:16.72,  0d 00:12:37.04,2.1970,3.6405,D,07/25/2025 11:08:05 AM,0.0000,-0.0008,0.0,0.0
2844,0,6,  0d 00:47:17.72,  0d 00:12:38.04,2.1976,3.6402,D,07/25/2025 11:08:06 AM,0.0000,-0.0008,0.0,0.0
2845,0,6,  0d 00:47:18.72,  0d 00:12:39.04,2.1979,3.6398,D,07/25/2025 11:08:08 AM,0.0000,-0.0007,0.0,0.0
2846,0,6,  0d 00:47:19.72,  0d 00:12:40.04,2.1976,3.6397,D,07/25/2025 11:08:08 AM,0.0000,-0.0007,0.0,0.0
2847,0,6,  0d 00:47:20.72,  0d 00:12:41.04,2.1976,3.6395,D,07/25/2025 11:08:09 AM,0.0000,-0.0008,0.0,0.0
2848,0,6,  0d 00:47:21.72,  0d 00:12:42.04,2.1976,3.6393,D,07/25/2025 11:08:10 AM,0.0000,-0.0007,0.0,0.0
2849,0,6,  0d 00:47:22.72,  0d 00:12:43.04,2.1979,3.6390,D,07/25/2025 11:08:11 AM,0.0000,-0.0007,0.0,0.0
2850,0,6,  0d 00:47:23.72,  0d 00:12:44.04,2.1982,3.6387,D,07/25/2025 11:08:12 AM,0.0000,-0.0008,0.0,0.0
2851,0,6,  0d 00:47:24.72,  0d 00:12:45.04,2.1988,3.6385,D,07/25/2025 11:08:13 AM,0.0000,-0.0008,0.0,0.0
2852,0,6,  0d 00:47:25.72,  0d 00:12:46.04,2.1982,3.6383,D,07/25/2025 11:08:14 AM,0.0000,-0.0007,0.0,0.0
2853,0,6,  0d 00:47:26.72,  0d 00:12:47.04,2.1994,3.6379,D,07/25/2025 11:08:15 AM,0.0000,-0.0007,0.0,0.0
2854,0,6,  0d 00:47:27.72,  0d 00:12:48.04,2.1988,3.6378,D,07/25/2025 11:08:16 AM,0.0000,-0.0007,0.0,0.0
2855,0,6,  0d 00:47:28.72,  0d 00:12:49.04,2.1985,3.6374,D,07/25/2025 11:08:17 AM,0.0000,-0.0007,0.0,0.0
2856,0,6,  0d 00:47:29.72,  0d 00:12:50.04,2.1991,3.6373,D,07/25/2025 11:08:18 AM,0.0000,-0.0007,0.0,0.0
2857,0,6,  0d 00:47:30.72,  0d 00:12:51.04,2.1991,3.6371,D,07/25/2025 11:08:19 AM,0.0000,-0.0008,0.0,0.0
2858,0,6,  0d 00:47:31.72,  0d 00:12:52.04,2.1994,3.6368,D,07/25/2025 11:08:20 AM,0.0000,-0.0008,0.0,0.0
2859,0,6,  0d 00:47:32.72,  0d 00:12:53.04,2.1994,3.6365,D,07/25/2025 11:08:21 AM,0.0000,-0.0008,0.0,0.0
2860,0,6,  0d 00:47:33.72,  0d 00:12:54.04,2.2000,3.6363,D,07/25/2025 11:08:22 AM,0.0000,-0.0008,0.0,0.0
2861,0,6,  0d 00:47:34.72,  0d 00:12:55.04,2.2000,3.6361,D,07/25/2025 11:08:23 AM,0.0000,-0.0008,0.0,0.0
2862,0,6,  0d 00:47:35.72,  0d 00:12:56.04,2.2007,3.6358,D,07/25/2025 11:08:24 AM,0.0000,-0.0008,0.0,0.0
2863,0,6,  0d 00:47:36.72,  0d 00:12:57.04,2.2004,3.6355,D,07/25/2025 11:08:25 AM,0.0000,-0.0008,0.0,0.0
2864,0,6,  0d 00:47:37.72,  0d 00:12:58.04,2.2007,3.6353,D,07/25/2025 11:08:26 AM,0.0000,-0.0007,0.0,0.0
2865,0,6,  0d 00:47:38.72,  0d 00:12:59.04,2.2004,3.6351,D,07/25/2025 11:08:27 AM,0.0000,-0.0008,0.0,0.0
2866,0,6,  0d 00:47:39.72,  0d 00:13:00.04,2.2010,3.6349,D,07/25/2025 11:08:28 AM,0.0000,-0.0008,0.0,0.0
2867,0,6,  0d 00:47:40.72,  0d 00:13:01.04,2.2007,3.6346,D,07/25/2025 11:08:29 AM,0.0000,-0.0008,0.0,0.0
2868,0,6,  0d 00:47:41.72,  0d 00:13:02.04,2.2013,3.6344,D,07/25/2025 11:08:30 AM,0.0000,-0.0010,0.0,0.0
2869,0,6,  0d 00:47:42.72,  0d 00:13:03.04,2.2013,3.6342,D,07/25/2025 11:08:31 AM,0.0000,-0.0007,0.0,0.0
2870,0,6,  0d 00:47:43.72,  0d 00:13:04.04,2.2013,3.6340,D,07/25/2025 11:08:32 AM,0.0000,-0.0008,0.0,0.0
2871,0,6,  0d 00:47:44.72,  0d 00:13:05.04,2.2016,3.6337,D,07/25/2025 11:08:33 AM,0.0000,-0.0008,0.0,0.0
2872,0,6,  0d 00:47:45.72,  0d 00:13:06.04,2.2013,3.6333,D,07/25/2025 11:08:34 AM,0.0000,-0.0008,0.0,0.0
2873,0,6,  0d 00:47:46.72,  0d 00:13:07.04,2.2019,3.6332,D,07/25/2025 11:08:35 AM,0.0000,-0.0007,0.0,0.0
2874,0,6,  0d 00:47:47.72,  0d 00:13:08.04,2.2019,3.6329,D,07/25/2025 11:08:36 AM,0.0000,-0.0007,0.0,0.0
2875,0,6,  0d 00:47:48.72,  0d 00:13:09.04,2.2013,3.6328,D,07/25/2025 11:08:37 AM,0.0000,-0.0008,0.0,0.0
2876,0,6,  0d 00:47:49.72,  0d 00:13:10.04,2.2025,3.6325,D,07/25/2025 11:08:38 AM,0.0000,-0.0008,0.0,0.0
2877,0,6,  0d 00:47:50.72,  0d 00:13:11.04,2.2019,3.6323,D,07/25/2025 11:08:39 AM,0.0000,-0.0007,0.0,0.0
2878,0,6,  0d 00:47:51.72,  0d 00:13:12.04,2.2025,3.6320,D,07/25/2025 11:08:40 AM,0.0000,-0.0010,0.0,0.0
2879,0,6,  0d 00:47:52.72,  0d 00:13:13.04,2.2019,3.6318,D,07/25/2025 11:08:41 AM,0.0000,-0.0005,0.0,0.0
2880,0,6,  0d 00:47:53.72,  0d 00:13:14.04,2.2034,3.6315,D,07/25/2025 11:08:42 AM,0.0000,-0.0007,0.0,0.0
2881,0,6,  0d 00:47:54.72,  0d 00:13:15.04,2.2031,3.6313,D,07/25/2025 11:08:43 AM,0.0000,-0.0007,0.0,0.0
2882,0,6,  0d 00:47:55.72,  0d 00:13:16.04,2.2034,3.6311,D,07/25/2025 11:08:44 AM,0.0000,-0.0007,0.0,0.0
2883,0,6,  0d 00:47:56.72,  0d 00:13:17.04,2.2031,3.6308,D,07/25/2025 11:08:45 AM,0.0000,-0.0010,0.0,0.0
2884,0,6,  0d 00:47:57.72,  0d 00:13:18.04,2.2031,3.6305,D,07/25/2025 11:08:46 AM,0.0000,-0.0007,0.0,0.0
2885,0,6,  0d 00:47:58.72,  0d 00:13:19.04,2.2037,3.6304,D,07/25/2025 11:08:47 AM,0.0000,-0.0008,0.0,0.0
2886,0,6,  0d 00:47:59.72,  0d 00:13:20.04,2.2040,3.6300,D,07/25/2025 11:08:48 AM,0.0000,-0.0008,0.0,0.0
2887,0,6,  0d 00:48:00.72,  0d 00:13:21.04,2.2037,3.6298,D,07/25/2025 11:08:49 AM,0.0000,-0.0008,0.0,0.0
2888,0,6,  0d 00:48:01.72,  0d 00:13:22.04,2.2037,3.6297,D,07/25/2025 11:08:50 AM,0.0000,-0.0007,0.0,0.0
2889,0,6,  0d 00:48:02.72,  0d 00:13:23.04,2.2043,3.6294,D,07/25/2025 11:08:51 AM,0.0000,-0.0008,0.0,0.0
2890,0,6,  0d 00:48:03.72,  0d 00:13:24.04,2.2046,3.6291,D,07/25/2025 11:08:52 AM,0.0000,-0.0008,0.0,0.0
2891,0,6,  0d 00:48:04.72,  0d 00:13:25.04,2.2043,3.6288,D,07/25/2025 11:08:53 AM,0.0000,-0.0008,0.0,0.0
2892,0,6,  0d 00:48:05.72,  0d 00:13:26.04,2.2037,3.6287,D,07/25/2025 11:08:54 AM,0.0000,-0.0008,0.0,0.0
2893,0,6,  0d 00:48:06.72,  0d 00:13:27.04,2.2046,3.6284,D,07/25/2025 11:08:55 AM,0.0000,-0.0008,0.0,0.0
2894,0,6,  0d 00:48:07.72,  0d 00:13:28.04,2.2043,3.6281,D,07/25/2025 11:08:56 AM,0.0000,-0.0007,0.0,0.0
2895,0,6,  0d 00:48:08.72,  0d 00:13:29.04,2.2052,3.6278,D,07/25/2025 11:08:57 AM,0.0000,-0.0007,0.0,0.0
2896,0,6,  0d 00:48:09.72,  0d 00:13:30.04,2.2052,3.6275,D,07/25/2025 11:08:58 AM,0.0000,-0.0008,0.0,0.0
2897,0,6,  0d 00:48:10.72,  0d 00:13:31.04,2.2052,3.6274,D,07/25/2025 11:08:59 AM,0.0000,-0.0008,0.0,0.0
2898,0,6,  0d 00:48:11.72,  0d 00:13:32.04,2.2049,3.6274,D,07/25/2025 11:09:00 AM,0.0000,-0.0008,0.0,0.0
2899,0,6,  0d 00:48:12.72,  0d 00:13:33.04,2.2061,3.6268,D,07/25/2025 11:09:01 AM,0.0000,-0.0008,0.0,0.0
2900,0,6,  0d 00:48:13.72,  0d 00:13:34.04,2.2055,3.6267,D,07/25/2025 11:09:02 AM,0.0000,-0.0008,0.0,0.0
2901,0,6,  0d 00:48:14.72,  0d 00:13:35.04,2.2058,3.6265,D,07/25/2025 11:09:03 AM,0.0000,-0.0008,0.0,0.0
2902,0,6,  0d 00:48:15.72,  0d 00:13:36.04,2.2055,3.6262,D,07/25/2025 11:09:04 AM,0.0000,-0.0007,0.0,0.0
2903,0,6,  0d 00:48:16.72,  0d 00:13:37.04,2.2061,3.6260,D,07/25/2025 11:09:05 AM,0.0000,-0.0007,0.0,0.0
2904,0,6,  0d 00:48:17.72,  0d 00:13:38.04,2.2061,3.6256,D,07/25/2025 11:09:06 AM,0.0000,-0.0010,0.0,0.0
2905,0,6,  0d 00:48:18.72,  0d 00:13:39.04,2.2061,3.6255,D,07/25/2025 11:09:07 AM,0.0000,-0.0007,0.0,0.0
2906,0,6,  0d 00:48:19.72,  0d 00:13:40.04,2.2061,3.6254,D,07/25/2025 11:09:08 AM,0.0000,-0.0007,0.0,0.0
2907,0,6,  0d 00:48:20.72,  0d 00:13:41.04,2.2065,3.6251,D,07/25/2025 11:09:09 AM,0.0000,-0.0008,0.0,0.0
2908,0,6,  0d 00:48:21.72,  0d 00:13:42.04,2.2068,3.6249,D,07/25/2025 11:09:10 AM,0.0000,-0.0008,0.0,0.0
2909,0,6,  0d 00:48:22.72,  0d 00:13:43.04,2.2068,3.6246,D,07/25/2025 11:09:11 AM,0.0000,-0.0008,0.0,0.0
2910,0,6,  0d 00:48:23.72,  0d 00:13:44.04,2.2074,3.6243,D,07/25/2025 11:09:12 AM,0.0000,-0.0007,0.0,0.0
2911,0,6,  0d 00:48:24.72,  0d 00:13:45.04,2.2071,3.6240,D,07/25/2025 11:09:13 AM,0.0000,-0.0008,0.0,0.0
2912,0,6,  0d 00:48:25.72,  0d 00:13:46.04,2.2068,3.6239,D,07/25/2025 11:09:14 AM,0.0000,-0.0008,0.0,0.0
2913,0,6,  0d 00:48:26.72,  0d 00:13:47.04,2.2071,3.6236,D,07/25/2025 11:09:15 AM,0.0000,-0.0007,0.0,0.0
2914,0,6,  0d 00:48:27.72,  0d 00:13:48.04,2.2074,3.6234,D,07/25/2025 11:09:16 AM,0.0000,-0.0008,0.0,0.0
2915,0,6,  0d 00:48:28.72,  0d 00:13:49.04,2.2077,3.6231,D,07/25/2025 11:09:17 AM,0.0000,-0.0008,0.0,0.0
2916,0,6,  0d 00:48:29.72,  0d 00:13:50.04,2.2083,3.6228,D,07/25/2025 11:09:18 AM,0.0000,-0.0008,0.0,0.0
2917,0,6,  0d 00:48:30.72,  0d 00:13:51.04,2.2083,3.6227,D,07/25/2025 11:09:19 AM,0.0000,-0.0005,0.0,0.0
2918,0,6,  0d 00:48:31.72,  0d 00:13:52.04,2.2083,3.6223,D,07/25/2025 11:09:20 AM,0.0000,-0.0010,0.0,0.0
2919,0,6,  0d 00:48:32.72,  0d 00:13:53.04,2.2080,3.6221,D,07/25/2025 11:09:21 AM,0.0000,-0.0007,0.0,0.0
2920,0,6,  0d 00:48:33.72,  0d 00:13:54.04,2.2083,3.6219,D,07/25/2025 11:09:22 AM,0.0000,-0.0007,0.0,0.0
2921,0,6,  0d 00:48:34.72,  0d 00:13:55.04,2.2086,3.6217,D,07/25/2025 11:09:23 AM,0.0000,-0.0007,0.0,0.0
2922,0,6,  0d 00:48:35.72,  0d 00:13:56.04,2.2083,3.6215,D,07/25/2025 11:09:24 AM,0.0000,-0.0008,0.0,0.0
2923,0,6,  0d 00:48:36.72,  0d 00:13:57.04,2.2095,3.6212,D,07/25/2025 11:09:25 AM,0.0000,-0.0007,0.0,0.0
2924,0,6,  0d 00:48:37.72,  0d 00:13:58.04,2.2092,3.6210,D,07/25/2025 11:09:26 AM,0.0000,-0.0007,0.0,0.0
2925,0,6,  0d 00:48:38.72,  0d 00:13:59.04,2.2089,3.6208,D,07/25/2025 11:09:27 AM,0.0000,-0.0007,0.0,0.0
2926,0,6,  0d 00:48:39.72,  0d 00:14:00.04,2.2095,3.6206,D,07/25/2025 11:09:28 AM,0.0000,-0.0008,0.0,0.0
2927,0,6,  0d 00:48:40.72,  0d 00:14:01.04,2.2095,3.6202,D,07/25/2025 11:09:29 AM,0.0000,-0.0008,0.0,0.0
2928,0,6,  0d 00:48:41.72,  0d 00:14:02.04,2.2092,3.6200,D,07/25/2025 11:09:30 AM,0.0000,-0.0007,0.0,0.0
2929,0,6,  0d 00:48:42.72,  0d 00:14:03.04,2.2101,3.6197,D,07/25/2025 11:09:31 AM,0.0000,-0.0007,0.0,0.0
2930,0,6,  0d 00:48:43.72,  0d 00:14:04.04,2.2095,3.6197,D,07/25/2025 11:09:32 AM,0.0000,-0.0008,0.0,0.0
2931,0,6,  0d 00:48:44.72,  0d 00:14:05.04,2.2104,3.6193,D,07/25/2025 11:09:33 AM,0.0000,-0.0008,0.0,0.0
2932,0,6,  0d 00:48:45.72,  0d 00:14:06.04,2.2104,3.6191,D,07/25/2025 11:09:34 AM,0.0000,-0.0007,0.0,0.0
2933,0,6,  0d 00:48:46.72,  0d 00:14:07.04,2.2104,3.6190,D,07/25/2025 11:09:35 AM,0.0000,-0.0007,0.0,0.0
2934,0,6,  0d 00:48:47.72,  0d 00:14:08.04,2.2107,3.6187,D,07/25/2025 11:09:36 AM,0.0000,-0.0008,0.0,0.0
2935,0,6,  0d 00:48:48.72,  0d 00:14:09.04,2.2113,3.6184,D,07/25/2025 11:09:37 AM,0.0000,-0.0008,0.0,0.0
2936,0,6,  0d 00:48:49.72,  0d 00:14:10.04,2.2113,3.6182,D,07/25/2025 11:09:38 AM,0.0000,-0.0008,0.0,0.0
2937,0,6,  0d 00:48:50.72,  0d 00:14:11.04,2.2107,3.6179,D,07/25/2025 11:09:39 AM,0.0000,-0.0005,0.0,0.0
2938,0,6,  0d 00:48:51.72,  0d 00:14:12.04,2.2110,3.6177,D,07/25/2025 11:09:40 AM,0.0000,-0.0007,0.0,0.0
2939,0,6,  0d 00:48:52.72,  0d 00:14:13.04,2.2113,3.6175,D,07/25/2025 11:09:41 AM,0.0000,-0.0008,0.0,0.0
2940,0,6,  0d 00:48:53.72,  0d 00:14:14.04,2.2119,3.6171,D,07/25/2025 11:09:42 AM,0.0000,-0.0007,0.0,0.0
2941,0,6,  0d 00:48:54.72,  0d 00:14:15.04,2.2110,3.6170,D,07/25/2025 11:09:43 AM,0.0000,-0.0008,0.0,0.0
2942,0,6,  0d 00:48:55.72,  0d 00:14:16.04,2.2123,3.6167,D,07/25/2025 11:09:44 AM,0.0000,-0.0007,0.0,0.0
2943,0,6,  0d 00:48:56.72,  0d 00:14:17.04,2.2119,3.6165,D,07/25/2025 11:09:45 AM,0.0000,-0.0008,0.0,0.0
2944,0,6,  0d 00:48:57.72,  0d 00:14:18.04,2.2119,3.6163,D,07/25/2025 11:09:46 AM,0.0000,-0.0007,0.0,0.0
2945,0,6,  0d 00:48:58.72,  0d 00:14:19.04,2.2126,3.6160,D,07/25/2025 11:09:47 AM,0.0000,-0.0008,0.0,0.0
2946,0,6,  0d 00:48:59.72,  0d 00:14:20.04,2.2126,3.6159,D,07/25/2025 11:09:48 AM,0.0000,-0.0007,0.0,0.0
2947,0,6,  0d 00:49:00.72,  0d 00:14:21.04,2.2123,3.6157,D,07/25/2025 11:09:49 AM,0.0000,-0.0008,0.0,0.0
2948,0,6,  0d 00:49:01.72,  0d 00:14:22.04,2.2129,3.6154,D,07/25/2025 11:09:50 AM,0.0000,-0.0007,0.0,0.0
2949,0,6,  0d 00:49:02.72,  0d 00:14:23.04,2.2129,3.6152,D,07/25/2025 11:09:51 AM,0.0000,-0.0008,0.0,0.0
2950,0,6,  0d 00:49:03.72,  0d 00:14:24.04,2.2123,3.6150,D,07/25/2025 11:09:52 AM,0.0000,-0.0005,0.0,0.0
2951,0,6,  0d 00:49:04.72,  0d 00:14:25.04,2.2132,3.6147,D,07/25/2025 11:09:53 AM,0.0000,-0.0008,0.0,0.0
2952,0,6,  0d 00:49:05.72,  0d 00:14:26.04,2.2129,3.6145,D,07/25/2025 11:09:54 AM,0.0000,-0.0010,0.0,0.0
2953,0,6,  0d 00:49:06.72,  0d 00:14:27.04,2.2132,3.6143,D,07/25/2025 11:09:55 AM,0.0000,-0.0008,0.0,0.0
2954,0,6,  0d 00:49:07.72,  0d 00:14:28.04,2.2132,3.6139,D,07/25/2025 11:09:56 AM,0.0000,-0.0008,0.0,0.0
2955,0,6,  0d 00:49:08.72,  0d 00:14:29.04,2.2141,3.6137,D,07/25/2025 11:09:57 AM,0.0000,-0.0008,0.0,0.0
2956,0,6,  0d 00:49:09.72,  0d 00:14:30.04,2.2138,3.6136,D,07/25/2025 11:09:58 AM,0.0000,-0.0007,0.0,0.0
2957,0,6,  0d 00:49:10.72,  0d 00:14:31.04,2.2138,3.6133,D,07/25/2025 11:09:59 AM,0.0000,-0.0005,0.0,0.0
2958,0,6,  0d 00:49:11.72,  0d 00:14:32.04,2.2138,3.6131,D,07/25/2025 11:10:00 AM,0.0000,-0.0008,0.0,0.0
2959,0,6,  0d 00:49:12.72,  0d 00:14:33.04,2.2135,3.6130,D,07/25/2025 11:10:01 AM,0.0000,-0.0007,0.0,0.0
2960,0,6,  0d 00:49:13.72,  0d 00:14:34.04,2.2147,3.6126,D,07/25/2025 11:10:02 AM,0.0000,-0.0007,0.0,0.0
2961,0,6,  0d 00:49:14.72,  0d 00:14:35.04,2.2138,3.6123,D,07/25/2025 11:10:03 AM,0.0000,-0.0007,0.0,0.0
2962,0,6,  0d 00:49:15.72,  0d 00:14:36.04,2.2150,3.6122,D,07/25/2025 11:10:04 AM,0.0000,-0.0008,0.0,0.0
2963,0,6,  0d 00:49:16.72,  0d 00:14:37.04,2.2147,3.6120,D,07/25/2025 11:10:05 AM,0.0000,-0.0007,0.0,0.0
2964,0,6,  0d 00:49:17.72,  0d 00:14:38.04,2.2150,3.6117,D,07/25/2025 11:10:06 AM,0.0000,-0.0008,0.0,0.0
2965,0,6,  0d 00:49:18.72,  0d 00:14:39.04,2.2153,3.6114,D,07/25/2025 11:10:07 AM,0.0000,-0.0007,0.0,0.0
2966,0,6,  0d 00:49:19.72,  0d 00:14:40.04,2.2153,3.6112,D,07/25/2025 11:10:08 AM,0.0000,-0.0008,0.0,0.0
2967,0,6,  0d 00:49:20.72,  0d 00:14:41.04,2.2150,3.6111,D,07/25/2025 11:10:09 AM,0.0000,-0.0008,0.0,0.0
2968,0,6,  0d 00:49:21.72,  0d 00:14:42.04,2.2156,3.6107,D,07/25/2025 11:10:10 AM,0.0000,-0.0008,0.0,0.0
2969,0,6,  0d 00:49:22.72,  0d 00:14:43.04,2.2150,3.6105,D,07/25/2025 11:10:11 AM,0.0000,-0.0007,0.0,0.0
2970,0,6,  0d 00:49:23.72,  0d 00:14:44.04,2.2159,3.6104,D,07/25/2025 11:10:12 AM,0.0000,-0.0008,0.0,0.0
2971,0,6,  0d 00:49:24.72,  0d 00:14:45.04,2.2156,3.6101,D,07/25/2025 11:10:13 AM,0.0000,-0.0007,0.0,0.0
2972,0,6,  0d 00:49:25.72,  0d 00:14:46.04,2.2156,3.6098,D,07/25/2025 11:10:14 AM,0.0000,-0.0007,0.0,0.0
2973,0,6,  0d 00:49:26.72,  0d 00:14:47.04,2.2162,3.6097,D,07/25/2025 11:10:15 AM,0.0000,-0.0008,0.0,0.0
2974,0,6,  0d 00:49:27.72,  0d 00:14:48.04,2.2162,3.6095,D,07/25/2025 11:10:16 AM,0.0000,-0.0008,0.0,0.0
2975,0,6,  0d 00:49:28.72,  0d 00:14:49.04,2.2165,3.6092,D,07/25/2025 11:10:17 AM,0.0000,-0.0008,0.0,0.0
2976,0,6,  0d 00:49:29.72,  0d 00:14:50.04,2.2162,3.6091,D,07/25/2025 11:10:18 AM,0.0000,-0.0007,0.0,0.0
2977,0,6,  0d 00:49:30.72,  0d 00:14:51.04,2.2165,3.6088,D,07/25/2025 11:10:19 AM,0.0000,-0.0007,0.0,0.0
2978,0,6,  0d 00:49:31.72,  0d 00:14:52.04,2.2165,3.6085,D,07/25/2025 11:10:20 AM,0.0000,-0.0007,0.0,0.0
2979,0,6,  0d 00:49:32.72,  0d 00:14:53.04,2.2162,3.6083,D,07/25/2025 11:10:21 AM,0.0000,-0.0008,0.0,0.0
2980,0,6,  0d 00:49:33.72,  0d 00:14:54.04,2.2171,3.6081,D,07/25/2025 11:10:22 AM,0.0000,-0.0007,0.0,0.0
2981,0,6,  0d 00:49:34.72,  0d 00:14:55.04,2.2171,3.6078,D,07/25/2025 11:10:23 AM,0.0000,-0.0008,0.0,0.0
2982,0,6,  0d 00:49:35.72,  0d 00:14:56.04,2.2177,3.6077,D,07/25/2025 11:10:24 AM,0.0000,-0.0008,0.0,0.0
2983,0,6,  0d 00:49:36.72,  0d 00:14:57.04,2.2181,3.6073,D,07/25/2025 11:10:25 AM,0.0000,-0.0007,0.0,0.0
2984,0,6,  0d 00:49:37.72,  0d 00:14:58.04,2.2177,3.6072,D,07/25/2025 11:10:26 AM,0.0000,-0.0007,0.0,0.0
2985,0,6,  0d 00:49:38.72,  0d 00:14:59.04,2.2177,3.6069,D,07/25/2025 11:10:27 AM,0.0000,-0.0008,0.0,0.0
2986,0,6,  0d 00:49:39.72,  0d 00:15:00.04,2.2177,3.6066,D,07/25/2025 11:10:28 AM,0.0000,-0.0007,0.0,0.0
2987,0,6,  0d 00:49:40.72,  0d 00:15:01.04,2.2184,3.6065,D,07/25/2025 11:10:29 AM,0.0000,-0.0007,0.0,0.0
2988,0,6,  0d 00:49:41.72,  0d 00:15:02.04,2.2181,3.6062,D,07/25/2025 11:10:30 AM,0.0000,-0.0007,0.0,0.0
2989,0,6,  0d 00:49:42.72,  0d 00:15:03.04,2.2181,3.6059,D,07/25/2025 11:10:31 AM,0.0000,-0.0008,0.0,0.0
2990,0,6,  0d 00:49:43.72,  0d 00:15:04.04,2.2184,3.6059,D,07/25/2025 11:10:32 AM,0.0000,-0.0007,0.0,0.0
2991,0,6,  0d 00:49:44.72,  0d 00:15:05.04,2.2187,3.6056,D,07/25/2025 11:10:33 AM,0.0000,-0.0007,0.0,0.0
2992,0,6,  0d 00:49:45.72,  0d 00:15:06.04,2.2187,3.6052,D,07/25/2025 11:10:34 AM,0.0000,-0.0007,0.0,0.0
2993,0,6,  0d 00:49:46.72,  0d 00:15:07.04,2.2196,3.6050,D,07/25/2025 11:10:35 AM,0.0000,-0.0007,0.0,0.0
2994,0,6,  0d 00:49:47.72,  0d 00:15:08.04,2.2193,3.6048,D,07/25/2025 11:10:36 AM,0.0000,-0.0007,0.0,0.0
2995,0,6,  0d 00:49:48.72,  0d 00:15:09.04,2.2193,3.6046,D,07/25/2025 11:10:37 AM,0.0000,-0.0008,0.0,0.0
2996,0,6,  0d 00:49:49.72,  0d 00:15:10.04,2.2190,3.6045,D,07/25/2025 11:10:38 AM,0.0000,-0.0008,0.0,0.0
2997,0,6,  0d 00:49:50.72,  0d 00:15:11.04,2.2193,3.6041,D,07/25/2025 11:10:39 AM,0.0000,-0.0008,0.0,0.0
2998,0,6,  0d 00:49:51.72,  0d 00:15:12.04,2.2199,3.6040,D,07/25/2025 11:10:40 AM,0.0000,-0.0008,0.0,0.0
2999,0,6,  0d 00:49:52.72,  0d 00:15:13.04,2.2196,3.6038,D,07/25/2025 11:10:41 AM,0.0000,-0.0008,0.0,0.0
3000,0,6,  0d 00:49:53.72,  0d 00:15:14.04,2.2199,3.6036,D,07/25/2025 11:10:42 AM,0.0000,-0.0007,0.0,0.0
3001,0,6,  0d 00:49:54.72,  0d 00:15:15.04,2.2199,3.6033,D,07/25/2025 11:10:43 AM,0.0000,-0.0007,0.0,0.0
3002,0,6,  0d 00:49:55.72,  0d 00:15:16.04,2.2202,3.6031,D,07/25/2025 11:10:44 AM,0.0000,-0.0008,0.0,0.0
3003,0,6,  0d 00:49:56.72,  0d 00:15:17.04,2.2199,3.6027,D,07/25/2025 11:10:45 AM,0.0000,-0.0007,0.0,0.0
3004,0,6,  0d 00:49:57.72,  0d 00:15:18.04,2.2202,3.6027,D,07/25/2025 11:10:46 AM,0.0000,-0.0008,0.0,0.0
3005,0,6,  0d 00:49:58.72,  0d 00:15:19.04,2.2202,3.6024,D,07/25/2025 11:10:47 AM,0.0000,-0.0008,0.0,0.0
3006,0,6,  0d 00:49:59.72,  0d 00:15:20.04,2.2211,3.6023,D,07/25/2025 11:10:48 AM,0.0000,-0.0007,0.0,0.0
3007,0,6,  0d 00:50:00.72,  0d 00:15:21.04,2.2208,3.6019,D,07/25/2025 11:10:49 AM,0.0000,-0.0008,0.0,0.0
3008,0,6,  0d 00:50:01.72,  0d 00:15:22.04,2.2208,3.6018,D,07/25/2025 11:10:50 AM,0.0000,-0.0008,0.0,0.0
3009,0,6,  0d 00:50:02.72,  0d 00:15:23.04,2.2211,3.6015,D,07/25/2025 11:10:51 AM,0.0000,-0.0007,0.0,0.0
3010,0,6,  0d 00:50:03.72,  0d 00:15:24.04,2.2211,3.6014,D,07/25/2025 11:10:52 AM,0.0000,-0.0008,0.0,0.0
3011,0,6,  0d 00:50:04.72,  0d 00:15:25.04,2.2217,3.6010,D,07/25/2025 11:10:53 AM,0.0000,-0.0008,0.0,0.0
3012,0,6,  0d 00:50:05.72,  0d 00:15:26.04,2.2214,3.6009,D,07/25/2025 11:10:54 AM,0.0000,-0.0005,0.0,0.0
3013,0,6,  0d 00:50:06.72,  0d 00:15:27.04,2.2214,3.6007,D,07/25/2025 11:10:55 AM,0.0000,-0.0008,0.0,0.0
3014,0,6,  0d 00:50:07.72,  0d 00:15:28.04,2.2214,3.6004,D,07/25/2025 11:10:56 AM,0.0000,-0.0007,0.0,0.0
3015,0,6,  0d 00:50:08.72,  0d 00:15:29.04,2.2220,3.6002,D,07/25/2025 11:10:57 AM,0.0000,-0.0008,0.0,0.0
3016,0,6,  0d 00:50:09.72,  0d 00:15:30.04,2.2220,3.5999,D,07/25/2025 11:10:58 AM,0.0000,-0.0008,0.0,0.0
3017,0,6,  0d 00:50:10.72,  0d 00:15:31.04,2.2223,3.5997,D,07/25/2025 11:10:59 AM,0.0000,-0.0007,0.0,0.0
3018,0,6,  0d 00:50:11.72,  0d 00:15:32.04,2.2223,3.5996,D,07/25/2025 11:11:00 AM,0.0000,-0.0007,0.0,0.0
3019,0,6,  0d 00:50:12.72,  0d 00:15:33.04,2.2223,3.5995,D,07/25/2025 11:11:01 AM,0.0000,-0.0007,0.0,0.0
3020,0,6,  0d 00:50:13.72,  0d 00:15:34.04,2.2229,3.5991,D,07/25/2025 11:11:02 AM,0.0000,-0.0007,0.0,0.0
3021,0,6,  0d 00:50:14.72,  0d 00:15:35.04,2.2229,3.5989,D,07/25/2025 11:11:03 AM,0.0000,-0.0008,0.0,0.0
3022,0,6,  0d 00:50:15.72,  0d 00:15:36.04,2.2232,3.5988,D,07/25/2025 11:11:04 AM,0.0000,-0.0008,0.0,0.0
3023,0,6,  0d 00:50:16.72,  0d 00:15:37.04,2.2229,3.5985,D,07/25/2025 11:11:05 AM,0.0000,-0.0007,0.0,0.0
3024,0,6,  0d 00:50:17.72,  0d 00:15:38.04,2.2226,3.5984,D,07/25/2025 11:11:06 AM,0.0000,-0.0008,0.0,0.0
3025,0,6,  0d 00:50:18.72,  0d 00:15:39.04,2.2229,3.5980,D,07/25/2025 11:11:07 AM,0.0000,-0.0008,0.0,0.0
3026,0,6,  0d 00:50:19.72,  0d 00:15:40.04,2.2229,3.5981,D,07/25/2025 11:11:08 AM,0.0000,-0.0008,0.0,0.0
3027,0,6,  0d 00:50:20.72,  0d 00:15:41.04,2.2238,3.5977,D,07/25/2025 11:11:09 AM,0.0000,-0.0007,0.0,0.0
3028,0,6,  0d 00:50:21.72,  0d 00:15:42.04,2.2235,3.5974,D,07/25/2025 11:11:10 AM,0.0000,-0.0008,0.0,0.0
3029,0,6,  0d 00:50:22.72,  0d 00:15:43.04,2.2238,3.5972,D,07/25/2025 11:11:11 AM,0.0000,-0.0008,0.0,0.0
3030,0,6,  0d 00:50:23.72,  0d 00:15:44.04,2.2242,3.5969,D,07/25/2025 11:11:12 AM,0.0000,-0.0008,0.0,0.0
3031,0,6,  0d 00:50:24.72,  0d 00:15:45.04,2.2242,3.5967,D,07/25/2025 11:11:13 AM,0.0000,-0.0007,0.0,0.0
3032,0,6,  0d 00:50:25.72,  0d 00:15:46.04,2.2242,3.5965,D,07/25/2025 11:11:14 AM,0.0000,-0.0008,0.0,0.0
3033,0,6,  0d 00:50:26.72,  0d 00:15:47.04,2.2242,3.5963,D,07/25/2025 11:11:15 AM,0.0000,-0.0007,0.0,0.0
3034,0,6,  0d 00:50:27.72,  0d 00:15:48.04,2.2245,3.5961,D,07/25/2025 11:11:16 AM,0.0000,-0.0008,0.0,0.0
3035,0,6,  0d 00:50:28.72,  0d 00:15:49.04,2.2245,3.5959,D,07/25/2025 11:11:17 AM,0.0000,-0.0008,0.0,0.0
3036,0,6,  0d 00:50:29.72,  0d 00:15:50.04,2.2248,3.5957,D,07/25/2025 11:11:18 AM,0.0000,-0.0008,0.0,0.0
3037,0,6,  0d 00:50:30.72,  0d 00:15:51.04,2.2248,3.5953,D,07/25/2025 11:11:19 AM,0.0000,-0.0007,0.0,0.0
3038,0,6,  0d 00:50:31.72,  0d 00:15:52.04,2.2251,3.5952,D,07/25/2025 11:11:20 AM,0.0000,-0.0007,0.0,0.0
3039,0,6,  0d 00:50:32.72,  0d 00:15:53.04,2.2245,3.5951,D,07/25/2025 11:11:21 AM,0.0000,-0.0007,0.0,0.0
3040,0,6,  0d 00:50:33.72,  0d 00:15:54.04,2.2257,3.5948,D,07/25/2025 11:11:22 AM,0.0000,-0.0008,0.0,0.0
3041,0,6,  0d 00:50:34.72,  0d 00:15:55.04,2.2257,3.5947,D,07/25/2025 11:11:23 AM,0.0000,-0.0007,0.0,0.0
3042,0,6,  0d 00:50:35.72,  0d 00:15:56.04,2.2257,3.5943,D,07/25/2025 11:11:24 AM,0.0000,-0.0007,0.0,0.0
3043,0,6,  0d 00:50:36.72,  0d 00:15:57.04,2.2251,3.5941,D,07/25/2025 11:11:25 AM,0.0000,-0.0007,0.0,0.0
3044,0,6,  0d 00:50:37.72,  0d 00:15:58.04,2.2257,3.5940,D,07/25/2025 11:11:26 AM,0.0000,-0.0008,0.0,0.0
3045,0,6,  0d 00:50:38.72,  0d 00:15:59.04,2.2263,3.5937,D,07/25/2025 11:11:27 AM,0.0000,-0.0007,0.0,0.0
3046,0,6,  0d 00:50:39.72,  0d 00:16:00.04,2.2260,3.5935,D,07/25/2025 11:11:28 AM,0.0000,-0.0008,0.0,0.0
3047,0,6,  0d 00:50:40.72,  0d 00:16:01.04,2.2263,3.5932,D,07/25/2025 11:11:29 AM,0.0000,-0.0007,0.0,0.0
3048,0,6,  0d 00:50:41.72,  0d 00:16:02.04,2.2263,3.5930,D,07/25/2025 11:11:30 AM,0.0000,-0.0008,0.0,0.0
3049,0,6,  0d 00:50:42.72,  0d 00:16:03.04,2.2263,3.5927,D,07/25/2025 11:11:31 AM,0.0000,-0.0007,0.0,0.0
3050,0,6,  0d 00:50:43.72,  0d 00:16:04.04,2.2266,3.5926,D,07/25/2025 11:11:32 AM,0.0000,-0.0007,0.0,0.0
3051,0,6,  0d 00:50:44.72,  0d 00:16:05.04,2.2269,3.5924,D,07/25/2025 11:11:33 AM,0.0000,-0.0008,0.0,0.0
3052,0,6,  0d 00:50:45.72,  0d 00:16:06.04,2.2272,3.5922,D,07/25/2025 11:11:34 AM,0.0000,-0.0008,0.0,0.0
3053,0,6,  0d 00:50:46.72,  0d 00:16:07.04,2.2272,3.5921,D,07/25/2025 11:11:35 AM,0.0000,-0.0007,0.0,0.0
3054,0,6,  0d 00:50:47.72,  0d 00:16:08.04,2.2269,3.5920,D,07/25/2025 11:11:36 AM,0.0000,-0.0008,0.0,0.0
3055,0,6,  0d 00:50:48.72,  0d 00:16:09.04,2.2275,3.5916,D,07/25/2025 11:11:37 AM,0.0000,-0.0008,0.0,0.0
3056,0,6,  0d 00:50:49.72,  0d 00:16:10.04,2.2278,3.5913,D,07/25/2025 11:11:38 AM,0.0000,-0.0007,0.0,0.0
3057,0,6,  0d 00:50:50.72,  0d 00:16:11.04,2.2275,3.5911,D,07/25/2025 11:11:39 AM,0.0000,-0.0007,0.0,0.0
3058,0,6,  0d 00:50:51.72,  0d 00:16:12.04,2.2275,3.5908,D,07/25/2025 11:11:40 AM,0.0000,-0.0008,0.0,0.0
3059,0,6,  0d 00:50:52.72,  0d 00:16:13.04,2.2275,3.5907,D,07/25/2025 11:11:41 AM,0.0000,-0.0008,0.0,0.0
3060,0,6,  0d 00:50:53.72,  0d 00:16:14.04,2.2284,3.5904,D,07/25/2025 11:11:42 AM,0.0000,-0.0007,0.0,0.0
3061,0,6,  0d 00:50:54.72,  0d 00:16:15.04,2.2281,3.5902,D,07/25/2025 11:11:43 AM,0.0000,-0.0008,0.0,0.0
3062,0,6,  0d 00:50:55.72,  0d 00:16:16.04,2.2281,3.5900,D,07/25/2025 11:11:44 AM,0.0000,-0.0008,0.0,0.0
3063,0,6,  0d 00:50:56.72,  0d 00:16:17.04,2.2281,3.5898,D,07/25/2025 11:11:45 AM,0.0000,-0.0007,0.0,0.0
3064,0,6,  0d 00:50:57.72,  0d 00:16:18.04,2.2290,3.5897,D,07/25/2025 11:11:46 AM,0.0000,-0.0008,0.0,0.0
3065,0,6,  0d 00:50:58.72,  0d 00:16:19.04,2.2287,3.5895,D,07/25/2025 11:11:47 AM,0.0000,-0.0008,0.0,0.0
3066,0,6,  0d 00:50:59.72,  0d 00:16:20.04,2.2284,3.5892,D,07/25/2025 11:11:48 AM,0.0000,-0.0008,0.0,0.0
3067,0,6,  0d 00:51:00.72,  0d 00:16:21.04,2.2287,3.5891,D,07/25/2025 11:11:49 AM,0.0000,-0.0008,0.0,0.0
3068,0,6,  0d 00:51:01.72,  0d 00:16:22.04,2.2290,3.5888,D,07/25/2025 11:11:50 AM,0.0000,-0.0010,0.0,0.0
3069,0,6,  0d 00:51:02.72,  0d 00:16:23.04,2.2287,3.5886,D,07/25/2025 11:11:51 AM,0.0000,-0.0010,0.0,0.0
3070,0,6,  0d 00:51:03.72,  0d 00:16:24.04,2.2290,3.5882,D,07/25/2025 11:11:52 AM,0.0000,-0.0008,0.0,0.0
3071,0,6,  0d 00:51:04.72,  0d 00:16:25.04,2.2293,3.5882,D,07/25/2025 11:11:53 AM,0.0000,-0.0007,0.0,0.0
3072,0,6,  0d 00:51:05.72,  0d 00:16:26.04,2.2300,3.5878,D,07/25/2025 11:11:54 AM,0.0000,-0.0008,0.0,0.0
3073,0,6,  0d 00:51:06.72,  0d 00:16:27.04,2.2293,3.5877,D,07/25/2025 11:11:55 AM,0.0000,-0.0008,0.0,0.0
3074,0,6,  0d 00:51:07.72,  0d 00:16:28.04,2.2300,3.5875,D,07/25/2025 11:11:56 AM,0.0000,-0.0008,0.0,0.0
3075,0,6,  0d 00:51:08.72,  0d 00:16:29.04,2.2293,3.5872,D,07/25/2025 11:11:57 AM,0.0000,-0.0008,0.0,0.0
3076,0,6,  0d 00:51:09.72,  0d 00:16:30.04,2.2300,3.5871,D,07/25/2025 11:11:58 AM,0.0000,-0.0010,0.0,0.0
3077,0,6,  0d 00:51:10.72,  0d 00:16:31.04,2.2306,3.5869,D,07/25/2025 11:11:59 AM,0.0000,-0.0008,0.0,0.0
3078,0,6,  0d 00:51:11.72,  0d 00:16:32.04,2.2300,3.5866,D,07/25/2025 11:12:00 AM,0.0000,-0.0005,0.0,0.0
3079,0,6,  0d 00:51:12.72,  0d 00:16:33.04,2.2303,3.5865,D,07/25/2025 11:12:01 AM,0.0000,-0.0008,0.0,0.0
3080,0,6,  0d 00:51:13.72,  0d 00:16:34.04,2.2306,3.5862,D,07/25/2025 11:12:02 AM,0.0000,-0.0008,0.0,0.0
3081,0,6,  0d 00:51:14.72,  0d 00:16:35.04,2.2312,3.5860,D,07/25/2025 11:12:03 AM,0.0000,-0.0005,0.0,0.0
3082,0,6,  0d 00:51:15.72,  0d 00:16:36.04,2.2309,3.5858,D,07/25/2025 11:12:04 AM,0.0000,-0.0007,0.0,0.0
3083,0,6,  0d 00:51:16.72,  0d 00:16:37.04,2.2303,3.5857,D,07/25/2025 11:12:05 AM,0.0000,-0.0007,0.0,0.0
3084,0,6,  0d 00:51:17.72,  0d 00:16:38.04,2.2309,3.5855,D,07/25/2025 11:12:06 AM,0.0000,-0.0008,0.0,0.0
3085,0,6,  0d 00:51:18.72,  0d 00:16:39.04,2.2312,3.5853,D,07/25/2025 11:12:07 AM,0.0000,-0.0005,0.0,0.0
3086,0,6,  0d 00:51:19.72,  0d 00:16:40.04,2.2315,3.5850,D,07/25/2025 11:12:08 AM,0.0000,-0.0007,0.0,0.0
3087,0,6,  0d 00:51:20.72,  0d 00:16:41.04,2.2315,3.5849,D,07/25/2025 11:12:09 AM,0.0000,-0.0007,0.0,0.0
3088,0,6,  0d 00:51:21.72,  0d 00:16:42.04,2.2312,3.5846,D,07/25/2025 11:12:10 AM,0.0000,-0.0008,0.0,0.0
3089,0,6,  0d 00:51:22.72,  0d 00:16:43.04,2.2321,3.5843,D,07/25/2025 11:12:11 AM,0.0000,-0.0008,0.0,0.0
3090,0,6,  0d 00:51:23.72,  0d 00:16:44.04,2.2321,3.5842,D,07/25/2025 11:12:12 AM,0.0000,-0.0008,0.0,0.0
3091,0,6,  0d 00:51:24.72,  0d 00:16:45.04,2.2321,3.5839,D,07/25/2025 11:12:13 AM,0.0000,-0.0007,0.0,0.0
3092,0,6,  0d 00:51:25.72,  0d 00:16:46.04,2.2321,3.5838,D,07/25/2025 11:12:14 AM,0.0000,-0.0010,0.0,0.0
3093,0,6,  0d 00:51:26.72,  0d 00:16:47.04,2.2324,3.5836,D,07/25/2025 11:12:15 AM,0.0000,-0.0008,0.0,0.0
3094,0,6,  0d 00:51:27.72,  0d 00:16:48.04,2.2321,3.5833,D,07/25/2025 11:12:16 AM,0.0000,-0.0008,0.0,0.0
3095,0,6,  0d 00:51:28.72,  0d 00:16:49.04,2.2327,3.5831,D,07/25/2025 11:12:17 AM,0.0000,-0.0008,0.0,0.0
3096,0,6,  0d 00:51:29.72,  0d 00:16:50.04,2.2324,3.5829,D,07/25/2025 11:12:18 AM,0.0000,-0.0008,0.0,0.0
3097,0,6,  0d 00:51:30.72,  0d 00:16:51.04,2.2330,3.5826,D,07/25/2025 11:12:19 AM,0.0000,-0.0007,0.0,0.0
3098,0,6,  0d 00:51:31.72,  0d 00:16:52.04,2.2330,3.5825,D,07/25/2025 11:12:20 AM,0.0000,-0.0008,0.0,0.0
3099,0,6,  0d 00:51:32.72,  0d 00:16:53.04,2.2327,3.5824,D,07/25/2025 11:12:21 AM,0.0000,-0.0008,0.0,0.0
3100,0,6,  0d 00:51:33.72,  0d 00:16:54.04,2.2330,3.5821,D,07/25/2025 11:12:22 AM,0.0000,-0.0007,0.0,0.0
3101,0,6,  0d 00:51:34.72,  0d 00:16:55.04,2.2333,3.5818,D,07/25/2025 11:12:23 AM,0.0000,-0.0007,0.0,0.0
3102,0,6,  0d 00:51:35.72,  0d 00:16:56.04,2.2330,3.5818,D,07/25/2025 11:12:24 AM,0.0000,-0.0008,0.0,0.0
3103,0,6,  0d 00:51:36.72,  0d 00:16:57.04,2.2333,3.5815,D,07/25/2025 11:12:25 AM,0.0000,-0.0008,0.0,0.0
3104,0,6,  0d 00:51:37.72,  0d 00:16:58.04,2.2336,3.5811,D,07/25/2025 11:12:26 AM,0.0000,-0.0008,0.0,0.0
3105,0,6,  0d 00:51:38.72,  0d 00:16:59.04,2.2339,3.5809,D,07/25/2025 11:12:27 AM,0.0000,-0.0008,0.0,0.0
3106,0,6,  0d 00:51:39.72,  0d 00:17:00.04,2.2342,3.5808,D,07/25/2025 11:12:28 AM,0.0000,-0.0007,0.0,0.0
3107,0,6,  0d 00:51:40.72,  0d 00:17:01.04,2.2339,3.5805,D,07/25/2025 11:12:29 AM,0.0000,-0.0008,0.0,0.0
3108,0,6,  0d 00:51:41.72,  0d 00:17:02.04,2.2333,3.5806,D,07/25/2025 11:12:30 AM,0.0000,-0.0007,0.0,0.0
3109,0,6,  0d 00:51:42.72,  0d 00:17:03.04,2.2342,3.5804,D,07/25/2025 11:12:31 AM,0.0000,-0.0007,0.0,0.0
3110,0,6,  0d 00:51:43.72,  0d 00:17:04.04,2.2351,3.5801,D,07/25/2025 11:12:32 AM,0.0000,-0.0007,0.0,0.0
3111,0,6,  0d 00:51:44.72,  0d 00:17:05.04,2.2345,3.5798,D,07/25/2025 11:12:33 AM,0.0000,-0.0008,0.0,0.0
3112,0,6,  0d 00:51:45.72,  0d 00:17:06.04,2.2348,3.5798,D,07/25/2025 11:12:34 AM,0.0000,-0.0008,0.0,0.0
3113,0,6,  0d 00:51:46.72,  0d 00:17:07.04,2.2348,3.5795,D,07/25/2025 11:12:35 AM,0.0000,-0.0008,0.0,0.0
3114,0,6,  0d 00:51:47.72,  0d 00:17:08.04,2.2351,3.5792,D,07/25/2025 11:12:36 AM,0.0000,-0.0007,0.0,0.0
3115,0,6,  0d 00:51:48.72,  0d 00:17:09.04,2.2339,3.5792,D,07/25/2025 11:12:37 AM,0.0000,-0.0008,0.0,0.0
3116,0,6,  0d 00:51:49.72,  0d 00:17:10.04,2.2351,3.5789,D,07/25/2025 11:12:38 AM,0.0000,-0.0007,0.0,0.0
3117,0,6,  0d 00:51:50.72,  0d 00:17:11.04,2.2351,3.5786,D,07/25/2025 11:12:39 AM,0.0000,-0.0008,0.0,0.0
3118,0,6,  0d 00:51:51.72,  0d 00:17:12.04,2.2354,3.5785,D,07/25/2025 11:12:40 AM,0.0000,-0.0008,0.0,0.0
3119,0,6,  0d 00:51:52.72,  0d 00:17:13.04,2.2351,3.5782,D,07/25/2025 11:12:41 AM,0.0000,-0.0007,0.0,0.0
3120,0,6,  0d 00:51:53.72,  0d 00:17:14.04,2.2351,3.5780,D,07/25/2025 11:12:42 AM,0.0000,-0.0005,0.0,0.0
3121,0,6,  0d 00:51:54.72,  0d 00:17:15.04,2.2361,3.5778,D,07/25/2025 11:12:43 AM,0.0000,-0.0008,0.0,0.0
3122,0,6,  0d 00:51:55.72,  0d 00:17:16.04,2.2364,3.5776,D,07/25/2025 11:12:44 AM,0.0000,-0.0008,0.0,0.0
3123,0,6,  0d 00:51:56.72,  0d 00:17:17.04,2.2364,3.5773,D,07/25/2025 11:12:45 AM,0.0000,-0.0007,0.0,0.0
3124,0,6,  0d 00:51:57.72,  0d 00:17:18.04,2.2361,3.5772,D,07/25/2025 11:12:46 AM,0.0000,-0.0010,0.0,0.0
3125,0,6,  0d 00:51:58.72,  0d 00:17:19.04,2.2358,3.5770,D,07/25/2025 11:12:47 AM,0.0000,-0.0008,0.0,0.0
3126,0,6,  0d 00:51:59.72,  0d 00:17:20.04,2.2364,3.5768,D,07/25/2025 11:12:48 AM,0.0000,-0.0008,0.0,0.0
3127,0,6,  0d 00:52:00.72,  0d 00:17:21.04,2.2367,3.5766,D,07/25/2025 11:12:49 AM,0.0000,-0.0007,0.0,0.0
3128,0,6,  0d 00:52:01.72,  0d 00:17:22.04,2.2367,3.5764,D,07/25/2025 11:12:50 AM,0.0000,-0.0008,0.0,0.0
3129,0,6,  0d 00:52:02.72,  0d 00:17:23.04,2.2370,3.5762,D,07/25/2025 11:12:51 AM,0.0000,-0.0007,0.0,0.0
3130,0,6,  0d 00:52:03.72,  0d 00:17:24.04,2.2364,3.5760,D,07/25/2025 11:12:52 AM,0.0000,-0.0005,0.0,0.0
3131,0,6,  0d 00:52:04.72,  0d 00:17:25.04,2.2370,3.5759,D,07/25/2025 11:12:53 AM,0.0000,-0.0007,0.0,0.0
3132,0,6,  0d 00:52:05.72,  0d 00:17:26.04,2.2376,3.5757,D,07/25/2025 11:12:54 AM,0.0000,-0.0007,0.0,0.0
3133,0,6,  0d 00:52:06.72,  0d 00:17:27.04,2.2373,3.5753,D,07/25/2025 11:12:55 AM,0.0000,-0.0007,0.0,0.0
3134,0,6,  0d 00:52:07.72,  0d 00:17:28.04,2.2373,3.5752,D,07/25/2025 11:12:56 AM,0.0000,-0.0008,0.0,0.0
3135,0,6,  0d 00:52:08.72,  0d 00:17:29.04,2.2379,3.5749,D,07/25/2025 11:12:57 AM,0.0000,-0.0007,0.0,0.0
3136,0,6,  0d 00:52:09.72,  0d 00:17:30.04,2.2379,3.5748,D,07/25/2025 11:12:58 AM,0.0000,-0.0007,0.0,0.0
3137,0,6,  0d 00:52:10.72,  0d 00:17:31.04,2.2379,3.5746,D,07/25/2025 11:12:59 AM,0.0000,-0.0008,0.0,0.0
3138,0,6,  0d 00:52:11.72,  0d 00:17:32.04,2.2376,3.5744,D,07/25/2025 11:13:00 AM,0.0000,-0.0008,0.0,0.0
3139,0,6,  0d 00:52:12.72,  0d 00:17:33.04,2.2382,3.5740,D,07/25/2025 11:13:01 AM,0.0000,-0.0008,0.0,0.0
3140,0,6,  0d 00:52:13.72,  0d 00:17:34.04,2.2382,3.5739,D,07/25/2025 11:13:02 AM,0.0000,-0.0008,0.0,0.0
3141,0,6,  0d 00:52:14.72,  0d 00:17:35.04,2.2385,3.5737,D,07/25/2025 11:13:03 AM,0.0000,-0.0008,0.0,0.0
3142,0,6,  0d 00:52:15.72,  0d 00:17:36.04,2.2382,3.5735,D,07/25/2025 11:13:04 AM,0.0000,-0.0007,0.0,0.0
3143,0,6,  0d 00:52:16.72,  0d 00:17:37.04,2.2391,3.5734,D,07/25/2025 11:13:05 AM,0.0000,-0.0008,0.0,0.0
3144,0,6,  0d 00:52:17.72,  0d 00:17:38.04,2.2391,3.5732,D,07/25/2025 11:13:06 AM,0.0000,-0.0008,0.0,0.0
3145,0,6,  0d 00:52:18.72,  0d 00:17:39.04,2.2388,3.5729,D,07/25/2025 11:13:07 AM,0.0000,-0.0007,0.0,0.0
3146,0,6,  0d 00:52:19.72,  0d 00:17:40.04,2.2388,3.5727,D,07/25/2025 11:13:08 AM,0.0000,-0.0007,0.0,0.0
3147,0,6,  0d 00:52:20.72,  0d 00:17:41.04,2.2391,3.5726,D,07/25/2025 11:13:09 AM,0.0000,-0.0005,0.0,0.0
3148,0,6,  0d 00:52:21.72,  0d 00:17:42.04,2.2391,3.5723,D,07/25/2025 11:13:10 AM,0.0000,-0.0007,0.0,0.0
3149,0,6,  0d 00:52:22.72,  0d 00:17:43.04,2.2397,3.5722,D,07/25/2025 11:13:11 AM,0.0000,-0.0008,0.0,0.0
3150,0,6,  0d 00:52:23.72,  0d 00:17:44.04,2.2400,3.5720,D,07/25/2025 11:13:12 AM,0.0000,-0.0008,0.0,0.0
3151,0,6,  0d 00:52:24.72,  0d 00:17:45.04,2.2400,3.5717,D,07/25/2025 11:13:13 AM,0.0000,-0.0008,0.0,0.0
3152,0,6,  0d 00:52:25.72,  0d 00:17:46.04,2.2394,3.5715,D,07/25/2025 11:13:14 AM,0.0000,-0.0007,0.0,0.0
3153,0,6,  0d 00:52:26.72,  0d 00:17:47.04,2.2400,3.5714,D,07/25/2025 11:13:15 AM,0.0000,-0.0007,0.0,0.0
3154,0,6,  0d 00:52:27.72,  0d 00:17:48.04,2.2397,3.5711,D,07/25/2025 11:13:16 AM,0.0000,-0.0008,0.0,0.0
3155,0,6,  0d 00:52:28.72,  0d 00:17:49.04,2.2397,3.5710,D,07/25/2025 11:13:17 AM,0.0000,-0.0008,0.0,0.0
3156,0,6,  0d 00:52:29.72,  0d 00:17:50.04,2.2406,3.5708,D,07/25/2025 11:13:18 AM,0.0000,-0.0008,0.0,0.0
3157,0,6,  0d 00:52:30.72,  0d 00:17:51.04,2.2403,3.5705,D,07/25/2025 11:13:19 AM,0.0000,-0.0008,0.0,0.0
3158,0,6,  0d 00:52:31.72,  0d 00:17:52.04,2.2406,3.5703,D,07/25/2025 11:13:20 AM,0.0000,-0.0008,0.0,0.0
3159,0,6,  0d 00:52:32.72,  0d 00:17:53.04,2.2403,3.5703,D,07/25/2025 11:13:21 AM,0.0000,-0.0007,0.0,0.0
3160,0,6,  0d 00:52:33.72,  0d 00:17:54.04,2.2406,3.5700,D,07/25/2025 11:13:22 AM,0.0000,-0.0008,0.0,0.0
3161,0,6,  0d 00:52:34.72,  0d 00:17:55.04,2.2409,3.5697,D,07/25/2025 11:13:23 AM,0.0000,-0.0007,0.0,0.0
3162,0,6,  0d 00:52:35.72,  0d 00:17:56.04,2.2409,3.5695,D,07/25/2025 11:13:24 AM,0.0000,-0.0007,0.0,0.0
3163,0,6,  0d 00:52:36.72,  0d 00:17:57.04,2.2406,3.5693,D,07/25/2025 11:13:25 AM,0.0000,-0.0007,0.0,0.0
3164,0,6,  0d 00:52:37.72,  0d 00:17:58.04,2.2409,3.5691,D,07/25/2025 11:13:26 AM,0.0000,-0.0008,0.0,0.0
3165,0,6,  0d 00:52:38.72,  0d 00:17:59.04,2.2419,3.5689,D,07/25/2025 11:13:27 AM,0.0000,-0.0008,0.0,0.0
3166,0,6,  0d 00:52:39.72,  0d 00:18:00.04,2.2416,3.5688,D,07/25/2025 11:13:28 AM,0.0000,-0.0008,0.0,0.0
3167,0,6,  0d 00:52:40.72,  0d 00:18:01.04,2.2412,3.5686,D,07/25/2025 11:13:29 AM,0.0000,-0.0007,0.0,0.0
3168,0,6,  0d 00:52:41.72,  0d 00:18:02.04,2.2416,3.5683,D,07/25/2025 11:13:30 AM,0.0000,-0.0010,0.0,0.0
3169,0,6,  0d 00:52:42.72,  0d 00:18:03.04,2.2419,3.5682,D,07/25/2025 11:13:31 AM,0.0000,-0.0008,0.0,0.0
3170,0,6,  0d 00:52:43.72,  0d 00:18:04.04,2.2425,3.5679,D,07/25/2025 11:13:32 AM,0.0000,-0.0007,0.0,0.0
3171,0,6,  0d 00:52:44.72,  0d 00:18:05.04,2.2419,3.5676,D,07/25/2025 11:13:33 AM,0.0000,-0.0008,0.0,0.0
3172,0,6,  0d 00:52:45.72,  0d 00:18:06.04,2.2425,3.5676,D,07/25/2025 11:13:34 AM,0.0000,-0.0008,0.0,0.0
3173,0,6,  0d 00:52:46.72,  0d 00:18:07.04,2.2422,3.5673,D,07/25/2025 11:13:35 AM,0.0000,-0.0008,0.0,0.0
3174,0,6,  0d 00:52:47.72,  0d 00:18:08.04,2.2422,3.5672,D,07/25/2025 11:13:36 AM,0.0000,-0.0007,0.0,0.0
3175,0,6,  0d 00:52:48.72,  0d 00:18:09.04,2.2428,3.5669,D,07/25/2025 11:13:37 AM,0.0000,-0.0007,0.0,0.0
3176,0,6,  0d 00:52:49.72,  0d 00:18:10.04,2.2428,3.5666,D,07/25/2025 11:13:38 AM,0.0000,-0.0010,0.0,0.0
3177,0,6,  0d 00:52:50.72,  0d 00:18:11.04,2.2428,3.5666,D,07/25/2025 11:13:39 AM,0.0000,-0.0007,0.0,0.0
3178,0,6,  0d 00:52:51.72,  0d 00:18:12.04,2.2428,3.5665,D,07/25/2025 11:13:40 AM,0.0000,-0.0007,0.0,0.0
3179,0,6,  0d 00:52:52.72,  0d 00:18:13.04,2.2428,3.5663,D,07/25/2025 11:13:41 AM,0.0000,-0.0007,0.0,0.0
3180,0,6,  0d 00:52:53.72,  0d 00:18:14.04,2.2431,3.5660,D,07/25/2025 11:13:42 AM,0.0000,-0.0008,0.0,0.0
3181,0,6,  0d 00:52:54.72,  0d 00:18:15.04,2.2425,3.5658,D,07/25/2025 11:13:43 AM,0.0000,-0.0008,0.0,0.0
3182,0,6,  0d 00:52:55.72,  0d 00:18:16.04,2.2434,3.5656,D,07/25/2025 11:13:44 AM,0.0000,-0.0008,0.0,0.0
3183,0,6,  0d 00:52:56.72,  0d 00:18:17.04,2.2437,3.5655,D,07/25/2025 11:13:45 AM,0.0000,-0.0008,0.0,0.0
3184,0,6,  0d 00:52:57.72,  0d 00:18:18.04,2.2437,3.5650,D,07/25/2025 11:13:46 AM,0.0000,-0.0008,0.0,0.0
3185,0,6,  0d 00:52:58.72,  0d 00:18:19.04,2.2440,3.5650,D,07/25/2025 11:13:47 AM,0.0000,-0.0007,0.0,0.0
3186,0,6,  0d 00:52:59.72,  0d 00:18:20.04,2.2440,3.5649,D,07/25/2025 11:13:48 AM,0.0000,-0.0008,0.0,0.0
3187,0,6,  0d 00:53:00.72,  0d 00:18:21.04,2.2446,3.5646,D,07/25/2025 11:13:49 AM,0.0000,-0.0008,0.0,0.0
3188,0,6,  0d 00:53:01.72,  0d 00:18:22.04,2.2443,3.5645,D,07/25/2025 11:13:50 AM,0.0000,-0.0007,0.0,0.0
3189,0,6,  0d 00:53:02.72,  0d 00:18:23.04,2.2440,3.5643,D,07/25/2025 11:13:51 AM,0.0000,-0.0008,0.0,0.0
3190,0,6,  0d 00:53:03.72,  0d 00:18:24.04,2.2440,3.5640,D,07/25/2025 11:13:52 AM,0.0000,-0.0007,0.0,0.0
3191,0,6,  0d 00:53:04.72,  0d 00:18:25.04,2.2446,3.5637,D,07/25/2025 11:13:53 AM,0.0000,-0.0010,0.0,0.0
3192,0,6,  0d 00:53:05.72,  0d 00:18:26.04,2.2446,3.5637,D,07/25/2025 11:13:54 AM,0.0000,-0.0007,0.0,0.0
3193,0,6,  0d 00:53:06.72,  0d 00:18:27.04,2.2440,3.5635,D,07/25/2025 11:13:55 AM,0.0000,-0.0008,0.0,0.0
3194,0,6,  0d 00:53:07.72,  0d 00:18:28.04,2.2449,3.5634,D,07/25/2025 11:13:56 AM,0.0000,-0.0007,0.0,0.0
3195,0,6,  0d 00:53:08.72,  0d 00:18:29.04,2.2449,3.5631,D,07/25/2025 11:13:57 AM,0.0000,-0.0008,0.0,0.0
3196,0,6,  0d 00:53:09.72,  0d 00:18:30.04,2.2452,3.5629,D,07/25/2025 11:13:58 AM,0.0000,-0.0008,0.0,0.0
3197,0,6,  0d 00:53:10.72,  0d 00:18:31.04,2.2452,3.5626,D,07/25/2025 11:13:59 AM,0.0000,-0.0007,0.0,0.0
3198,0,6,  0d 00:53:11.72,  0d 00:18:32.04,2.2455,3.5624,D,07/25/2025 11:14:00 AM,0.0000,-0.0008,0.0,0.0
3199,0,6,  0d 00:53:12.72,  0d 00:18:33.04,2.2452,3.5623,D,07/25/2025 11:14:01 AM,0.0000,-0.0007,0.0,0.0
3200,0,6,  0d 00:53:13.72,  0d 00:18:34.04,2.2455,3.5621,D,07/25/2025 11:14:02 AM,0.0000,-0.0008,0.0,0.0
3201,0,6,  0d 00:53:14.72,  0d 00:18:35.04,2.2458,3.5618,D,07/25/2025 11:14:03 AM,0.0000,-0.0008,0.0,0.0
3202,0,6,  0d 00:53:15.72,  0d 00:18:36.04,2.2461,3.5618,D,07/25/2025 11:14:04 AM,0.0000,-0.0007,0.0,0.0
3203,0,6,  0d 00:53:16.72,  0d 00:18:37.04,2.2458,3.5615,D,07/25/2025 11:14:05 AM,0.0000,-0.0008,0.0,0.0
3204,0,6,  0d 00:53:17.72,  0d 00:18:38.04,2.2464,3.5613,D,07/25/2025 11:14:06 AM,0.0000,-0.0007,0.0,0.0
3205,0,6,  0d 00:53:18.72,  0d 00:18:39.04,2.2461,3.5611,D,07/25/2025 11:14:07 AM,0.0000,-0.0008,0.0,0.0
3206,0,6,  0d 00:53:19.72,  0d 00:18:40.04,2.2467,3.5609,D,07/25/2025 11:14:08 AM,0.0000,-0.0010,0.0,0.0
3207,0,6,  0d 00:53:20.72,  0d 00:18:41.04,2.2461,3.5607,D,07/25/2025 11:14:09 AM,0.0000,-0.0007,0.0,0.0
3208,0,6,  0d 00:53:21.72,  0d 00:18:42.04,2.2464,3.5606,D,07/25/2025 11:14:10 AM,0.0000,-0.0008,0.0,0.0
3209,0,6,  0d 00:53:22.72,  0d 00:18:43.04,2.2467,3.5602,D,07/25/2025 11:14:11 AM,0.0000,-0.0007,0.0,0.0
3210,0,6,  0d 00:53:23.72,  0d 00:18:44.04,2.2464,3.5602,D,07/25/2025 11:14:12 AM,0.0000,-0.0008,0.0,0.0
3211,0,6,  0d 00:53:24.72,  0d 00:18:45.04,2.2473,3.5601,D,07/25/2025 11:14:13 AM,0.0000,-0.0008,0.0,0.0
3212,0,6,  0d 00:53:25.72,  0d 00:18:46.04,2.2473,3.5598,D,07/25/2025 11:14:14 AM,0.0000,-0.0007,0.0,0.0
3213,0,6,  0d 00:53:26.72,  0d 00:18:47.04,2.2473,3.5595,D,07/25/2025 11:14:15 AM,0.0000,-0.0008,0.0,0.0
3214,0,6,  0d 00:53:27.72,  0d 00:18:48.04,2.2473,3.5595,D,07/25/2025 11:14:16 AM,0.0000,-0.0007,0.0,0.0
3215,0,6,  0d 00:53:28.72,  0d 00:18:49.04,2.2473,3.5592,D,07/25/2025 11:14:17 AM,0.0000,-0.0008,0.0,0.0
3216,0,6,  0d 00:53:29.72,  0d 00:18:50.04,2.2477,3.5589,D,07/25/2025 11:14:18 AM,0.0000,-0.0008,0.0,0.0
3217,0,6,  0d 00:53:30.72,  0d 00:18:51.04,2.2477,3.5587,D,07/25/2025 11:14:19 AM,0.0000,-0.0007,0.0,0.0
3218,0,6,  0d 00:53:31.72,  0d 00:18:52.04,2.2473,3.5587,D,07/25/2025 11:14:20 AM,0.0000,-0.0008,0.0,0.0
3219,0,6,  0d 00:53:32.72,  0d 00:18:53.04,2.2480,3.5584,D,07/25/2025 11:14:21 AM,0.0000,-0.0008,0.0,0.0
3220,0,6,  0d 00:53:33.72,  0d 00:18:54.04,2.2480,3.5582,D,07/25/2025 11:14:22 AM,0.0000,-0.0008,0.0,0.0
3221,0,6,  0d 00:53:34.72,  0d 00:18:55.04,2.2483,3.5581,D,07/25/2025 11:14:23 AM,0.0000,-0.0007,0.0,0.0
3222,0,6,  0d 00:53:35.72,  0d 00:18:56.04,2.2486,3.5578,D,07/25/2025 11:14:24 AM,0.0000,-0.0008,0.0,0.0
3223,0,6,  0d 00:53:36.72,  0d 00:18:57.04,2.2483,3.5576,D,07/25/2025 11:14:25 AM,0.0000,-0.0008,0.0,0.0
3224,0,6,  0d 00:53:37.72,  0d 00:18:58.04,2.2486,3.5574,D,07/25/2025 11:14:26 AM,0.0000,-0.0007,0.0,0.0
3225,0,6,  0d 00:53:38.72,  0d 00:18:59.04,2.2483,3.5573,D,07/25/2025 11:14:27 AM,0.0000,-0.0007,0.0,0.0
3226,0,6,  0d 00:53:39.72,  0d 00:19:00.04,2.2492,3.5570,D,07/25/2025 11:14:28 AM,0.0000,-0.0010,0.0,0.0
3227,0,6,  0d 00:53:40.72,  0d 00:19:01.04,2.2489,3.5569,D,07/25/2025 11:14:29 AM,0.0000,-0.0007,0.0,0.0
3228,0,6,  0d 00:53:41.72,  0d 00:19:02.04,2.2492,3.5569,D,07/25/2025 11:14:30 AM,0.0000,-0.0007,0.0,0.0
3229,0,6,  0d 00:53:42.72,  0d 00:19:03.04,2.2492,3.5565,D,07/25/2025 11:14:31 AM,0.0000,-0.0007,0.0,0.0
3230,0,6,  0d 00:53:43.72,  0d 00:19:04.04,2.2498,3.5564,D,07/25/2025 11:14:32 AM,0.0000,-0.0007,0.0,0.0
3231,0,6,  0d 00:53:44.72,  0d 00:19:05.04,2.2495,3.5563,D,07/25/2025 11:14:33 AM,0.0000,-0.0007,0.0,0.0
3232,0,6,  0d 00:53:45.72,  0d 00:19:06.04,2.2495,3.5560,D,07/25/2025 11:14:34 AM,0.0000,-0.0008,0.0,0.0
3233,0,6,  0d 00:53:46.72,  0d 00:19:07.04,2.2498,3.5558,D,07/25/2025 11:14:35 AM,0.0000,-0.0008,0.0,0.0
3234,0,6,  0d 00:53:47.72,  0d 00:19:08.04,2.2501,3.5557,D,07/25/2025 11:14:36 AM,0.0000,-0.0008,0.0,0.0
3235,0,6,  0d 00:53:48.72,  0d 00:19:09.04,2.2501,3.5551,D,07/25/2025 11:14:37 AM,0.0000,-0.0007,0.0,0.0
3236,0,6,  0d 00:53:49.72,  0d 00:19:10.04,2.2501,3.5551,D,07/25/2025 11:14:38 AM,0.0000,-0.0008,0.0,0.0
3237,0,6,  0d 00:53:50.72,  0d 00:19:11.04,2.2501,3.5548,D,07/25/2025 11:14:39 AM,0.0000,-0.0008,0.0,0.0
3238,0,6,  0d 00:53:51.72,  0d 00:19:12.04,2.2507,3.5547,D,07/25/2025 11:14:40 AM,0.0000,-0.0008,0.0,0.0
3239,0,6,  0d 00:53:52.72,  0d 00:19:13.04,2.2507,3.5545,D,07/25/2025 11:14:41 AM,0.0000,-0.0007,0.0,0.0
3240,0,6,  0d 00:53:53.72,  0d 00:19:14.04,2.2510,3.5544,D,07/25/2025 11:14:42 AM,0.0000,-0.0008,0.0,0.0
3241,0,6,  0d 00:53:54.72,  0d 00:19:15.04,2.2510,3.5543,D,07/25/2025 11:14:43 AM,0.0000,-0.0007,0.0,0.0
3242,0,6,  0d 00:53:55.72,  0d 00:19:16.04,2.2513,3.5540,D,07/25/2025 11:14:44 AM,0.0000,-0.0008,0.0,0.0
3243,0,6,  0d 00:53:56.72,  0d 00:19:17.04,2.2507,3.5538,D,07/25/2025 11:14:45 AM,0.0000,-0.0007,0.0,0.0
3244,0,6,  0d 00:53:57.72,  0d 00:19:18.04,2.2513,3.5535,D,07/25/2025 11:14:46 AM,0.0000,-0.0007,0.0,0.0
3245,0,6,  0d 00:53:58.72,  0d 00:19:19.04,2.2507,3.5534,D,07/25/2025 11:14:47 AM,0.0000,-0.0005,0.0,0.0
3246,0,6,  0d 00:53:59.72,  0d 00:19:20.04,2.2513,3.5533,D,07/25/2025 11:14:48 AM,0.0000,-0.0008,0.0,0.0
3247,0,6,  0d 00:54:00.72,  0d 00:19:21.04,2.2510,3.5530,D,07/25/2025 11:14:49 AM,0.0000,-0.0008,0.0,0.0
3248,0,6,  0d 00:54:01.72,  0d 00:19:22.04,2.2516,3.5529,D,07/25/2025 11:14:50 AM,0.0000,-0.0007,0.0,0.0
3249,0,6,  0d 00:54:02.72,  0d 00:19:23.04,2.2516,3.5528,D,07/25/2025 11:14:51 AM,0.0000,-0.0008,0.0,0.0
3250,0,6,  0d 00:54:03.72,  0d 00:19:24.04,2.2522,3.5525,D,07/25/2025 11:14:52 AM,0.0000,-0.0008,0.0,0.0
3251,0,6,  0d 00:54:04.72,  0d 00:19:25.04,2.2519,3.5524,D,07/25/2025 11:14:53 AM,0.0000,-0.0008,0.0,0.0
3252,0,6,  0d 00:54:05.72,  0d 00:19:26.04,2.2522,3.5521,D,07/25/2025 11:14:54 AM,0.0000,-0.0008,0.0,0.0
3253,0,6,  0d 00:54:06.72,  0d 00:19:27.04,2.2516,3.5520,D,07/25/2025 11:14:55 AM,0.0000,-0.0007,0.0,0.0
3254,0,6,  0d 00:54:07.72,  0d 00:19:28.04,2.2516,3.5516,D,07/25/2025 11:14:56 AM,0.0000,-0.0007,0.0,0.0
3255,0,6,  0d 00:54:08.72,  0d 00:19:29.04,2.2519,3.5515,D,07/25/2025 11:14:57 AM,0.0000,-0.0007,0.0,0.0
3256,0,6,  0d 00:54:09.72,  0d 00:19:30.04,2.2516,3.5513,D,07/25/2025 11:14:58 AM,0.0000,-0.0008,0.0,0.0
3257,0,6,  0d 00:54:10.72,  0d 00:19:31.04,2.2519,3.5512,D,07/25/2025 11:14:59 AM,0.0000,-0.0007,0.0,0.0
3258,0,6,  0d 00:54:11.72,  0d 00:19:32.04,2.2528,3.5510,D,07/25/2025 11:15:00 AM,0.0000,-0.0007,0.0,0.0
3259,0,6,  0d 00:54:12.72,  0d 00:19:33.04,2.2531,3.5509,D,07/25/2025 11:15:01 AM,0.0000,-0.0008,0.0,0.0
3260,0,6,  0d 00:54:13.72,  0d 00:19:34.04,2.2528,3.5506,D,07/25/2025 11:15:02 AM,0.0000,-0.0007,0.0,0.0
3261,0,6,  0d 00:54:14.72,  0d 00:19:35.04,2.2528,3.5505,D,07/25/2025 11:15:03 AM,0.0000,-0.0008,0.0,0.0
3262,0,6,  0d 00:54:15.72,  0d 00:19:36.04,2.2528,3.5503,D,07/25/2025 11:15:04 AM,0.0000,-0.0008,0.0,0.0
3263,0,6,  0d 00:54:16.72,  0d 00:19:37.04,2.2538,3.5500,D,07/25/2025 11:15:05 AM,0.0000,-0.0008,0.0,0.0
3264,0,6,  0d 00:54:17.72,  0d 00:19:38.04,2.2541,3.5499,D,07/25/2025 11:15:06 AM,0.0000,-0.0008,0.0,0.0
3265,0,6,  0d 00:54:18.72,  0d 00:19:39.04,2.2535,3.5496,D,07/25/2025 11:15:07 AM,0.0000,-0.0007,0.0,0.0
3266,0,6,  0d 00:54:19.72,  0d 00:19:40.04,2.2541,3.5495,D,07/25/2025 11:15:08 AM,0.0000,-0.0007,0.0,0.0
3267,0,6,  0d 00:54:20.72,  0d 00:19:41.04,2.2531,3.5493,D,07/25/2025 11:15:09 AM,0.0000,-0.0007,0.0,0.0
3268,0,6,  0d 00:54:21.72,  0d 00:19:42.04,2.2541,3.5490,D,07/25/2025 11:15:10 AM,0.0000,-0.0007,0.0,0.0
3269,0,6,  0d 00:54:22.72,  0d 00:19:43.04,2.2544,3.5489,D,07/25/2025 11:15:11 AM,0.0000,-0.0008,0.0,0.0
3270,0,6,  0d 00:54:23.72,  0d 00:19:44.04,2.2547,3.5486,D,07/25/2025 11:15:12 AM,0.0000,-0.0008,0.0,0.0
3271,0,6,  0d 00:54:24.72,  0d 00:19:45.04,2.2541,3.5485,D,07/25/2025 11:15:13 AM,0.0000,-0.0007,0.0,0.0
3272,0,6,  0d 00:54:25.72,  0d 00:19:46.04,2.2538,3.5484,D,07/25/2025 11:15:14 AM,0.0000,-0.0008,0.0,0.0
3273,0,6,  0d 00:54:26.72,  0d 00:19:47.04,2.2541,3.5483,D,07/25/2025 11:15:15 AM,0.0000,-0.0007,0.0,0.0
3274,0,6,  0d 00:54:27.72,  0d 00:19:48.04,2.2544,3.5479,D,07/25/2025 11:15:16 AM,0.0000,-0.0007,0.0,0.0
3275,0,6,  0d 00:54:28.72,  0d 00:19:49.04,2.2544,3.5476,D,07/25/2025 11:15:17 AM,0.0000,-0.0007,0.0,0.0
3276,0,6,  0d 00:54:29.72,  0d 00:19:50.04,2.2550,3.5476,D,07/25/2025 11:15:18 AM,0.0000,-0.0007,0.0,0.0
3277,0,6,  0d 00:54:30.72,  0d 00:19:51.04,2.2544,3.5474,D,07/25/2025 11:15:19 AM,0.0000,-0.0008,0.0,0.0
3278,0,6,  0d 00:54:31.72,  0d 00:19:52.04,2.2550,3.5470,D,07/25/2025 11:15:20 AM,0.0000,-0.0008,0.0,0.0
3279,0,6,  0d 00:54:32.72,  0d 00:19:53.04,2.2553,3.5470,D,07/25/2025 11:15:21 AM,0.0000,-0.0008,0.0,0.0
3280,0,6,  0d 00:54:33.72,  0d 00:19:54.04,2.2553,3.5468,D,07/25/2025 11:15:22 AM,0.0000,-0.0008,0.0,0.0
3281,0,6,  0d 00:54:34.72,  0d 00:19:55.04,2.2553,3.5468,D,07/25/2025 11:15:24 AM,0.0000,-0.0007,0.0,0.0
3282,0,6,  0d 00:54:35.72,  0d 00:19:56.04,2.2553,3.5465,D,07/25/2025 11:15:24 AM,0.0000,-0.0007,0.0,0.0
3283,0,6,  0d 00:54:36.72,  0d 00:19:57.04,2.2556,3.5463,D,07/25/2025 11:15:25 AM,0.0000,-0.0007,0.0,0.0
3284,0,6,  0d 00:54:37.72,  0d 00:19:58.04,2.2556,3.5461,D,07/25/2025 11:15:26 AM,0.0000,-0.0007,0.0,0.0
3285,0,6,  0d 00:54:38.72,  0d 00:19:59.04,2.2565,3.5460,D,07/25/2025 11:15:27 AM,0.0000,-0.0007,0.0,0.0
3286,0,6,  0d 00:54:39.68,  0d 00:20:00.00,2.2559,3.5458,D,07/25/2025 11:15:28 AM,0.0000,-0.0007,0.0,0.0
3287,0,7,  0d 00:54:39.69,  0d 00:00:00.01,0.0000,3.5863,R,07/25/2025 11:15:28 AM,0.0000,-0.0007,0.0,0.0
3288,0,7,  0d 00:54:40.69,  0d 00:00:01.01,0.0000,3.5903,R,07/25/2025 11:15:29 AM,0.0000,-0.0008,0.0,0.0
3289,0,7,  0d 00:54:41.69,  0d 00:00:02.01,0.0000,3.5924,R,07/25/2025 11:15:30 AM,0.0000,-0.0007,0.0,0.0
3290,0,7,  0d 00:54:42.69,  0d 00:00:03.01,0.0000,3.5940,R,07/25/2025 11:15:31 AM,0.0000,-0.0008,0.0,0.0
3291,0,7,  0d 00:54:43.69,  0d 00:00:04.01,0.0000,3.5954,R,07/25/2025 11:15:32 AM,0.0000,-0.0007,0.0,0.0
3292,0,7,  0d 00:54:44.69,  0d 00:00:05.01,0.0000,3.5966,R,07/25/2025 11:15:33 AM,0.0000,-0.0008,0.0,0.0
3293,0,7,  0d 00:54:45.69,  0d 00:00:06.01,0.0000,3.5978,R,07/25/2025 11:15:34 AM,0.0000,-0.0008,0.0,0.0
3294,0,7,  0d 00:54:46.69,  0d 00:00:07.01,0.0000,3.5988,R,07/25/2025 11:15:35 AM,0.0000,-0.0007,0.0,0.0
3295,0,7,  0d 00:54:47.69,  0d 00:00:08.01,0.0000,3.5998,R,07/25/2025 11:15:36 AM,0.0000,-0.0007,0.0,0.0
3296,0,7,  0d 00:54:48.69,  0d 00:00:09.01,0.0000,3.6007,R,07/25/2025 11:15:37 AM,0.0000,-0.0007,0.0,0.0
3297,0,7,  0d 00:54:49.69,  0d 00:00:10.01,0.0000,3.6016,R,07/25/2025 11:15:38 AM,0.0000,-0.0007,0.0,0.0
3298,0,7,  0d 00:54:50.69,  0d 00:00:11.01,0.0000,3.6024,R,07/25/2025 11:15:39 AM,0.0000,-0.0007,0.0,0.0
3299,0,7,  0d 00:54:51.69,  0d 00:00:12.01,0.0000,3.6032,R,07/25/2025 11:15:40 AM,0.0000,-0.0008,0.0,0.0
3300,0,7,  0d 00:54:52.69,  0d 00:00:13.01,0.0000,3.6039,R,07/25/2025 11:15:41 AM,0.0000,-0.0007,0.0,0.0
3301,0,7,  0d 00:54:53.69,  0d 00:00:14.01,0.0000,3.6046,R,07/25/2025 11:15:42 AM,0.0000,-0.0008,0.0,0.0
3302,0,7,  0d 00:54:54.69,  0d 00:00:15.01,0.0000,3.6052,R,07/25/2025 11:15:43 AM,0.0000,-0.0008,0.0,0.0
3303,0,7,  0d 00:54:55.69,  0d 00:00:16.01,0.0000,3.6059,R,07/25/2025 11:15:44 AM,0.0000,-0.0007,0.0,0.0
3304,0,7,  0d 00:54:56.69,  0d 00:00:17.01,0.0000,3.6066,R,07/25/2025 11:15:45 AM,0.0000,-0.0008,0.0,0.0
3305,0,7,  0d 00:54:57.69,  0d 00:00:18.01,0.0000,3.6071,R,07/25/2025 11:15:46 AM,0.0000,-0.0007,0.0,0.0
3306,0,7,  0d 00:54:58.69,  0d 00:00:19.01,0.0000,3.6078,R,07/25/2025 11:15:47 AM,0.0000,-0.0008,0.0,0.0
3307,0,7,  0d 00:54:59.69,  0d 00:00:20.01,0.0000,3.6083,R,07/25/2025 11:15:48 AM,0.0000,-0.0007,0.0,0.0
3308,0,7,  0d 00:55:00.69,  0d 00:00:21.01,0.0000,3.6088,R,07/25/2025 11:15:49 AM,0.0000,-0.0005,0.0,0.0
3309,0,7,  0d 00:55:01.69,  0d 00:00:22.01,0.0000,3.6094,R,07/25/2025 11:15:50 AM,0.0000,-0.0007,0.0,0.0
3310,0,7,  0d 00:55:02.69,  0d 00:00:23.01,0.0000,3.6098,R,07/25/2025 11:15:51 AM,0.0000,-0.0007,0.0,0.0
3311,0,7,  0d 00:55:03.69,  0d 00:00:24.01,0.0000,3.6102,R,07/25/2025 11:15:52 AM,0.0000,-0.0007,0.0,0.0
3312,0,7,  0d 00:55:04.69,  0d 00:00:25.01,0.0000,3.6108,R,07/25/2025 11:15:53 AM,0.0000,-0.0008,0.0,0.0
3313,0,7,  0d 00:55:05.69,  0d 00:00:26.01,0.0000,3.6111,R,07/25/2025 11:15:54 AM,0.0000,-0.0008,0.0,0.0
3314,0,7,  0d 00:55:06.69,  0d 00:00:27.01,0.0000,3.6117,R,07/25/2025 11:15:55 AM,0.0000,-0.0007,0.0,0.0
3315,0,7,  0d 00:55:07.69,  0d 00:00:28.01,0.0000,3.6121,R,07/25/2025 11:15:56 AM,0.0000,-0.0007,0.0,0.0
3316,0,7,  0d 00:55:08.69,  0d 00:00:29.01,0.0000,3.6124,R,07/25/2025 11:15:57 AM,0.0000,-0.0008,0.0,0.0
3317,0,7,  0d 00:55:09.69,  0d 00:00:30.01,0.0000,3.6130,R,07/25/2025 11:15:58 AM,0.0000,-0.0008,0.0,0.0
3318,0,7,  0d 00:55:10.69,  0d 00:00:31.01,0.0000,3.6131,R,07/25/2025 11:15:59 AM,0.0000,-0.0007,0.0,0.0
3319,0,7,  0d 00:55:11.69,  0d 00:00:32.01,0.0000,3.6136,R,07/25/2025 11:16:00 AM,0.0000,-0.0008,0.0,0.0
3320,0,7,  0d 00:55:12.69,  0d 00:00:33.01,0.0000,3.6140,R,07/25/2025 11:16:01 AM,0.0000,-0.0007,0.0,0.0
3321,0,7,  0d 00:55:13.69,  0d 00:00:34.01,0.0000,3.6143,R,07/25/2025 11:16:02 AM,0.0000,-0.0007,0.0,0.0
3322,0,7,  0d 00:55:14.69,  0d 00:00:35.01,0.0000,3.6146,R,07/25/2025 11:16:03 AM,0.0000,-0.0007,0.0,0.0
3323,0,7,  0d 00:55:15.69,  0d 00:00:36.01,0.0000,3.6151,R,07/25/2025 11:16:04 AM,0.0000,-0.0008,0.0,0.0
3324,0,7,  0d 00:55:16.69,  0d 00:00:37.01,0.0000,3.6153,R,07/25/2025 11:16:05 AM,0.0000,-0.0007,0.0,0.0
3325,0,7,  0d 00:55:17.69,  0d 00:00:38.01,0.0000,3.6155,R,07/25/2025 11:16:06 AM,0.0000,-0.0008,0.0,0.0
3326,0,7,  0d 00:55:18.69,  0d 00:00:39.01,0.0000,3.6159,R,07/25/2025 11:16:07 AM,0.0000,-0.0007,0.0,0.0
3327,0,7,  0d 00:55:19.69,  0d 00:00:40.01,0.0000,3.6162,R,07/25/2025 11:16:08 AM,0.0000,-0.0007,0.0,0.0
3328,0,7,  0d 00:55:20.69,  0d 00:00:41.01,0.0000,3.6165,R,07/25/2025 11:16:09 AM,0.0000,-0.0008,0.0,0.0
3329,0,7,  0d 00:55:21.69,  0d 00:00:42.01,0.0000,3.6169,R,07/25/2025 11:16:10 AM,0.0000,-0.0007,0.0,0.0
3330,0,7,  0d 00:55:22.69,  0d 00:00:43.01,0.0000,3.6170,R,07/25/2025 11:16:11 AM,0.0000,-0.0007,0.0,0.0
3331,0,7,  0d 00:55:23.69,  0d 00:00:44.01,0.0000,3.6174,R,07/25/2025 11:16:12 AM,0.0000,-0.0008,0.0,0.0
3332,0,7,  0d 00:55:24.69,  0d 00:00:45.01,0.0000,3.6177,R,07/25/2025 11:16:13 AM,0.0000,-0.0008,0.0,0.0
3333,0,7,  0d 00:55:25.69,  0d 00:00:46.01,0.0000,3.6179,R,07/25/2025 11:16:14 AM,0.0000,-0.0007,0.0,0.0
3334,0,7,  0d 00:55:26.69,  0d 00:00:47.01,0.0000,3.6181,R,07/25/2025 11:16:14 AM,0.0000,-0.0007,0.0,0.0
3335,0,7,  0d 00:55:27.69,  0d 00:00:48.01,0.0000,3.6182,R,07/25/2025 11:16:16 AM,0.0000,-0.0010,0.0,0.0
3336,0,7,  0d 00:55:28.69,  0d 00:00:49.01,0.0000,3.6186,R,07/25/2025 11:16:17 AM,0.0000,-0.0007,0.0,0.0
3337,0,7,  0d 00:55:29.69,  0d 00:00:50.01,0.0000,3.6188,R,07/25/2025 11:16:18 AM,0.0000,-0.0008,0.0,0.0
3338,0,7,  0d 00:55:30.69,  0d 00:00:51.01,0.0000,3.6191,R,07/25/2025 11:16:19 AM,0.0000,-0.0005,0.0,0.0
3339,0,7,  0d 00:55:31.69,  0d 00:00:52.01,0.0000,3.6194,R,07/25/2025 11:16:20 AM,0.0000,-0.0005,0.0,0.0
3340,0,7,  0d 00:55:32.69,  0d 00:00:53.01,0.0000,3.6195,R,07/25/2025 11:16:21 AM,0.0000,-0.0008,0.0,0.0
3341,0,7,  0d 00:55:33.69,  0d 00:00:54.01,0.0000,3.6198,R,07/25/2025 11:16:22 AM,0.0000,-0.0008,0.0,0.0
3342,0,7,  0d 00:55:34.69,  0d 00:00:55.01,0.0000,3.6201,R,07/25/2025 11:16:22 AM,0.0000,-0.0007,0.0,0.0
3343,0,7,  0d 00:55:35.69,  0d 00:00:56.01,0.0000,3.6201,R,07/25/2025 11:16:24 AM,0.0000,-0.0008,0.0,0.0
3344,0,7,  0d 00:55:36.69,  0d 00:00:57.01,0.0000,3.6205,R,07/25/2025 11:16:25 AM,0.0000,-0.0007,0.0,0.0
3345,0,7,  0d 00:55:37.69,  0d 00:00:58.01,0.0000,3.6206,R,07/25/2025 11:16:26 AM,0.0000,-0.0007,0.0,0.0
3346,0,7,  0d 00:55:38.69,  0d 00:00:59.01,0.0000,3.6209,R,07/25/2025 11:16:27 AM,0.0000,-0.0007,0.0,0.0
3347,0,7,  0d 00:55:39.69,  0d 00:01:00.01,0.0000,3.6210,R,07/25/2025 11:16:28 AM,0.0000,-0.0008,0.0,0.0
3348,0,7,  0d 00:55:40.69,  0d 00:01:01.01,0.0000,3.6212,R,07/25/2025 11:16:29 AM,0.0000,-0.0008,0.0,0.0
3349,0,7,  0d 00:55:41.69,  0d 00:01:02.01,0.0000,3.6214,R,07/25/2025 11:16:30 AM,0.0000,-0.0007,0.0,0.0
3350,0,7,  0d 00:55:42.69,  0d 00:01:03.01,0.0000,3.6217,R,07/25/2025 11:16:31 AM,0.0000,-0.0010,0.0,0.0
3351,0,7,  0d 00:55:43.69,  0d 00:01:04.01,0.0000,3.6218,R,07/25/2025 11:16:32 AM,0.0000,-0.0008,0.0,0.0
3352,0,7,  0d 00:55:44.69,  0d 00:01:05.01,0.0000,3.6220,R,07/25/2025 11:16:33 AM,0.0000,-0.0007,0.0,0.0
3353,0,7,  0d 00:55:45.69,  0d 00:01:06.01,0.0000,3.6220,R,07/25/2025 11:16:35 AM,0.0000,-0.0007,0.0,0.0
3354,0,7,  0d 00:55:46.69,  0d 00:01:07.01,0.0000,3.6222,R,07/25/2025 11:16:35 AM,0.0000,-0.0007,0.0,0.0
3355,0,7,  0d 00:55:47.69,  0d 00:01:08.01,0.0000,3.6223,R,07/25/2025 11:16:36 AM,0.0000,-0.0007,0.0,0.0
3356,0,7,  0d 00:55:48.69,  0d 00:01:09.01,0.0000,3.6226,R,07/25/2025 11:16:37 AM,0.0000,-0.0008,0.0,0.0
3357,0,7,  0d 00:55:49.69,  0d 00:01:10.01,0.0000,3.6227,R,07/25/2025 11:16:38 AM,0.0000,-0.0007,0.0,0.0
3358,0,7,  0d 00:55:50.69,  0d 00:01:11.01,0.0000,3.6230,R,07/25/2025 11:16:39 AM,0.0000,-0.0007,0.0,0.0
3359,0,7,  0d 00:55:51.69,  0d 00:01:12.01,0.0000,3.6231,R,07/25/2025 11:16:40 AM,0.0000,-0.0007,0.0,0.0
3360,0,7,  0d 00:55:52.69,  0d 00:01:13.01,0.0000,3.6233,R,07/25/2025 11:16:41 AM,0.0000,-0.0008,0.0,0.0
3361,0,7,  0d 00:55:53.69,  0d 00:01:14.01,0.0000,3.6234,R,07/25/2025 11:16:42 AM,0.0000,-0.0007,0.0,0.0
3362,0,7,  0d 00:55:54.69,  0d 00:01:15.01,0.0000,3.6236,R,07/25/2025 11:16:43 AM,0.0000,-0.0007,0.0,0.0
3363,0,7,  0d 00:55:55.69,  0d 00:01:16.01,0.0000,3.6238,R,07/25/2025 11:16:44 AM,0.0000,-0.0007,0.0,0.0
3364,0,7,  0d 00:55:56.69,  0d 00:01:17.01,0.0000,3.6239,R,07/25/2025 11:16:45 AM,0.0000,-0.0007,0.0,0.0
3365,0,7,  0d 00:55:57.69,  0d 00:01:18.01,0.0000,3.6241,R,07/25/2025 11:16:46 AM,0.0000,-0.0007,0.0,0.0
3366,0,7,  0d 00:55:58.69,  0d 00:01:19.01,0.0000,3.6242,R,07/25/2025 11:16:46 AM,0.0000,-0.0007,0.0,0.0
3367,0,7,  0d 00:55:59.69,  0d 00:01:20.01,0.0000,3.6244,R,07/25/2025 11:16:48 AM,0.0000,-0.0005,0.0,0.0
3368,0,7,  0d 00:56:00.69,  0d 00:01:21.01,0.0000,3.6245,R,07/25/2025 11:16:49 AM,0.0000,-0.0007,0.0,0.0
3369,0,7,  0d 00:56:01.69,  0d 00:01:22.01,0.0000,3.6246,R,07/25/2025 11:16:50 AM,0.0000,-0.0008,0.0,0.0
3370,0,7,  0d 00:56:02.69,  0d 00:01:23.01,0.0000,3.6247,R,07/25/2025 11:16:51 AM,0.0000,-0.0008,0.0,0.0
3371,0,7,  0d 00:56:03.69,  0d 00:01:24.01,0.0000,3.6249,R,07/25/2025 11:16:52 AM,0.0000,-0.0008,0.0,0.0
3372,0,7,  0d 00:56:04.69,  0d 00:01:25.01,0.0000,3.6250,R,07/25/2025 11:16:53 AM,0.0000,-0.0008,0.0,0.0
3373,0,7,  0d 00:56:05.69,  0d 00:01:26.01,0.0000,3.6250,R,07/25/2025 11:16:54 AM,0.0000,-0.0008,0.0,0.0
3374,0,7,  0d 00:56:06.69,  0d 00:01:27.01,0.0000,3.6254,R,07/25/2025 11:16:55 AM,0.0000,-0.0007,0.0,0.0
3375,0,7,  0d 00:56:07.69,  0d 00:01:28.01,0.0000,3.6254,R,07/25/2025 11:16:56 AM,0.0000,-0.0008,0.0,0.0
3376,0,7,  0d 00:56:08.69,  0d 00:01:29.01,0.0000,3.6255,R,07/25/2025 11:16:57 AM,0.0000,-0.0008,0.0,0.0
3377,0,7,  0d 00:56:09.69,  0d 00:01:30.01,0.0000,3.6256,R,07/25/2025 11:16:58 AM,0.0000,-0.0007,0.0,0.0
3378,0,7,  0d 00:56:10.69,  0d 00:01:31.01,0.0000,3.6258,R,07/25/2025 11:16:59 AM,0.0000,-0.0007,0.0,0.0
3379,0,7,  0d 00:56:11.69,  0d 00:01:32.01,0.0000,3.6259,R,07/25/2025 11:17:00 AM,0.0000,-0.0008,0.0,0.0
3380,0,7,  0d 00:56:12.69,  0d 00:01:33.01,0.0000,3.6259,R,07/25/2025 11:17:01 AM,0.0000,-0.0008,0.0,0.0
3381,0,7,  0d 00:56:13.69,  0d 00:01:34.01,0.0000,3.6261,R,07/25/2025 11:17:02 AM,0.0000,-0.0007,0.0,0.0
3382,0,7,  0d 00:56:14.69,  0d 00:01:35.01,0.0000,3.6262,R,07/25/2025 11:17:03 AM,0.0000,-0.0005,0.0,0.0
3383,0,7,  0d 00:56:15.69,  0d 00:01:36.01,0.0000,3.6263,R,07/25/2025 11:17:04 AM,0.0000,-0.0007,0.0,0.0
3384,0,7,  0d 00:56:16.69,  0d 00:01:37.01,0.0000,3.6263,R,07/25/2025 11:17:05 AM,0.0000,-0.0007,0.0,0.0
3385,0,7,  0d 00:56:17.69,  0d 00:01:38.01,0.0000,3.6266,R,07/25/2025 11:17:06 AM,0.0000,-0.0008,0.0,0.0
3386,0,7,  0d 00:56:18.69,  0d 00:01:39.01,0.0000,3.6267,R,07/25/2025 11:17:07 AM,0.0000,-0.0007,0.0,0.0
3387,0,7,  0d 00:56:19.69,  0d 00:01:40.01,0.0000,3.6268,R,07/25/2025 11:17:08 AM,0.0000,-0.0007,0.0,0.0
3388,0,7,  0d 00:56:20.69,  0d 00:01:41.01,0.0000,3.6269,R,07/25/2025 11:17:09 AM,0.0000,-0.0007,0.0,0.0
3389,0,7,  0d 00:56:21.69,  0d 00:01:42.01,0.0000,3.6271,R,07/25/2025 11:17:10 AM,0.0000,-0.0008,0.0,0.0
3390,0,7,  0d 00:56:22.69,  0d 00:01:43.01,0.0000,3.6272,R,07/25/2025 11:17:11 AM,0.0000,-0.0007,0.0,0.0
3391,0,7,  0d 00:56:23.69,  0d 00:01:44.01,0.0000,3.6272,R,07/25/2025 11:17:12 AM,0.0000,-0.0008,0.0,0.0
3392,0,7,  0d 00:56:24.69,  0d 00:01:45.01,0.0000,3.6274,R,07/25/2025 11:17:13 AM,0.0000,-0.0008,0.0,0.0
3393,0,7,  0d 00:56:25.69,  0d 00:01:46.01,0.0000,3.6274,R,07/25/2025 11:17:14 AM,0.0000,-0.0008,0.0,0.0
3394,0,7,  0d 00:56:26.69,  0d 00:01:47.01,0.0000,3.6275,R,07/25/2025 11:17:15 AM,0.0000,-0.0008,0.0,0.0
3395,0,7,  0d 00:56:27.69,  0d 00:01:48.01,0.0000,3.6277,R,07/25/2025 11:17:16 AM,0.0000,-0.0008,0.0,0.0
3396,0,7,  0d 00:56:28.69,  0d 00:01:49.01,0.0000,3.6277,R,07/25/2025 11:17:17 AM,0.0000,-0.0007,0.0,0.0
3397,0,7,  0d 00:56:29.69,  0d 00:01:50.01,0.0000,3.6278,R,07/25/2025 11:17:18 AM,0.0000,-0.0008,0.0,0.0
3398,0,7,  0d 00:56:30.69,  0d 00:01:51.01,0.0000,3.6278,R,07/25/2025 11:17:19 AM,0.0000,-0.0010,0.0,0.0
3399,0,7,  0d 00:56:31.69,  0d 00:01:52.01,0.0000,3.6279,R,07/25/2025 11:17:20 AM,0.0000,-0.0007,0.0,0.0
3400,0,7,  0d 00:56:32.69,  0d 00:01:53.01,0.0000,3.6281,R,07/25/2025 11:17:21 AM,0.0000,-0.0005,0.0,0.0
3401,0,7,  0d 00:56:33.69,  0d 00:01:54.01,0.0000,3.6281,R,07/25/2025 11:17:22 AM,0.0000,-0.0008,0.0,0.0
3402,0,7,  0d 00:56:34.69,  0d 00:01:55.01,0.0000,3.6282,R,07/25/2025 11:17:23 AM,0.0000,-0.0010,0.0,0.0
3403,0,7,  0d 00:56:35.69,  0d 00:01:56.01,0.0000,3.6283,R,07/25/2025 11:17:24 AM,0.0000,-0.0007,0.0,0.0
3404,0,7,  0d 00:56:36.69,  0d 00:01:57.01,0.0000,3.6284,R,07/25/2025 11:17:25 AM,0.0000,-0.0008,0.0,0.0
3405,0,7,  0d 00:56:37.69,  0d 00:01:58.01,0.0000,3.6285,R,07/25/2025 11:17:26 AM,0.0000,-0.0007,0.0,0.0
3406,0,7,  0d 00:56:38.69,  0d 00:01:59.01,0.0000,3.6286,R,07/25/2025 11:17:27 AM,0.0000,-0.0008,0.0,0.0
3407,0,7,  0d 00:56:39.69,  0d 00:02:00.01,0.0000,3.6287,R,07/25/2025 11:17:28 AM,0.0000,-0.0008,0.0,0.0
3408,0,7,  0d 00:56:40.69,  0d 00:02:01.01,0.0000,3.6287,R,07/25/2025 11:17:29 AM,0.0000,-0.0008,0.0,0.0
3409,0,7,  0d 00:56:41.69,  0d 00:02:02.01,0.0000,3.6288,R,07/25/2025 11:17:30 AM,0.0000,-0.0008,0.0,0.0
3410,0,7,  0d 00:56:42.69,  0d 00:02:03.01,0.0000,3.6288,R,07/25/2025 11:17:31 AM,0.0000,-0.0010,0.0,0.0
3411,0,7,  0d 00:56:43.69,  0d 00:02:04.01,0.0000,3.6291,R,07/25/2025 11:17:32 AM,0.0000,-0.0008,0.0,0.0
3412,0,7,  0d 00:56:44.69,  0d 00:02:05.01,0.0000,3.6291,R,07/25/2025 11:17:33 AM,0.0000,-0.0007,0.0,0.0
3413,0,7,  0d 00:56:45.69,  0d 00:02:06.01,0.0000,3.6290,R,07/25/2025 11:17:34 AM,0.0000,-0.0007,0.0,0.0
3414,0,7,  0d 00:56:46.69,  0d 00:02:07.01,0.0000,3.6292,R,07/25/2025 11:17:35 AM,0.0000,-0.0008,0.0,0.0
3415,0,7,  0d 00:56:47.69,  0d 00:02:08.01,0.0000,3.6291,R,07/25/2025 11:17:36 AM,0.0000,-0.0008,0.0,0.0
3416,0,7,  0d 00:56:48.69,  0d 00:02:09.01,0.0000,3.6291,R,07/25/2025 11:17:37 AM,0.0000,-0.0007,0.0,0.0
3417,0,7,  0d 00:56:49.69,  0d 00:02:10.01,0.0000,3.6294,R,07/25/2025 11:17:38 AM,0.0000,-0.0007,0.0,0.0
3418,0,7,  0d 00:56:50.69,  0d 00:02:11.01,0.0000,3.6293,R,07/25/2025 11:17:39 AM,0.0000,-0.0007,0.0,0.0
3419,0,7,  0d 00:56:51.69,  0d 00:02:12.01,0.0000,3.6294,R,07/25/2025 11:17:40 AM,0.0000,-0.0008,0.0,0.0
3420,0,7,  0d 00:56:52.69,  0d 00:02:13.01,0.0000,3.6296,R,07/25/2025 11:17:41 AM,0.0000,-0.0007,0.0,0.0
3421,0,7,  0d 00:56:53.69,  0d 00:02:14.01,0.0000,3.6296,R,07/25/2025 11:17:42 AM,0.0000,-0.0008,0.0,0.0
3422,0,7,  0d 00:56:54.69,  0d 00:02:15.01,0.0000,3.6297,R,07/25/2025 11:17:43 AM,0.0000,-0.0007,0.0,0.0
3423,0,7,  0d 00:56:55.69,  0d 00:02:16.01,0.0000,3.6297,R,07/25/2025 11:17:44 AM,0.0000,-0.0007,0.0,0.0
3424,0,7,  0d 00:56:56.69,  0d 00:02:17.01,0.0000,3.6298,R,07/25/2025 11:17:46 AM,0.0000,-0.0008,0.0,0.0
3425,0,7,  0d 00:56:57.69,  0d 00:02:18.01,0.0000,3.6299,R,07/25/2025 11:17:46 AM,0.0000,-0.0008,0.0,0.0
3426,0,7,  0d 00:56:58.69,  0d 00:02:19.01,0.0000,3.6300,R,07/25/2025 11:17:47 AM,0.0000,-0.0008,0.0,0.0
3427,0,7,  0d 00:56:59.69,  0d 00:02:20.01,0.0000,3.6300,R,07/25/2025 11:17:48 AM,0.0000,-0.0008,0.0,0.0
3428,0,7,  0d 00:57:00.69,  0d 00:02:21.01,0.0000,3.6300,R,07/25/2025 11:17:49 AM,0.0000,-0.0007,0.0,0.0
3429,0,7,  0d 00:57:01.69,  0d 00:02:22.01,0.0000,3.6300,R,07/25/2025 11:17:50 AM,0.0000,-0.0007,0.0,0.0
3430,0,7,  0d 00:57:02.69,  0d 00:02:23.01,0.0000,3.6302,R,07/25/2025 11:17:51 AM,0.0000,-0.0007,0.0,0.0
3431,0,7,  0d 00:57:03.69,  0d 00:02:24.01,0.0000,3.6303,R,07/25/2025 11:17:52 AM,0.0000,-0.0008,0.0,0.0
3432,0,7,  0d 00:57:04.69,  0d 00:02:25.01,0.0000,3.6303,R,07/25/2025 11:17:53 AM,0.0000,-0.0008,0.0,0.0
3433,0,7,  0d 00:57:05.69,  0d 00:02:26.01,0.0000,3.6304,R,07/25/2025 11:17:54 AM,0.0000,-0.0007,0.0,0.0
3434,0,7,  0d 00:57:06.69,  0d 00:02:27.01,0.0000,3.6304,R,07/25/2025 11:17:55 AM,0.0000,-0.0007,0.0,0.0
3435,0,7,  0d 00:57:07.69,  0d 00:02:28.01,0.0000,3.6306,R,07/25/2025 11:17:56 AM,0.0000,-0.0007,0.0,0.0
3436,0,7,  0d 00:57:08.69,  0d 00:02:29.01,0.0000,3.6306,R,07/25/2025 11:17:57 AM,0.0000,-0.0005,0.0,0.0
3437,0,7,  0d 00:57:09.69,  0d 00:02:30.01,0.0000,3.6307,R,07/25/2025 11:17:58 AM,0.0000,-0.0007,0.0,0.0
3438,0,7,  0d 00:57:10.69,  0d 00:02:31.01,0.0000,3.6307,R,07/25/2025 11:17:59 AM,0.0000,-0.0007,0.0,0.0
3439,0,7,  0d 00:57:11.69,  0d 00:02:32.01,0.0000,3.6308,R,07/25/2025 11:18:00 AM,0.0000,-0.0008,0.0,0.0
3440,0,7,  0d 00:57:12.69,  0d 00:02:33.01,0.0000,3.6307,R,07/25/2025 11:18:01 AM,0.0000,-0.0008,0.0,0.0
3441,0,7,  0d 00:57:13.69,  0d 00:02:34.01,0.0000,3.6309,R,07/25/2025 11:18:02 AM,0.0000,-0.0008,0.0,0.0
3442,0,7,  0d 00:57:14.69,  0d 00:02:35.01,0.0000,3.6310,R,07/25/2025 11:18:03 AM,0.0000,-0.0008,0.0,0.0
3443,0,7,  0d 00:57:15.69,  0d 00:02:36.01,0.0000,3.6310,R,07/25/2025 11:18:04 AM,0.0000,-0.0008,0.0,0.0
3444,0,7,  0d 00:57:16.69,  0d 00:02:37.01,0.0000,3.6310,R,07/25/2025 11:18:05 AM,0.0000,-0.0007,0.0,0.0
3445,0,7,  0d 00:57:17.69,  0d 00:02:38.01,0.0000,3.6310,R,07/25/2025 11:18:06 AM,0.0000,-0.0008,0.0,0.0
3446,0,7,  0d 00:57:18.69,  0d 00:02:39.01,0.0000,3.6312,R,07/25/2025 11:18:07 AM,0.0000,-0.0007,0.0,0.0
3447,0,7,  0d 00:57:19.69,  0d 00:02:40.01,0.0000,3.6312,R,07/25/2025 11:18:08 AM,0.0000,-0.0008,0.0,0.0
3448,0,7,  0d 00:57:20.69,  0d 00:02:41.01,0.0000,3.6311,R,07/25/2025 11:18:09 AM,0.0000,-0.0007,0.0,0.0
3449,0,7,  0d 00:57:21.69,  0d 00:02:42.01,0.0000,3.6313,R,07/25/2025 11:18:10 AM,0.0000,-0.0008,0.0,0.0
3450,0,7,  0d 00:57:22.69,  0d 00:02:43.01,0.0000,3.6312,R,07/25/2025 11:18:11 AM,0.0000,-0.0008,0.0,0.0
3451,0,7,  0d 00:57:23.69,  0d 00:02:44.01,0.0000,3.6313,R,07/25/2025 11:18:12 AM,0.0000,-0.0008,0.0,0.0
3452,0,7,  0d 00:57:24.69,  0d 00:02:45.01,0.0000,3.6314,R,07/25/2025 11:18:13 AM,0.0000,-0.0008,0.0,0.0
3453,0,7,  0d 00:57:25.69,  0d 00:02:46.01,0.0000,3.6314,R,07/25/2025 11:18:14 AM,0.0000,-0.0007,0.0,0.0
3454,0,7,  0d 00:57:26.69,  0d 00:02:47.01,0.0000,3.6316,R,07/25/2025 11:18:15 AM,0.0000,-0.0005,0.0,0.0
3455,0,7,  0d 00:57:27.69,  0d 00:02:48.01,0.0000,3.6315,R,07/25/2025 11:18:16 AM,0.0000,-0.0010,0.0,0.0
3456,0,7,  0d 00:57:28.69,  0d 00:02:49.01,0.0000,3.6316,R,07/25/2025 11:18:17 AM,0.0000,-0.0007,0.0,0.0
3457,0,7,  0d 00:57:29.69,  0d 00:02:50.01,0.0000,3.6315,R,07/25/2025 11:18:18 AM,0.0000,-0.0007,0.0,0.0
3458,0,7,  0d 00:57:30.69,  0d 00:02:51.01,0.0000,3.6316,R,07/25/2025 11:18:19 AM,0.0000,-0.0010,0.0,0.0
3459,0,7,  0d 00:57:31.69,  0d 00:02:52.01,0.0000,3.6316,R,07/25/2025 11:18:20 AM,0.0000,-0.0007,0.0,0.0
3460,0,7,  0d 00:57:32.69,  0d 00:02:53.01,0.0000,3.6317,R,07/25/2025 11:18:21 AM,0.0000,-0.0008,0.0,0.0
3461,0,7,  0d 00:57:33.69,  0d 00:02:54.01,0.0000,3.6318,R,07/25/2025 11:18:22 AM,0.0000,-0.0008,0.0,0.0
3462,0,7,  0d 00:57:34.69,  0d 00:02:55.01,0.0000,3.6318,R,07/25/2025 11:18:23 AM,0.0000,-0.0007,0.0,0.0
3463,0,7,  0d 00:57:35.69,  0d 00:02:56.01,0.0000,3.6319,R,07/25/2025 11:18:24 AM,0.0000,-0.0007,0.0,0.0
3464,0,7,  0d 00:57:36.69,  0d 00:02:57.01,0.0000,3.6319,R,07/25/2025 11:18:25 AM,0.0000,-0.0005,0.0,0.0
3465,0,7,  0d 00:57:37.69,  0d 00:02:58.01,0.0000,3.6320,R,07/25/2025 11:18:26 AM,0.0000,-0.0008,0.0,0.0
3466,0,7,  0d 00:57:38.69,  0d 00:02:59.01,0.0000,3.6319,R,07/25/2025 11:18:27 AM,0.0000,-0.0007,0.0,0.0
3467,0,7,  0d 00:57:39.69,  0d 00:03:00.01,0.0000,3.6320,R,07/25/2025 11:18:28 AM,0.0000,-0.0008,0.0,0.0
3468,0,7,  0d 00:57:40.69,  0d 00:03:01.01,0.0000,3.6320,R,07/25/2025 11:18:29 AM,0.0000,-0.0007,0.0,0.0
3469,0,7,  0d 00:57:41.69,  0d 00:03:02.01,0.0000,3.6320,R,07/25/2025 11:18:30 AM,0.0000,-0.0007,0.0,0.0
3470,0,7,  0d 00:57:42.69,  0d 00:03:03.01,0.0000,3.6320,R,07/25/2025 11:18:31 AM,0.0000,-0.0007,0.0,0.0
3471,0,7,  0d 00:57:43.69,  0d 00:03:04.01,0.0000,3.6321,R,07/25/2025 11:18:32 AM,0.0000,-0.0008,0.0,0.0
3472,0,7,  0d 00:57:44.69,  0d 00:03:05.01,0.0000,3.6323,R,07/25/2025 11:18:33 AM,0.0000,-0.0008,0.0,0.0
3473,0,7,  0d 00:57:45.69,  0d 00:03:06.01,0.0000,3.6323,R,07/25/2025 11:18:34 AM,0.0000,-0.0008,0.0,0.0
3474,0,7,  0d 00:57:46.69,  0d 00:03:07.01,0.0000,3.6322,R,07/25/2025 11:18:35 AM,0.0000,-0.0007,0.0,0.0
3475,0,7,  0d 00:57:47.69,  0d 00:03:08.01,0.0000,3.6323,R,07/25/2025 11:18:36 AM,0.0000,-0.0007,0.0,0.0
3476,0,7,  0d 00:57:48.69,  0d 00:03:09.01,0.0000,3.6322,R,07/25/2025 11:18:37 AM,0.0000,-0.0007,0.0,0.0
3477,0,7,  0d 00:57:49.69,  0d 00:03:10.01,0.0000,3.6323,R,07/25/2025 11:18:38 AM,0.0000,-0.0007,0.0,0.0
3478,0,7,  0d 00:57:50.69,  0d 00:03:11.01,0.0000,3.6324,R,07/25/2025 11:18:39 AM,0.0000,-0.0008,0.0,0.0
3479,0,7,  0d 00:57:51.69,  0d 00:03:12.01,0.0000,3.6325,R,07/25/2025 11:18:40 AM,0.0000,-0.0007,0.0,0.0
3480,0,7,  0d 00:57:52.69,  0d 00:03:13.01,0.0000,3.6324,R,07/25/2025 11:18:41 AM,0.0000,-0.0007,0.0,0.0
3481,0,7,  0d 00:57:53.69,  0d 00:03:14.01,0.0000,3.6325,R,07/25/2025 11:18:42 AM,0.0000,-0.0007,0.0,0.0
3482,0,7,  0d 00:57:54.69,  0d 00:03:15.01,0.0000,3.6326,R,07/25/2025 11:18:43 AM,0.0000,-0.0007,0.0,0.0
3483,0,7,  0d 00:57:55.69,  0d 00:03:16.01,0.0000,3.6326,R,07/25/2025 11:18:44 AM,0.0000,-0.0008,0.0,0.0
3484,0,7,  0d 00:57:56.69,  0d 00:03:17.01,0.0000,3.6326,R,07/25/2025 11:18:45 AM,0.0000,-0.0007,0.0,0.0
3485,0,7,  0d 00:57:57.69,  0d 00:03:18.01,0.0000,3.6326,R,07/25/2025 11:18:46 AM,0.0000,-0.0008,0.0,0.0
3486,0,7,  0d 00:57:58.69,  0d 00:03:19.01,0.0000,3.6326,R,07/25/2025 11:18:47 AM,0.0000,-0.0008,0.0,0.0
3487,0,7,  0d 00:57:59.69,  0d 00:03:20.01,0.0000,3.6326,R,07/25/2025 11:18:48 AM,0.0000,-0.0007,0.0,0.0
3488,0,7,  0d 00:58:00.69,  0d 00:03:21.01,0.0000,3.6326,R,07/25/2025 11:18:49 AM,0.0000,-0.0007,0.0,0.0
3489,0,7,  0d 00:58:01.69,  0d 00:03:22.01,0.0000,3.6327,R,07/25/2025 11:18:50 AM,0.0000,-0.0007,0.0,0.0
3490,0,7,  0d 00:58:02.69,  0d 00:03:23.01,0.0000,3.6327,R,07/25/2025 11:18:51 AM,0.0000,-0.0007,0.0,0.0
3491,0,7,  0d 00:58:03.69,  0d 00:03:24.01,0.0000,3.6327,R,07/25/2025 11:18:52 AM,0.0000,-0.0008,0.0,0.0
3492,0,7,  0d 00:58:04.69,  0d 00:03:25.01,0.0000,3.6328,R,07/25/2025 11:18:53 AM,0.0000,-0.0007,0.0,0.0
3493,0,7,  0d 00:58:05.69,  0d 00:03:26.01,0.0000,3.6327,R,07/25/2025 11:18:54 AM,0.0000,-0.0008,0.0,0.0
3494,0,7,  0d 00:58:06.69,  0d 00:03:27.01,0.0000,3.6329,R,07/25/2025 11:18:55 AM,0.0000,-0.0008,0.0,0.0
3495,0,7,  0d 00:58:07.69,  0d 00:03:28.01,0.0000,3.6328,R,07/25/2025 11:18:56 AM,0.0000,-0.0008,0.0,0.0
3496,0,7,  0d 00:58:08.69,  0d 00:03:29.01,0.0000,3.6329,R,07/25/2025 11:18:57 AM,0.0000,-0.0008,0.0,0.0
3497,0,7,  0d 00:58:09.69,  0d 00:03:30.01,0.0000,3.6330,R,07/25/2025 11:18:58 AM,0.0000,-0.0008,0.0,0.0
3498,0,7,  0d 00:58:10.69,  0d 00:03:31.01,0.0000,3.6329,R,07/25/2025 11:18:59 AM,0.0000,-0.0007,0.0,0.0
3499,0,7,  0d 00:58:11.69,  0d 00:03:32.01,0.0000,3.6330,R,07/25/2025 11:19:00 AM,0.0000,-0.0005,0.0,0.0
3500,0,7,  0d 00:58:12.69,  0d 00:03:33.01,0.0000,3.6329,R,07/25/2025 11:19:01 AM,0.0000,-0.0007,0.0,0.0
3501,0,7,  0d 00:58:13.69,  0d 00:03:34.01,0.0000,3.6329,R,07/25/2025 11:19:02 AM,0.0000,-0.0010,0.0,0.0
3502,0,7,  0d 00:58:14.69,  0d 00:03:35.01,0.0000,3.6332,R,07/25/2025 11:19:03 AM,0.0000,-0.0007,0.0,0.0
3503,0,7,  0d 00:58:15.69,  0d 00:03:36.01,0.0000,3.6331,R,07/25/2025 11:19:04 AM,0.0000,-0.0008,0.0,0.0
3504,0,7,  0d 00:58:16.69,  0d 00:03:37.01,0.0000,3.6332,R,07/25/2025 11:19:05 AM,0.0000,-0.0008,0.0,0.0
3505,0,7,  0d 00:58:17.69,  0d 00:03:38.01,0.0000,3.6332,R,07/25/2025 11:19:06 AM,0.0000,-0.0005,0.0,0.0
3506,0,7,  0d 00:58:18.69,  0d 00:03:39.01,0.0000,3.6333,R,07/25/2025 11:19:07 AM,0.0000,-0.0005,0.0,0.0
3507,0,7,  0d 00:58:19.69,  0d 00:03:40.01,0.0000,3.6333,R,07/25/2025 11:19:08 AM,0.0000,-0.0008,0.0,0.0
3508,0,7,  0d 00:58:20.69,  0d 00:03:41.01,0.0000,3.6332,R,07/25/2025 11:19:09 AM,0.0000,-0.0007,0.0,0.0
3509,0,7,  0d 00:58:21.69,  0d 00:03:42.01,0.0000,3.6333,R,07/25/2025 11:19:10 AM,0.0000,-0.0008,0.0,0.0
3510,0,7,  0d 00:58:22.69,  0d 00:03:43.01,0.0000,3.6334,R,07/25/2025 11:19:11 AM,0.0000,-0.0008,0.0,0.0
3511,0,7,  0d 00:58:23.69,  0d 00:03:44.01,0.0000,3.6332,R,07/25/2025 11:19:12 AM,0.0000,-0.0005,0.0,0.0
3512,0,7,  0d 00:58:24.69,  0d 00:03:45.01,0.0000,3.6336,R,07/25/2025 11:19:13 AM,0.0000,-0.0007,0.0,0.0
3513,0,7,  0d 00:58:25.69,  0d 00:03:46.01,0.0000,3.6333,R,07/25/2025 11:19:14 AM,0.0000,-0.0008,0.0,0.0
3514,0,7,  0d 00:58:26.69,  0d 00:03:47.01,0.0000,3.6335,R,07/25/2025 11:19:15 AM,0.0000,-0.0008,0.0,0.0
3515,0,7,  0d 00:58:27.69,  0d 00:03:48.01,0.0000,3.6335,R,07/25/2025 11:19:16 AM,0.0000,-0.0007,0.0,0.0
3516,0,7,  0d 00:58:28.69,  0d 00:03:49.01,0.0000,3.6334,R,07/25/2025 11:19:17 AM,0.0000,-0.0007,0.0,0.0
3517,0,7,  0d 00:58:29.69,  0d 00:03:50.01,0.0000,3.6336,R,07/25/2025 11:19:18 AM,0.0000,-0.0008,0.0,0.0
3518,0,7,  0d 00:58:30.69,  0d 00:03:51.01,0.0000,3.6336,R,07/25/2025 11:19:19 AM,0.0000,-0.0008,0.0,0.0
3519,0,7,  0d 00:58:31.69,  0d 00:03:52.01,0.0000,3.6334,R,07/25/2025 11:19:20 AM,0.0000,-0.0008,0.0,0.0
3520,0,7,  0d 00:58:32.69,  0d 00:03:53.01,0.0000,3.6336,R,07/25/2025 11:19:21 AM,0.0000,-0.0008,0.0,0.0
3521,0,7,  0d 00:58:33.69,  0d 00:03:54.01,0.0000,3.6335,R,07/25/2025 11:19:22 AM,0.0000,-0.0007,0.0,0.0
3522,0,7,  0d 00:58:34.69,  0d 00:03:55.01,0.0000,3.6336,R,07/25/2025 11:19:23 AM,0.0000,-0.0007,0.0,0.0
3523,0,7,  0d 00:58:35.69,  0d 00:03:56.01,0.0000,3.6338,R,07/25/2025 11:19:24 AM,0.0000,-0.0010,0.0,0.0
3524,0,7,  0d 00:58:36.69,  0d 00:03:57.01,0.0000,3.6336,R,07/25/2025 11:19:25 AM,0.0000,-0.0007,0.0,0.0
3525,0,7,  0d 00:58:37.69,  0d 00:03:58.01,0.0000,3.6337,R,07/25/2025 11:19:26 AM,0.0000,-0.0008,0.0,0.0
3526,0,7,  0d 00:58:38.69,  0d 00:03:59.01,0.0000,3.6338,R,07/25/2025 11:19:27 AM,0.0000,-0.0008,0.0,0.0
3527,0,7,  0d 00:58:39.69,  0d 00:04:00.01,0.0000,3.6338,R,07/25/2025 11:19:28 AM,0.0000,-0.0007,0.0,0.0
3528,0,7,  0d 00:58:40.69,  0d 00:04:01.01,0.0000,3.6338,R,07/25/2025 11:19:29 AM,0.0000,-0.0008,0.0,0.0
3529,0,7,  0d 00:58:41.69,  0d 00:04:02.01,0.0000,3.6338,R,07/25/2025 11:19:30 AM,0.0000,-0.0007,0.0,0.0
3530,0,7,  0d 00:58:42.69,  0d 00:04:03.01,0.0000,3.6338,R,07/25/2025 11:19:31 AM,0.0000,-0.0008,0.0,0.0
3531,0,7,  0d 00:58:43.69,  0d 00:04:04.01,0.0000,3.6338,R,07/25/2025 11:19:32 AM,0.0000,-0.0007,0.0,0.0
3532,0,7,  0d 00:58:44.69,  0d 00:04:05.01,0.0000,3.6339,R,07/25/2025 11:19:33 AM,0.0000,-0.0008,0.0,0.0
3533,0,7,  0d 00:58:45.69,  0d 00:04:06.01,0.0000,3.6339,R,07/25/2025 11:19:34 AM,0.0000,-0.0008,0.0,0.0
3534,0,7,  0d 00:58:46.69,  0d 00:04:07.01,0.0000,3.6338,R,07/25/2025 11:19:35 AM,0.0000,-0.0008,0.0,0.0
3535,0,7,  0d 00:58:47.69,  0d 00:04:08.01,0.0000,3.6339,R,07/25/2025 11:19:36 AM,0.0000,-0.0007,0.0,0.0
3536,0,7,  0d 00:58:48.69,  0d 00:04:09.01,0.0000,3.6339,R,07/25/2025 11:19:37 AM,0.0000,-0.0010,0.0,0.0
3537,0,7,  0d 00:58:49.69,  0d 00:04:10.01,0.0000,3.6339,R,07/25/2025 11:19:38 AM,0.0000,-0.0008,0.0,0.0
3538,0,7,  0d 00:58:50.69,  0d 00:04:11.01,0.0000,3.6339,R,07/25/2025 11:19:39 AM,0.0000,-0.0008,0.0,0.0
3539,0,7,  0d 00:58:51.69,  0d 00:04:12.01,0.0000,3.6339,R,07/25/2025 11:19:40 AM,0.0000,-0.0005,0.0,0.0
3540,0,7,  0d 00:58:52.69,  0d 00:04:13.01,0.0000,3.6339,R,07/25/2025 11:19:41 AM,0.0000,-0.0007,0.0,0.0
3541,0,7,  0d 00:58:53.69,  0d 00:04:14.01,0.0000,3.6340,R,07/25/2025 11:19:42 AM,0.0000,-0.0005,0.0,0.0
3542,0,7,  0d 00:58:54.69,  0d 00:04:15.01,0.0000,3.6342,R,07/25/2025 11:19:43 AM,0.0000,-0.0008,0.0,0.0
3543,0,7,  0d 00:58:55.69,  0d 00:04:16.01,0.0000,3.6341,R,07/25/2025 11:19:44 AM,0.0000,-0.0007,0.0,0.0
3544,0,7,  0d 00:58:56.69,  0d 00:04:17.01,0.0000,3.6340,R,07/25/2025 11:19:45 AM,0.0000,-0.0008,0.0,0.0
3545,0,7,  0d 00:58:57.69,  0d 00:04:18.01,0.0000,3.6341,R,07/25/2025 11:19:46 AM,0.0000,-0.0008,0.0,0.0
3546,0,7,  0d 00:58:58.69,  0d 00:04:19.01,0.0000,3.6341,R,07/25/2025 11:19:47 AM,0.0000,-0.0008,0.0,0.0
3547,0,7,  0d 00:58:59.69,  0d 00:04:20.01,0.0000,3.6341,R,07/25/2025 11:19:48 AM,0.0000,-0.0008,0.0,0.0
3548,0,7,  0d 00:59:00.69,  0d 00:04:21.01,0.0000,3.6341,R,07/25/2025 11:19:49 AM,0.0000,-0.0007,0.0,0.0
3549,0,7,  0d 00:59:01.69,  0d 00:04:22.01,0.0000,3.6342,R,07/25/2025 11:19:50 AM,0.0000,-0.0007,0.0,0.0
3550,0,7,  0d 00:59:02.69,  0d 00:04:23.01,0.0000,3.6342,R,07/25/2025 11:19:51 AM,0.0000,-0.0008,0.0,0.0
3551,0,7,  0d 00:59:03.69,  0d 00:04:24.01,0.0000,3.6342,R,07/25/2025 11:19:52 AM,0.0000,-0.0005,0.0,0.0
3552,0,7,  0d 00:59:04.69,  0d 00:04:25.01,0.0000,3.6342,R,07/25/2025 11:19:53 AM,0.0000,-0.0007,0.0,0.0
3553,0,7,  0d 00:59:05.69,  0d 00:04:26.01,0.0000,3.6342,R,07/25/2025 11:19:54 AM,0.0000,-0.0008,0.0,0.0
3554,0,7,  0d 00:59:06.69,  0d 00:04:27.01,0.0000,3.6342,R,07/25/2025 11:19:55 AM,0.0000,-0.0008,0.0,0.0
3555,0,7,  0d 00:59:07.69,  0d 00:04:28.01,0.0000,3.6342,R,07/25/2025 11:19:56 AM,0.0000,-0.0007,0.0,0.0
3556,0,7,  0d 00:59:08.69,  0d 00:04:29.01,0.0000,3.6343,R,07/25/2025 11:19:57 AM,0.0000,-0.0008,0.0,0.0
3557,0,7,  0d 00:59:09.69,  0d 00:04:30.01,0.0000,3.6342,R,07/25/2025 11:19:58 AM,0.0000,-0.0007,0.0,0.0
3558,0,7,  0d 00:59:10.69,  0d 00:04:31.01,0.0000,3.6343,R,07/25/2025 11:19:59 AM,0.0000,-0.0007,0.0,0.0
3559,0,7,  0d 00:59:11.69,  0d 00:04:32.01,0.0000,3.6344,R,07/25/2025 11:20:00 AM,0.0000,-0.0007,0.0,0.0
3560,0,7,  0d 00:59:12.69,  0d 00:04:33.01,0.0000,3.6343,R,07/25/2025 11:20:01 AM,0.0000,-0.0008,0.0,0.0
3561,0,7,  0d 00:59:13.69,  0d 00:04:34.01,0.0000,3.6344,R,07/25/2025 11:20:02 AM,0.0000,-0.0005,0.0,0.0
3562,0,7,  0d 00:59:14.69,  0d 00:04:35.01,0.0000,3.6344,R,07/25/2025 11:20:03 AM,0.0000,-0.0007,0.0,0.0
3563,0,7,  0d 00:59:15.69,  0d 00:04:36.01,0.0000,3.6345,R,07/25/2025 11:20:04 AM,0.0000,-0.0007,0.0,0.0
3564,0,7,  0d 00:59:16.69,  0d 00:04:37.01,0.0000,3.6343,R,07/25/2025 11:20:05 AM,0.0000,-0.0008,0.0,0.0
3565,0,7,  0d 00:59:17.69,  0d 00:04:38.01,0.0000,3.6343,R,07/25/2025 11:20:06 AM,0.0000,-0.0007,0.0,0.0
3566,0,7,  0d 00:59:18.69,  0d 00:04:39.01,0.0000,3.6345,R,07/25/2025 11:20:07 AM,0.0000,-0.0010,0.0,0.0
3567,0,7,  0d 00:59:19.69,  0d 00:04:40.01,0.0000,3.6344,R,07/25/2025 11:20:08 AM,0.0000,-0.0008,0.0,0.0
3568,0,7,  0d 00:59:20.69,  0d 00:04:41.01,0.0000,3.6345,R,07/25/2025 11:20:09 AM,0.0000,-0.0007,0.0,0.0
3569,0,7,  0d 00:59:21.69,  0d 00:04:42.01,0.0000,3.6345,R,07/25/2025 11:20:10 AM,0.0000,-0.0007,0.0,0.0
3570,0,7,  0d 00:59:22.69,  0d 00:04:43.01,0.0000,3.6345,R,07/25/2025 11:20:11 AM,0.0000,-0.0010,0.0,0.0
3571,0,7,  0d 00:59:23.69,  0d 00:04:44.01,0.0000,3.6345,R,07/25/2025 11:20:12 AM,0.0000,-0.0007,0.0,0.0
3572,0,7,  0d 00:59:24.69,  0d 00:04:45.01,0.0000,3.6345,R,07/25/2025 11:20:13 AM,0.0000,-0.0007,0.0,0.0
3573,0,7,  0d 00:59:25.69,  0d 00:04:46.01,0.0000,3.6346,R,07/25/2025 11:20:14 AM,0.0000,-0.0011,0.0,0.0
3574,0,7,  0d 00:59:26.69,  0d 00:04:47.01,0.0000,3.6345,R,07/25/2025 11:20:15 AM,0.0000,-0.0005,0.0,0.0
3575,0,7,  0d 00:59:27.69,  0d 00:04:48.01,0.0000,3.6346,R,07/25/2025 11:20:16 AM,0.0000,-0.0008,0.0,0.0
3576,0,7,  0d 00:59:28.69,  0d 00:04:49.01,0.0000,3.6346,R,07/25/2025 11:20:17 AM,0.0000,-0.0008,0.0,0.0
3577,0,7,  0d 00:59:29.69,  0d 00:04:50.01,0.0000,3.6345,R,07/25/2025 11:20:18 AM,0.0000,-0.0008,0.0,0.0
3578,0,7,  0d 00:59:30.69,  0d 00:04:51.01,0.0000,3.6346,R,07/25/2025 11:20:19 AM,0.0000,-0.0008,0.0,0.0
3579,0,7,  0d 00:59:31.69,  0d 00:04:52.01,0.0000,3.6347,R,07/25/2025 11:20:20 AM,0.0000,-0.0008,0.0,0.0
3580,0,7,  0d 00:59:32.69,  0d 00:04:53.01,0.0000,3.6346,R,07/25/2025 11:20:21 AM,0.0000,-0.0008,0.0,0.0
3581,0,7,  0d 00:59:33.69,  0d 00:04:54.01,0.0000,3.6345,R,07/25/2025 11:20:22 AM,0.0000,-0.0007,0.0,0.0
3582,0,7,  0d 00:59:34.69,  0d 00:04:55.01,0.0000,3.6347,R,07/25/2025 11:20:23 AM,0.0000,-0.0007,0.0,0.0
3583,0,7,  0d 00:59:35.69,  0d 00:04:56.01,0.0000,3.6346,R,07/25/2025 11:20:24 AM,0.0000,-0.0008,0.0,0.0
3584,0,7,  0d 00:59:36.69,  0d 00:04:57.01,0.0000,3.6347,R,07/25/2025 11:20:25 AM,0.0000,-0.0008,0.0,0.0
3585,0,7,  0d 00:59:37.69,  0d 00:04:58.01,0.0000,3.6347,R,07/25/2025 11:20:26 AM,0.0000,-0.0008,0.0,0.0
3586,0,7,  0d 00:59:38.69,  0d 00:04:59.01,0.0000,3.6346,R,07/25/2025 11:20:27 AM,0.0000,-0.0007,0.0,0.0
3587,0,7,  0d 00:59:39.69,  0d 00:05:00.01,0.0000,3.6347,R,07/25/2025 11:20:28 AM,0.0000,-0.0007,0.0,0.0
3588,0,7,  0d 00:59:40.69,  0d 00:05:01.01,0.0000,3.6347,R,07/25/2025 11:20:29 AM,0.0000,-0.0008,0.0,0.0
3589,0,7,  0d 00:59:41.69,  0d 00:05:02.01,0.0000,3.6348,R,07/25/2025 11:20:30 AM,0.0000,-0.0007,0.0,0.0
3590,0,7,  0d 00:59:42.69,  0d 00:05:03.01,0.0000,3.6349,R,07/25/2025 11:20:31 AM,0.0000,-0.0005,0.0,0.0
3591,0,7,  0d 00:59:43.69,  0d 00:05:04.01,0.0000,3.6348,R,07/25/2025 11:20:32 AM,0.0000,-0.0007,0.0,0.0
3592,0,7,  0d 00:59:44.69,  0d 00:05:05.01,0.0000,3.6349,R,07/25/2025 11:20:33 AM,0.0000,-0.0008,0.0,0.0
3593,0,7,  0d 00:59:45.69,  0d 00:05:06.01,0.0000,3.6348,R,07/25/2025 11:20:34 AM,0.0000,-0.0008,0.0,0.0
3594,0,7,  0d 00:59:46.69,  0d 00:05:07.01,0.0000,3.6349,R,07/25/2025 11:20:35 AM,0.0000,-0.0007,0.0,0.0
3595,0,7,  0d 00:59:47.69,  0d 00:05:08.01,0.0000,3.6349,R,07/25/2025 11:20:36 AM,0.0000,-0.0008,0.0,0.0
3596,0,7,  0d 00:59:48.69,  0d 00:05:09.01,0.0000,3.6349,R,07/25/2025 11:20:37 AM,0.0000,-0.0008,0.0,0.0
3597,0,7,  0d 00:59:49.69,  0d 00:05:10.01,0.0000,3.6349,R,07/25/2025 11:20:38 AM,0.0000,-0.0008,0.0,0.0
3598,0,7,  0d 00:59:50.69,  0d 00:05:11.01,0.0000,3.6348,R,07/25/2025 11:20:39 AM,0.0000,-0.0007,0.0,0.0
3599,0,7,  0d 00:59:51.69,  0d 00:05:12.01,0.0000,3.6349,R,07/25/2025 11:20:40 AM,0.0000,-0.0007,0.0,0.0
3600,0,7,  0d 00:59:52.69,  0d 00:05:13.01,0.0000,3.6349,R,07/25/2025 11:20:41 AM,0.0000,-0.0008,0.0,0.0
3601,0,7,  0d 00:59:53.69,  0d 00:05:14.01,0.0000,3.6349,R,07/25/2025 11:20:42 AM,0.0000,-0.0007,0.0,0.0
3602,0,7,  0d 00:59:54.69,  0d 00:05:15.01,0.0000,3.6349,R,07/25/2025 11:20:43 AM,0.0000,-0.0007,0.0,0.0
3603,0,7,  0d 00:59:55.69,  0d 00:05:16.01,0.0000,3.6350,R,07/25/2025 11:20:44 AM,0.0000,-0.0008,0.0,0.0
3604,0,7,  0d 00:59:56.69,  0d 00:05:17.01,0.0000,3.6349,R,07/25/2025 11:20:45 AM,0.0000,-0.0008,0.0,0.0
3605,0,7,  0d 00:59:57.69,  0d 00:05:18.01,0.0000,3.6349,R,07/25/2025 11:20:46 AM,0.0000,-0.0008,0.0,0.0
3606,0,7,  0d 00:59:58.69,  0d 00:05:19.01,0.0000,3.6351,R,07/25/2025 11:20:47 AM,0.0000,-0.0008,0.0,0.0
3607,0,7,  0d 00:59:59.69,  0d 00:05:20.01,0.0000,3.6349,R,07/25/2025 11:20:48 AM,0.0000,-0.0010,0.0,0.0
3608,0,7,  0d 01:00:00.69,  0d 00:05:21.01,0.0000,3.6349,R,07/25/2025 11:20:49 AM,0.0000,-0.0007,0.0,0.0
3609,0,7,  0d 01:00:01.69,  0d 00:05:22.01,0.0000,3.6350,R,07/25/2025 11:20:50 AM,0.0000,-0.0008,0.0,0.0
3610,0,7,  0d 01:00:02.69,  0d 00:05:23.01,0.0000,3.6351,R,07/25/2025 11:20:51 AM,0.0000,-0.0008,0.0,0.0
3611,0,7,  0d 01:00:03.69,  0d 00:05:24.01,0.0000,3.6351,R,07/25/2025 11:20:52 AM,0.0000,-0.0010,0.0,0.0
3612,0,7,  0d 01:00:04.69,  0d 00:05:25.01,0.0000,3.6350,R,07/25/2025 11:20:53 AM,0.0000,-0.0007,0.0,0.0
3613,0,7,  0d 01:00:05.69,  0d 00:05:26.01,0.0000,3.6350,R,07/25/2025 11:20:54 AM,0.0000,-0.0008,0.0,0.0
3614,0,7,  0d 01:00:06.69,  0d 00:05:27.01,0.0000,3.6351,R,07/25/2025 11:20:55 AM,0.0000,-0.0008,0.0,0.0
3615,0,7,  0d 01:00:07.69,  0d 00:05:28.01,0.0000,3.6351,R,07/25/2025 11:20:56 AM,0.0000,-0.0007,0.0,0.0
3616,0,7,  0d 01:00:08.69,  0d 00:05:29.01,0.0000,3.6349,R,07/25/2025 11:20:57 AM,0.0000,-0.0008,0.0,0.0
3617,0,7,  0d 01:00:09.69,  0d 00:05:30.01,0.0000,3.6350,R,07/25/2025 11:20:58 AM,0.0000,-0.0008,0.0,0.0
3618,0,7,  0d 01:00:10.69,  0d 00:05:31.01,0.0000,3.6351,R,07/25/2025 11:20:59 AM,0.0000,-0.0007,0.0,0.0
3619,0,7,  0d 01:00:11.69,  0d 00:05:32.01,0.0000,3.6351,R,07/25/2025 11:21:00 AM,0.0000,-0.0007,0.0,0.0
3620,0,7,  0d 01:00:12.69,  0d 00:05:33.01,0.0000,3.6351,R,07/25/2025 11:21:01 AM,0.0000,-0.0008,0.0,0.0
3621,0,7,  0d 01:00:13.69,  0d 00:05:34.01,0.0000,3.6351,R,07/25/2025 11:21:02 AM,0.0000,-0.0010,0.0,0.0
3622,0,7,  0d 01:00:14.69,  0d 00:05:35.01,0.0000,3.6352,R,07/25/2025 11:21:03 AM,0.0000,-0.0007,0.0,0.0
3623,0,7,  0d 01:00:15.69,  0d 00:05:36.01,0.0000,3.6351,R,07/25/2025 11:21:04 AM,0.0000,-0.0007,0.0,0.0
3624,0,7,  0d 01:00:16.69,  0d 00:05:37.01,0.0000,3.6352,R,07/25/2025 11:21:05 AM,0.0000,-0.0008,0.0,0.0
3625,0,7,  0d 01:00:17.69,  0d 00:05:38.01,0.0000,3.6351,R,07/25/2025 11:21:06 AM,0.0000,-0.0007,0.0,0.0
3626,0,7,  0d 01:00:18.69,  0d 00:05:39.01,0.0000,3.6352,R,07/25/2025 11:21:07 AM,0.0000,-0.0007,0.0,0.0
3627,0,7,  0d 01:00:19.69,  0d 00:05:40.01,0.0000,3.6352,R,07/25/2025 11:21:08 AM,0.0000,-0.0008,0.0,0.0
3628,0,7,  0d 01:00:20.69,  0d 00:05:41.01,0.0000,3.6352,R,07/25/2025 11:21:09 AM,0.0000,-0.0007,0.0,0.0
3629,0,7,  0d 01:00:21.69,  0d 00:05:42.01,0.0000,3.6352,R,07/25/2025 11:21:10 AM,0.0000,-0.0008,0.0,0.0
3630,0,7,  0d 01:00:22.69,  0d 00:05:43.01,0.0000,3.6352,R,07/25/2025 11:21:11 AM,0.0000,-0.0008,0.0,0.0
3631,0,7,  0d 01:00:23.69,  0d 00:05:44.01,0.0000,3.6352,R,07/25/2025 11:21:12 AM,0.0000,-0.0007,0.0,0.0
3632,0,7,  0d 01:00:24.69,  0d 00:05:45.01,0.0000,3.6352,R,07/25/2025 11:21:13 AM,0.0000,-0.0007,0.0,0.0
3633,0,7,  0d 01:00:25.69,  0d 00:05:46.01,0.0000,3.6352,R,07/25/2025 11:21:14 AM,0.0000,-0.0005,0.0,0.0
3634,0,7,  0d 01:00:26.69,  0d 00:05:47.01,0.0000,3.6352,R,07/25/2025 11:21:15 AM,0.0000,-0.0007,0.0,0.0
3635,0,7,  0d 01:00:27.69,  0d 00:05:48.01,0.0000,3.6352,R,07/25/2025 11:21:16 AM,0.0000,-0.0010,0.0,0.0
3636,0,7,  0d 01:00:28.69,  0d 00:05:49.01,0.0000,3.6352,R,07/25/2025 11:21:17 AM,0.0000,-0.0007,0.0,0.0
3637,0,7,  0d 01:00:29.69,  0d 00:05:50.01,0.0000,3.6353,R,07/25/2025 11:21:18 AM,0.0000,-0.0007,0.0,0.0
3638,0,7,  0d 01:00:30.69,  0d 00:05:51.01,0.0000,3.6353,R,07/25/2025 11:21:19 AM,0.0000,-0.0008,0.0,0.0
3639,0,7,  0d 01:00:31.69,  0d 00:05:52.01,0.0000,3.6354,R,07/25/2025 11:21:20 AM,0.0000,-0.0008,0.0,0.0
3640,0,7,  0d 01:00:32.69,  0d 00:05:53.01,0.0000,3.6354,R,07/25/2025 11:21:21 AM,0.0000,-0.0008,0.0,0.0
3641,0,7,  0d 01:00:33.69,  0d 00:05:54.01,0.0000,3.6354,R,07/25/2025 11:21:22 AM,0.0000,-0.0008,0.0,0.0
3642,0,7,  0d 01:00:34.69,  0d 00:05:55.01,0.0000,3.6354,R,07/25/2025 11:21:23 AM,0.0000,-0.0007,0.0,0.0
3643,0,7,  0d 01:00:35.69,  0d 00:05:56.01,0.0000,3.6353,R,07/25/2025 11:21:24 AM,0.0000,-0.0007,0.0,0.0
3644,0,7,  0d 01:00:36.69,  0d 00:05:57.01,0.0000,3.6354,R,07/25/2025 11:21:25 AM,0.0000,-0.0007,0.0,0.0
3645,0,7,  0d 01:00:37.69,  0d 00:05:58.01,0.0000,3.6354,R,07/25/2025 11:21:26 AM,0.0000,-0.0008,0.0,0.0
3646,0,7,  0d 01:00:38.69,  0d 00:05:59.01,0.0000,3.6355,R,07/25/2025 11:21:27 AM,0.0000,-0.0008,0.0,0.0
3647,0,7,  0d 01:00:39.69,  0d 00:06:00.01,0.0000,3.6354,R,07/25/2025 11:21:28 AM,0.0000,-0.0008,0.0,0.0
3648,0,7,  0d 01:00:40.69,  0d 00:06:01.01,0.0000,3.6355,R,07/25/2025 11:21:29 AM,0.0000,-0.0008,0.0,0.0
3649,0,7,  0d 01:00:41.69,  0d 00:06:02.01,0.0000,3.6354,R,07/25/2025 11:21:30 AM,0.0000,-0.0008,0.0,0.0
3650,0,7,  0d 01:00:42.69,  0d 00:06:03.01,0.0000,3.6355,R,07/25/2025 11:21:31 AM,0.0000,-0.0008,0.0,0.0
3651,0,7,  0d 01:00:43.69,  0d 00:06:04.01,0.0000,3.6354,R,07/25/2025 11:21:32 AM,0.0000,-0.0008,0.0,0.0
3652,0,7,  0d 01:00:44.69,  0d 00:06:05.01,0.0000,3.6354,R,07/25/2025 11:21:33 AM,0.0000,-0.0008,0.0,0.0
3653,0,7,  0d 01:00:45.69,  0d 00:06:06.01,0.0000,3.6355,R,07/25/2025 11:21:34 AM,0.0000,-0.0007,0.0,0.0
3654,0,7,  0d 01:00:46.69,  0d 00:06:07.01,0.0000,3.6355,R,07/25/2025 11:21:35 AM,0.0000,-0.0007,0.0,0.0
3655,0,7,  0d 01:00:47.69,  0d 00:06:08.01,0.0000,3.6355,R,07/25/2025 11:21:36 AM,0.0000,-0.0008,0.0,0.0
3656,0,7,  0d 01:00:48.69,  0d 00:06:09.01,0.0000,3.6355,R,07/25/2025 11:21:37 AM,0.0000,-0.0008,0.0,0.0
3657,0,7,  0d 01:00:49.69,  0d 00:06:10.01,0.0000,3.6357,R,07/25/2025 11:21:38 AM,0.0000,-0.0007,0.0,0.0
3658,0,7,  0d 01:00:50.69,  0d 00:06:11.01,0.0000,3.6356,R,07/25/2025 11:21:39 AM,0.0000,-0.0007,0.0,0.0
3659,0,7,  0d 01:00:51.69,  0d 00:06:12.01,0.0000,3.6355,R,07/25/2025 11:21:40 AM,0.0000,-0.0008,0.0,0.0
3660,0,7,  0d 01:00:52.69,  0d 00:06:13.01,0.0000,3.6355,R,07/25/2025 11:21:41 AM,0.0000,-0.0008,0.0,0.0
3661,0,7,  0d 01:00:53.69,  0d 00:06:14.01,0.0000,3.6355,R,07/25/2025 11:21:42 AM,0.0000,-0.0008,0.0,0.0
3662,0,7,  0d 01:00:54.69,  0d 00:06:15.01,0.0000,3.6354,R,07/25/2025 11:21:43 AM,0.0000,-0.0007,0.0,0.0
3663,0,7,  0d 01:00:55.69,  0d 00:06:16.01,0.0000,3.6355,R,07/25/2025 11:21:44 AM,0.0000,-0.0008,0.0,0.0
3664,0,7,  0d 01:00:56.69,  0d 00:06:17.01,0.0000,3.6355,R,07/25/2025 11:21:45 AM,0.0000,-0.0007,0.0,0.0
3665,0,7,  0d 01:00:57.69,  0d 00:06:18.01,0.0000,3.6355,R,07/25/2025 11:21:46 AM,0.0000,-0.0008,0.0,0.0
3666,0,7,  0d 01:00:58.69,  0d 00:06:19.01,0.0000,3.6355,R,07/25/2025 11:21:47 AM,0.0000,-0.0007,0.0,0.0
3667,0,7,  0d 01:00:59.69,  0d 00:06:20.01,0.0000,3.6356,R,07/25/2025 11:21:48 AM,0.0000,-0.0007,0.0,0.0
3668,0,7,  0d 01:01:00.69,  0d 00:06:21.01,0.0000,3.6355,R,07/25/2025 11:21:49 AM,0.0000,-0.0008,0.0,0.0
3669,0,7,  0d 01:01:01.69,  0d 00:06:22.01,0.0000,3.6357,R,07/25/2025 11:21:50 AM,0.0000,-0.0008,0.0,0.0
3670,0,7,  0d 01:01:02.69,  0d 00:06:23.01,0.0000,3.6355,R,07/25/2025 11:21:51 AM,0.0000,-0.0007,0.0,0.0
3671,0,7,  0d 01:01:03.69,  0d 00:06:24.01,0.0000,3.6355,R,07/25/2025 11:21:52 AM,0.0000,-0.0008,0.0,0.0
3672,0,7,  0d 01:01:04.69,  0d 00:06:25.01,0.0000,3.6357,R,07/25/2025 11:21:53 AM,0.0000,-0.0007,0.0,0.0
3673,0,7,  0d 01:01:05.69,  0d 00:06:26.01,0.0000,3.6356,R,07/25/2025 11:21:54 AM,0.0000,-0.0008,0.0,0.0
3674,0,7,  0d 01:01:06.69,  0d 00:06:27.01,0.0000,3.6355,R,07/25/2025 11:21:55 AM,0.0000,-0.0007,0.0,0.0
3675,0,7,  0d 01:01:07.69,  0d 00:06:28.01,0.0000,3.6356,R,07/25/2025 11:21:56 AM,0.0000,-0.0008,0.0,0.0
3676,0,7,  0d 01:01:08.69,  0d 00:06:29.01,0.0000,3.6356,R,07/25/2025 11:21:57 AM,0.0000,-0.0007,0.0,0.0
3677,0,7,  0d 01:01:09.69,  0d 00:06:30.01,0.0000,3.6358,R,07/25/2025 11:21:58 AM,0.0000,-0.0007,0.0,0.0
3678,0,7,  0d 01:01:10.69,  0d 00:06:31.01,0.0000,3.6355,R,07/25/2025 11:21:59 AM,0.0000,-0.0007,0.0,0.0
3679,0,7,  0d 01:01:11.69,  0d 00:06:32.01,0.0000,3.6356,R,07/25/2025 11:22:00 AM,0.0000,-0.0007,0.0,0.0
3680,0,7,  0d 01:01:12.69,  0d 00:06:33.01,0.0000,3.6357,R,07/25/2025 11:22:01 AM,0.0000,-0.0008,0.0,0.0
3681,0,7,  0d 01:01:13.69,  0d 00:06:34.01,0.0000,3.6357,R,07/25/2025 11:22:02 AM,0.0000,-0.0008,0.0,0.0
3682,0,7,  0d 01:01:14.69,  0d 00:06:35.01,0.0000,3.6357,R,07/25/2025 11:22:03 AM,0.0000,-0.0007,0.0,0.0
3683,0,7,  0d 01:01:15.69,  0d 00:06:36.01,0.0000,3.6355,R,07/25/2025 11:22:04 AM,0.0000,-0.0007,0.0,0.0
3684,0,7,  0d 01:01:16.69,  0d 00:06:37.01,0.0000,3.6357,R,07/25/2025 11:22:05 AM,0.0000,-0.0007,0.0,0.0
3685,0,7,  0d 01:01:17.69,  0d 00:06:38.01,0.0000,3.6357,R,07/25/2025 11:22:06 AM,0.0000,-0.0007,0.0,0.0
3686,0,7,  0d 01:01:18.69,  0d 00:06:39.01,0.0000,3.6356,R,07/25/2025 11:22:07 AM,0.0000,-0.0007,0.0,0.0
3687,0,7,  0d 01:01:19.69,  0d 00:06:40.01,0.0000,3.6358,R,07/25/2025 11:22:08 AM,0.0000,-0.0008,0.0,0.0
3688,0,7,  0d 01:01:20.69,  0d 00:06:41.01,0.0000,3.6357,R,07/25/2025 11:22:09 AM,0.0000,-0.0008,0.0,0.0
3689,0,7,  0d 01:01:21.69,  0d 00:06:42.01,0.0000,3.6357,R,07/25/2025 11:22:10 AM,0.0000,-0.0007,0.0,0.0
3690,0,7,  0d 01:01:22.69,  0d 00:06:43.01,0.0000,3.6358,R,07/25/2025 11:22:11 AM,0.0000,-0.0007,0.0,0.0
3691,0,7,  0d 01:01:23.69,  0d 00:06:44.01,0.0000,3.6358,R,07/25/2025 11:22:12 AM,0.0000,-0.0007,0.0,0.0
3692,0,7,  0d 01:01:24.69,  0d 00:06:45.01,0.0000,3.6357,R,07/25/2025 11:22:13 AM,0.0000,-0.0008,0.0,0.0
3693,0,7,  0d 01:01:25.69,  0d 00:06:46.01,0.0000,3.6358,R,07/25/2025 11:22:14 AM,0.0000,-0.0007,0.0,0.0
3694,0,7,  0d 01:01:26.69,  0d 00:06:47.01,0.0000,3.6358,R,07/25/2025 11:22:15 AM,0.0000,-0.0008,0.0,0.0
3695,0,7,  0d 01:01:27.69,  0d 00:06:48.01,0.0000,3.6358,R,07/25/2025 11:22:16 AM,0.0000,-0.0008,0.0,0.0
3696,0,7,  0d 01:01:28.69,  0d 00:06:49.01,0.0000,3.6358,R,07/25/2025 11:22:17 AM,0.0000,-0.0010,0.0,0.0
3697,0,7,  0d 01:01:29.69,  0d 00:06:50.01,0.0000,3.6358,R,07/25/2025 11:22:18 AM,0.0000,-0.0008,0.0,0.0
3698,0,7,  0d 01:01:30.69,  0d 00:06:51.01,0.0000,3.6358,R,07/25/2025 11:22:19 AM,0.0000,-0.0007,0.0,0.0
3699,0,7,  0d 01:01:31.69,  0d 00:06:52.01,0.0000,3.6357,R,07/25/2025 11:22:20 AM,0.0000,-0.0008,0.0,0.0
3700,0,7,  0d 01:01:32.69,  0d 00:06:53.01,0.0000,3.6358,R,07/25/2025 11:22:21 AM,0.0000,-0.0007,0.0,0.0
3701,0,7,  0d 01:01:33.69,  0d 00:06:54.01,0.0000,3.6359,R,07/25/2025 11:22:22 AM,0.0000,-0.0008,0.0,0.0
3702,0,7,  0d 01:01:34.69,  0d 00:06:55.01,0.0000,3.6359,R,07/25/2025 11:22:23 AM,0.0000,-0.0007,0.0,0.0
3703,0,7,  0d 01:01:35.69,  0d 00:06:56.01,0.0000,3.6358,R,07/25/2025 11:22:24 AM,0.0000,-0.0010,0.0,0.0
3704,0,7,  0d 01:01:36.69,  0d 00:06:57.01,0.0000,3.6358,R,07/25/2025 11:22:25 AM,0.0000,-0.0010,0.0,0.0
3705,0,7,  0d 01:01:37.69,  0d 00:06:58.01,0.0000,3.6358,R,07/25/2025 11:22:26 AM,0.0000,-0.0005,0.0,0.0
3706,0,7,  0d 01:01:38.69,  0d 00:06:59.01,0.0000,3.6358,R,07/25/2025 11:22:27 AM,0.0000,-0.0008,0.0,0.0
3707,0,7,  0d 01:01:39.69,  0d 00:07:00.01,0.0000,3.6358,R,07/25/2025 11:22:28 AM,0.0000,-0.0008,0.0,0.0
3708,0,7,  0d 01:01:40.69,  0d 00:07:01.01,0.0000,3.6358,R,07/25/2025 11:22:29 AM,0.0000,-0.0008,0.0,0.0
3709,0,7,  0d 01:01:41.69,  0d 00:07:02.01,0.0000,3.6358,R,07/25/2025 11:22:30 AM,0.0000,-0.0007,0.0,0.0
3710,0,7,  0d 01:01:42.69,  0d 00:07:03.01,0.0000,3.6359,R,07/25/2025 11:22:31 AM,0.0000,-0.0008,0.0,0.0
3711,0,7,  0d 01:01:43.69,  0d 00:07:04.01,0.0000,3.6358,R,07/25/2025 11:22:32 AM,0.0000,-0.0008,0.0,0.0
3712,0,7,  0d 01:01:44.69,  0d 00:07:05.01,0.0000,3.6358,R,07/25/2025 11:22:33 AM,0.0000,-0.0010,0.0,0.0
3713,0,7,  0d 01:01:45.69,  0d 00:07:06.01,0.0000,3.6359,R,07/25/2025 11:22:34 AM,0.0000,-0.0008,0.0,0.0
3714,0,7,  0d 01:01:46.69,  0d 00:07:07.01,0.0000,3.6359,R,07/25/2025 11:22:35 AM,0.0000,-0.0008,0.0,0.0
3715,0,7,  0d 01:01:47.69,  0d 00:07:08.01,0.0000,3.6358,R,07/25/2025 11:22:36 AM,0.0000,-0.0008,0.0,0.0
3716,0,7,  0d 01:01:48.69,  0d 00:07:09.01,0.0000,3.6360,R,07/25/2025 11:22:37 AM,0.0000,-0.0007,0.0,0.0
3717,0,7,  0d 01:01:49.69,  0d 00:07:10.01,0.0000,3.6360,R,07/25/2025 11:22:38 AM,0.0000,-0.0008,0.0,0.0
3718,0,7,  0d 01:01:50.69,  0d 00:07:11.01,0.0000,3.6360,R,07/25/2025 11:22:39 AM,0.0000,-0.0008,0.0,0.0
3719,0,7,  0d 01:01:51.69,  0d 00:07:12.01,0.0000,3.6360,R,07/25/2025 11:22:40 AM,0.0000,-0.0008,0.0,0.0
3720,0,7,  0d 01:01:52.69,  0d 00:07:13.01,0.0000,3.6358,R,07/25/2025 11:22:41 AM,0.0000,-0.0008,0.0,0.0
3721,0,7,  0d 01:01:53.69,  0d 00:07:14.01,0.0000,3.6358,R,07/25/2025 11:22:42 AM,0.0000,-0.0007,0.0,0.0
3722,0,7,  0d 01:01:54.69,  0d 00:07:15.01,0.0000,3.6361,R,07/25/2025 11:22:43 AM,0.0000,-0.0008,0.0,0.0
3723,0,7,  0d 01:01:55.69,  0d 00:07:16.01,0.0000,3.6359,R,07/25/2025 11:22:44 AM,0.0000,-0.0008,0.0,0.0
3724,0,7,  0d 01:01:56.69,  0d 00:07:17.01,0.0000,3.6360,R,07/25/2025 11:22:45 AM,0.0000,-0.0007,0.0,0.0
3725,0,7,  0d 01:01:57.69,  0d 00:07:18.01,0.0000,3.6361,R,07/25/2025 11:22:46 AM,0.0000,-0.0008,0.0,0.0
3726,0,7,  0d 01:01:58.69,  0d 00:07:19.01,0.0000,3.6360,R,07/25/2025 11:22:47 AM,0.0000,-0.0008,0.0,0.0
3727,0,7,  0d 01:01:59.69,  0d 00:07:20.01,0.0000,3.6360,R,07/25/2025 11:22:48 AM,0.0000,-0.0007,0.0,0.0
3728,0,7,  0d 01:02:00.69,  0d 00:07:21.01,0.0000,3.6360,R,07/25/2025 11:22:49 AM,0.0000,-0.0010,0.0,0.0
3729,0,7,  0d 01:02:01.69,  0d 00:07:22.01,0.0000,3.6358,R,07/25/2025 11:22:50 AM,0.0000,-0.0010,0.0,0.0
3730,0,7,  0d 01:02:02.69,  0d 00:07:23.01,0.0000,3.6359,R,07/25/2025 11:22:51 AM,0.0000,-0.0008,0.0,0.0
3731,0,7,  0d 01:02:03.69,  0d 00:07:24.01,0.0000,3.6360,R,07/25/2025 11:22:52 AM,0.0000,-0.0008,0.0,0.0
3732,0,7,  0d 01:02:04.69,  0d 00:07:25.01,0.0000,3.6361,R,07/25/2025 11:22:53 AM,0.0000,-0.0008,0.0,0.0
3733,0,7,  0d 01:02:05.69,  0d 00:07:26.01,0.0000,3.6360,R,07/25/2025 11:22:54 AM,0.0000,-0.0008,0.0,0.0
3734,0,7,  0d 01:02:06.69,  0d 00:07:27.01,0.0000,3.6361,R,07/25/2025 11:22:55 AM,0.0000,-0.0007,0.0,0.0
3735,0,7,  0d 01:02:07.69,  0d 00:07:28.01,0.0000,3.6361,R,07/25/2025 11:22:56 AM,0.0000,-0.0008,0.0,0.0
3736,0,7,  0d 01:02:08.69,  0d 00:07:29.01,0.0000,3.6360,R,07/25/2025 11:22:57 AM,0.0000,-0.0008,0.0,0.0
3737,0,7,  0d 01:02:09.69,  0d 00:07:30.01,0.0000,3.6361,R,07/25/2025 11:22:58 AM,0.0000,-0.0008,0.0,0.0
3738,0,7,  0d 01:02:10.69,  0d 00:07:31.01,0.0000,3.6360,R,07/25/2025 11:22:59 AM,0.0000,-0.0007,0.0,0.0
3739,0,7,  0d 01:02:11.69,  0d 00:07:32.01,0.0000,3.6361,R,07/25/2025 11:23:00 AM,0.0000,-0.0007,0.0,0.0
3740,0,7,  0d 01:02:12.69,  0d 00:07:33.01,0.0000,3.6361,R,07/25/2025 11:23:01 AM,0.0000,-0.0007,0.0,0.0
3741,0,7,  0d 01:02:13.69,  0d 00:07:34.01,0.0000,3.6361,R,07/25/2025 11:23:02 AM,0.0000,-0.0008,0.0,0.0
3742,0,7,  0d 01:02:14.69,  0d 00:07:35.01,0.0000,3.6360,R,07/25/2025 11:23:03 AM,0.0000,-0.0008,0.0,0.0
3743,0,7,  0d 01:02:15.69,  0d 00:07:36.01,0.0000,3.6361,R,07/25/2025 11:23:04 AM,0.0000,-0.0007,0.0,0.0
3744,0,7,  0d 01:02:16.69,  0d 00:07:37.01,0.0000,3.6361,R,07/25/2025 11:23:05 AM,0.0000,-0.0008,0.0,0.0
3745,0,7,  0d 01:02:17.69,  0d 00:07:38.01,0.0000,3.6361,R,07/25/2025 11:23:06 AM,0.0000,-0.0008,0.0,0.0
3746,0,7,  0d 01:02:18.69,  0d 00:07:39.01,0.0000,3.6360,R,07/25/2025 11:23:07 AM,0.0000,-0.0008,0.0,0.0
3747,0,7,  0d 01:02:19.69,  0d 00:07:40.01,0.0000,3.6361,R,07/25/2025 11:23:08 AM,0.0000,-0.0008,0.0,0.0
3748,0,7,  0d 01:02:20.69,  0d 00:07:41.01,0.0000,3.6361,R,07/25/2025 11:23:09 AM,0.0000,-0.0007,0.0,0.0
3749,0,7,  0d 01:02:21.69,  0d 00:07:42.01,0.0000,3.6361,R,07/25/2025 11:23:10 AM,0.0000,-0.0008,0.0,0.0
3750,0,7,  0d 01:02:22.69,  0d 00:07:43.01,0.0000,3.6361,R,07/25/2025 11:23:11 AM,0.0000,-0.0008,0.0,0.0
3751,0,7,  0d 01:02:23.69,  0d 00:07:44.01,0.0000,3.6361,R,07/25/2025 11:23:12 AM,0.0000,-0.0008,0.0,0.0
3752,0,7,  0d 01:02:24.69,  0d 00:07:45.01,0.0000,3.6361,R,07/25/2025 11:23:13 AM,0.0000,-0.0007,0.0,0.0
3753,0,7,  0d 01:02:25.69,  0d 00:07:46.01,0.0000,3.6361,R,07/25/2025 11:23:14 AM,0.0000,-0.0008,0.0,0.0
3754,0,7,  0d 01:02:26.69,  0d 00:07:47.01,0.0000,3.6361,R,07/25/2025 11:23:15 AM,0.0000,-0.0007,0.0,0.0
3755,0,7,  0d 01:02:27.69,  0d 00:07:48.01,0.0000,3.6361,R,07/25/2025 11:23:16 AM,0.0000,-0.0008,0.0,0.0
3756,0,7,  0d 01:02:28.69,  0d 00:07:49.01,0.0000,3.6362,R,07/25/2025 11:23:17 AM,0.0000,-0.0010,0.0,0.0
3757,0,7,  0d 01:02:29.69,  0d 00:07:50.01,0.0000,3.6361,R,07/25/2025 11:23:18 AM,0.0000,-0.0008,0.0,0.0
3758,0,7,  0d 01:02:30.69,  0d 00:07:51.01,0.0000,3.6361,R,07/25/2025 11:23:19 AM,0.0000,-0.0007,0.0,0.0
3759,0,7,  0d 01:02:31.69,  0d 00:07:52.01,0.0000,3.6361,R,07/25/2025 11:23:20 AM,0.0000,-0.0008,0.0,0.0
3760,0,7,  0d 01:02:32.69,  0d 00:07:53.01,0.0000,3.6361,R,07/25/2025 11:23:21 AM,0.0000,-0.0007,0.0,0.0
3761,0,7,  0d 01:02:33.69,  0d 00:07:54.01,0.0000,3.6361,R,07/25/2025 11:23:22 AM,0.0000,-0.0008,0.0,0.0
3762,0,7,  0d 01:02:34.69,  0d 00:07:55.01,0.0000,3.6361,R,07/25/2025 11:23:23 AM,0.0000,-0.0008,0.0,0.0
3763,0,7,  0d 01:02:35.69,  0d 00:07:56.01,0.0000,3.6361,R,07/25/2025 11:23:24 AM,0.0000,-0.0007,0.0,0.0
3764,0,7,  0d 01:02:36.69,  0d 00:07:57.01,0.0000,3.6363,R,07/25/2025 11:23:25 AM,0.0000,-0.0008,0.0,0.0
3765,0,7,  0d 01:02:37.69,  0d 00:07:58.01,0.0000,3.6362,R,07/25/2025 11:23:26 AM,0.0000,-0.0008,0.0,0.0
3766,0,7,  0d 01:02:38.69,  0d 00:07:59.01,0.0000,3.6362,R,07/25/2025 11:23:27 AM,0.0000,-0.0005,0.0,0.0
3767,0,7,  0d 01:02:39.69,  0d 00:08:00.01,0.0000,3.6363,R,07/25/2025 11:23:28 AM,0.0000,-0.0008,0.0,0.0
3768,0,7,  0d 01:02:40.69,  0d 00:08:01.01,0.0000,3.6361,R,07/25/2025 11:23:29 AM,0.0000,-0.0008,0.0,0.0
3769,0,7,  0d 01:02:41.69,  0d 00:08:02.01,0.0000,3.6363,R,07/25/2025 11:23:30 AM,0.0000,-0.0007,0.0,0.0
3770,0,7,  0d 01:02:42.69,  0d 00:08:03.01,0.0000,3.6362,R,07/25/2025 11:23:31 AM,0.0000,-0.0008,0.0,0.0
3771,0,7,  0d 01:02:43.69,  0d 00:08:04.01,0.0000,3.6363,R,07/25/2025 11:23:32 AM,0.0000,-0.0008,0.0,0.0
3772,0,7,  0d 01:02:44.69,  0d 00:08:05.01,0.0000,3.6362,R,07/25/2025 11:23:33 AM,0.0000,-0.0008,0.0,0.0
3773,0,7,  0d 01:02:45.69,  0d 00:08:06.01,0.0000,3.6362,R,07/25/2025 11:23:34 AM,0.0000,-0.0007,0.0,0.0
3774,0,7,  0d 01:02:46.69,  0d 00:08:07.01,0.0000,3.6361,R,07/25/2025 11:23:35 AM,0.0000,-0.0008,0.0,0.0
3775,0,7,  0d 01:02:47.69,  0d 00:08:08.01,0.0000,3.6363,R,07/25/2025 11:23:36 AM,0.0000,-0.0008,0.0,0.0
3776,0,7,  0d 01:02:48.69,  0d 00:08:09.01,0.0000,3.6362,R,07/25/2025 11:23:37 AM,0.0000,-0.0007,0.0,0.0
3777,0,7,  0d 01:02:49.69,  0d 00:08:10.01,0.0000,3.6363,R,07/25/2025 11:23:38 AM,0.0000,-0.0008,0.0,0.0
3778,0,7,  0d 01:02:50.69,  0d 00:08:11.01,0.0000,3.6361,R,07/25/2025 11:23:39 AM,0.0000,-0.0007,0.0,0.0
3779,0,7,  0d 01:02:51.69,  0d 00:08:12.01,0.0000,3.6362,R,07/25/2025 11:23:40 AM,0.0000,-0.0008,0.0,0.0
3780,0,7,  0d 01:02:52.69,  0d 00:08:13.01,0.0000,3.6363,R,07/25/2025 11:23:41 AM,0.0000,-0.0007,0.0,0.0
3781,0,7,  0d 01:02:53.69,  0d 00:08:14.01,0.0000,3.6363,R,07/25/2025 11:23:42 AM,0.0000,-0.0007,0.0,0.0
3782,0,7,  0d 01:02:54.69,  0d 00:08:15.01,0.0000,3.6363,R,07/25/2025 11:23:43 AM,0.0000,-0.0007,0.0,0.0
3783,0,7,  0d 01:02:55.69,  0d 00:08:16.01,0.0000,3.6361,R,07/25/2025 11:23:44 AM,0.0000,-0.0007,0.0,0.0
3784,0,7,  0d 01:02:56.69,  0d 00:08:17.01,0.0000,3.6363,R,07/25/2025 11:23:45 AM,0.0000,-0.0008,0.0,0.0
3785,0,7,  0d 01:02:57.69,  0d 00:08:18.01,0.0000,3.6362,R,07/25/2025 11:23:46 AM,0.0000,-0.0008,0.0,0.0
3786,0,7,  0d 01:02:58.69,  0d 00:08:19.01,0.0000,3.6362,R,07/25/2025 11:23:47 AM,0.0000,-0.0007,0.0,0.0
3787,0,7,  0d 01:02:59.69,  0d 00:08:20.01,0.0000,3.6362,R,07/25/2025 11:23:48 AM,0.0000,-0.0007,0.0,0.0
3788,0,7,  0d 01:03:00.69,  0d 00:08:21.01,0.0000,3.6362,R,07/25/2025 11:23:49 AM,0.0000,-0.0007,0.0,0.0
3789,0,7,  0d 01:03:01.69,  0d 00:08:22.01,0.0000,3.6362,R,07/25/2025 11:23:50 AM,0.0000,-0.0007,0.0,0.0
3790,0,7,  0d 01:03:02.69,  0d 00:08:23.01,0.0000,3.6363,R,07/25/2025 11:23:51 AM,0.0000,-0.0007,0.0,0.0
3791,0,7,  0d 01:03:03.69,  0d 00:08:24.01,0.0000,3.6363,R,07/25/2025 11:23:52 AM,0.0000,-0.0007,0.0,0.0
3792,0,7,  0d 01:03:04.69,  0d 00:08:25.01,0.0000,3.6362,R,07/25/2025 11:23:53 AM,0.0000,-0.0007,0.0,0.0
3793,0,7,  0d 01:03:05.69,  0d 00:08:26.01,0.0000,3.6364,R,07/25/2025 11:23:54 AM,0.0000,-0.0007,0.0,0.0
3794,0,7,  0d 01:03:06.69,  0d 00:08:27.01,0.0000,3.6363,R,07/25/2025 11:23:55 AM,0.0000,-0.0008,0.0,0.0
3795,0,7,  0d 01:03:07.69,  0d 00:08:28.01,0.0000,3.6363,R,07/25/2025 11:23:56 AM,0.0000,-0.0010,0.0,0.0
3796,0,7,  0d 01:03:08.69,  0d 00:08:29.01,0.0000,3.6363,R,07/25/2025 11:23:57 AM,0.0000,-0.0007,0.0,0.0
3797,0,7,  0d 01:03:09.69,  0d 00:08:30.01,0.0000,3.6363,R,07/25/2025 11:23:58 AM,0.0000,-0.0008,0.0,0.0
3798,0,7,  0d 01:03:10.69,  0d 00:08:31.01,0.0000,3.6363,R,07/25/2025 11:23:59 AM,0.0000,-0.0007,0.0,0.0
3799,0,7,  0d 01:03:11.69,  0d 00:08:32.01,0.0000,3.6362,R,07/25/2025 11:24:00 AM,0.0000,-0.0008,0.0,0.0
3800,0,7,  0d 01:03:12.69,  0d 00:08:33.01,0.0000,3.6364,R,07/25/2025 11:24:01 AM,0.0000,-0.0008,0.0,0.0
3801,0,7,  0d 01:03:13.69,  0d 00:08:34.01,0.0000,3.6362,R,07/25/2025 11:24:02 AM,0.0000,-0.0008,0.0,0.0
3802,0,7,  0d 01:03:14.69,  0d 00:08:35.01,0.0000,3.6364,R,07/25/2025 11:24:03 AM,0.0000,-0.0007,0.0,0.0
3803,0,7,  0d 01:03:15.69,  0d 00:08:36.01,0.0000,3.6363,R,07/25/2025 11:24:04 AM,0.0000,-0.0008,0.0,0.0
3804,0,7,  0d 01:03:16.69,  0d 00:08:37.01,0.0000,3.6362,R,07/25/2025 11:24:05 AM,0.0000,-0.0007,0.0,0.0
3805,0,7,  0d 01:03:17.69,  0d 00:08:38.01,0.0000,3.6365,R,07/25/2025 11:24:06 AM,0.0000,-0.0008,0.0,0.0
3806,0,7,  0d 01:03:18.69,  0d 00:08:39.01,0.0000,3.6362,R,07/25/2025 11:24:07 AM,0.0000,-0.0007,0.0,0.0
3807,0,7,  0d 01:03:19.69,  0d 00:08:40.01,0.0000,3.6364,R,07/25/2025 11:24:08 AM,0.0000,-0.0008,0.0,0.0
3808,0,7,  0d 01:03:20.69,  0d 00:08:41.01,0.0000,3.6364,R,07/25/2025 11:24:09 AM,0.0000,-0.0007,0.0,0.0
3809,0,7,  0d 01:03:21.69,  0d 00:08:42.01,0.0000,3.6364,R,07/25/2025 11:24:10 AM,0.0000,-0.0008,0.0,0.0
3810,0,7,  0d 01:03:22.69,  0d 00:08:43.01,0.0000,3.6364,R,07/25/2025 11:24:11 AM,0.0000,-0.0008,0.0,0.0
3811,0,7,  0d 01:03:23.69,  0d 00:08:44.01,0.0000,3.6363,R,07/25/2025 11:24:12 AM,0.0000,-0.0007,0.0,0.0
3812,0,7,  0d 01:03:24.69,  0d 00:08:45.01,0.0000,3.6364,R,07/25/2025 11:24:13 AM,0.0000,-0.0008,0.0,0.0
3813,0,7,  0d 01:03:25.69,  0d 00:08:46.01,0.0000,3.6363,R,07/25/2025 11:24:14 AM,0.0000,-0.0003,0.0,0.0
3814,0,7,  0d 01:03:26.69,  0d 00:08:47.01,0.0000,3.6363,R,07/25/2025 11:24:15 AM,0.0000,-0.0008,0.0,0.0
3815,0,7,  0d 01:03:27.69,  0d 00:08:48.01,0.0000,3.6363,R,07/25/2025 11:24:16 AM,0.0000,-0.0008,0.0,0.0
3816,0,7,  0d 01:03:28.69,  0d 00:08:49.01,0.0000,3.6365,R,07/25/2025 11:24:17 AM,0.0000,-0.0007,0.0,0.0
3817,0,7,  0d 01:03:29.69,  0d 00:08:50.01,0.0000,3.6364,R,07/25/2025 11:24:18 AM,0.0000,-0.0007,0.0,0.0
3818,0,7,  0d 01:03:30.69,  0d 00:08:51.01,0.0000,3.6365,R,07/25/2025 11:24:19 AM,0.0000,-0.0008,0.0,0.0
3819,0,7,  0d 01:03:31.69,  0d 00:08:52.01,0.0000,3.6364,R,07/25/2025 11:24:20 AM,0.0000,-0.0008,0.0,0.0
3820,0,7,  0d 01:03:32.69,  0d 00:08:53.01,0.0000,3.6364,R,07/25/2025 11:24:21 AM,0.0000,-0.0007,0.0,0.0
3821,0,7,  0d 01:03:33.69,  0d 00:08:54.01,0.0000,3.6364,R,07/25/2025 11:24:22 AM,0.0000,-0.0008,0.0,0.0
3822,0,7,  0d 01:03:34.69,  0d 00:08:55.01,0.0000,3.6363,R,07/25/2025 11:24:23 AM,0.0000,-0.0007,0.0,0.0
3823,0,7,  0d 01:03:35.69,  0d 00:08:56.01,0.0000,3.6364,R,07/25/2025 11:24:24 AM,0.0000,-0.0007,0.0,0.0
3824,0,7,  0d 01:03:36.69,  0d 00:08:57.01,0.0000,3.6364,R,07/25/2025 11:24:25 AM,0.0000,-0.0008,0.0,0.0
3825,0,7,  0d 01:03:37.69,  0d 00:08:58.01,0.0000,3.6364,R,07/25/2025 11:24:26 AM,0.0000,-0.0008,0.0,0.0
3826,0,7,  0d 01:03:38.69,  0d 00:08:59.01,0.0000,3.6364,R,07/25/2025 11:24:27 AM,0.0000,-0.0007,0.0,0.0
3827,0,7,  0d 01:03:39.69,  0d 00:09:00.01,0.0000,3.6365,R,07/25/2025 11:24:28 AM,0.0000,-0.0007,0.0,0.0
3828,0,7,  0d 01:03:40.69,  0d 00:09:01.01,0.0000,3.6364,R,07/25/2025 11:24:29 AM,0.0000,-0.0008,0.0,0.0
3829,0,7,  0d 01:03:41.69,  0d 00:09:02.01,0.0000,3.6364,R,07/25/2025 11:24:30 AM,0.0000,-0.0008,0.0,0.0
3830,0,7,  0d 01:03:42.69,  0d 00:09:03.01,0.0000,3.6365,R,07/25/2025 11:24:31 AM,0.0000,-0.0008,0.0,0.0
3831,0,7,  0d 01:03:43.69,  0d 00:09:04.01,0.0000,3.6365,R,07/25/2025 11:24:32 AM,0.0000,-0.0007,0.0,0.0
3832,0,7,  0d 01:03:44.69,  0d 00:09:05.01,0.0000,3.6365,R,07/25/2025 11:24:33 AM,0.0000,-0.0005,0.0,0.0
3833,0,7,  0d 01:03:45.69,  0d 00:09:06.01,0.0000,3.6364,R,07/25/2025 11:24:34 AM,0.0000,-0.0008,0.0,0.0
3834,0,7,  0d 01:03:46.69,  0d 00:09:07.01,0.0000,3.6365,R,07/25/2025 11:24:35 AM,0.0000,-0.0007,0.0,0.0
3835,0,7,  0d 01:03:47.69,  0d 00:09:08.01,0.0000,3.6365,R,07/25/2025 11:24:36 AM,0.0000,-0.0007,0.0,0.0
3836,0,7,  0d 01:03:48.69,  0d 00:09:09.01,0.0000,3.6365,R,07/25/2025 11:24:37 AM,0.0000,-0.0008,0.0,0.0
3837,0,7,  0d 01:03:49.69,  0d 00:09:10.01,0.0000,3.6365,R,07/25/2025 11:24:38 AM,0.0000,-0.0007,0.0,0.0
3838,0,7,  0d 01:03:50.69,  0d 00:09:11.01,0.0000,3.6365,R,07/25/2025 11:24:39 AM,0.0000,-0.0008,0.0,0.0
3839,0,7,  0d 01:03:51.69,  0d 00:09:12.01,0.0000,3.6364,R,07/25/2025 11:24:40 AM,0.0000,-0.0007,0.0,0.0
3840,0,7,  0d 01:03:52.69,  0d 00:09:13.01,0.0000,3.6365,R,07/25/2025 11:24:41 AM,0.0000,-0.0007,0.0,0.0
3841,0,7,  0d 01:03:53.69,  0d 00:09:14.01,0.0000,3.6365,R,07/25/2025 11:24:42 AM,0.0000,-0.0008,0.0,0.0
3842,0,7,  0d 01:03:54.69,  0d 00:09:15.01,0.0000,3.6365,R,07/25/2025 11:24:43 AM,0.0000,-0.0008,0.0,0.0
3843,0,7,  0d 01:03:55.69,  0d 00:09:16.01,0.0000,3.6365,R,07/25/2025 11:24:44 AM,0.0000,-0.0008,0.0,0.0
3844,0,7,  0d 01:03:56.69,  0d 00:09:17.01,0.0000,3.6365,R,07/25/2025 11:24:45 AM,0.0000,-0.0008,0.0,0.0
3845,0,7,  0d 01:03:57.69,  0d 00:09:18.01,0.0000,3.6365,R,07/25/2025 11:24:46 AM,0.0000,-0.0007,0.0,0.0
3846,0,7,  0d 01:03:58.69,  0d 00:09:19.01,0.0000,3.6365,R,07/25/2025 11:24:47 AM,0.0000,-0.0008,0.0,0.0
3847,0,7,  0d 01:03:59.69,  0d 00:09:20.01,0.0000,3.6365,R,07/25/2025 11:24:48 AM,0.0000,-0.0008,0.0,0.0
3848,0,7,  0d 01:04:00.69,  0d 00:09:21.01,0.0000,3.6366,R,07/25/2025 11:24:49 AM,0.0000,-0.0007,0.0,0.0
3849,0,7,  0d 01:04:01.69,  0d 00:09:22.01,0.0000,3.6366,R,07/25/2025 11:24:50 AM,0.0000,-0.0007,0.0,0.0
3850,0,7,  0d 01:04:02.69,  0d 00:09:23.01,0.0000,3.6365,R,07/25/2025 11:24:51 AM,0.0000,-0.0008,0.0,0.0
3851,0,7,  0d 01:04:03.69,  0d 00:09:24.01,0.0000,3.6365,R,07/25/2025 11:24:52 AM,0.0000,-0.0008,0.0,0.0
3852,0,7,  0d 01:04:04.69,  0d 00:09:25.01,0.0000,3.6365,R,07/25/2025 11:24:53 AM,0.0000,-0.0007,0.0,0.0
3853,0,7,  0d 01:04:05.69,  0d 00:09:26.01,0.0000,3.6366,R,07/25/2025 11:24:54 AM,0.0000,-0.0007,0.0,0.0
3854,0,7,  0d 01:04:06.69,  0d 00:09:27.01,0.0000,3.6365,R,07/25/2025 11:24:55 AM,0.0000,-0.0008,0.0,0.0
3855,0,7,  0d 01:04:07.69,  0d 00:09:28.01,0.0000,3.6365,R,07/25/2025 11:24:56 AM,0.0000,-0.0008,0.0,0.0
3856,0,7,  0d 01:04:08.69,  0d 00:09:29.01,0.0000,3.6365,R,07/25/2025 11:24:57 AM,0.0000,-0.0008,0.0,0.0
3857,0,7,  0d 01:04:09.69,  0d 00:09:30.01,0.0000,3.6365,R,07/25/2025 11:24:58 AM,0.0000,-0.0008,0.0,0.0
3858,0,7,  0d 01:04:10.69,  0d 00:09:31.01,0.0000,3.6367,R,07/25/2025 11:24:59 AM,0.0000,-0.0005,0.0,0.0
3859,0,7,  0d 01:04:11.69,  0d 00:09:32.01,0.0000,3.6365,R,07/25/2025 11:25:00 AM,0.0000,-0.0007,0.0,0.0
3860,0,7,  0d 01:04:12.69,  0d 00:09:33.01,0.0000,3.6365,R,07/25/2025 11:25:02 AM,0.0000,-0.0008,0.0,0.0
3861,0,7,  0d 01:04:13.69,  0d 00:09:34.01,0.0000,3.6367,R,07/25/2025 11:25:02 AM,0.0000,-0.0008,0.0,0.0
3862,0,7,  0d 01:04:14.69,  0d 00:09:35.01,0.0000,3.6366,R,07/25/2025 11:25:03 AM,0.0000,-0.0007,0.0,0.0
3863,0,7,  0d 01:04:15.69,  0d 00:09:36.01,0.0000,3.6366,R,07/25/2025 11:25:04 AM,0.0000,-0.0007,0.0,0.0
3864,0,7,  0d 01:04:16.69,  0d 00:09:37.01,0.0000,3.6367,R,07/25/2025 11:25:05 AM,0.0000,-0.0008,0.0,0.0
3865,0,7,  0d 01:04:17.69,  0d 00:09:38.01,0.0000,3.6366,R,07/25/2025 11:25:06 AM,0.0000,-0.0008,0.0,0.0
3866,0,7,  0d 01:04:18.69,  0d 00:09:39.01,0.0000,3.6365,R,07/25/2025 11:25:07 AM,0.0000,-0.0007,0.0,0.0
3867,0,7,  0d 01:04:19.69,  0d 00:09:40.01,0.0000,3.6366,R,07/25/2025 11:25:08 AM,0.0000,-0.0007,0.0,0.0
3868,0,7,  0d 01:04:20.69,  0d 00:09:41.01,0.0000,3.6365,R,07/25/2025 11:25:09 AM,0.0000,-0.0007,0.0,0.0
3869,0,7,  0d 01:04:21.69,  0d 00:09:42.01,0.0000,3.6367,R,07/25/2025 11:25:10 AM,0.0000,-0.0007,0.0,0.0
3870,0,7,  0d 01:04:22.69,  0d 00:09:43.01,0.0000,3.6365,R,07/25/2025 11:25:11 AM,0.0000,-0.0007,0.0,0.0
3871,0,7,  0d 01:04:23.69,  0d 00:09:44.01,0.0000,3.6366,R,07/25/2025 11:25:12 AM,0.0000,-0.0007,0.0,0.0
3872,0,7,  0d 01:04:24.69,  0d 00:09:45.01,0.0000,3.6367,R,07/25/2025 11:25:13 AM,0.0000,-0.0007,0.0,0.0
3873,0,7,  0d 01:04:25.69,  0d 00:09:46.01,0.0000,3.6365,R,07/25/2025 11:25:14 AM,0.0000,-0.0007,0.0,0.0
3874,0,7,  0d 01:04:26.69,  0d 00:09:47.01,0.0000,3.6366,R,07/25/2025 11:25:15 AM,0.0000,-0.0008,0.0,0.0
3875,0,7,  0d 01:04:27.69,  0d 00:09:48.01,0.0000,3.6365,R,07/25/2025 11:25:16 AM,0.0000,-0.0007,0.0,0.0
3876,0,7,  0d 01:04:28.69,  0d 00:09:49.01,0.0000,3.6365,R,07/25/2025 11:25:17 AM,0.0000,-0.0007,0.0,0.0
3877,0,7,  0d 01:04:29.69,  0d 00:09:50.01,0.0000,3.6367,R,07/25/2025 11:25:18 AM,0.0000,-0.0008,0.0,0.0
3878,0,7,  0d 01:04:30.69,  0d 00:09:51.01,0.0000,3.6368,R,07/25/2025 11:25:19 AM,0.0000,-0.0007,0.0,0.0
3879,0,7,  0d 01:04:31.69,  0d 00:09:52.01,0.0000,3.6366,R,07/25/2025 11:25:20 AM,0.0000,-0.0008,0.0,0.0
3880,0,7,  0d 01:04:32.69,  0d 00:09:53.01,0.0000,3.6368,R,07/25/2025 11:25:21 AM,0.0000,-0.0008,0.0,0.0
3881,0,7,  0d 01:04:33.69,  0d 00:09:54.01,0.0000,3.6365,R,07/25/2025 11:25:22 AM,0.0000,-0.0008,0.0,0.0
3882,0,7,  0d 01:04:34.69,  0d 00:09:55.01,0.0000,3.6366,R,07/25/2025 11:25:23 AM,0.0000,-0.0008,0.0,0.0
3883,0,7,  0d 01:04:35.69,  0d 00:09:56.01,0.0000,3.6366,R,07/25/2025 11:25:24 AM,0.0000,-0.0008,0.0,0.0
3884,0,7,  0d 01:04:36.69,  0d 00:09:57.01,0.0000,3.6366,R,07/25/2025 11:25:25 AM,0.0000,-0.0007,0.0,0.0
3885,0,7,  0d 01:04:37.69,  0d 00:09:58.01,0.0000,3.6367,R,07/25/2025 11:25:26 AM,0.0000,-0.0008,0.0,0.0
3886,0,7,  0d 01:04:38.69,  0d 00:09:59.01,0.0000,3.6368,R,07/25/2025 11:25:27 AM,0.0000,-0.0008,0.0,0.0
3887,0,7,  0d 01:04:39.68,  0d 00:10:00.00,0.0000,3.6368,R,07/25/2025 11:25:28 AM,0.0000,-0.0007,0.0,0.0
3888,0,8,  0d 01:04:39.73,  0d 00:00:00.05,1.2540,3.6595,C,07/25/2025 11:25:28 AM,0.0000,-0.0007,0.0,0.0
3889,0,8,  0d 01:04:40.73,  0d 00:00:01.05,1.2500,3.6617,C,07/25/2025 11:25:29 AM,0.0000,-0.0007,0.0,0.0
3890,0,8,  0d 01:04:41.73,  0d 00:00:02.05,1.2500,3.6628,C,07/25/2025 11:25:30 AM,0.0000,-0.0008,0.0,0.0
3891,0,8,  0d 01:04:42.73,  0d 00:00:03.05,1.2497,3.6638,C,07/25/2025 11:25:32 AM,0.0000,-0.0007,0.0,0.0
3892,0,8,  0d 01:04:43.73,  0d 00:00:04.05,1.2500,3.6645,C,07/25/2025 11:25:32 AM,0.0000,-0.0007,0.0,0.0
3893,0,8,  0d 01:04:44.73,  0d 00:00:05.05,1.2500,3.6653,C,07/25/2025 11:25:33 AM,0.0000,-0.0008,0.0,0.0
3894,0,8,  0d 01:04:45.73,  0d 00:00:06.05,1.2500,3.6659,C,07/25/2025 11:25:34 AM,0.0000,-0.0007,0.0,0.0
3895,0,8,  0d 01:04:46.73,  0d 00:00:07.05,1.2500,3.6664,C,07/25/2025 11:25:35 AM,0.0000,-0.0008,0.0,0.0
3896,0,8,  0d 01:04:47.73,  0d 00:00:08.05,1.2497,3.6670,C,07/25/2025 11:25:36 AM,0.0000,-0.0007,0.0,0.0
3897,0,8,  0d 01:04:48.73,  0d 00:00:09.05,1.2500,3.6677,C,07/25/2025 11:25:37 AM,0.0000,-0.0007,0.0,0.0
3898,0,8,  0d 01:04:49.73,  0d 00:00:10.05,1.2500,3.6682,C,07/25/2025 11:25:38 AM,0.0000,-0.0007,0.0,0.0
3899,0,8,  0d 01:04:50.73,  0d 00:00:11.05,1.2500,3.6687,C,07/25/2025 11:25:39 AM,0.0000,-0.0008,0.0,0.0
3900,0,8,  0d 01:04:51.73,  0d 00:00:12.05,1.2503,3.6690,C,07/25/2025 11:25:40 AM,0.0000,-0.0007,0.0,0.0
3901,0,8,  0d 01:04:52.73,  0d 00:00:13.05,1.2500,3.6694,C,07/25/2025 11:25:41 AM,0.0000,-0.0010,0.0,0.0
3902,0,8,  0d 01:04:53.73,  0d 00:00:14.05,1.2500,3.6699,C,07/25/2025 11:25:42 AM,0.0000,-0.0010,0.0,0.0
3903,0,8,  0d 01:04:54.73,  0d 00:00:15.05,1.2491,3.6702,C,07/25/2025 11:25:43 AM,0.0000,-0.0007,0.0,0.0
3904,0,8,  0d 01:04:55.73,  0d 00:00:16.05,1.2503,3.6708,C,07/25/2025 11:25:44 AM,0.0000,-0.0007,0.0,0.0
3905,0,8,  0d 01:04:56.73,  0d 00:00:17.05,1.2503,3.6710,C,07/25/2025 11:25:45 AM,0.0000,-0.0008,0.0,0.0
3906,0,8,  0d 01:04:57.73,  0d 00:00:18.05,1.2503,3.6713,C,07/25/2025 11:25:46 AM,0.0000,-0.0008,0.0,0.0
3907,0,8,  0d 01:04:58.73,  0d 00:00:19.05,1.2500,3.6717,C,07/25/2025 11:25:47 AM,0.0000,-0.0005,0.0,0.0
3908,0,8,  0d 01:04:59.73,  0d 00:00:20.05,1.2500,3.6719,C,07/25/2025 11:25:48 AM,0.0000,-0.0007,0.0,0.0
3909,0,8,  0d 01:05:00.73,  0d 00:00:21.05,1.2500,3.6723,C,07/25/2025 11:25:49 AM,0.0000,-0.0008,0.0,0.0
3910,0,8,  0d 01:05:01.73,  0d 00:00:22.05,1.2500,3.6725,C,07/25/2025 11:25:50 AM,0.0000,-0.0007,0.0,0.0
3911,0,8,  0d 01:05:02.73,  0d 00:00:23.05,1.2500,3.6728,C,07/25/2025 11:25:51 AM,0.0000,-0.0008,0.0,0.0
3912,0,8,  0d 01:05:03.73,  0d 00:00:24.05,1.2497,3.6731,C,07/25/2025 11:25:52 AM,0.0000,-0.0008,0.0,0.0
3913,0,8,  0d 01:05:04.73,  0d 00:00:25.05,1.2500,3.6736,C,07/25/2025 11:25:53 AM,0.0000,-0.0007,0.0,0.0
3914,0,8,  0d 01:05:05.73,  0d 00:00:26.05,1.2497,3.6736,C,07/25/2025 11:25:54 AM,0.0000,-0.0007,0.0,0.0
3915,0,8,  0d 01:05:06.73,  0d 00:00:27.05,1.2500,3.6739,C,07/25/2025 11:25:55 AM,0.0000,-0.0007,0.0,0.0
3916,0,8,  0d 01:05:07.73,  0d 00:00:28.05,1.2497,3.6741,C,07/25/2025 11:25:56 AM,0.0000,-0.0008,0.0,0.0
3917,0,8,  0d 01:05:08.73,  0d 00:00:29.05,1.2503,3.6744,C,07/25/2025 11:25:57 AM,0.0000,-0.0007,0.0,0.0
3918,0,8,  0d 01:05:09.73,  0d 00:00:30.05,1.2503,3.6747,C,07/25/2025 11:25:58 AM,0.0000,-0.0008,0.0,0.0
3919,0,8,  0d 01:05:10.73,  0d 00:00:31.05,1.2503,3.6749,C,07/25/2025 11:25:59 AM,0.0000,-0.0007,0.0,0.0
3920,0,8,  0d 01:05:11.73,  0d 00:00:32.05,1.2503,3.6751,C,07/25/2025 11:26:00 AM,0.0000,-0.0007,0.0,0.0
3921,0,8,  0d 01:05:12.73,  0d 00:00:33.05,1.2494,3.6753,C,07/25/2025 11:26:01 AM,0.0000,-0.0008,0.0,0.0
3922,0,8,  0d 01:05:13.73,  0d 00:00:34.05,1.2503,3.6755,C,07/25/2025 11:26:02 AM,0.0000,-0.0010,0.0,0.0
3923,0,8,  0d 01:05:14.73,  0d 00:00:35.05,1.2500,3.6758,C,07/25/2025 11:26:03 AM,0.0000,-0.0007,0.0,0.0
3924,0,8,  0d 01:05:15.73,  0d 00:00:36.05,1.2503,3.6760,C,07/25/2025 11:26:04 AM,0.0000,-0.0007,0.0,0.0
3925,0,8,  0d 01:05:16.73,  0d 00:00:37.05,1.2503,3.6760,C,07/25/2025 11:26:05 AM,0.0000,-0.0005,0.0,0.0
3926,0,8,  0d 01:05:17.73,  0d 00:00:38.05,1.2494,3.6763,C,07/25/2025 11:26:06 AM,0.0000,-0.0007,0.0,0.0
3927,0,8,  0d 01:05:18.73,  0d 00:00:39.05,1.2500,3.6767,C,07/25/2025 11:26:07 AM,0.0000,-0.0007,0.0,0.0
3928,0,8,  0d 01:05:19.73,  0d 00:00:40.05,1.2494,3.6767,C,07/25/2025 11:26:08 AM,0.0000,-0.0008,0.0,0.0
3929,0,8,  0d 01:05:20.73,  0d 00:00:41.05,1.2497,3.6769,C,07/25/2025 11:26:09 AM,0.0000,-0.0008,0.0,0.0
3930,0,8,  0d 01:05:21.73,  0d 00:00:42.05,1.2494,3.6773,C,07/25/2025 11:26:10 AM,0.0000,-0.0007,0.0,0.0
3931,0,8,  0d 01:05:22.73,  0d 00:00:43.05,1.2497,3.6773,C,07/25/2025 11:26:11 AM,0.0000,-0.0008,0.0,0.0
3932,0,8,  0d 01:05:23.73,  0d 00:00:44.05,1.2503,3.6774,C,07/25/2025 11:26:13 AM,0.0000,-0.0010,0.0,0.0
3933,0,8,  0d 01:05:24.73,  0d 00:00:45.05,1.2497,3.6777,C,07/25/2025 11:26:13 AM,0.0000,-0.0008,0.0,0.0
3934,0,8,  0d 01:05:25.73,  0d 00:00:46.05,1.2494,3.6778,C,07/25/2025 11:26:14 AM,0.0000,-0.0008,0.0,0.0
3935,0,8,  0d 01:05:26.73,  0d 00:00:47.05,1.2503,3.6780,C,07/25/2025 11:26:15 AM,0.0000,-0.0007,0.0,0.0
3936,0,8,  0d 01:05:27.73,  0d 00:00:48.05,1.2500,3.6782,C,07/25/2025 11:26:16 AM,0.0000,-0.0008,0.0,0.0
3937,0,8,  0d 01:05:28.73,  0d 00:00:49.05,1.2494,3.6784,C,07/25/2025 11:26:17 AM,0.0000,-0.0008,0.0,0.0
3938,0,8,  0d 01:05:29.73,  0d 00:00:50.05,1.2497,3.6785,C,07/25/2025 11:26:18 AM,0.0000,-0.0007,0.0,0.0
3939,0,8,  0d 01:05:30.73,  0d 00:00:51.05,1.2500,3.6785,C,07/25/2025 11:26:19 AM,0.0000,-0.0007,0.0,0.0
3940,0,8,  0d 01:05:31.73,  0d 00:00:52.05,1.2500,3.6788,C,07/25/2025 11:26:20 AM,0.0000,-0.0008,0.0,0.0
3941,0,8,  0d 01:05:32.73,  0d 00:00:53.05,1.2497,3.6790,C,07/25/2025 11:26:21 AM,0.0000,-0.0007,0.0,0.0
3942,0,8,  0d 01:05:33.73,  0d 00:00:54.05,1.2500,3.6792,C,07/25/2025 11:26:23 AM,0.0000,-0.0008,0.0,0.0
3943,0,8,  0d 01:05:34.73,  0d 00:00:55.05,1.2503,3.6792,C,07/25/2025 11:26:23 AM,0.0000,-0.0008,0.0,0.0
3944,0,8,  0d 01:05:35.73,  0d 00:00:56.05,1.2503,3.6795,C,07/25/2025 11:26:24 AM,0.0000,-0.0007,0.0,0.0
3945,0,8,  0d 01:05:36.73,  0d 00:00:57.05,1.2497,3.6796,C,07/25/2025 11:26:25 AM,0.0000,-0.0008,0.0,0.0
3946,0,8,  0d 01:05:37.73,  0d 00:00:58.05,1.2503,3.6797,C,07/25/2025 11:26:26 AM,0.0000,-0.0008,0.0,0.0
3947,0,8,  0d 01:05:38.73,  0d 00:00:59.05,1.2500,3.6799,C,07/25/2025 11:26:27 AM,0.0000,-0.0010,0.0,0.0
3948,0,8,  0d 01:05:39.73,  0d 00:01:00.05,1.2503,3.6800,C,07/25/2025 11:26:28 AM,0.0000,-0.0008,0.0,0.0
3949,0,8,  0d 01:05:40.73,  0d 00:01:01.05,1.2500,3.6802,C,07/25/2025 11:26:29 AM,0.0000,-0.0007,0.0,0.0
3950,0,8,  0d 01:05:41.73,  0d 00:01:02.05,1.2503,3.6804,C,07/25/2025 11:26:30 AM,0.0000,-0.0007,0.0,0.0
3951,0,8,  0d 01:05:42.73,  0d 00:01:03.05,1.2500,3.6806,C,07/25/2025 11:26:31 AM,0.0000,-0.0008,0.0,0.0
3952,0,8,  0d 01:05:43.73,  0d 00:01:04.05,1.2503,3.6807,C,07/25/2025 11:26:33 AM,0.0000,-0.0008,0.0,0.0
3953,0,8,  0d 01:05:44.73,  0d 00:01:05.05,1.2500,3.6809,C,07/25/2025 11:26:33 AM,0.0000,-0.0008,0.0,0.0
3954,0,8,  0d 01:05:45.73,  0d 00:01:06.05,1.2500,3.6809,C,07/25/2025 11:26:34 AM,0.0000,-0.0008,0.0,0.0
3955,0,8,  0d 01:05:46.73,  0d 00:01:07.05,1.2494,3.6811,C,07/25/2025 11:26:35 AM,0.0000,-0.0007,0.0,0.0
3956,0,8,  0d 01:05:47.73,  0d 00:01:08.05,1.2500,3.6812,C,07/25/2025 11:26:36 AM,0.0000,-0.0007,0.0,0.0
3957,0,8,  0d 01:05:48.73,  0d 00:01:09.05,1.2503,3.6814,C,07/25/2025 11:26:37 AM,0.0000,-0.0008,0.0,0.0
3958,0,8,  0d 01:05:49.73,  0d 00:01:10.05,1.2500,3.6815,C,07/25/2025 11:26:38 AM,0.0000,-0.0007,0.0,0.0
3959,0,8,  0d 01:05:50.73,  0d 00:01:11.05,1.2497,3.6816,C,07/25/2025 11:26:39 AM,0.0000,-0.0008,0.0,0.0
3960,0,8,  0d 01:05:51.73,  0d 00:01:12.05,1.2500,3.6818,C,07/25/2025 11:26:40 AM,0.0000,-0.0007,0.0,0.0
3961,0,8,  0d 01:05:52.73,  0d 00:01:13.05,1.2500,3.6819,C,07/25/2025 11:26:41 AM,0.0000,-0.0010,0.0,0.0
3962,0,8,  0d 01:05:53.73,  0d 00:01:14.05,1.2494,3.6821,C,07/25/2025 11:26:43 AM,0.0000,-0.0008,0.0,0.0
3963,0,8,  0d 01:05:54.73,  0d 00:01:15.05,1.2500,3.6822,C,07/25/2025 11:26:43 AM,0.0000,-0.0008,0.0,0.0
3964,0,8,  0d 01:05:55.73,  0d 00:01:16.05,1.2497,3.6822,C,07/25/2025 11:26:44 AM,0.0000,-0.0008,0.0,0.0
3965,0,8,  0d 01:05:56.73,  0d 00:01:17.05,1.2503,3.6825,C,07/25/2025 11:26:45 AM,0.0000,-0.0008,0.0,0.0
3966,0,8,  0d 01:05:57.73,  0d 00:01:18.05,1.2500,3.6827,C,07/25/2025 11:26:46 AM,0.0000,-0.0007,0.0,0.0
3967,0,8,  0d 01:05:58.73,  0d 00:01:19.05,1.2500,3.6828,C,07/25/2025 11:26:47 AM,0.0000,-0.0007,0.0,0.0
3968,0,8,  0d 01:05:59.73,  0d 00:01:20.05,1.2500,3.6828,C,07/25/2025 11:26:48 AM,0.0000,-0.0007,0.0,0.0
3969,0,8,  0d 01:06:00.73,  0d 00:01:21.05,1.2500,3.6831,C,07/25/2025 11:26:49 AM,0.0000,-0.0007,0.0,0.0
3970,0,8,  0d 01:06:01.73,  0d 00:01:22.05,1.2494,3.6831,C,07/25/2025 11:26:50 AM,0.0000,-0.0008,0.0,0.0
3971,0,8,  0d 01:06:02.73,  0d 00:01:23.05,1.2503,3.6833,C,07/25/2025 11:26:51 AM,0.0000,-0.0005,0.0,0.0
3972,0,8,  0d 01:06:03.73,  0d 00:01:24.05,1.2500,3.6833,C,07/25/2025 11:26:52 AM,0.0000,-0.0008,0.0,0.0
3973,0,8,  0d 01:06:04.73,  0d 00:01:25.05,1.2506,3.6837,C,07/25/2025 11:26:53 AM,0.0000,-0.0008,0.0,0.0
3974,0,8,  0d 01:06:05.73,  0d 00:01:26.05,1.2497,3.6838,C,07/25/2025 11:26:54 AM,0.0000,-0.0007,0.0,0.0
3975,0,8,  0d 01:06:06.73,  0d 00:01:27.05,1.2497,3.6839,C,07/25/2025 11:26:55 AM,0.0000,-0.0008,0.0,0.0
3976,0,8,  0d 01:06:07.73,  0d 00:01:28.05,1.2500,3.6841,C,07/25/2025 11:26:56 AM,0.0000,-0.0007,0.0,0.0
3977,0,8,  0d 01:06:08.73,  0d 00:01:29.05,1.2494,3.6842,C,07/25/2025 11:26:57 AM,0.0000,-0.0008,0.0,0.0
3978,0,8,  0d 01:06:09.73,  0d 00:01:30.05,1.2494,3.6844,C,07/25/2025 11:26:58 AM,0.0000,-0.0008,0.0,0.0
3979,0,8,  0d 01:06:10.73,  0d 00:01:31.05,1.2500,3.6845,C,07/25/2025 11:26:59 AM,0.0000,-0.0008,0.0,0.0
3980,0,8,  0d 01:06:11.73,  0d 00:01:32.05,1.2500,3.6846,C,07/25/2025 11:27:00 AM,0.0000,-0.0008,0.0,0.0
3981,0,8,  0d 01:06:12.73,  0d 00:01:33.05,1.2494,3.6847,C,07/25/2025 11:27:01 AM,0.0000,-0.0008,0.0,0.0
3982,0,8,  0d 01:06:13.73,  0d 00:01:34.05,1.2506,3.6849,C,07/25/2025 11:27:02 AM,0.0000,-0.0008,0.0,0.0
3983,0,8,  0d 01:06:14.73,  0d 00:01:35.05,1.2503,3.6851,C,07/25/2025 11:27:03 AM,0.0000,-0.0007,0.0,0.0
3984,0,8,  0d 01:06:15.73,  0d 00:01:36.05,1.2500,3.6852,C,07/25/2025 11:27:04 AM,0.0000,-0.0008,0.0,0.0
3985,0,8,  0d 01:06:16.73,  0d 00:01:37.05,1.2497,3.6853,C,07/25/2025 11:27:05 AM,0.0000,-0.0007,0.0,0.0
3986,0,8,  0d 01:06:17.73,  0d 00:01:38.05,1.2500,3.6854,C,07/25/2025 11:27:06 AM,0.0000,-0.0007,0.0,0.0
3987,0,8,  0d 01:06:18.73,  0d 00:01:39.05,1.2497,3.6856,C,07/25/2025 11:27:07 AM,0.0000,-0.0007,0.0,0.0
3988,0,8,  0d 01:06:19.73,  0d 00:01:40.05,1.2503,3.6857,C,07/25/2025 11:27:08 AM,0.0000,-0.0008,0.0,0.0
3989,0,8,  0d 01:06:20.73,  0d 00:01:41.05,1.2497,3.6859,C,07/25/2025 11:27:09 AM,0.0000,-0.0008,0.0,0.0
3990,0,8,  0d 01:06:21.73,  0d 00:01:42.05,1.2497,3.6860,C,07/25/2025 11:27:10 AM,0.0000,-0.0008,0.0,0.0
3991,0,8,  0d 01:06:22.73,  0d 00:01:43.05,1.2503,3.6860,C,07/25/2025 11:27:11 AM,0.0000,-0.0007,0.0,0.0
3992,0,8,  0d 01:06:23.73,  0d 00:01:44.05,1.2500,3.6863,C,07/25/2025 11:27:12 AM,0.0000,-0.0007,0.0,0.0
3993,0,8,  0d 01:06:24.73,  0d 00:01:45.05,1.2503,3.6864,C,07/25/2025 11:27:13 AM,0.0000,-0.0007,0.0,0.0
3994,0,8,  0d 01:06:25.73,  0d 00:01:46.05,1.2497,3.6866,C,07/25/2025 11:27:14 AM,0.0000,-0.0008,0.0,0.0
3995,0,8,  0d 01:06:26.73,  0d 00:01:47.05,1.2506,3.6867,C,07/25/2025 11:27:15 AM,0.0000,-0.0008,0.0,0.0
3996,0,8,  0d 01:06:27.73,  0d 00:01:48.05,1.2500,3.6868,C,07/25/2025 11:27:16 AM,0.0000,-0.0007,0.0,0.0
3997,0,8,  0d 01:06:28.73,  0d 00:01:49.05,1.2497,3.6870,C,07/25/2025 11:27:17 AM,0.0000,-0.0007,0.0,0.0
3998,0,8,  0d 01:06:29.73,  0d 00:01:50.05,1.2500,3.6872,C,07/25/2025 11:27:18 AM,0.0000,-0.0008,0.0,0.0
3999,0,8,  0d 01:06:30.73,  0d 00:01:51.05,1.2500,3.6873,C,07/25/2025 11:27:19 AM,0.0000,-0.0007,0.0,0.0
4000,0,8,  0d 01:06:31.73,  0d 00:01:52.05,1.2500,3.6874,C,07/25/2025 11:27:20 AM,0.0000,-0.0007,0.0,0.0
4001,0,8,  0d 01:06:32.73,  0d 00:01:53.05,1.2494,3.6875,C,07/25/2025 11:27:21 AM,0.0000,-0.0008,0.0,0.0
4002,0,8,  0d 01:06:33.73,  0d 00:01:54.05,1.2494,3.6877,C,07/25/2025 11:27:22 AM,0.0000,-0.0005,0.0,0.0
4003,0,8,  0d 01:06:34.73,  0d 00:01:55.05,1.2497,3.6877,C,07/25/2025 11:27:23 AM,0.0000,-0.0005,0.0,0.0
4004,0,8,  0d 01:06:35.73,  0d 00:01:56.05,1.2497,3.6880,C,07/25/2025 11:27:24 AM,0.0000,-0.0007,0.0,0.0
4005,0,8,  0d 01:06:36.73,  0d 00:01:57.05,1.2500,3.6882,C,07/25/2025 11:27:25 AM,0.0000,-0.0008,0.0,0.0
4006,0,8,  0d 01:06:37.73,  0d 00:01:58.05,1.2503,3.6882,C,07/25/2025 11:27:26 AM,0.0000,-0.0008,0.0,0.0
4007,0,8,  0d 01:06:38.73,  0d 00:01:59.05,1.2500,3.6884,C,07/25/2025 11:27:27 AM,0.0000,-0.0007,0.0,0.0
4008,0,8,  0d 01:06:39.73,  0d 00:02:00.05,1.2494,3.6886,C,07/25/2025 11:27:28 AM,0.0000,-0.0007,0.0,0.0
4009,0,8,  0d 01:06:40.73,  0d 00:02:01.05,1.2497,3.6886,C,07/25/2025 11:27:29 AM,0.0000,-0.0007,0.0,0.0
4010,0,8,  0d 01:06:41.73,  0d 00:02:02.05,1.2500,3.6887,C,07/25/2025 11:27:30 AM,0.0000,-0.0005,0.0,0.0
4011,0,8,  0d 01:06:42.73,  0d 00:02:03.05,1.2503,3.6889,C,07/25/2025 11:27:31 AM,0.0000,-0.0007,0.0,0.0
4012,0,8,  0d 01:06:43.73,  0d 00:02:04.05,1.2506,3.6890,C,07/25/2025 11:27:32 AM,0.0000,-0.0008,0.0,0.0
4013,0,8,  0d 01:06:44.73,  0d 00:02:05.05,1.2500,3.6892,C,07/25/2025 11:27:34 AM,0.0000,-0.0007,0.0,0.0
4014,0,8,  0d 01:06:45.73,  0d 00:02:06.05,1.2494,3.6893,C,07/25/2025 11:27:34 AM,0.0000,-0.0008,0.0,0.0
4015,0,8,  0d 01:06:46.73,  0d 00:02:07.05,1.2503,3.6894,C,07/25/2025 11:27:35 AM,0.0000,-0.0007,0.0,0.0
4016,0,8,  0d 01:06:47.73,  0d 00:02:08.05,1.2503,3.6896,C,07/25/2025 11:27:36 AM,0.0000,-0.0007,0.0,0.0
4017,0,8,  0d 01:06:48.73,  0d 00:02:09.05,1.2500,3.6897,C,07/25/2025 11:27:37 AM,0.0000,-0.0010,0.0,0.0
4018,0,8,  0d 01:06:49.73,  0d 00:02:10.05,1.2500,3.6898,C,07/25/2025 11:27:38 AM,0.0000,-0.0007,0.0,0.0
4019,0,8,  0d 01:06:50.73,  0d 00:02:11.05,1.2503,3.6900,C,07/25/2025 11:27:39 AM,0.0000,-0.0008,0.0,0.0
4020,0,8,  0d 01:06:51.73,  0d 00:02:12.05,1.2497,3.6902,C,07/25/2025 11:27:40 AM,0.0000,-0.0008,0.0,0.0
4021,0,8,  0d 01:06:52.73,  0d 00:02:13.05,1.2497,3.6903,C,07/25/2025 11:27:41 AM,0.0000,-0.0008,0.0,0.0
4022,0,8,  0d 01:06:53.73,  0d 00:02:14.05,1.2500,3.6905,C,07/25/2025 11:27:42 AM,0.0000,-0.0008,0.0,0.0
4023,0,8,  0d 01:06:54.73,  0d 00:02:15.05,1.2497,3.6905,C,07/25/2025 11:27:44 AM,0.0000,-0.0007,0.0,0.0
4024,0,8,  0d 01:06:55.73,  0d 00:02:16.05,1.2497,3.6907,C,07/25/2025 11:27:44 AM,0.0000,-0.0007,0.0,0.0
4025,0,8,  0d 01:06:56.73,  0d 00:02:17.05,1.2500,3.6909,C,07/25/2025 11:27:45 AM,0.0000,-0.0008,0.0,0.0
4026,0,8,  0d 01:06:57.73,  0d 00:02:18.05,1.2500,3.6909,C,07/25/2025 11:27:46 AM,0.0000,-0.0007,0.0,0.0
4027,0,8,  0d 01:06:58.73,  0d 00:02:19.05,1.2503,3.6909,C,07/25/2025 11:27:47 AM,0.0000,-0.0008,0.0,0.0
4028,0,8,  0d 01:06:59.73,  0d 00:02:20.05,1.2500,3.6912,C,07/25/2025 11:27:48 AM,0.0000,-0.0008,0.0,0.0
4029,0,8,  0d 01:07:00.73,  0d 00:02:21.05,1.2497,3.6914,C,07/25/2025 11:27:49 AM,0.0000,-0.0008,0.0,0.0
4030,0,8,  0d 01:07:01.73,  0d 00:02:22.05,1.2500,3.6915,C,07/25/2025 11:27:50 AM,0.0000,-0.0008,0.0,0.0
4031,0,8,  0d 01:07:02.73,  0d 00:02:23.05,1.2500,3.6915,C,07/25/2025 11:27:51 AM,0.0000,-0.0007,0.0,0.0
4032,0,8,  0d 01:07:03.73,  0d 00:02:24.05,1.2503,3.6915,C,07/25/2025 11:27:52 AM,0.0000,-0.0007,0.0,0.0
4033,0,8,  0d 01:07:04.73,  0d 00:02:25.05,1.2494,3.6918,C,07/25/2025 11:27:54 AM,0.0000,-0.0008,0.0,0.0
4034,0,8,  0d 01:07:05.73,  0d 00:02:26.05,1.2503,3.6919,C,07/25/2025 11:27:54 AM,0.0000,-0.0008,0.0,0.0
4035,0,8,  0d 01:07:06.73,  0d 00:02:27.05,1.2503,3.6920,C,07/25/2025 11:27:55 AM,0.0000,-0.0008,0.0,0.0
4036,0,8,  0d 01:07:07.73,  0d 00:02:28.05,1.2500,3.6921,C,07/25/2025 11:27:56 AM,0.0000,-0.0007,0.0,0.0
4037,0,8,  0d 01:07:08.73,  0d 00:02:29.05,1.2500,3.6923,C,07/25/2025 11:27:57 AM,0.0000,-0.0008,0.0,0.0
4038,0,8,  0d 01:07:09.73,  0d 00:02:30.05,1.2500,3.6924,C,07/25/2025 11:27:58 AM,0.0000,-0.0007,0.0,0.0
4039,0,8,  0d 01:07:10.73,  0d 00:02:31.05,1.2509,3.6925,C,07/25/2025 11:27:59 AM,0.0000,-0.0005,0.0,0.0
4040,0,8,  0d 01:07:11.73,  0d 00:02:32.05,1.2497,3.6926,C,07/25/2025 11:28:00 AM,0.0000,-0.0008,0.0,0.0
4041,0,8,  0d 01:07:12.73,  0d 00:02:33.05,1.2503,3.6928,C,07/25/2025 11:28:01 AM,0.0000,-0.0007,0.0,0.0
4042,0,8,  0d 01:07:13.73,  0d 00:02:34.05,1.2500,3.6931,C,07/25/2025 11:28:02 AM,0.0000,-0.0007,0.0,0.0
4043,0,8,  0d 01:07:14.73,  0d 00:02:35.05,1.2497,3.6931,C,07/25/2025 11:28:04 AM,0.0000,-0.0005,0.0,0.0
4044,0,8,  0d 01:07:15.73,  0d 00:02:36.05,1.2497,3.6931,C,07/25/2025 11:28:04 AM,0.0000,-0.0007,0.0,0.0
4045,0,8,  0d 01:07:16.73,  0d 00:02:37.05,1.2500,3.6934,C,07/25/2025 11:28:05 AM,0.0000,-0.0007,0.0,0.0
4046,0,8,  0d 01:07:17.73,  0d 00:02:38.05,1.2500,3.6935,C,07/25/2025 11:28:06 AM,0.0000,-0.0007,0.0,0.0
4047,0,8,  0d 01:07:18.73,  0d 00:02:39.05,1.2506,3.6937,C,07/25/2025 11:28:07 AM,0.0000,-0.0008,0.0,0.0
4048,0,8,  0d 01:07:19.73,  0d 00:02:40.05,1.2500,3.6938,C,07/25/2025 11:28:08 AM,0.0000,-0.0007,0.0,0.0
4049,0,8,  0d 01:07:20.73,  0d 00:02:41.05,1.2500,3.6938,C,07/25/2025 11:28:09 AM,0.0000,-0.0008,0.0,0.0
4050,0,8,  0d 01:07:21.73,  0d 00:02:42.05,1.2506,3.6941,C,07/25/2025 11:28:10 AM,0.0000,-0.0007,0.0,0.0
4051,0,8,  0d 01:07:22.73,  0d 00:02:43.05,1.2503,3.6941,C,07/25/2025 11:28:11 AM,0.0000,-0.0008,0.0,0.0
4052,0,8,  0d 01:07:23.73,  0d 00:02:44.05,1.2500,3.6943,C,07/25/2025 11:28:12 AM,0.0000,-0.0008,0.0,0.0
4053,0,8,  0d 01:07:24.73,  0d 00:02:45.05,1.2503,3.6943,C,07/25/2025 11:28:13 AM,0.0000,-0.0008,0.0,0.0
4054,0,8,  0d 01:07:25.73,  0d 00:02:46.05,1.2500,3.6945,C,07/25/2025 11:28:14 AM,0.0000,-0.0007,0.0,0.0
4055,0,8,  0d 01:07:26.73,  0d 00:02:47.05,1.2497,3.6946,C,07/25/2025 11:28:15 AM,0.0000,-0.0008,0.0,0.0
4056,0,8,  0d 01:07:27.73,  0d 00:02:48.05,1.2500,3.6947,C,07/25/2025 11:28:16 AM,0.0000,-0.0007,0.0,0.0
4057,0,8,  0d 01:07:28.73,  0d 00:02:49.05,1.2497,3.6948,C,07/25/2025 11:28:17 AM,0.0000,-0.0008,0.0,0.0
4058,0,8,  0d 01:07:29.73,  0d 00:02:50.05,1.2494,3.6950,C,07/25/2025 11:28:18 AM,0.0000,-0.0005,0.0,0.0
4059,0,8,  0d 01:07:30.73,  0d 00:02:51.05,1.2497,3.6950,C,07/25/2025 11:28:19 AM,0.0000,-0.0008,0.0,0.0
4060,0,8,  0d 01:07:31.73,  0d 00:02:52.05,1.2500,3.6952,C,07/25/2025 11:28:20 AM,0.0000,-0.0008,0.0,0.0
4061,0,8,  0d 01:07:32.73,  0d 00:02:53.05,1.2494,3.6954,C,07/25/2025 11:28:21 AM,0.0000,-0.0007,0.0,0.0
4062,0,8,  0d 01:07:33.73,  0d 00:02:54.05,1.2497,3.6954,C,07/25/2025 11:28:22 AM,0.0000,-0.0008,0.0,0.0
4063,0,8,  0d 01:07:34.73,  0d 00:02:55.05,1.2497,3.6956,C,07/25/2025 11:28:23 AM,0.0000,-0.0008,0.0,0.0
4064,0,8,  0d 01:07:35.73,  0d 00:02:56.05,1.2500,3.6957,C,07/25/2025 11:28:24 AM,0.0000,-0.0007,0.0,0.0
4065,0,8,  0d 01:07:36.73,  0d 00:02:57.05,1.2497,3.6957,C,07/25/2025 11:28:25 AM,0.0000,-0.0008,0.0,0.0
4066,0,8,  0d 01:07:37.73,  0d 00:02:58.05,1.2494,3.6959,C,07/25/2025 11:28:26 AM,0.0000,-0.0008,0.0,0.0
4067,0,8,  0d 01:07:38.73,  0d 00:02:59.05,1.2497,3.6960,C,07/25/2025 11:28:27 AM,0.0000,-0.0008,0.0,0.0
4068,0,8,  0d 01:07:39.73,  0d 00:03:00.05,1.2503,3.6961,C,07/25/2025 11:28:28 AM,0.0000,-0.0007,0.0,0.0
4069,0,8,  0d 01:07:40.73,  0d 00:03:01.05,1.2497,3.6962,C,07/25/2025 11:28:29 AM,0.0000,-0.0007,0.0,0.0
4070,0,8,  0d 01:07:41.73,  0d 00:03:02.05,1.2491,3.6963,C,07/25/2025 11:28:30 AM,0.0000,-0.0007,0.0,0.0
4071,0,8,  0d 01:07:42.73,  0d 00:03:03.05,1.2503,3.6966,C,07/25/2025 11:28:31 AM,0.0000,-0.0008,0.0,0.0
4072,0,8,  0d 01:07:43.73,  0d 00:03:04.05,1.2497,3.6965,C,07/25/2025 11:28:32 AM,0.0000,-0.0008,0.0,0.0
4073,0,8,  0d 01:07:44.73,  0d 00:03:05.05,1.2497,3.6967,C,07/25/2025 11:28:33 AM,0.0000,-0.0008,0.0,0.0
4074,0,8,  0d 01:07:45.73,  0d 00:03:06.05,1.2497,3.6969,C,07/25/2025 11:28:34 AM,0.0000,-0.0007,0.0,0.0
4075,0,8,  0d 01:07:46.73,  0d 00:03:07.05,1.2506,3.6970,C,07/25/2025 11:28:35 AM,0.0000,-0.0010,0.0,0.0
4076,0,8,  0d 01:07:47.73,  0d 00:03:08.05,1.2497,3.6972,C,07/25/2025 11:28:36 AM,0.0000,-0.0008,0.0,0.0
4077,0,8,  0d 01:07:48.73,  0d 00:03:09.05,1.2500,3.6972,C,07/25/2025 11:28:37 AM,0.0000,-0.0008,0.0,0.0
4078,0,8,  0d 01:07:49.73,  0d 00:03:10.05,1.2500,3.6973,C,07/25/2025 11:28:38 AM,0.0000,-0.0007,0.0,0.0
4079,0,8,  0d 01:07:50.73,  0d 00:03:11.05,1.2503,3.6975,C,07/25/2025 11:28:39 AM,0.0000,-0.0008,0.0,0.0
4080,0,8,  0d 01:07:51.73,  0d 00:03:12.05,1.2500,3.6975,C,07/25/2025 11:28:40 AM,0.0000,-0.0007,0.0,0.0
4081,0,8,  0d 01:07:52.73,  0d 00:03:13.05,1.2497,3.6976,C,07/25/2025 11:28:41 AM,0.0000,-0.0008,0.0,0.0
4082,0,8,  0d 01:07:53.73,  0d 00:03:14.05,1.2497,3.6977,C,07/25/2025 11:28:42 AM,0.0000,-0.0007,0.0,0.0
4083,0,8,  0d 01:07:54.73,  0d 00:03:15.05,1.2497,3.6978,C,07/25/2025 11:28:43 AM,0.0000,-0.0007,0.0,0.0
4084,0,8,  0d 01:07:55.73,  0d 00:03:16.05,1.2497,3.6979,C,07/25/2025 11:28:45 AM,0.0000,-0.0008,0.0,0.0
4085,0,8,  0d 01:07:56.73,  0d 00:03:17.05,1.2494,3.6981,C,07/25/2025 11:28:45 AM,0.0000,-0.0008,0.0,0.0
4086,0,8,  0d 01:07:57.73,  0d 00:03:18.05,1.2506,3.6981,C,07/25/2025 11:28:46 AM,0.0000,-0.0008,0.0,0.0
4087,0,8,  0d 01:07:58.73,  0d 00:03:19.05,1.2503,3.6983,C,07/25/2025 11:28:47 AM,0.0000,-0.0007,0.0,0.0
4088,0,8,  0d 01:07:59.73,  0d 00:03:20.05,1.2494,3.6983,C,07/25/2025 11:28:48 AM,0.0000,-0.0010,0.0,0.0
4089,0,8,  0d 01:08:00.73,  0d 00:03:21.05,1.2500,3.6984,C,07/25/2025 11:28:49 AM,0.0000,-0.0007,0.0,0.0
4090,0,8,  0d 01:08:01.73,  0d 00:03:22.05,1.2503,3.6986,C,07/25/2025 11:28:50 AM,0.0000,-0.0007,0.0,0.0
4091,0,8,  0d 01:08:02.73,  0d 00:03:23.05,1.2497,3.6986,C,07/25/2025 11:28:51 AM,0.0000,-0.0008,0.0,0.0
4092,0,8,  0d 01:08:03.73,  0d 00:03:24.05,1.2497,3.6987,C,07/25/2025 11:28:52 AM,0.0000,-0.0007,0.0,0.0
4093,0,8,  0d 01:08:04.73,  0d 00:03:25.05,1.2503,3.6990,C,07/25/2025 11:28:53 AM,0.0000,-0.0007,0.0,0.0
4094,0,8,  0d 01:08:05.73,  0d 00:03:26.05,1.2497,3.6991,C,07/25/2025 11:28:55 AM,0.0000,-0.0008,0.0,0.0
4095,0,8,  0d 01:08:06.73,  0d 00:03:27.05,1.2497,3.6992,C,07/25/2025 11:28:55 AM,0.0000,-0.0007,0.0,0.0
4096,0,8,  0d 01:08:07.73,  0d 00:03:28.05,1.2497,3.6993,C,07/25/2025 11:28:56 AM,0.0000,-0.0008,0.0,0.0
4097,0,8,  0d 01:08:08.73,  0d 00:03:29.05,1.2500,3.6993,C,07/25/2025 11:28:57 AM,0.0000,-0.0007,0.0,0.0
4098,0,8,  0d 01:08:09.73,  0d 00:03:30.05,1.2503,3.6995,C,07/25/2025 11:28:58 AM,0.0000,-0.0008,0.0,0.0
4099,0,8,  0d 01:08:10.73,  0d 00:03:31.05,1.2506,3.6995,C,07/25/2025 11:28:59 AM,0.0000,-0.0007,0.0,0.0
4100,0,8,  0d 01:08:11.73,  0d 00:03:32.05,1.2500,3.6997,C,07/25/2025 11:29:00 AM,0.0000,-0.0007,0.0,0.0
4101,0,8,  0d 01:08:12.73,  0d 00:03:33.05,1.2494,3.6999,C,07/25/2025 11:29:01 AM,0.0000,-0.0005,0.0,0.0
4102,0,8,  0d 01:08:13.73,  0d 00:03:34.05,1.2494,3.7000,C,07/25/2025 11:29:02 AM,0.0000,-0.0008,0.0,0.0
4103,0,8,  0d 01:08:14.73,  0d 00:03:35.05,1.2500,3.7000,C,07/25/2025 11:29:03 AM,0.0000,-0.0005,0.0,0.0
4104,0,8,  0d 01:08:15.73,  0d 00:03:36.05,1.2503,3.7001,C,07/25/2025 11:29:05 AM,0.0000,-0.0007,0.0,0.0
4105,0,8,  0d 01:08:16.73,  0d 00:03:37.05,1.2500,3.7002,C,07/25/2025 11:29:05 AM,0.0000,-0.0005,0.0,0.0
4106,0,8,  0d 01:08:17.73,  0d 00:03:38.05,1.2500,3.7003,C,07/25/2025 11:29:06 AM,0.0000,-0.0008,0.0,0.0
4107,0,8,  0d 01:08:18.73,  0d 00:03:39.05,1.2500,3.7003,C,07/25/2025 11:29:07 AM,0.0000,-0.0007,0.0,0.0
4108,0,8,  0d 01:08:19.73,  0d 00:03:40.05,1.2497,3.7005,C,07/25/2025 11:29:08 AM,0.0000,-0.0008,0.0,0.0
4109,0,8,  0d 01:08:20.73,  0d 00:03:41.05,1.2494,3.7005,C,07/25/2025 11:29:09 AM,0.0000,-0.0007,0.0,0.0
4110,0,8,  0d 01:08:21.73,  0d 00:03:42.05,1.2500,3.7006,C,07/25/2025 11:29:10 AM,0.0000,-0.0008,0.0,0.0
4111,0,8,  0d 01:08:22.73,  0d 00:03:43.05,1.2506,3.7008,C,07/25/2025 11:29:11 AM,0.0000,-0.0008,0.0,0.0
4112,0,8,  0d 01:08:23.73,  0d 00:03:44.05,1.2497,3.7009,C,07/25/2025 11:29:12 AM,0.0000,-0.0007,0.0,0.0
4113,0,8,  0d 01:08:24.73,  0d 00:03:45.05,1.2500,3.7010,C,07/25/2025 11:29:13 AM,0.0000,-0.0007,0.0,0.0
4114,0,8,  0d 01:08:25.73,  0d 00:03:46.05,1.2497,3.7012,C,07/25/2025 11:29:15 AM,0.0000,-0.0008,0.0,0.0
4115,0,8,  0d 01:08:26.73,  0d 00:03:47.05,1.2500,3.7012,C,07/25/2025 11:29:15 AM,0.0000,-0.0008,0.0,0.0
4116,0,8,  0d 01:08:27.73,  0d 00:03:48.05,1.2500,3.7014,C,07/25/2025 11:29:16 AM,0.0000,-0.0008,0.0,0.0
4117,0,8,  0d 01:08:28.73,  0d 00:03:49.05,1.2494,3.7013,C,07/25/2025 11:29:17 AM,0.0000,-0.0007,0.0,0.0
4118,0,8,  0d 01:08:29.73,  0d 00:03:50.05,1.2494,3.7015,C,07/25/2025 11:29:18 AM,0.0000,-0.0007,0.0,0.0
4119,0,8,  0d 01:08:30.73,  0d 00:03:51.05,1.2497,3.7017,C,07/25/2025 11:29:19 AM,0.0000,-0.0007,0.0,0.0
4120,0,8,  0d 01:08:31.73,  0d 00:03:52.05,1.2500,3.7017,C,07/25/2025 11:29:20 AM,0.0000,-0.0008,0.0,0.0
4121,0,8,  0d 01:08:32.73,  0d 00:03:53.05,1.2497,3.7018,C,07/25/2025 11:29:21 AM,0.0000,-0.0008,0.0,0.0
4122,0,8,  0d 01:08:33.73,  0d 00:03:54.05,1.2497,3.7019,C,07/25/2025 11:29:22 AM,0.0000,-0.0007,0.0,0.0
4123,0,8,  0d 01:08:34.73,  0d 00:03:55.05,1.2497,3.7021,C,07/25/2025 11:29:23 AM,0.0000,-0.0008,0.0,0.0
4124,0,8,  0d 01:08:35.73,  0d 00:03:56.05,1.2497,3.7021,C,07/25/2025 11:29:24 AM,0.0000,-0.0007,0.0,0.0
4125,0,8,  0d 01:08:36.73,  0d 00:03:57.05,1.2494,3.7021,C,07/25/2025 11:29:25 AM,0.0000,-0.0007,0.0,0.0
4126,0,8,  0d 01:08:37.73,  0d 00:03:58.05,1.2494,3.7023,C,07/25/2025 11:29:26 AM,0.0000,-0.0007,0.0,0.0
4127,0,8,  0d 01:08:38.73,  0d 00:03:59.05,1.2500,3.7024,C,07/25/2025 11:29:27 AM,0.0000,-0.0010,0.0,0.0
4128,0,8,  0d 01:08:39.73,  0d 00:04:00.05,1.2500,3.7025,C,07/25/2025 11:29:28 AM,0.0000,-0.0008,0.0,0.0
4129,0,8,  0d 01:08:40.73,  0d 00:04:01.05,1.2500,3.7027,C,07/25/2025 11:29:29 AM,0.0000,-0.0008,0.0,0.0
4130,0,8,  0d 01:08:41.73,  0d 00:04:02.05,1.2497,3.7027,C,07/25/2025 11:29:30 AM,0.0000,-0.0008,0.0,0.0
4131,0,8,  0d 01:08:42.73,  0d 00:04:03.05,1.2500,3.7029,C,07/25/2025 11:29:31 AM,0.0000,-0.0008,0.0,0.0
4132,0,8,  0d 01:08:43.73,  0d 00:04:04.05,1.2497,3.7029,C,07/25/2025 11:29:32 AM,0.0000,-0.0007,0.0,0.0
4133,0,8,  0d 01:08:44.73,  0d 00:04:05.05,1.2497,3.7032,C,07/25/2025 11:29:33 AM,0.0000,-0.0007,0.0,0.0
4134,0,8,  0d 01:08:45.73,  0d 00:04:06.05,1.2500,3.7033,C,07/25/2025 11:29:34 AM,0.0000,-0.0007,0.0,0.0
4135,0,8,  0d 01:08:46.73,  0d 00:04:07.05,1.2497,3.7033,C,07/25/2025 11:29:35 AM,0.0000,-0.0008,0.0,0.0
4136,0,8,  0d 01:08:47.73,  0d 00:04:08.05,1.2500,3.7034,C,07/25/2025 11:29:36 AM,0.0000,-0.0007,0.0,0.0
4137,0,8,  0d 01:08:48.73,  0d 00:04:09.05,1.2497,3.7035,C,07/25/2025 11:29:37 AM,0.0000,-0.0007,0.0,0.0
4138,0,8,  0d 01:08:49.73,  0d 00:04:10.05,1.2497,3.7036,C,07/25/2025 11:29:38 AM,0.0000,-0.0007,0.0,0.0
4139,0,8,  0d 01:08:50.73,  0d 00:04:11.05,1.2500,3.7038,C,07/25/2025 11:29:39 AM,0.0000,-0.0008,0.0,0.0
4140,0,8,  0d 01:08:51.73,  0d 00:04:12.05,1.2497,3.7038,C,07/25/2025 11:29:40 AM,0.0000,-0.0007,0.0,0.0
4141,0,8,  0d 01:08:52.73,  0d 00:04:13.05,1.2497,3.7039,C,07/25/2025 11:29:41 AM,0.0000,-0.0008,0.0,0.0
4142,0,8,  0d 01:08:53.73,  0d 00:04:14.05,1.2500,3.7039,C,07/25/2025 11:29:42 AM,0.0000,-0.0008,0.0,0.0
4143,0,8,  0d 01:08:54.73,  0d 00:04:15.05,1.2494,3.7041,C,07/25/2025 11:29:43 AM,0.0000,-0.0007,0.0,0.0
4144,0,8,  0d 01:08:55.73,  0d 00:04:16.05,1.2500,3.7042,C,07/25/2025 11:29:44 AM,0.0000,-0.0007,0.0,0.0
4145,0,8,  0d 01:08:56.73,  0d 00:04:17.05,1.2497,3.7043,C,07/25/2025 11:29:45 AM,0.0000,-0.0010,0.0,0.0
4146,0,8,  0d 01:08:57.73,  0d 00:04:18.05,1.2497,3.7044,C,07/25/2025 11:29:46 AM,0.0000,-0.0008,0.0,0.0
4147,0,8,  0d 01:08:58.73,  0d 00:04:19.05,1.2497,3.7045,C,07/25/2025 11:29:47 AM,0.0000,-0.0010,0.0,0.0
4148,0,8,  0d 01:08:59.73,  0d 00:04:20.05,1.2500,3.7046,C,07/25/2025 11:29:48 AM,0.0000,-0.0007,0.0,0.0
4149,0,8,  0d 01:09:00.73,  0d 00:04:21.05,1.2497,3.7047,C,07/25/2025 11:29:49 AM,0.0000,-0.0007,0.0,0.0
4150,0,8,  0d 01:09:01.73,  0d 00:04:22.05,1.2500,3.7048,C,07/25/2025 11:29:50 AM,0.0000,-0.0008,0.0,0.0
4151,0,8,  0d 01:09:02.73,  0d 00:04:23.05,1.2497,3.7048,C,07/25/2025 11:29:51 AM,0.0000,-0.0008,0.0,0.0
4152,0,8,  0d 01:09:03.73,  0d 00:04:24.05,1.2500,3.7049,C,07/25/2025 11:29:52 AM,0.0000,-0.0007,0.0,0.0
4153,0,8,  0d 01:09:04.73,  0d 00:04:25.05,1.2497,3.7051,C,07/25/2025 11:29:53 AM,0.0000,-0.0008,0.0,0.0
4154,0,8,  0d 01:09:05.73,  0d 00:04:26.05,1.2500,3.7052,C,07/25/2025 11:29:54 AM,0.0000,-0.0007,0.0,0.0
4155,0,8,  0d 01:09:06.73,  0d 00:04:27.05,1.2503,3.7053,C,07/25/2025 11:29:56 AM,0.0000,-0.0008,0.0,0.0
4156,0,8,  0d 01:09:07.73,  0d 00:04:28.05,1.2494,3.7054,C,07/25/2025 11:29:56 AM,0.0000,-0.0008,0.0,0.0
4157,0,8,  0d 01:09:08.73,  0d 00:04:29.05,1.2500,3.7055,C,07/25/2025 11:29:57 AM,0.0000,-0.0007,0.0,0.0
4158,0,8,  0d 01:09:09.73,  0d 00:04:30.05,1.2497,3.7057,C,07/25/2025 11:29:58 AM,0.0000,-0.0007,0.0,0.0
4159,0,8,  0d 01:09:10.73,  0d 00:04:31.05,1.2497,3.7057,C,07/25/2025 11:29:59 AM,0.0000,-0.0007,0.0,0.0
4160,0,8,  0d 01:09:11.73,  0d 00:04:32.05,1.2500,3.7058,C,07/25/2025 11:30:00 AM,0.0000,-0.0008,0.0,0.0
4161,0,8,  0d 01:09:12.73,  0d 00:04:33.05,1.2497,3.7060,C,07/25/2025 11:30:01 AM,0.0000,-0.0008,0.0,0.0
4162,0,8,  0d 01:09:13.73,  0d 00:04:34.05,1.2497,3.7060,C,07/25/2025 11:30:02 AM,0.0000,-0.0007,0.0,0.0
4163,0,8,  0d 01:09:14.73,  0d 00:04:35.05,1.2497,3.7062,C,07/25/2025 11:30:03 AM,0.0000,-0.0007,0.0,0.0
4164,0,8,  0d 01:09:15.73,  0d 00:04:36.05,1.2500,3.7061,C,07/25/2025 11:30:04 AM,0.0000,-0.0007,0.0,0.0
4165,0,8,  0d 01:09:16.73,  0d 00:04:37.05,1.2503,3.7063,C,07/25/2025 11:30:06 AM,0.0000,-0.0010,0.0,0.0
4166,0,8,  0d 01:09:17.73,  0d 00:04:38.05,1.2500,3.7063,C,07/25/2025 11:30:06 AM,0.0000,-0.0007,0.0,0.0
4167,0,8,  0d 01:09:18.73,  0d 00:04:39.05,1.2500,3.7066,C,07/25/2025 11:30:07 AM,0.0000,-0.0007,0.0,0.0
4168,0,8,  0d 01:09:19.73,  0d 00:04:40.05,1.2500,3.7066,C,07/25/2025 11:30:08 AM,0.0000,-0.0007,0.0,0.0
4169,0,8,  0d 01:09:20.73,  0d 00:04:41.05,1.2503,3.7068,C,07/25/2025 11:30:09 AM,0.0000,-0.0008,0.0,0.0
4170,0,8,  0d 01:09:21.73,  0d 00:04:42.05,1.2503,3.7069,C,07/25/2025 11:30:10 AM,0.0000,-0.0010,0.0,0.0
4171,0,8,  0d 01:09:22.73,  0d 00:04:43.05,1.2497,3.7070,C,07/25/2025 11:30:11 AM,0.0000,-0.0008,0.0,0.0
4172,0,8,  0d 01:09:23.73,  0d 00:04:44.05,1.2497,3.7070,C,07/25/2025 11:30:12 AM,0.0000,-0.0007,0.0,0.0
4173,0,8,  0d 01:09:24.73,  0d 00:04:45.05,1.2500,3.7072,C,07/25/2025 11:30:13 AM,0.0000,-0.0007,0.0,0.0
4174,0,8,  0d 01:09:25.73,  0d 00:04:46.05,1.2503,3.7073,C,07/25/2025 11:30:14 AM,0.0000,-0.0008,0.0,0.0
4175,0,8,  0d 01:09:26.73,  0d 00:04:47.05,1.2497,3.7074,C,07/25/2025 11:30:16 AM,0.0000,-0.0008,0.0,0.0
4176,0,8,  0d 01:09:27.73,  0d 00:04:48.05,1.2500,3.7075,C,07/25/2025 11:30:16 AM,0.0000,-0.0005,0.0,0.0
4177,0,8,  0d 01:09:28.73,  0d 00:04:49.05,1.2500,3.7076,C,07/25/2025 11:30:17 AM,0.0000,-0.0008,0.0,0.0
4178,0,8,  0d 01:09:29.73,  0d 00:04:50.05,1.2500,3.7078,C,07/25/2025 11:30:18 AM,0.0000,-0.0010,0.0,0.0
4179,0,8,  0d 01:09:30.73,  0d 00:04:51.05,1.2497,3.7077,C,07/25/2025 11:30:19 AM,0.0000,-0.0008,0.0,0.0
4180,0,8,  0d 01:09:31.73,  0d 00:04:52.05,1.2494,3.7079,C,07/25/2025 11:30:20 AM,0.0000,-0.0008,0.0,0.0
4181,0,8,  0d 01:09:32.73,  0d 00:04:53.05,1.2494,3.7080,C,07/25/2025 11:30:21 AM,0.0000,-0.0007,0.0,0.0
4182,0,8,  0d 01:09:33.73,  0d 00:04:54.05,1.2494,3.7081,C,07/25/2025 11:30:22 AM,0.0000,-0.0007,0.0,0.0
4183,0,8,  0d 01:09:34.73,  0d 00:04:55.05,1.2497,3.7082,C,07/25/2025 11:30:23 AM,0.0000,-0.0008,0.0,0.0
4184,0,8,  0d 01:09:35.73,  0d 00:04:56.05,1.2497,3.7082,C,07/25/2025 11:30:24 AM,0.0000,-0.0008,0.0,0.0
4185,0,8,  0d 01:09:36.73,  0d 00:04:57.05,1.2497,3.7083,C,07/25/2025 11:30:26 AM,0.0000,-0.0007,0.0,0.0
4186,0,8,  0d 01:09:37.73,  0d 00:04:58.05,1.2497,3.7086,C,07/25/2025 11:30:26 AM,0.0000,-0.0007,0.0,0.0
4187,0,8,  0d 01:09:38.73,  0d 00:04:59.05,1.2500,3.7086,C,07/25/2025 11:30:27 AM,0.0000,-0.0008,0.0,0.0
4188,0,8,  0d 01:09:39.73,  0d 00:05:00.05,1.2497,3.7086,C,07/25/2025 11:30:28 AM,0.0000,-0.0007,0.0,0.0
4189,0,8,  0d 01:09:40.73,  0d 00:05:01.05,1.2491,3.7088,C,07/25/2025 11:30:29 AM,0.0000,-0.0007,0.0,0.0
4190,0,8,  0d 01:09:41.73,  0d 00:05:02.05,1.2500,3.7089,C,07/25/2025 11:30:30 AM,0.0000,-0.0008,0.0,0.0
4191,0,8,  0d 01:09:42.73,  0d 00:05:03.05,1.2503,3.7090,C,07/25/2025 11:30:31 AM,0.0000,-0.0008,0.0,0.0
4192,0,8,  0d 01:09:43.73,  0d 00:05:04.05,1.2497,3.7091,C,07/25/2025 11:30:32 AM,0.0000,-0.0007,0.0,0.0
4193,0,8,  0d 01:09:44.73,  0d 00:05:05.05,1.2500,3.7092,C,07/25/2025 11:30:33 AM,0.0000,-0.0008,0.0,0.0
4194,0,8,  0d 01:09:45.73,  0d 00:05:06.05,1.2500,3.7093,C,07/25/2025 11:30:34 AM,0.0000,-0.0007,0.0,0.0
4195,0,8,  0d 01:09:46.73,  0d 00:05:07.05,1.2503,3.7093,C,07/25/2025 11:30:35 AM,0.0000,-0.0008,0.0,0.0
4196,0,8,  0d 01:09:47.73,  0d 00:05:08.05,1.2497,3.7095,C,07/25/2025 11:30:36 AM,0.0000,-0.0008,0.0,0.0
4197,0,8,  0d 01:09:48.73,  0d 00:05:09.05,1.2497,3.7095,C,07/25/2025 11:30:37 AM,0.0000,-0.0008,0.0,0.0
4198,0,8,  0d 01:09:49.73,  0d 00:05:10.05,1.2494,3.7098,C,07/25/2025 11:30:38 AM,0.0000,-0.0008,0.0,0.0
4199,0,8,  0d 01:09:50.73,  0d 00:05:11.05,1.2503,3.7099,C,07/25/2025 11:30:39 AM,0.0000,-0.0010,0.0,0.0
4200,0,8,  0d 01:09:51.73,  0d 00:05:12.05,1.2503,3.7099,C,07/25/2025 11:30:40 AM,0.0000,-0.0008,0.0,0.0
4201,0,8,  0d 01:09:52.73,  0d 00:05:13.05,1.2497,3.7101,C,07/25/2025 11:30:41 AM,0.0000,-0.0010,0.0,0.0
4202,0,8,  0d 01:09:53.73,  0d 00:05:14.05,1.2500,3.7102,C,07/25/2025 11:30:42 AM,0.0000,-0.0008,0.0,0.0
4203,0,8,  0d 01:09:54.73,  0d 00:05:15.05,1.2500,3.7101,C,07/25/2025 11:30:43 AM,0.0000,-0.0008,0.0,0.0
4204,0,8,  0d 01:09:55.73,  0d 00:05:16.05,1.2497,3.7103,C,07/25/2025 11:30:44 AM,0.0000,-0.0005,0.0,0.0
4205,0,8,  0d 01:09:56.73,  0d 00:05:17.05,1.2497,3.7105,C,07/25/2025 11:30:45 AM,0.0000,-0.0007,0.0,0.0
4206,0,8,  0d 01:09:57.73,  0d 00:05:18.05,1.2497,3.7105,C,07/25/2025 11:30:46 AM,0.0000,-0.0007,0.0,0.0
4207,0,8,  0d 01:09:58.73,  0d 00:05:19.05,1.2503,3.7105,C,07/25/2025 11:30:47 AM,0.0000,-0.0008,0.0,0.0
4208,0,8,  0d 01:09:59.73,  0d 00:05:20.05,1.2500,3.7107,C,07/25/2025 11:30:48 AM,0.0000,-0.0008,0.0,0.0
4209,0,8,  0d 01:10:00.73,  0d 00:05:21.05,1.2497,3.7108,C,07/25/2025 11:30:49 AM,0.0000,-0.0008,0.0,0.0
4210,0,8,  0d 01:10:01.73,  0d 00:05:22.05,1.2497,3.7111,C,07/25/2025 11:30:50 AM,0.0000,-0.0007,0.0,0.0
4211,0,8,  0d 01:10:02.73,  0d 00:05:23.05,1.2500,3.7111,C,07/25/2025 11:30:51 AM,0.0000,-0.0007,0.0,0.0
4212,0,8,  0d 01:10:03.73,  0d 00:05:24.05,1.2500,3.7112,C,07/25/2025 11:30:52 AM,0.0000,-0.0010,0.0,0.0
4213,0,8,  0d 01:10:04.73,  0d 00:05:25.05,1.2497,3.7113,C,07/25/2025 11:30:53 AM,0.0000,-0.0008,0.0,0.0
4214,0,8,  0d 01:10:05.73,  0d 00:05:26.05,1.2503,3.7112,C,07/25/2025 11:30:54 AM,0.0000,-0.0008,0.0,0.0
4215,0,8,  0d 01:10:06.73,  0d 00:05:27.05,1.2503,3.7115,C,07/25/2025 11:30:55 AM,0.0000,-0.0008,0.0,0.0
4216,0,8,  0d 01:10:07.73,  0d 00:05:28.05,1.2494,3.7116,C,07/25/2025 11:30:56 AM,0.0000,-0.0007,0.0,0.0
4217,0,8,  0d 01:10:08.73,  0d 00:05:29.05,1.2500,3.7118,C,07/25/2025 11:30:57 AM,0.0000,-0.0007,0.0,0.0
4218,0,8,  0d 01:10:09.73,  0d 00:05:30.05,1.2497,3.7118,C,07/25/2025 11:30:58 AM,0.0000,-0.0007,0.0,0.0
4219,0,8,  0d 01:10:10.73,  0d 00:05:31.05,1.2497,3.7119,C,07/25/2025 11:30:59 AM,0.0000,-0.0008,0.0,0.0
4220,0,8,  0d 01:10:11.73,  0d 00:05:32.05,1.2500,3.7121,C,07/25/2025 11:31:00 AM,0.0000,-0.0008,0.0,0.0
4221,0,8,  0d 01:10:12.73,  0d 00:05:33.05,1.2500,3.7121,C,07/25/2025 11:31:01 AM,0.0000,-0.0008,0.0,0.0
4222,0,8,  0d 01:10:13.73,  0d 00:05:34.05,1.2497,3.7122,C,07/25/2025 11:31:02 AM,0.0000,-0.0007,0.0,0.0
4223,0,8,  0d 01:10:14.73,  0d 00:05:35.05,1.2497,3.7122,C,07/25/2025 11:31:03 AM,0.0000,-0.0007,0.0,0.0
4224,0,8,  0d 01:10:15.73,  0d 00:05:36.05,1.2500,3.7124,C,07/25/2025 11:31:04 AM,0.0000,-0.0007,0.0,0.0
4225,0,8,  0d 01:10:16.73,  0d 00:05:37.05,1.2494,3.7124,C,07/25/2025 11:31:05 AM,0.0000,-0.0008,0.0,0.0
4226,0,8,  0d 01:10:17.73,  0d 00:05:38.05,1.2497,3.7125,C,07/25/2025 11:31:07 AM,0.0000,-0.0007,0.0,0.0
4227,0,8,  0d 01:10:18.73,  0d 00:05:39.05,1.2497,3.7127,C,07/25/2025 11:31:07 AM,0.0000,-0.0007,0.0,0.0
4228,0,8,  0d 01:10:19.73,  0d 00:05:40.05,1.2497,3.7129,C,07/25/2025 11:31:08 AM,0.0000,-0.0007,0.0,0.0
4229,0,8,  0d 01:10:20.73,  0d 00:05:41.05,1.2494,3.7128,C,07/25/2025 11:31:09 AM,0.0000,-0.0008,0.0,0.0
4230,0,8,  0d 01:10:21.73,  0d 00:05:42.05,1.2494,3.7131,C,07/25/2025 11:31:10 AM,0.0000,-0.0008,0.0,0.0
4231,0,8,  0d 01:10:22.73,  0d 00:05:43.05,1.2494,3.7131,C,07/25/2025 11:31:11 AM,0.0000,-0.0007,0.0,0.0
4232,0,8,  0d 01:10:23.73,  0d 00:05:44.05,1.2497,3.7132,C,07/25/2025 11:31:12 AM,0.0000,-0.0008,0.0,0.0
4233,0,8,  0d 01:10:24.73,  0d 00:05:45.05,1.2503,3.7134,C,07/25/2025 11:31:13 AM,0.0000,-0.0007,0.0,0.0
4234,0,8,  0d 01:10:25.73,  0d 00:05:46.05,1.2500,3.7134,C,07/25/2025 11:31:14 AM,0.0000,-0.0008,0.0,0.0
4235,0,8,  0d 01:10:26.73,  0d 00:05:47.05,1.2494,3.7136,C,07/25/2025 11:31:15 AM,0.0000,-0.0007,0.0,0.0
4236,0,8,  0d 01:10:27.73,  0d 00:05:48.05,1.2503,3.7137,C,07/25/2025 11:31:17 AM,0.0000,-0.0008,0.0,0.0
4237,0,8,  0d 01:10:28.73,  0d 00:05:49.05,1.2497,3.7137,C,07/25/2025 11:31:17 AM,0.0000,-0.0008,0.0,0.0
4238,0,8,  0d 01:10:29.73,  0d 00:05:50.05,1.2494,3.7139,C,07/25/2025 11:31:18 AM,0.0000,-0.0007,0.0,0.0
4239,0,8,  0d 01:10:30.73,  0d 00:05:51.05,1.2494,3.7141,C,07/25/2025 11:31:19 AM,0.0000,-0.0008,0.0,0.0
4240,0,8,  0d 01:10:31.73,  0d 00:05:52.05,1.2500,3.7141,C,07/25/2025 11:31:20 AM,0.0000,-0.0008,0.0,0.0
4241,0,8,  0d 01:10:32.73,  0d 00:05:53.05,1.2503,3.7141,C,07/25/2025 11:31:21 AM,0.0000,-0.0008,0.0,0.0
4242,0,8,  0d 01:10:33.73,  0d 00:05:54.05,1.2497,3.7143,C,07/25/2025 11:31:22 AM,0.0000,-0.0008,0.0,0.0
4243,0,8,  0d 01:10:34.73,  0d 00:05:55.05,1.2497,3.7145,C,07/25/2025 11:31:23 AM,0.0000,-0.0008,0.0,0.0
4244,0,8,  0d 01:10:35.73,  0d 00:05:56.05,1.2497,3.7145,C,07/25/2025 11:31:24 AM,0.0000,-0.0008,0.0,0.0
4245,0,8,  0d 01:10:36.73,  0d 00:05:57.05,1.2500,3.7147,C,07/25/2025 11:31:25 AM,0.0000,-0.0008,0.0,0.0
4246,0,8,  0d 01:10:37.73,  0d 00:05:58.05,1.2503,3.7147,C,07/25/2025 11:31:27 AM,0.0000,-0.0005,0.0,0.0
4247,0,8,  0d 01:10:38.73,  0d 00:05:59.05,1.2500,3.7149,C,07/25/2025 11:31:27 AM,0.0000,-0.0008,0.0,0.0
4248,0,8,  0d 01:10:39.73,  0d 00:06:00.05,1.2503,3.7149,C,07/25/2025 11:31:28 AM,0.0000,-0.0008,0.0,0.0
4249,0,8,  0d 01:10:40.73,  0d 00:06:01.05,1.2500,3.7150,C,07/25/2025 11:31:29 AM,0.0000,-0.0007,0.0,0.0
4250,0,8,  0d 01:10:41.73,  0d 00:06:02.05,1.2497,3.7151,C,07/25/2025 11:31:30 AM,0.0000,-0.0007,0.0,0.0
4251,0,8,  0d 01:10:42.73,  0d 00:06:03.05,1.2497,3.7152,C,07/25/2025 11:31:31 AM,0.0000,-0.0008,0.0,0.0
4252,0,8,  0d 01:10:43.73,  0d 00:06:04.05,1.2500,3.7154,C,07/25/2025 11:31:32 AM,0.0000,-0.0007,0.0,0.0
4253,0,8,  0d 01:10:44.73,  0d 00:06:05.05,1.2497,3.7155,C,07/25/2025 11:31:33 AM,0.0000,-0.0007,0.0,0.0
4254,0,8,  0d 01:10:45.73,  0d 00:06:06.05,1.2494,3.7156,C,07/25/2025 11:31:34 AM,0.0000,-0.0008,0.0,0.0
4255,0,8,  0d 01:10:46.73,  0d 00:06:07.05,1.2500,3.7157,C,07/25/2025 11:31:35 AM,0.0000,-0.0007,0.0,0.0
4256,0,8,  0d 01:10:47.73,  0d 00:06:08.05,1.2497,3.7158,C,07/25/2025 11:31:37 AM,0.0000,-0.0007,0.0,0.0
4257,0,8,  0d 01:10:48.73,  0d 00:06:09.05,1.2497,3.7159,C,07/25/2025 11:31:37 AM,0.0000,-0.0010,0.0,0.0
4258,0,8,  0d 01:10:49.73,  0d 00:06:10.05,1.2500,3.7160,C,07/25/2025 11:31:38 AM,0.0000,-0.0008,0.0,0.0
4259,0,8,  0d 01:10:50.73,  0d 00:06:11.05,1.2500,3.7162,C,07/25/2025 11:31:39 AM,0.0000,-0.0007,0.0,0.0
4260,0,8,  0d 01:10:51.73,  0d 00:06:12.05,1.2494,3.7163,C,07/25/2025 11:31:40 AM,0.0000,-0.0008,0.0,0.0
4261,0,8,  0d 01:10:52.73,  0d 00:06:13.05,1.2503,3.7164,C,07/25/2025 11:31:41 AM,0.0000,-0.0007,0.0,0.0
4262,0,8,  0d 01:10:53.73,  0d 00:06:14.05,1.2500,3.7165,C,07/25/2025 11:31:42 AM,0.0000,-0.0008,0.0,0.0
4263,0,8,  0d 01:10:54.73,  0d 00:06:15.05,1.2500,3.7166,C,07/25/2025 11:31:43 AM,0.0000,-0.0007,0.0,0.0
4264,0,8,  0d 01:10:55.73,  0d 00:06:16.05,1.2500,3.7166,C,07/25/2025 11:31:44 AM,0.0000,-0.0008,0.0,0.0
4265,0,8,  0d 01:10:56.73,  0d 00:06:17.05,1.2497,3.7168,C,07/25/2025 11:31:45 AM,0.0000,-0.0008,0.0,0.0
4266,0,8,  0d 01:10:57.73,  0d 00:06:18.05,1.2497,3.7169,C,07/25/2025 11:31:46 AM,0.0000,-0.0008,0.0,0.0
4267,0,8,  0d 01:10:58.73,  0d 00:06:19.05,1.2500,3.7170,C,07/25/2025 11:31:47 AM,0.0000,-0.0008,0.0,0.0
4268,0,8,  0d 01:10:59.73,  0d 00:06:20.05,1.2497,3.7171,C,07/25/2025 11:31:48 AM,0.0000,-0.0008,0.0,0.0
4269,0,8,  0d 01:11:00.73,  0d 00:06:21.05,1.2500,3.7172,C,07/25/2025 11:31:49 AM,0.0000,-0.0008,0.0,0.0
4270,0,8,  0d 01:11:01.73,  0d 00:06:22.05,1.2503,3.7173,C,07/25/2025 11:31:50 AM,0.0000,-0.0007,0.0,0.0
4271,0,8,  0d 01:11:02.73,  0d 00:06:23.05,1.2497,3.7175,C,07/25/2025 11:31:51 AM,0.0000,-0.0008,0.0,0.0
4272,0,8,  0d 01:11:03.73,  0d 00:06:24.05,1.2494,3.7174,C,07/25/2025 11:31:52 AM,0.0000,-0.0008,0.0,0.0
4273,0,8,  0d 01:11:04.73,  0d 00:06:25.05,1.2494,3.7176,C,07/25/2025 11:31:53 AM,0.0000,-0.0008,0.0,0.0
4274,0,8,  0d 01:11:05.73,  0d 00:06:26.05,1.2503,3.7176,C,07/25/2025 11:31:54 AM,0.0000,-0.0008,0.0,0.0
4275,0,8,  0d 01:11:06.73,  0d 00:06:27.05,1.2497,3.7179,C,07/25/2025 11:31:55 AM,0.0000,-0.0008,0.0,0.0
4276,0,8,  0d 01:11:07.73,  0d 00:06:28.05,1.2497,3.7180,C,07/25/2025 11:31:56 AM,0.0000,-0.0008,0.0,0.0
4277,0,8,  0d 01:11:08.73,  0d 00:06:29.05,1.2497,3.7180,C,07/25/2025 11:31:57 AM,0.0000,-0.0008,0.0,0.0
4278,0,8,  0d 01:11:09.73,  0d 00:06:30.05,1.2500,3.7181,C,07/25/2025 11:31:58 AM,0.0000,-0.0007,0.0,0.0
4279,0,8,  0d 01:11:10.73,  0d 00:06:31.05,1.2503,3.7182,C,07/25/2025 11:31:59 AM,0.0000,-0.0008,0.0,0.0
4280,0,8,  0d 01:11:11.73,  0d 00:06:32.05,1.2500,3.7185,C,07/25/2025 11:32:00 AM,0.0000,-0.0007,0.0,0.0
4281,0,8,  0d 01:11:12.73,  0d 00:06:33.05,1.2497,3.7185,C,07/25/2025 11:32:01 AM,0.0000,-0.0008,0.0,0.0
4282,0,8,  0d 01:11:13.73,  0d 00:06:34.05,1.2506,3.7186,C,07/25/2025 11:32:02 AM,0.0000,-0.0008,0.0,0.0
4283,0,8,  0d 01:11:14.73,  0d 00:06:35.05,1.2503,3.7187,C,07/25/2025 11:32:03 AM,0.0000,-0.0007,0.0,0.0
4284,0,8,  0d 01:11:15.73,  0d 00:06:36.05,1.2506,3.7189,C,07/25/2025 11:32:04 AM,0.0000,-0.0008,0.0,0.0
4285,0,8,  0d 01:11:16.73,  0d 00:06:37.05,1.2503,3.7189,C,07/25/2025 11:32:05 AM,0.0000,-0.0008,0.0,0.0
4286,0,8,  0d 01:11:17.73,  0d 00:06:38.05,1.2500,3.7191,C,07/25/2025 11:32:06 AM,0.0000,-0.0007,0.0,0.0
4287,0,8,  0d 01:11:18.73,  0d 00:06:39.05,1.2500,3.7192,C,07/25/2025 11:32:07 AM,0.0000,-0.0008,0.0,0.0
4288,0,8,  0d 01:11:19.73,  0d 00:06:40.05,1.2491,3.7192,C,07/25/2025 11:32:08 AM,0.0000,-0.0007,0.0,0.0
4289,0,8,  0d 01:11:20.73,  0d 00:06:41.05,1.2497,3.7193,C,07/25/2025 11:32:09 AM,0.0000,-0.0005,0.0,0.0
4290,0,8,  0d 01:11:21.73,  0d 00:06:42.05,1.2500,3.7195,C,07/25/2025 11:32:10 AM,0.0000,-0.0008,0.0,0.0
4291,0,8,  0d 01:11:22.73,  0d 00:06:43.05,1.2500,3.7197,C,07/25/2025 11:32:11 AM,0.0000,-0.0008,0.0,0.0
4292,0,8,  0d 01:11:23.73,  0d 00:06:44.05,1.2497,3.7198,C,07/25/2025 11:32:12 AM,0.0000,-0.0007,0.0,0.0
4293,0,8,  0d 01:11:24.73,  0d 00:06:45.05,1.2503,3.7200,C,07/25/2025 11:32:13 AM,0.0000,-0.0007,0.0,0.0
4294,0,8,  0d 01:11:25.73,  0d 00:06:46.05,1.2494,3.7199,C,07/25/2025 11:32:14 AM,0.0000,-0.0008,0.0,0.0
4295,0,8,  0d 01:11:26.73,  0d 00:06:47.05,1.2500,3.7201,C,07/25/2025 11:32:15 AM,0.0000,-0.0008,0.0,0.0
4296,0,8,  0d 01:11:27.73,  0d 00:06:48.05,1.2500,3.7201,C,07/25/2025 11:32:16 AM,0.0000,-0.0008,0.0,0.0
4297,0,8,  0d 01:11:28.73,  0d 00:06:49.05,1.2500,3.7203,C,07/25/2025 11:32:18 AM,0.0000,-0.0008,0.0,0.0
4298,0,8,  0d 01:11:29.73,  0d 00:06:50.05,1.2497,3.7202,C,07/25/2025 11:32:18 AM,0.0000,-0.0010,0.0,0.0
4299,0,8,  0d 01:11:30.73,  0d 00:06:51.05,1.2494,3.7205,C,07/25/2025 11:32:19 AM,0.0000,-0.0007,0.0,0.0
4300,0,8,  0d 01:11:31.73,  0d 00:06:52.05,1.2503,3.7206,C,07/25/2025 11:32:20 AM,0.0000,-0.0008,0.0,0.0
4301,0,8,  0d 01:11:32.73,  0d 00:06:53.05,1.2500,3.7208,C,07/25/2025 11:32:21 AM,0.0000,-0.0008,0.0,0.0
4302,0,8,  0d 01:11:33.73,  0d 00:06:54.05,1.2494,3.7208,C,07/25/2025 11:32:22 AM,0.0000,-0.0007,0.0,0.0
4303,0,8,  0d 01:11:34.73,  0d 00:06:55.05,1.2500,3.7211,C,07/25/2025 11:32:23 AM,0.0000,-0.0007,0.0,0.0
4304,0,8,  0d 01:11:35.73,  0d 00:06:56.05,1.2497,3.7210,C,07/25/2025 11:32:24 AM,0.0000,-0.0007,0.0,0.0
4305,0,8,  0d 01:11:36.73,  0d 00:06:57.05,1.2497,3.7211,C,07/25/2025 11:32:25 AM,0.0000,-0.0007,0.0,0.0
4306,0,8,  0d 01:11:37.73,  0d 00:06:58.05,1.2500,3.7212,C,07/25/2025 11:32:26 AM,0.0000,-0.0007,0.0,0.0
4307,0,8,  0d 01:11:38.73,  0d 00:06:59.05,1.2500,3.7214,C,07/25/2025 11:32:28 AM,0.0000,-0.0007,0.0,0.0
4308,0,8,  0d 01:11:39.73,  0d 00:07:00.05,1.2497,3.7214,C,07/25/2025 11:32:28 AM,0.0000,-0.0007,0.0,0.0
4309,0,8,  0d 01:11:40.73,  0d 00:07:01.05,1.2500,3.7215,C,07/25/2025 11:32:29 AM,0.0000,-0.0008,0.0,0.0
4310,0,8,  0d 01:11:41.73,  0d 00:07:02.05,1.2494,3.7217,C,07/25/2025 11:32:30 AM,0.0000,-0.0008,0.0,0.0
4311,0,8,  0d 01:11:42.73,  0d 00:07:03.05,1.2500,3.7218,C,07/25/2025 11:32:31 AM,0.0000,-0.0008,0.0,0.0
4312,0,8,  0d 01:11:43.73,  0d 00:07:04.05,1.2503,3.7219,C,07/25/2025 11:32:32 AM,0.0000,-0.0008,0.0,0.0
4313,0,8,  0d 01:11:44.73,  0d 00:07:05.05,1.2500,3.7219,C,07/25/2025 11:32:33 AM,0.0000,-0.0007,0.0,0.0
4314,0,8,  0d 01:11:45.73,  0d 00:07:06.05,1.2500,3.7221,C,07/25/2025 11:32:34 AM,0.0000,-0.0007,0.0,0.0
4315,0,8,  0d 01:11:46.73,  0d 00:07:07.05,1.2497,3.7223,C,07/25/2025 11:32:35 AM,0.0000,-0.0008,0.0,0.0
4316,0,8,  0d 01:11:47.73,  0d 00:07:08.05,1.2497,3.7224,C,07/25/2025 11:32:36 AM,0.0000,-0.0007,0.0,0.0
4317,0,8,  0d 01:11:48.73,  0d 00:07:09.05,1.2500,3.7224,C,07/25/2025 11:32:38 AM,0.0000,-0.0005,0.0,0.0
4318,0,8,  0d 01:11:49.73,  0d 00:07:10.05,1.2500,3.7226,C,07/25/2025 11:32:38 AM,0.0000,-0.0008,0.0,0.0
4319,0,8,  0d 01:11:50.73,  0d 00:07:11.05,1.2500,3.7226,C,07/25/2025 11:32:39 AM,0.0000,-0.0008,0.0,0.0
4320,0,8,  0d 01:11:51.73,  0d 00:07:12.05,1.2503,3.7228,C,07/25/2025 11:32:40 AM,0.0000,-0.0008,0.0,0.0
4321,0,8,  0d 01:11:52.73,  0d 00:07:13.05,1.2500,3.7230,C,07/25/2025 11:32:41 AM,0.0000,-0.0007,0.0,0.0
4322,0,8,  0d 01:11:53.73,  0d 00:07:14.05,1.2500,3.7230,C,07/25/2025 11:32:42 AM,0.0000,-0.0010,0.0,0.0
4323,0,8,  0d 01:11:54.73,  0d 00:07:15.05,1.2503,3.7232,C,07/25/2025 11:32:43 AM,0.0000,-0.0007,0.0,0.0
4324,0,8,  0d 01:11:55.73,  0d 00:07:16.05,1.2494,3.7232,C,07/25/2025 11:32:44 AM,0.0000,-0.0007,0.0,0.0
4325,0,8,  0d 01:11:56.73,  0d 00:07:17.05,1.2503,3.7234,C,07/25/2025 11:32:45 AM,0.0000,-0.0010,0.0,0.0
4326,0,8,  0d 01:11:57.73,  0d 00:07:18.05,1.2500,3.7235,C,07/25/2025 11:32:46 AM,0.0000,-0.0010,0.0,0.0
4327,0,8,  0d 01:11:58.73,  0d 00:07:19.05,1.2497,3.7237,C,07/25/2025 11:32:48 AM,0.0000,-0.0008,0.0,0.0
4328,0,8,  0d 01:11:59.73,  0d 00:07:20.05,1.2500,3.7237,C,07/25/2025 11:32:48 AM,0.0000,-0.0007,0.0,0.0
4329,0,8,  0d 01:12:00.73,  0d 00:07:21.05,1.2497,3.7238,C,07/25/2025 11:32:49 AM,0.0000,-0.0008,0.0,0.0
4330,0,8,  0d 01:12:01.73,  0d 00:07:22.05,1.2494,3.7240,C,07/25/2025 11:32:50 AM,0.0000,-0.0008,0.0,0.0
4331,0,8,  0d 01:12:02.73,  0d 00:07:23.05,1.2494,3.7241,C,07/25/2025 11:32:51 AM,0.0000,-0.0007,0.0,0.0
4332,0,8,  0d 01:12:03.73,  0d 00:07:24.05,1.2500,3.7243,C,07/25/2025 11:32:52 AM,0.0000,-0.0007,0.0,0.0
4333,0,8,  0d 01:12:04.73,  0d 00:07:25.05,1.2497,3.7243,C,07/25/2025 11:32:53 AM,0.0000,-0.0008,0.0,0.0
4334,0,8,  0d 01:12:05.73,  0d 00:07:26.05,1.2497,3.7243,C,07/25/2025 11:32:54 AM,0.0000,-0.0008,0.0,0.0
4335,0,8,  0d 01:12:06.73,  0d 00:07:27.05,1.2494,3.7246,C,07/25/2025 11:32:55 AM,0.0000,-0.0008,0.0,0.0
4336,0,8,  0d 01:12:07.73,  0d 00:07:28.05,1.2497,3.7247,C,07/25/2025 11:32:56 AM,0.0000,-0.0008,0.0,0.0
4337,0,8,  0d 01:12:08.73,  0d 00:07:29.05,1.2500,3.7248,C,07/25/2025 11:32:57 AM,0.0000,-0.0007,0.0,0.0
4338,0,8,  0d 01:12:09.73,  0d 00:07:30.05,1.2497,3.7249,C,07/25/2025 11:32:58 AM,0.0000,-0.0007,0.0,0.0
4339,0,8,  0d 01:12:10.73,  0d 00:07:31.05,1.2503,3.7249,C,07/25/2025 11:32:59 AM,0.0000,-0.0008,0.0,0.0
4340,0,8,  0d 01:12:11.73,  0d 00:07:32.05,1.2497,3.7250,C,07/25/2025 11:33:00 AM,0.0000,-0.0007,0.0,0.0
4341,0,8,  0d 01:12:12.73,  0d 00:07:33.05,1.2503,3.7252,C,07/25/2025 11:33:01 AM,0.0000,-0.0007,0.0,0.0
4342,0,8,  0d 01:12:13.73,  0d 00:07:34.05,1.2494,3.7253,C,07/25/2025 11:33:02 AM,0.0000,-0.0007,0.0,0.0
4343,0,8,  0d 01:12:14.73,  0d 00:07:35.05,1.2497,3.7253,C,07/25/2025 11:33:03 AM,0.0000,-0.0008,0.0,0.0
4344,0,8,  0d 01:12:15.73,  0d 00:07:36.05,1.2503,3.7255,C,07/25/2025 11:33:04 AM,0.0000,-0.0008,0.0,0.0
4345,0,8,  0d 01:12:16.73,  0d 00:07:37.05,1.2497,3.7256,C,07/25/2025 11:33:05 AM,0.0000,-0.0008,0.0,0.0
4346,0,8,  0d 01:12:17.73,  0d 00:07:38.05,1.2491,3.7256,C,07/25/2025 11:33:06 AM,0.0000,-0.0008,0.0,0.0
4347,0,8,  0d 01:12:18.73,  0d 00:07:39.05,1.2500,3.7258,C,07/25/2025 11:33:07 AM,0.0000,-0.0007,0.0,0.0
4348,0,8,  0d 01:12:19.73,  0d 00:07:40.05,1.2500,3.7259,C,07/25/2025 11:33:08 AM,0.0000,-0.0007,0.0,0.0
4349,0,8,  0d 01:12:20.73,  0d 00:07:41.05,1.2491,3.7261,C,07/25/2025 11:33:09 AM,0.0000,-0.0008,0.0,0.0
4350,0,8,  0d 01:12:21.73,  0d 00:07:42.05,1.2500,3.7263,C,07/25/2025 11:33:10 AM,0.0000,-0.0007,0.0,0.0
4351,0,8,  0d 01:12:22.73,  0d 00:07:43.05,1.2497,3.7263,C,07/25/2025 11:33:11 AM,0.0000,-0.0010,0.0,0.0
4352,0,8,  0d 01:12:23.73,  0d 00:07:44.05,1.2500,3.7264,C,07/25/2025 11:33:12 AM,0.0000,-0.0007,0.0,0.0
4353,0,8,  0d 01:12:24.73,  0d 00:07:45.05,1.2497,3.7266,C,07/25/2025 11:33:13 AM,0.0000,-0.0007,0.0,0.0
4354,0,8,  0d 01:12:25.73,  0d 00:07:46.05,1.2497,3.7268,C,07/25/2025 11:33:14 AM,0.0000,-0.0008,0.0,0.0
4355,0,8,  0d 01:12:26.73,  0d 00:07:47.05,1.2497,3.7268,C,07/25/2025 11:33:15 AM,0.0000,-0.0007,0.0,0.0
4356,0,8,  0d 01:12:27.73,  0d 00:07:48.05,1.2500,3.7269,C,07/25/2025 11:33:16 AM,0.0000,-0.0007,0.0,0.0
4357,0,8,  0d 01:12:28.73,  0d 00:07:49.05,1.2500,3.7270,C,07/25/2025 11:33:17 AM,0.0000,-0.0008,0.0,0.0
4358,0,8,  0d 01:12:29.73,  0d 00:07:50.05,1.2497,3.7272,C,07/25/2025 11:33:18 AM,0.0000,-0.0008,0.0,0.0
4359,0,8,  0d 01:12:30.73,  0d 00:07:51.05,1.2500,3.7273,C,07/25/2025 11:33:19 AM,0.0000,-0.0005,0.0,0.0
4360,0,8,  0d 01:12:31.73,  0d 00:07:52.05,1.2497,3.7274,C,07/25/2025 11:33:20 AM,0.0000,-0.0008,0.0,0.0
4361,0,8,  0d 01:12:32.73,  0d 00:07:53.05,1.2503,3.7274,C,07/25/2025 11:33:21 AM,0.0000,-0.0007,0.0,0.0
4362,0,8,  0d 01:12:33.73,  0d 00:07:54.05,1.2503,3.7275,C,07/25/2025 11:33:22 AM,0.0000,-0.0007,0.0,0.0
4363,0,8,  0d 01:12:34.73,  0d 00:07:55.05,1.2500,3.7277,C,07/25/2025 11:33:23 AM,0.0000,-0.0008,0.0,0.0
4364,0,8,  0d 01:12:35.73,  0d 00:07:56.05,1.2503,3.7278,C,07/25/2025 11:33:24 AM,0.0000,-0.0008,0.0,0.0
4365,0,8,  0d 01:12:36.73,  0d 00:07:57.05,1.2503,3.7280,C,07/25/2025 11:33:25 AM,0.0000,-0.0007,0.0,0.0
4366,0,8,  0d 01:12:37.73,  0d 00:07:58.05,1.2494,3.7280,C,07/25/2025 11:33:26 AM,0.0000,-0.0007,0.0,0.0
4367,0,8,  0d 01:12:38.73,  0d 00:07:59.05,1.2500,3.7281,C,07/25/2025 11:33:27 AM,0.0000,-0.0008,0.0,0.0
4368,0,8,  0d 01:12:39.73,  0d 00:08:00.05,1.2494,3.7282,C,07/25/2025 11:33:29 AM,0.0000,-0.0007,0.0,0.0
4369,0,8,  0d 01:12:40.73,  0d 00:08:01.05,1.2497,3.7283,C,07/25/2025 11:33:29 AM,0.0000,-0.0007,0.0,0.0
4370,0,8,  0d 01:12:41.73,  0d 00:08:02.05,1.2500,3.7285,C,07/25/2025 11:33:30 AM,0.0000,-0.0008,0.0,0.0
4371,0,8,  0d 01:12:42.73,  0d 00:08:03.05,1.2500,3.7286,C,07/25/2025 11:33:31 AM,0.0000,-0.0007,0.0,0.0
4372,0,8,  0d 01:12:43.73,  0d 00:08:04.05,1.2494,3.7288,C,07/25/2025 11:33:32 AM,0.0000,-0.0007,0.0,0.0
4373,0,8,  0d 01:12:44.73,  0d 00:08:05.05,1.2500,3.7289,C,07/25/2025 11:33:33 AM,0.0000,-0.0008,0.0,0.0
4374,0,8,  0d 01:12:45.73,  0d 00:08:06.05,1.2503,3.7290,C,07/25/2025 11:33:34 AM,0.0000,-0.0007,0.0,0.0
4375,0,8,  0d 01:12:46.73,  0d 00:08:07.05,1.2503,3.7291,C,07/25/2025 11:33:35 AM,0.0000,-0.0008,0.0,0.0
4376,0,8,  0d 01:12:47.73,  0d 00:08:08.05,1.2497,3.7293,C,07/25/2025 11:33:36 AM,0.0000,-0.0007,0.0,0.0
4377,0,8,  0d 01:12:48.73,  0d 00:08:09.05,1.2500,3.7294,C,07/25/2025 11:33:37 AM,0.0000,-0.0008,0.0,0.0
4378,0,8,  0d 01:12:49.73,  0d 00:08:10.05,1.2500,3.7295,C,07/25/2025 11:33:39 AM,0.0000,-0.0008,0.0,0.0
4379,0,8,  0d 01:12:50.73,  0d 00:08:11.05,1.2494,3.7295,C,07/25/2025 11:33:39 AM,0.0000,-0.0007,0.0,0.0
4380,0,8,  0d 01:12:51.73,  0d 00:08:12.05,1.2503,3.7296,C,07/25/2025 11:33:40 AM,0.0000,-0.0007,0.0,0.0
4381,0,8,  0d 01:12:52.73,  0d 00:08:13.05,1.2497,3.7298,C,07/25/2025 11:33:41 AM,0.0000,-0.0007,0.0,0.0
4382,0,8,  0d 01:12:53.73,  0d 00:08:14.05,1.2500,3.7300,C,07/25/2025 11:33:42 AM,0.0000,-0.0010,0.0,0.0
4383,0,8,  0d 01:12:54.73,  0d 00:08:15.05,1.2503,3.7300,C,07/25/2025 11:33:43 AM,0.0000,-0.0007,0.0,0.0
4384,0,8,  0d 01:12:55.73,  0d 00:08:16.05,1.2503,3.7302,C,07/25/2025 11:33:44 AM,0.0000,-0.0008,0.0,0.0
4385,0,8,  0d 01:12:56.73,  0d 00:08:17.05,1.2497,3.7303,C,07/25/2025 11:33:45 AM,0.0000,-0.0007,0.0,0.0
4386,0,8,  0d 01:12:57.73,  0d 00:08:18.05,1.2500,3.7304,C,07/25/2025 11:33:46 AM,0.0000,-0.0008,0.0,0.0
4387,0,8,  0d 01:12:58.73,  0d 00:08:19.05,1.2500,3.7304,C,07/25/2025 11:33:47 AM,0.0000,-0.0008,0.0,0.0
4388,0,8,  0d 01:12:59.73,  0d 00:08:20.05,1.2497,3.7307,C,07/25/2025 11:33:49 AM,0.0000,-0.0007,0.0,0.0
4389,0,8,  0d 01:13:00.73,  0d 00:08:21.05,1.2500,3.7308,C,07/25/2025 11:33:49 AM,0.0000,-0.0008,0.0,0.0
4390,0,8,  0d 01:13:01.73,  0d 00:08:22.05,1.2497,3.7309,C,07/25/2025 11:33:50 AM,0.0000,-0.0007,0.0,0.0
4391,0,8,  0d 01:13:02.73,  0d 00:08:23.05,1.2500,3.7310,C,07/25/2025 11:33:51 AM,0.0000,-0.0008,0.0,0.0
4392,0,8,  0d 01:13:03.73,  0d 00:08:24.05,1.2500,3.7311,C,07/25/2025 11:33:52 AM,0.0000,-0.0008,0.0,0.0
4393,0,8,  0d 01:13:04.73,  0d 00:08:25.05,1.2497,3.7313,C,07/25/2025 11:33:53 AM,0.0000,-0.0008,0.0,0.0
4394,0,8,  0d 01:13:05.73,  0d 00:08:26.05,1.2500,3.7314,C,07/25/2025 11:33:54 AM,0.0000,-0.0008,0.0,0.0
4395,0,8,  0d 01:13:06.73,  0d 00:08:27.05,1.2497,3.7315,C,07/25/2025 11:33:55 AM,0.0000,-0.0010,0.0,0.0
4396,0,8,  0d 01:13:07.73,  0d 00:08:28.05,1.2497,3.7315,C,07/25/2025 11:33:56 AM,0.0000,-0.0008,0.0,0.0
4397,0,8,  0d 01:13:08.73,  0d 00:08:29.05,1.2500,3.7317,C,07/25/2025 11:33:57 AM,0.0000,-0.0007,0.0,0.0
4398,0,8,  0d 01:13:09.73,  0d 00:08:30.05,1.2503,3.7318,C,07/25/2025 11:33:59 AM,0.0000,-0.0008,0.0,0.0
4399,0,8,  0d 01:13:10.73,  0d 00:08:31.05,1.2503,3.7319,C,07/25/2025 11:33:59 AM,0.0000,-0.0008,0.0,0.0
4400,0,8,  0d 01:13:11.73,  0d 00:08:32.05,1.2497,3.7320,C,07/25/2025 11:34:00 AM,0.0000,-0.0008,0.0,0.0
4401,0,8,  0d 01:13:12.73,  0d 00:08:33.05,1.2497,3.7321,C,07/25/2025 11:34:01 AM,0.0000,-0.0007,0.0,0.0
4402,0,8,  0d 01:13:13.73,  0d 00:08:34.05,1.2497,3.7322,C,07/25/2025 11:34:02 AM,0.0000,-0.0008,0.0,0.0
4403,0,8,  0d 01:13:14.73,  0d 00:08:35.05,1.2494,3.7324,C,07/25/2025 11:34:03 AM,0.0000,-0.0008,0.0,0.0
4404,0,8,  0d 01:13:15.73,  0d 00:08:36.05,1.2494,3.7325,C,07/25/2025 11:34:04 AM,0.0000,-0.0007,0.0,0.0
4405,0,8,  0d 01:13:16.73,  0d 00:08:37.05,1.2500,3.7325,C,07/25/2025 11:34:05 AM,0.0000,-0.0008,0.0,0.0
4406,0,8,  0d 01:13:17.73,  0d 00:08:38.05,1.2494,3.7328,C,07/25/2025 11:34:06 AM,0.0000,-0.0008,0.0,0.0
4407,0,8,  0d 01:13:18.73,  0d 00:08:39.05,1.2503,3.7329,C,07/25/2025 11:34:07 AM,0.0000,-0.0008,0.0,0.0
4408,0,8,  0d 01:13:19.73,  0d 00:08:40.05,1.2500,3.7330,C,07/25/2025 11:34:08 AM,0.0000,-0.0007,0.0,0.0
4409,0,8,  0d 01:13:20.73,  0d 00:08:41.05,1.2494,3.7333,C,07/25/2025 11:34:09 AM,0.0000,-0.0007,0.0,0.0
4410,0,8,  0d 01:13:21.73,  0d 00:08:42.05,1.2497,3.7333,C,07/25/2025 11:34:10 AM,0.0000,-0.0008,0.0,0.0
4411,0,8,  0d 01:13:22.73,  0d 00:08:43.05,1.2500,3.7333,C,07/25/2025 11:34:11 AM,0.0000,-0.0007,0.0,0.0
4412,0,8,  0d 01:13:23.73,  0d 00:08:44.05,1.2497,3.7334,C,07/25/2025 11:34:12 AM,0.0000,-0.0007,0.0,0.0
4413,0,8,  0d 01:13:24.73,  0d 00:08:45.05,1.2503,3.7336,C,07/25/2025 11:34:13 AM,0.0000,-0.0008,0.0,0.0
4414,0,8,  0d 01:13:25.73,  0d 00:08:46.05,1.2503,3.7337,C,07/25/2025 11:34:14 AM,0.0000,-0.0008,0.0,0.0
4415,0,8,  0d 01:13:26.73,  0d 00:08:47.05,1.2503,3.7337,C,07/25/2025 11:34:15 AM,0.0000,-0.0008,0.0,0.0
4416,0,8,  0d 01:13:27.73,  0d 00:08:48.05,1.2503,3.7340,C,07/25/2025 11:34:16 AM,0.0000,-0.0008,0.0,0.0
4417,0,8,  0d 01:13:28.73,  0d 00:08:49.05,1.2497,3.7340,C,07/25/2025 11:34:17 AM,0.0000,-0.0008,0.0,0.0
4418,0,8,  0d 01:13:29.73,  0d 00:08:50.05,1.2497,3.7342,C,07/25/2025 11:34:18 AM,0.0000,-0.0007,0.0,0.0
4419,0,8,  0d 01:13:30.73,  0d 00:08:51.05,1.2503,3.7343,C,07/25/2025 11:34:19 AM,0.0000,-0.0005,0.0,0.0
4420,0,8,  0d 01:13:31.73,  0d 00:08:52.05,1.2503,3.7343,C,07/25/2025 11:34:20 AM,0.0000,-0.0007,0.0,0.0
4421,0,8,  0d 01:13:32.73,  0d 00:08:53.05,1.2497,3.7345,C,07/25/2025 11:34:21 AM,0.0000,-0.0007,0.0,0.0
4422,0,8,  0d 01:13:33.73,  0d 00:08:54.05,1.2497,3.7346,C,07/25/2025 11:34:22 AM,0.0000,-0.0008,0.0,0.0
4423,0,8,  0d 01:13:34.73,  0d 00:08:55.05,1.2503,3.7348,C,07/25/2025 11:34:23 AM,0.0000,-0.0008,0.0,0.0
4424,0,8,  0d 01:13:35.73,  0d 00:08:56.05,1.2497,3.7348,C,07/25/2025 11:34:24 AM,0.0000,-0.0008,0.0,0.0
4425,0,8,  0d 01:13:36.73,  0d 00:08:57.05,1.2503,3.7350,C,07/25/2025 11:34:25 AM,0.0000,-0.0007,0.0,0.0
4426,0,8,  0d 01:13:37.73,  0d 00:08:58.05,1.2497,3.7351,C,07/25/2025 11:34:26 AM,0.0000,-0.0008,0.0,0.0
4427,0,8,  0d 01:13:38.73,  0d 00:08:59.05,1.2497,3.7353,C,07/25/2025 11:34:27 AM,0.0000,-0.0008,0.0,0.0
4428,0,8,  0d 01:13:39.73,  0d 00:09:00.05,1.2494,3.7354,C,07/25/2025 11:34:28 AM,0.0000,-0.0008,0.0,0.0
4429,0,8,  0d 01:13:40.73,  0d 00:09:01.05,1.2497,3.7356,C,07/25/2025 11:34:29 AM,0.0000,-0.0007,0.0,0.0
4430,0,8,  0d 01:13:41.73,  0d 00:09:02.05,1.2500,3.7356,C,07/25/2025 11:34:30 AM,0.0000,-0.0008,0.0,0.0
4431,0,8,  0d 01:13:42.73,  0d 00:09:03.05,1.2497,3.7359,C,07/25/2025 11:34:31 AM,0.0000,-0.0008,0.0,0.0
4432,0,8,  0d 01:13:43.73,  0d 00:09:04.05,1.2497,3.7359,C,07/25/2025 11:34:32 AM,0.0000,-0.0007,0.0,0.0
4433,0,8,  0d 01:13:44.73,  0d 00:09:05.05,1.2500,3.7361,C,07/25/2025 11:34:33 AM,0.0000,-0.0008,0.0,0.0
4434,0,8,  0d 01:13:45.73,  0d 00:09:06.05,1.2500,3.7361,C,07/25/2025 11:34:34 AM,0.0000,-0.0007,0.0,0.0
4435,0,8,  0d 01:13:46.73,  0d 00:09:07.05,1.2506,3.7362,C,07/25/2025 11:34:35 AM,0.0000,-0.0007,0.0,0.0
4436,0,8,  0d 01:13:47.73,  0d 00:09:08.05,1.2500,3.7364,C,07/25/2025 11:34:36 AM,0.0000,-0.0007,0.0,0.0
4437,0,8,  0d 01:13:48.73,  0d 00:09:09.05,1.2500,3.7363,C,07/25/2025 11:34:37 AM,0.0000,-0.0008,0.0,0.0
4438,0,8,  0d 01:13:49.73,  0d 00:09:10.05,1.2503,3.7366,C,07/25/2025 11:34:38 AM,0.0000,-0.0008,0.0,0.0
4439,0,8,  0d 01:13:50.73,  0d 00:09:11.05,1.2497,3.7368,C,07/25/2025 11:34:40 AM,0.0000,-0.0007,0.0,0.0
4440,0,8,  0d 01:13:51.73,  0d 00:09:12.05,1.2497,3.7368,C,07/25/2025 11:34:40 AM,0.0000,-0.0008,0.0,0.0
4441,0,8,  0d 01:13:52.73,  0d 00:09:13.05,1.2497,3.7369,C,07/25/2025 11:34:41 AM,0.0000,-0.0008,0.0,0.0
4442,0,8,  0d 01:13:53.73,  0d 00:09:14.05,1.2500,3.7371,C,07/25/2025 11:34:42 AM,0.0000,-0.0008,0.0,0.0
4443,0,8,  0d 01:13:54.73,  0d 00:09:15.05,1.2494,3.7372,C,07/25/2025 11:34:43 AM,0.0000,-0.0008,0.0,0.0
4444,0,8,  0d 01:13:55.73,  0d 00:09:16.05,1.2506,3.7373,C,07/25/2025 11:34:44 AM,0.0000,-0.0008,0.0,0.0
4445,0,8,  0d 01:13:56.73,  0d 00:09:17.05,1.2494,3.7374,C,07/25/2025 11:34:45 AM,0.0000,-0.0007,0.0,0.0
4446,0,8,  0d 01:13:57.73,  0d 00:09:18.05,1.2503,3.7375,C,07/25/2025 11:34:46 AM,0.0000,-0.0007,0.0,0.0
4447,0,8,  0d 01:13:58.73,  0d 00:09:19.05,1.2500,3.7377,C,07/25/2025 11:34:47 AM,0.0000,-0.0008,0.0,0.0
4448,0,8,  0d 01:13:59.73,  0d 00:09:20.05,1.2497,3.7379,C,07/25/2025 11:34:48 AM,0.0000,-0.0008,0.0,0.0
4449,0,8,  0d 01:14:00.73,  0d 00:09:21.05,1.2494,3.7379,C,07/25/2025 11:34:50 AM,0.0000,-0.0007,0.0,0.0
4450,0,8,  0d 01:14:01.73,  0d 00:09:22.05,1.2500,3.7380,C,07/25/2025 11:34:50 AM,0.0000,-0.0008,0.0,0.0
4451,0,8,  0d 01:14:02.73,  0d 00:09:23.05,1.2503,3.7381,C,07/25/2025 11:34:51 AM,0.0000,-0.0007,0.0,0.0
4452,0,8,  0d 01:14:03.73,  0d 00:09:24.05,1.2500,3.7382,C,07/25/2025 11:34:52 AM,0.0000,-0.0007,0.0,0.0
4453,0,8,  0d 01:14:04.73,  0d 00:09:25.05,1.2500,3.7385,C,07/25/2025 11:34:53 AM,0.0000,-0.0008,0.0,0.0
4454,0,8,  0d 01:14:05.73,  0d 00:09:26.05,1.2500,3.7385,C,07/25/2025 11:34:54 AM,0.0000,-0.0007,0.0,0.0
4455,0,8,  0d 01:14:06.73,  0d 00:09:27.05,1.2500,3.7387,C,07/25/2025 11:34:55 AM,0.0000,-0.0007,0.0,0.0
4456,0,8,  0d 01:14:07.73,  0d 00:09:28.05,1.2494,3.7388,C,07/25/2025 11:34:56 AM,0.0000,-0.0008,0.0,0.0
4457,0,8,  0d 01:14:08.73,  0d 00:09:29.05,1.2500,3.7390,C,07/25/2025 11:34:57 AM,0.0000,-0.0008,0.0,0.0
4458,0,8,  0d 01:14:09.73,  0d 00:09:30.05,1.2494,3.7391,C,07/25/2025 11:34:58 AM,0.0000,-0.0007,0.0,0.0
4459,0,8,  0d 01:14:10.73,  0d 00:09:31.05,1.2500,3.7392,C,07/25/2025 11:35:00 AM,0.0000,-0.0008,0.0,0.0
4460,0,8,  0d 01:14:11.73,  0d 00:09:32.05,1.2500,3.7394,C,07/25/2025 11:35:00 AM,0.0000,-0.0007,0.0,0.0
4461,0,8,  0d 01:14:12.73,  0d 00:09:33.05,1.2500,3.7394,C,07/25/2025 11:35:01 AM,0.0000,-0.0007,0.0,0.0
4462,0,8,  0d 01:14:13.73,  0d 00:09:34.05,1.2500,3.7395,C,07/25/2025 11:35:02 AM,0.0000,-0.0010,0.0,0.0
4463,0,8,  0d 01:14:14.73,  0d 00:09:35.05,1.2506,3.7397,C,07/25/2025 11:35:03 AM,0.0000,-0.0007,0.0,0.0
4464,0,8,  0d 01:14:15.73,  0d 00:09:36.05,1.2497,3.7398,C,07/25/2025 11:35:04 AM,0.0000,-0.0007,0.0,0.0
4465,0,8,  0d 01:14:16.73,  0d 00:09:37.05,1.2500,3.7400,C,07/25/2025 11:35:05 AM,0.0000,-0.0007,0.0,0.0
4466,0,8,  0d 01:14:17.73,  0d 00:09:38.05,1.2494,3.7401,C,07/25/2025 11:35:06 AM,0.0000,-0.0008,0.0,0.0
4467,0,8,  0d 01:14:18.73,  0d 00:09:39.05,1.2500,3.7401,C,07/25/2025 11:35:07 AM,0.0000,-0.0008,0.0,0.0
4468,0,8,  0d 01:14:19.73,  0d 00:09:40.05,1.2500,3.7404,C,07/25/2025 11:35:08 AM,0.0000,-0.0007,0.0,0.0
4469,0,8,  0d 01:14:20.73,  0d 00:09:41.05,1.2500,3.7404,C,07/25/2025 11:35:10 AM,0.0000,-0.0008,0.0,0.0
4470,0,8,  0d 01:14:21.73,  0d 00:09:42.05,1.2497,3.7405,C,07/25/2025 11:35:10 AM,0.0000,-0.0008,0.0,0.0
4471,0,8,  0d 01:14:22.73,  0d 00:09:43.05,1.2497,3.7407,C,07/25/2025 11:35:11 AM,0.0000,-0.0008,0.0,0.0
4472,0,8,  0d 01:14:23.73,  0d 00:09:44.05,1.2494,3.7407,C,07/25/2025 11:35:12 AM,0.0000,-0.0007,0.0,0.0
4473,0,8,  0d 01:14:24.73,  0d 00:09:45.05,1.2497,3.7409,C,07/25/2025 11:35:13 AM,0.0000,-0.0005,0.0,0.0
4474,0,8,  0d 01:14:25.73,  0d 00:09:46.05,1.2500,3.7411,C,07/25/2025 11:35:14 AM,0.0000,-0.0007,0.0,0.0
4475,0,8,  0d 01:14:26.73,  0d 00:09:47.05,1.2497,3.7411,C,07/25/2025 11:35:15 AM,0.0000,-0.0008,0.0,0.0
4476,0,8,  0d 01:14:27.73,  0d 00:09:48.05,1.2500,3.7412,C,07/25/2025 11:35:16 AM,0.0000,-0.0007,0.0,0.0
4477,0,8,  0d 01:14:28.73,  0d 00:09:49.05,1.2500,3.7413,C,07/25/2025 11:35:17 AM,0.0000,-0.0008,0.0,0.0
4478,0,8,  0d 01:14:29.73,  0d 00:09:50.05,1.2503,3.7415,C,07/25/2025 11:35:18 AM,0.0000,-0.0007,0.0,0.0
4479,0,8,  0d 01:14:30.73,  0d 00:09:51.05,1.2503,3.7416,C,07/25/2025 11:35:20 AM,0.0000,-0.0007,0.0,0.0
4480,0,8,  0d 01:14:31.73,  0d 00:09:52.05,1.2497,3.7418,C,07/25/2025 11:35:20 AM,0.0000,-0.0007,0.0,0.0
4481,0,8,  0d 01:14:32.73,  0d 00:09:53.05,1.2503,3.7417,C,07/25/2025 11:35:21 AM,0.0000,-0.0008,0.0,0.0
4482,0,8,  0d 01:14:33.73,  0d 00:09:54.05,1.2500,3.7420,C,07/25/2025 11:35:22 AM,0.0000,-0.0007,0.0,0.0
4483,0,8,  0d 01:14:34.73,  0d 00:09:55.05,1.2497,3.7422,C,07/25/2025 11:35:23 AM,0.0000,-0.0007,0.0,0.0
4484,0,8,  0d 01:14:35.73,  0d 00:09:56.05,1.2494,3.7422,C,07/25/2025 11:35:24 AM,0.0000,-0.0007,0.0,0.0
4485,0,8,  0d 01:14:36.73,  0d 00:09:57.05,1.2500,3.7424,C,07/25/2025 11:35:25 AM,0.0000,-0.0007,0.0,0.0
4486,0,8,  0d 01:14:37.73,  0d 00:09:58.05,1.2500,3.7426,C,07/25/2025 11:35:26 AM,0.0000,-0.0008,0.0,0.0
4487,0,8,  0d 01:14:38.73,  0d 00:09:59.05,1.2500,3.7427,C,07/25/2025 11:35:27 AM,0.0000,-0.0008,0.0,0.0
4488,0,8,  0d 01:14:39.73,  0d 00:10:00.05,1.2500,3.7427,C,07/25/2025 11:35:28 AM,0.0000,-0.0007,0.0,0.0
4489,0,8,  0d 01:14:40.73,  0d 00:10:01.05,1.2494,3.7429,C,07/25/2025 11:35:29 AM,0.0000,-0.0008,0.0,0.0
4490,0,8,  0d 01:14:41.73,  0d 00:10:02.05,1.2497,3.7430,C,07/25/2025 11:35:30 AM,0.0000,-0.0010,0.0,0.0
4491,0,8,  0d 01:14:42.73,  0d 00:10:03.05,1.2500,3.7433,C,07/25/2025 11:35:31 AM,0.0000,-0.0008,0.0,0.0
4492,0,8,  0d 01:14:43.73,  0d 00:10:04.05,1.2503,3.7433,C,07/25/2025 11:35:32 AM,0.0000,-0.0005,0.0,0.0
4493,0,8,  0d 01:14:44.73,  0d 00:10:05.05,1.2500,3.7433,C,07/25/2025 11:35:33 AM,0.0000,-0.0007,0.0,0.0
4494,0,8,  0d 01:14:45.73,  0d 00:10:06.05,1.2500,3.7434,C,07/25/2025 11:35:34 AM,0.0000,-0.0008,0.0,0.0
4495,0,8,  0d 01:14:46.73,  0d 00:10:07.05,1.2500,3.7436,C,07/25/2025 11:35:35 AM,0.0000,-0.0008,0.0,0.0
4496,0,8,  0d 01:14:47.73,  0d 00:10:08.05,1.2497,3.7437,C,07/25/2025 11:35:36 AM,0.0000,-0.0007,0.0,0.0
4497,0,8,  0d 01:14:48.73,  0d 00:10:09.05,1.2497,3.7438,C,07/25/2025 11:35:37 AM,0.0000,-0.0010,0.0,0.0
4498,0,8,  0d 01:14:49.73,  0d 00:10:10.05,1.2500,3.7440,C,07/25/2025 11:35:38 AM,0.0000,-0.0007,0.0,0.0
4499,0,8,  0d 01:14:50.73,  0d 00:10:11.05,1.2497,3.7443,C,07/25/2025 11:35:39 AM,0.0000,-0.0007,0.0,0.0
4500,0,8,  0d 01:14:51.73,  0d 00:10:12.05,1.2497,3.7443,C,07/25/2025 11:35:40 AM,0.0000,-0.0007,0.0,0.0
4501,0,8,  0d 01:14:52.73,  0d 00:10:13.05,1.2500,3.7444,C,07/25/2025 11:35:41 AM,0.0000,-0.0008,0.0,0.0
4502,0,8,  0d 01:14:53.73,  0d 00:10:14.05,1.2497,3.7445,C,07/25/2025 11:35:42 AM,0.0000,-0.0007,0.0,0.0
4503,0,8,  0d 01:14:54.73,  0d 00:10:15.05,1.2497,3.7446,C,07/25/2025 11:35:43 AM,0.0000,-0.0007,0.0,0.0
4504,0,8,  0d 01:14:55.73,  0d 00:10:16.05,1.2500,3.7447,C,07/25/2025 11:35:44 AM,0.0000,-0.0008,0.0,0.0
4505,0,8,  0d 01:14:56.73,  0d 00:10:17.05,1.2503,3.7449,C,07/25/2025 11:35:45 AM,0.0000,-0.0007,0.0,0.0
4506,0,8,  0d 01:14:57.73,  0d 00:10:18.05,1.2500,3.7449,C,07/25/2025 11:35:46 AM,0.0000,-0.0007,0.0,0.0
4507,0,8,  0d 01:14:58.73,  0d 00:10:19.05,1.2497,3.7451,C,07/25/2025 11:35:47 AM,0.0000,-0.0007,0.0,0.0
4508,0,8,  0d 01:14:59.73,  0d 00:10:20.05,1.2494,3.7453,C,07/25/2025 11:35:48 AM,0.0000,-0.0008,0.0,0.0
4509,0,8,  0d 01:15:00.73,  0d 00:10:21.05,1.2500,3.7455,C,07/25/2025 11:35:49 AM,0.0000,-0.0010,0.0,0.0
4510,0,8,  0d 01:15:01.73,  0d 00:10:22.05,1.2500,3.7456,C,07/25/2025 11:35:50 AM,0.0000,-0.0008,0.0,0.0
4511,0,8,  0d 01:15:02.73,  0d 00:10:23.05,1.2500,3.7457,C,07/25/2025 11:35:51 AM,0.0000,-0.0008,0.0,0.0
4512,0,8,  0d 01:15:03.73,  0d 00:10:24.05,1.2503,3.7459,C,07/25/2025 11:35:52 AM,0.0000,-0.0008,0.0,0.0
4513,0,8,  0d 01:15:04.73,  0d 00:10:25.05,1.2500,3.7460,C,07/25/2025 11:35:53 AM,0.0000,-0.0007,0.0,0.0
4514,0,8,  0d 01:15:05.73,  0d 00:10:26.05,1.2497,3.7461,C,07/25/2025 11:35:54 AM,0.0000,-0.0007,0.0,0.0
4515,0,8,  0d 01:15:06.73,  0d 00:10:27.05,1.2497,3.7462,C,07/25/2025 11:35:55 AM,0.0000,-0.0008,0.0,0.0
4516,0,8,  0d 01:15:07.73,  0d 00:10:28.05,1.2503,3.7462,C,07/25/2025 11:35:56 AM,0.0000,-0.0008,0.0,0.0
4517,0,8,  0d 01:15:08.73,  0d 00:10:29.05,1.2497,3.7465,C,07/25/2025 11:35:57 AM,0.0000,-0.0008,0.0,0.0
4518,0,8,  0d 01:15:09.73,  0d 00:10:30.05,1.2503,3.7465,C,07/25/2025 11:35:58 AM,0.0000,-0.0007,0.0,0.0
4519,0,8,  0d 01:15:10.73,  0d 00:10:31.05,1.2503,3.7467,C,07/25/2025 11:35:59 AM,0.0000,-0.0008,0.0,0.0
4520,0,8,  0d 01:15:11.73,  0d 00:10:32.05,1.2494,3.7468,C,07/25/2025 11:36:01 AM,0.0000,-0.0008,0.0,0.0
4521,0,8,  0d 01:15:12.73,  0d 00:10:33.05,1.2497,3.7470,C,07/25/2025 11:36:01 AM,0.0000,-0.0010,0.0,0.0
4522,0,8,  0d 01:15:13.73,  0d 00:10:34.05,1.2497,3.7472,C,07/25/2025 11:36:02 AM,0.0000,-0.0008,0.0,0.0
4523,0,8,  0d 01:15:14.73,  0d 00:10:35.05,1.2500,3.7472,C,07/25/2025 11:36:03 AM,0.0000,-0.0008,0.0,0.0
4524,0,8,  0d 01:15:15.73,  0d 00:10:36.05,1.2503,3.7472,C,07/25/2025 11:36:04 AM,0.0000,-0.0008,0.0,0.0
4525,0,8,  0d 01:15:16.73,  0d 00:10:37.05,1.2506,3.7475,C,07/25/2025 11:36:05 AM,0.0000,-0.0008,0.0,0.0
4526,0,8,  0d 01:15:17.73,  0d 00:10:38.05,1.2503,3.7475,C,07/25/2025 11:36:06 AM,0.0000,-0.0008,0.0,0.0
4527,0,8,  0d 01:15:18.73,  0d 00:10:39.05,1.2500,3.7478,C,07/25/2025 11:36:07 AM,0.0000,-0.0007,0.0,0.0
4528,0,8,  0d 01:15:19.73,  0d 00:10:40.05,1.2497,3.7478,C,07/25/2025 11:36:08 AM,0.0000,-0.0010,0.0,0.0
4529,0,8,  0d 01:15:20.73,  0d 00:10:41.05,1.2497,3.7479,C,07/25/2025 11:36:09 AM,0.0000,-0.0007,0.0,0.0
4530,0,8,  0d 01:15:21.73,  0d 00:10:42.05,1.2500,3.7479,C,07/25/2025 11:36:11 AM,0.0000,-0.0008,0.0,0.0
4531,0,8,  0d 01:15:22.73,  0d 00:10:43.05,1.2500,3.7483,C,07/25/2025 11:36:11 AM,0.0000,-0.0010,0.0,0.0
4532,0,8,  0d 01:15:23.73,  0d 00:10:44.05,1.2494,3.7483,C,07/25/2025 11:36:12 AM,0.0000,-0.0008,0.0,0.0
4533,0,8,  0d 01:15:24.73,  0d 00:10:45.05,1.2497,3.7484,C,07/25/2025 11:36:13 AM,0.0000,-0.0008,0.0,0.0
4534,0,8,  0d 01:15:25.73,  0d 00:10:46.05,1.2503,3.7485,C,07/25/2025 11:36:14 AM,0.0000,-0.0008,0.0,0.0
4535,0,8,  0d 01:15:26.73,  0d 00:10:47.05,1.2500,3.7487,C,07/25/2025 11:36:15 AM,0.0000,-0.0008,0.0,0.0
4536,0,8,  0d 01:15:27.73,  0d 00:10:48.05,1.2500,3.7488,C,07/25/2025 11:36:16 AM,0.0000,-0.0008,0.0,0.0
4537,0,8,  0d 01:15:28.73,  0d 00:10:49.05,1.2497,3.7489,C,07/25/2025 11:36:17 AM,0.0000,-0.0008,0.0,0.0
4538,0,8,  0d 01:15:29.73,  0d 00:10:50.05,1.2497,3.7491,C,07/25/2025 11:36:18 AM,0.0000,-0.0008,0.0,0.0
4539,0,8,  0d 01:15:30.73,  0d 00:10:51.05,1.2494,3.7491,C,07/25/2025 11:36:19 AM,0.0000,-0.0007,0.0,0.0
4540,0,8,  0d 01:15:31.73,  0d 00:10:52.05,1.2500,3.7494,C,07/25/2025 11:36:21 AM,0.0000,-0.0008,0.0,0.0
4541,0,8,  0d 01:15:32.73,  0d 00:10:53.05,1.2503,3.7496,C,07/25/2025 11:36:21 AM,0.0000,-0.0007,0.0,0.0
4542,0,8,  0d 01:15:33.73,  0d 00:10:54.05,1.2503,3.7496,C,07/25/2025 11:36:22 AM,0.0000,-0.0008,0.0,0.0
4543,0,8,  0d 01:15:34.73,  0d 00:10:55.05,1.2500,3.7497,C,07/25/2025 11:36:23 AM,0.0000,-0.0007,0.0,0.0
4544,0,8,  0d 01:15:35.73,  0d 00:10:56.05,1.2497,3.7499,C,07/25/2025 11:36:24 AM,0.0000,-0.0008,0.0,0.0
4545,0,8,  0d 01:15:36.73,  0d 00:10:57.05,1.2497,3.7501,C,07/25/2025 11:36:25 AM,0.0000,-0.0007,0.0,0.0
4546,0,8,  0d 01:15:37.73,  0d 00:10:58.05,1.2500,3.7500,C,07/25/2025 11:36:26 AM,0.0000,-0.0008,0.0,0.0
4547,0,8,  0d 01:15:38.73,  0d 00:10:59.05,1.2500,3.7504,C,07/25/2025 11:36:27 AM,0.0000,-0.0007,0.0,0.0
4548,0,8,  0d 01:15:39.73,  0d 00:11:00.05,1.2500,3.7506,C,07/25/2025 11:36:28 AM,0.0000,-0.0007,0.0,0.0
4549,0,8,  0d 01:15:40.73,  0d 00:11:01.05,1.2500,3.7506,C,07/25/2025 11:36:29 AM,0.0000,-0.0007,0.0,0.0
4550,0,8,  0d 01:15:41.73,  0d 00:11:02.05,1.2494,3.7507,C,07/25/2025 11:36:31 AM,0.0000,-0.0008,0.0,0.0
4551,0,8,  0d 01:15:42.73,  0d 00:11:03.05,1.2497,3.7507,C,07/25/2025 11:36:31 AM,0.0000,-0.0008,0.0,0.0
4552,0,8,  0d 01:15:43.73,  0d 00:11:04.05,1.2497,3.7509,C,07/25/2025 11:36:32 AM,0.0000,-0.0008,0.0,0.0
4553,0,8,  0d 01:15:44.73,  0d 00:11:05.05,1.2500,3.7510,C,07/25/2025 11:36:33 AM,0.0000,-0.0008,0.0,0.0
4554,0,8,  0d 01:15:45.73,  0d 00:11:06.05,1.2500,3.7511,C,07/25/2025 11:36:34 AM,0.0000,-0.0007,0.0,0.0
4555,0,8,  0d 01:15:46.73,  0d 00:11:07.05,1.2500,3.7514,C,07/25/2025 11:36:35 AM,0.0000,-0.0008,0.0,0.0
4556,0,8,  0d 01:15:47.73,  0d 00:11:08.05,1.2497,3.7514,C,07/25/2025 11:36:36 AM,0.0000,-0.0007,0.0,0.0
4557,0,8,  0d 01:15:48.73,  0d 00:11:09.05,1.2500,3.7515,C,07/25/2025 11:36:37 AM,0.0000,-0.0007,0.0,0.0
4558,0,8,  0d 01:15:49.73,  0d 00:11:10.05,1.2494,3.7516,C,07/25/2025 11:36:38 AM,0.0000,-0.0005,0.0,0.0
4559,0,8,  0d 01:15:50.73,  0d 00:11:11.05,1.2503,3.7518,C,07/25/2025 11:36:39 AM,0.0000,-0.0008,0.0,0.0
4560,0,8,  0d 01:15:51.73,  0d 00:11:12.05,1.2497,3.7520,C,07/25/2025 11:36:40 AM,0.0000,-0.0007,0.0,0.0
4561,0,8,  0d 01:15:52.73,  0d 00:11:13.05,1.2497,3.7520,C,07/25/2025 11:36:41 AM,0.0000,-0.0007,0.0,0.0
4562,0,8,  0d 01:15:53.73,  0d 00:11:14.05,1.2503,3.7523,C,07/25/2025 11:36:42 AM,0.0000,-0.0007,0.0,0.0
4563,0,8,  0d 01:15:54.73,  0d 00:11:15.05,1.2500,3.7523,C,07/25/2025 11:36:43 AM,0.0000,-0.0008,0.0,0.0
4564,0,8,  0d 01:15:55.73,  0d 00:11:16.05,1.2500,3.7525,C,07/25/2025 11:36:44 AM,0.0000,-0.0007,0.0,0.0
4565,0,8,  0d 01:15:56.73,  0d 00:11:17.05,1.2497,3.7526,C,07/25/2025 11:36:45 AM,0.0000,-0.0008,0.0,0.0
4566,0,8,  0d 01:15:57.73,  0d 00:11:18.05,1.2494,3.7527,C,07/25/2025 11:36:46 AM,0.0000,-0.0007,0.0,0.0
4567,0,8,  0d 01:15:58.73,  0d 00:11:19.05,1.2500,3.7530,C,07/25/2025 11:36:47 AM,0.0000,-0.0007,0.0,0.0
4568,0,8,  0d 01:15:59.73,  0d 00:11:20.05,1.2497,3.7530,C,07/25/2025 11:36:48 AM,0.0000,-0.0008,0.0,0.0
4569,0,8,  0d 01:16:00.73,  0d 00:11:21.05,1.2497,3.7532,C,07/25/2025 11:36:49 AM,0.0000,-0.0008,0.0,0.0
4570,0,8,  0d 01:16:01.73,  0d 00:11:22.05,1.2500,3.7533,C,07/25/2025 11:36:50 AM,0.0000,-0.0008,0.0,0.0
4571,0,8,  0d 01:16:02.73,  0d 00:11:23.05,1.2497,3.7534,C,07/25/2025 11:36:51 AM,0.0000,-0.0008,0.0,0.0
4572,0,8,  0d 01:16:03.73,  0d 00:11:24.05,1.2500,3.7536,C,07/25/2025 11:36:52 AM,0.0000,-0.0007,0.0,0.0
4573,0,8,  0d 01:16:04.73,  0d 00:11:25.05,1.2500,3.7536,C,07/25/2025 11:36:53 AM,0.0000,-0.0007,0.0,0.0
4574,0,8,  0d 01:16:05.73,  0d 00:11:26.05,1.2497,3.7537,C,07/25/2025 11:36:54 AM,0.0000,-0.0007,0.0,0.0
4575,0,8,  0d 01:16:06.73,  0d 00:11:27.05,1.2503,3.7539,C,07/25/2025 11:36:55 AM,0.0000,-0.0007,0.0,0.0
4576,0,8,  0d 01:16:07.73,  0d 00:11:28.05,1.2494,3.7540,C,07/25/2025 11:36:56 AM,0.0000,-0.0007,0.0,0.0
4577,0,8,  0d 01:16:08.73,  0d 00:11:29.05,1.2494,3.7543,C,07/25/2025 11:36:57 AM,0.0000,-0.0008,0.0,0.0
4578,0,8,  0d 01:16:09.73,  0d 00:11:30.05,1.2497,3.7543,C,07/25/2025 11:36:58 AM,0.0000,-0.0007,0.0,0.0
4579,0,8,  0d 01:16:10.73,  0d 00:11:31.05,1.2500,3.7545,C,07/25/2025 11:36:59 AM,0.0000,-0.0007,0.0,0.0
4580,0,8,  0d 01:16:11.73,  0d 00:11:32.05,1.2500,3.7546,C,07/25/2025 11:37:00 AM,0.0000,-0.0008,0.0,0.0
4581,0,8,  0d 01:16:12.73,  0d 00:11:33.05,1.2503,3.7546,C,07/25/2025 11:37:01 AM,0.0000,-0.0007,0.0,0.0
4582,0,8,  0d 01:16:13.73,  0d 00:11:34.05,1.2497,3.7547,C,07/25/2025 11:37:02 AM,0.0000,-0.0007,0.0,0.0
4583,0,8,  0d 01:16:14.73,  0d 00:11:35.05,1.2500,3.7549,C,07/25/2025 11:37:03 AM,0.0000,-0.0008,0.0,0.0
4584,0,8,  0d 01:16:15.73,  0d 00:11:36.05,1.2500,3.7552,C,07/25/2025 11:37:04 AM,0.0000,-0.0007,0.0,0.0
4585,0,8,  0d 01:16:16.73,  0d 00:11:37.05,1.2503,3.7552,C,07/25/2025 11:37:05 AM,0.0000,-0.0007,0.0,0.0
4586,0,8,  0d 01:16:17.73,  0d 00:11:38.05,1.2500,3.7555,C,07/25/2025 11:37:06 AM,0.0000,-0.0007,0.0,0.0
4587,0,8,  0d 01:16:18.73,  0d 00:11:39.05,1.2500,3.7556,C,07/25/2025 11:37:07 AM,0.0000,-0.0008,0.0,0.0
4588,0,8,  0d 01:16:19.73,  0d 00:11:40.05,1.2506,3.7558,C,07/25/2025 11:37:08 AM,0.0000,-0.0007,0.0,0.0
4589,0,8,  0d 01:16:20.73,  0d 00:11:41.05,1.2506,3.7559,C,07/25/2025 11:37:09 AM,0.0000,-0.0008,0.0,0.0
4590,0,8,  0d 01:16:21.73,  0d 00:11:42.05,1.2503,3.7560,C,07/25/2025 11:37:10 AM,0.0000,-0.0007,0.0,0.0
4591,0,8,  0d 01:16:22.73,  0d 00:11:43.05,1.2503,3.7561,C,07/25/2025 11:37:12 AM,0.0000,-0.0007,0.0,0.0
4592,0,8,  0d 01:16:23.73,  0d 00:11:44.05,1.2497,3.7562,C,07/25/2025 11:37:12 AM,0.0000,-0.0008,0.0,0.0
4593,0,8,  0d 01:16:24.73,  0d 00:11:45.05,1.2500,3.7563,C,07/25/2025 11:37:13 AM,0.0000,-0.0008,0.0,0.0
4594,0,8,  0d 01:16:25.73,  0d 00:11:46.05,1.2497,3.7565,C,07/25/2025 11:37:14 AM,0.0000,-0.0008,0.0,0.0
4595,0,8,  0d 01:16:26.73,  0d 00:11:47.05,1.2497,3.7566,C,07/25/2025 11:37:15 AM,0.0000,-0.0007,0.0,0.0
4596,0,8,  0d 01:16:27.73,  0d 00:11:48.05,1.2500,3.7568,C,07/25/2025 11:37:16 AM,0.0000,-0.0008,0.0,0.0
4597,0,8,  0d 01:16:28.73,  0d 00:11:49.05,1.2491,3.7568,C,07/25/2025 11:37:17 AM,0.0000,-0.0007,0.0,0.0
4598,0,8,  0d 01:16:29.73,  0d 00:11:50.05,1.2500,3.7570,C,07/25/2025 11:37:18 AM,0.0000,-0.0007,0.0,0.0
4599,0,8,  0d 01:16:30.73,  0d 00:11:51.05,1.2497,3.7572,C,07/25/2025 11:37:19 AM,0.0000,-0.0007,0.0,0.0
4600,0,8,  0d 01:16:31.73,  0d 00:11:52.05,1.2497,3.7572,C,07/25/2025 11:37:20 AM,0.0000,-0.0007,0.0,0.0
4601,0,8,  0d 01:16:32.73,  0d 00:11:53.05,1.2512,3.7574,C,07/25/2025 11:37:22 AM,0.0000,-0.0007,0.0,0.0
4602,0,8,  0d 01:16:33.73,  0d 00:11:54.05,1.2497,3.7576,C,07/25/2025 11:37:22 AM,0.0000,-0.0008,0.0,0.0
4603,0,8,  0d 01:16:34.73,  0d 00:11:55.05,1.2500,3.7578,C,07/25/2025 11:37:23 AM,0.0000,-0.0007,0.0,0.0
4604,0,8,  0d 01:16:35.73,  0d 00:11:56.05,1.2497,3.7578,C,07/25/2025 11:37:24 AM,0.0000,-0.0007,0.0,0.0
4605,0,8,  0d 01:16:36.73,  0d 00:11:57.05,1.2500,3.7580,C,07/25/2025 11:37:25 AM,0.0000,-0.0007,0.0,0.0
4606,0,8,  0d 01:16:37.73,  0d 00:11:58.05,1.2497,3.7581,C,07/25/2025 11:37:26 AM,0.0000,-0.0008,0.0,0.0
4607,0,8,  0d 01:16:38.73,  0d 00:11:59.05,1.2497,3.7581,C,07/25/2025 11:37:27 AM,0.0000,-0.0007,0.0,0.0
4608,0,8,  0d 01:16:39.73,  0d 00:12:00.05,1.2497,3.7582,C,07/25/2025 11:37:28 AM,0.0000,-0.0007,0.0,0.0
4609,0,8,  0d 01:16:40.73,  0d 00:12:01.05,1.2500,3.7585,C,07/25/2025 11:37:29 AM,0.0000,-0.0008,0.0,0.0
4610,0,8,  0d 01:16:41.73,  0d 00:12:02.05,1.2494,3.7586,C,07/25/2025 11:37:30 AM,0.0000,-0.0007,0.0,0.0
4611,0,8,  0d 01:16:42.73,  0d 00:12:03.05,1.2503,3.7588,C,07/25/2025 11:37:32 AM,0.0000,-0.0007,0.0,0.0
4612,0,8,  0d 01:16:43.73,  0d 00:12:04.05,1.2500,3.7588,C,07/25/2025 11:37:32 AM,0.0000,-0.0008,0.0,0.0
4613,0,8,  0d 01:16:44.73,  0d 00:12:05.05,1.2500,3.7591,C,07/25/2025 11:37:33 AM,0.0000,-0.0008,0.0,0.0
4614,0,8,  0d 01:16:45.73,  0d 00:12:06.05,1.2497,3.7592,C,07/25/2025 11:37:34 AM,0.0000,-0.0007,0.0,0.0
4615,0,8,  0d 01:16:46.73,  0d 00:12:07.05,1.2503,3.7593,C,07/25/2025 11:37:35 AM,0.0000,-0.0008,0.0,0.0
4616,0,8,  0d 01:16:47.73,  0d 00:12:08.05,1.2494,3.7594,C,07/25/2025 11:37:36 AM,0.0000,-0.0008,0.0,0.0
4617,0,8,  0d 01:16:48.73,  0d 00:12:09.05,1.2503,3.7597,C,07/25/2025 11:37:37 AM,0.0000,-0.0007,0.0,0.0
4618,0,8,  0d 01:16:49.73,  0d 00:12:10.05,1.2497,3.7597,C,07/25/2025 11:37:38 AM,0.0000,-0.0008,0.0,0.0
4619,0,8,  0d 01:16:50.73,  0d 00:12:11.05,1.2497,3.7599,C,07/25/2025 11:37:39 AM,0.0000,-0.0008,0.0,0.0
4620,0,8,  0d 01:16:51.73,  0d 00:12:12.05,1.2500,3.7600,C,07/25/2025 11:37:40 AM,0.0000,-0.0007,0.0,0.0
4621,0,8,  0d 01:16:52.73,  0d 00:12:13.05,1.2497,3.7601,C,07/25/2025 11:37:42 AM,0.0000,-0.0007,0.0,0.0
4622,0,8,  0d 01:16:53.73,  0d 00:12:14.05,1.2500,3.7602,C,07/25/2025 11:37:42 AM,0.0000,-0.0007,0.0,0.0
4623,0,8,  0d 01:16:54.73,  0d 00:12:15.05,1.2497,3.7603,C,07/25/2025 11:37:43 AM,0.0000,-0.0010,0.0,0.0
4624,0,8,  0d 01:16:55.73,  0d 00:12:16.05,1.2494,3.7604,C,07/25/2025 11:37:44 AM,0.0000,-0.0008,0.0,0.0
4625,0,8,  0d 01:16:56.73,  0d 00:12:17.05,1.2500,3.7607,C,07/25/2025 11:37:45 AM,0.0000,-0.0008,0.0,0.0
4626,0,8,  0d 01:16:57.73,  0d 00:12:18.05,1.2500,3.7607,C,07/25/2025 11:37:46 AM,0.0000,-0.0007,0.0,0.0
4627,0,8,  0d 01:16:58.73,  0d 00:12:19.05,1.2500,3.7608,C,07/25/2025 11:37:47 AM,0.0000,-0.0008,0.0,0.0
4628,0,8,  0d 01:16:59.73,  0d 00:12:20.05,1.2500,3.7610,C,07/25/2025 11:37:48 AM,0.0000,-0.0008,0.0,0.0
4629,0,8,  0d 01:17:00.73,  0d 00:12:21.05,1.2497,3.7611,C,07/25/2025 11:37:49 AM,0.0000,-0.0008,0.0,0.0
4630,0,8,  0d 01:17:01.73,  0d 00:12:22.05,1.2497,3.7613,C,07/25/2025 11:37:50 AM,0.0000,-0.0007,0.0,0.0
4631,0,8,  0d 01:17:02.73,  0d 00:12:23.05,1.2494,3.7613,C,07/25/2025 11:37:51 AM,0.0000,-0.0007,0.0,0.0
4632,0,8,  0d 01:17:03.73,  0d 00:12:24.05,1.2503,3.7616,C,07/25/2025 11:37:52 AM,0.0000,-0.0007,0.0,0.0
4633,0,8,  0d 01:17:04.73,  0d 00:12:25.05,1.2500,3.7617,C,07/25/2025 11:37:53 AM,0.0000,-0.0007,0.0,0.0
4634,0,8,  0d 01:17:05.73,  0d 00:12:26.05,1.2503,3.7620,C,07/25/2025 11:37:54 AM,0.0000,-0.0005,0.0,0.0
4635,0,8,  0d 01:17:06.73,  0d 00:12:27.05,1.2500,3.7621,C,07/25/2025 11:37:55 AM,0.0000,-0.0008,0.0,0.0
4636,0,8,  0d 01:17:07.73,  0d 00:12:28.05,1.2497,3.7621,C,07/25/2025 11:37:56 AM,0.0000,-0.0008,0.0,0.0
4637,0,8,  0d 01:17:08.73,  0d 00:12:29.05,1.2497,3.7623,C,07/25/2025 11:37:57 AM,0.0000,-0.0007,0.0,0.0
4638,0,8,  0d 01:17:09.73,  0d 00:12:30.05,1.2500,3.7624,C,07/25/2025 11:37:58 AM,0.0000,-0.0008,0.0,0.0
4639,0,8,  0d 01:17:10.73,  0d 00:12:31.05,1.2503,3.7626,C,07/25/2025 11:37:59 AM,0.0000,-0.0007,0.0,0.0
4640,0,8,  0d 01:17:11.73,  0d 00:12:32.05,1.2500,3.7627,C,07/25/2025 11:38:00 AM,0.0000,-0.0008,0.0,0.0
4641,0,8,  0d 01:17:12.73,  0d 00:12:33.05,1.2497,3.7629,C,07/25/2025 11:38:01 AM,0.0000,-0.0008,0.0,0.0
4642,0,8,  0d 01:17:13.73,  0d 00:12:34.05,1.2500,3.7630,C,07/25/2025 11:38:02 AM,0.0000,-0.0007,0.0,0.0
4643,0,8,  0d 01:17:14.73,  0d 00:12:35.05,1.2497,3.7631,C,07/25/2025 11:38:03 AM,0.0000,-0.0008,0.0,0.0
4644,0,8,  0d 01:17:15.73,  0d 00:12:36.05,1.2503,3.7633,C,07/25/2025 11:38:04 AM,0.0000,-0.0007,0.0,0.0
4645,0,8,  0d 01:17:16.73,  0d 00:12:37.05,1.2497,3.7633,C,07/25/2025 11:38:05 AM,0.0000,-0.0008,0.0,0.0
4646,0,8,  0d 01:17:17.73,  0d 00:12:38.05,1.2500,3.7635,C,07/25/2025 11:38:06 AM,0.0000,-0.0008,0.0,0.0
4647,0,8,  0d 01:17:18.73,  0d 00:12:39.05,1.2497,3.7636,C,07/25/2025 11:38:07 AM,0.0000,-0.0008,0.0,0.0
4648,0,8,  0d 01:17:19.73,  0d 00:12:40.05,1.2497,3.7638,C,07/25/2025 11:38:08 AM,0.0000,-0.0007,0.0,0.0
4649,0,8,  0d 01:17:20.73,  0d 00:12:41.05,1.2494,3.7639,C,07/25/2025 11:38:09 AM,0.0000,-0.0008,0.0,0.0
4650,0,8,  0d 01:17:21.73,  0d 00:12:42.05,1.2503,3.7639,C,07/25/2025 11:38:10 AM,0.0000,-0.0007,0.0,0.0
4651,0,8,  0d 01:17:22.73,  0d 00:12:43.05,1.2503,3.7642,C,07/25/2025 11:38:11 AM,0.0000,-0.0007,0.0,0.0
4652,0,8,  0d 01:17:23.73,  0d 00:12:44.05,1.2497,3.7643,C,07/25/2025 11:38:12 AM,0.0000,-0.0008,0.0,0.0
4653,0,8,  0d 01:17:24.73,  0d 00:12:45.05,1.2500,3.7644,C,07/25/2025 11:38:13 AM,0.0000,-0.0007,0.0,0.0
4654,0,8,  0d 01:17:25.73,  0d 00:12:46.05,1.2500,3.7645,C,07/25/2025 11:38:14 AM,0.0000,-0.0007,0.0,0.0
4655,0,8,  0d 01:17:26.73,  0d 00:12:47.05,1.2494,3.7646,C,07/25/2025 11:38:15 AM,0.0000,-0.0007,0.0,0.0
4656,0,8,  0d 01:17:27.73,  0d 00:12:48.05,1.2500,3.7648,C,07/25/2025 11:38:16 AM,0.0000,-0.0007,0.0,0.0
4657,0,8,  0d 01:17:28.73,  0d 00:12:49.05,1.2500,3.7649,C,07/25/2025 11:38:17 AM,0.0000,-0.0008,0.0,0.0
4658,0,8,  0d 01:17:29.73,  0d 00:12:50.05,1.2497,3.7652,C,07/25/2025 11:38:18 AM,0.0000,-0.0008,0.0,0.0
4659,0,8,  0d 01:17:30.73,  0d 00:12:51.05,1.2500,3.7653,C,07/25/2025 11:38:19 AM,0.0000,-0.0007,0.0,0.0
4660,0,8,  0d 01:17:31.73,  0d 00:12:52.05,1.2494,3.7655,C,07/25/2025 11:38:20 AM,0.0000,-0.0007,0.0,0.0
4661,0,8,  0d 01:17:32.73,  0d 00:12:53.05,1.2500,3.7655,C,07/25/2025 11:38:21 AM,0.0000,-0.0010,0.0,0.0
4662,0,8,  0d 01:17:33.73,  0d 00:12:54.05,1.2497,3.7657,C,07/25/2025 11:38:23 AM,0.0000,-0.0007,0.0,0.0
4663,0,8,  0d 01:17:34.73,  0d 00:12:55.05,1.2497,3.7659,C,07/25/2025 11:38:23 AM,0.0000,-0.0007,0.0,0.0
4664,0,8,  0d 01:17:35.73,  0d 00:12:56.05,1.2494,3.7660,C,07/25/2025 11:38:24 AM,0.0000,-0.0007,0.0,0.0
4665,0,8,  0d 01:17:36.73,  0d 00:12:57.05,1.2500,3.7662,C,07/25/2025 11:38:25 AM,0.0000,-0.0008,0.0,0.0
4666,0,8,  0d 01:17:37.73,  0d 00:12:58.05,1.2497,3.7662,C,07/25/2025 11:38:26 AM,0.0000,-0.0007,0.0,0.0
4667,0,8,  0d 01:17:38.73,  0d 00:12:59.05,1.2494,3.7665,C,07/25/2025 11:38:27 AM,0.0000,-0.0007,0.0,0.0
4668,0,8,  0d 01:17:39.73,  0d 00:13:00.05,1.2497,3.7665,C,07/25/2025 11:38:28 AM,0.0000,-0.0008,0.0,0.0
4669,0,8,  0d 01:17:40.73,  0d 00:13:01.05,1.2497,3.7667,C,07/25/2025 11:38:29 AM,0.0000,-0.0007,0.0,0.0
4670,0,8,  0d 01:17:41.73,  0d 00:13:02.05,1.2500,3.7668,C,07/25/2025 11:38:30 AM,0.0000,-0.0007,0.0,0.0
4671,0,8,  0d 01:17:42.73,  0d 00:13:03.05,1.2497,3.7670,C,07/25/2025 11:38:31 AM,0.0000,-0.0007,0.0,0.0
4672,0,8,  0d 01:17:43.73,  0d 00:13:04.05,1.2497,3.7670,C,07/25/2025 11:38:33 AM,0.0000,-0.0007,0.0,0.0
4673,0,8,  0d 01:17:44.73,  0d 00:13:05.05,1.2503,3.7673,C,07/25/2025 11:38:33 AM,0.0000,-0.0008,0.0,0.0
4674,0,8,  0d 01:17:45.73,  0d 00:13:06.05,1.2497,3.7672,C,07/25/2025 11:38:34 AM,0.0000,-0.0007,0.0,0.0
4675,0,8,  0d 01:17:46.73,  0d 00:13:07.05,1.2500,3.7675,C,07/25/2025 11:38:35 AM,0.0000,-0.0008,0.0,0.0
4676,0,8,  0d 01:17:47.73,  0d 00:13:08.05,1.2503,3.7677,C,07/25/2025 11:38:36 AM,0.0000,-0.0008,0.0,0.0
4677,0,8,  0d 01:17:48.73,  0d 00:13:09.05,1.2500,3.7678,C,07/25/2025 11:38:37 AM,0.0000,-0.0008,0.0,0.0
4678,0,8,  0d 01:17:49.73,  0d 00:13:10.05,1.2500,3.7681,C,07/25/2025 11:38:38 AM,0.0000,-0.0007,0.0,0.0
4679,0,8,  0d 01:17:50.73,  0d 00:13:11.05,1.2500,3.7681,C,07/25/2025 11:38:39 AM,0.0000,-0.0008,0.0,0.0
4680,0,8,  0d 01:17:51.73,  0d 00:13:12.05,1.2497,3.7682,C,07/25/2025 11:38:40 AM,0.0000,-0.0007,0.0,0.0
4681,0,8,  0d 01:17:52.73,  0d 00:13:13.05,1.2497,3.7683,C,07/25/2025 11:38:41 AM,0.0000,-0.0007,0.0,0.0
4682,0,8,  0d 01:17:53.73,  0d 00:13:14.05,1.2491,3.7685,C,07/25/2025 11:38:43 AM,0.0000,-0.0005,0.0,0.0
4683,0,8,  0d 01:17:54.73,  0d 00:13:15.05,1.2497,3.7686,C,07/25/2025 11:38:43 AM,0.0000,-0.0008,0.0,0.0
4684,0,8,  0d 01:17:55.73,  0d 00:13:16.05,1.2494,3.7687,C,07/25/2025 11:38:44 AM,0.0000,-0.0007,0.0,0.0
4685,0,8,  0d 01:17:56.73,  0d 00:13:17.05,1.2500,3.7689,C,07/25/2025 11:38:45 AM,0.0000,-0.0008,0.0,0.0
4686,0,8,  0d 01:17:57.73,  0d 00:13:18.05,1.2497,3.7691,C,07/25/2025 11:38:46 AM,0.0000,-0.0005,0.0,0.0
4687,0,8,  0d 01:17:58.73,  0d 00:13:19.05,1.2500,3.7693,C,07/25/2025 11:38:47 AM,0.0000,-0.0007,0.0,0.0
4688,0,8,  0d 01:17:59.73,  0d 00:13:20.05,1.2503,3.7693,C,07/25/2025 11:38:48 AM,0.0000,-0.0007,0.0,0.0
4689,0,8,  0d 01:18:00.73,  0d 00:13:21.05,1.2494,3.7694,C,07/25/2025 11:38:49 AM,0.0000,-0.0007,0.0,0.0
4690,0,8,  0d 01:18:01.73,  0d 00:13:22.05,1.2500,3.7696,C,07/25/2025 11:38:50 AM,0.0000,-0.0008,0.0,0.0
4691,0,8,  0d 01:18:02.73,  0d 00:13:23.05,1.2497,3.7697,C,07/25/2025 11:38:51 AM,0.0000,-0.0007,0.0,0.0
4692,0,8,  0d 01:18:03.73,  0d 00:13:24.05,1.2500,3.7697,C,07/25/2025 11:38:53 AM,0.0000,-0.0008,0.0,0.0
4693,0,8,  0d 01:18:04.73,  0d 00:13:25.05,1.2503,3.7700,C,07/25/2025 11:38:53 AM,0.0000,-0.0008,0.0,0.0
4694,0,8,  0d 01:18:05.73,  0d 00:13:26.05,1.2503,3.7700,C,07/25/2025 11:38:54 AM,0.0000,-0.0008,0.0,0.0
4695,0,8,  0d 01:18:06.73,  0d 00:13:27.05,1.2494,3.7703,C,07/25/2025 11:38:55 AM,0.0000,-0.0007,0.0,0.0
4696,0,8,  0d 01:18:07.73,  0d 00:13:28.05,1.2500,3.7704,C,07/25/2025 11:38:56 AM,0.0000,-0.0005,0.0,0.0
4697,0,8,  0d 01:18:08.73,  0d 00:13:29.05,1.2494,3.7706,C,07/25/2025 11:38:57 AM,0.0000,-0.0010,0.0,0.0
4698,0,8,  0d 01:18:09.73,  0d 00:13:30.05,1.2500,3.7707,C,07/25/2025 11:38:58 AM,0.0000,-0.0008,0.0,0.0
4699,0,8,  0d 01:18:10.73,  0d 00:13:31.05,1.2497,3.7707,C,07/25/2025 11:38:59 AM,0.0000,-0.0008,0.0,0.0
4700,0,8,  0d 01:18:11.73,  0d 00:13:32.05,1.2503,3.7708,C,07/25/2025 11:39:00 AM,0.0000,-0.0007,0.0,0.0
4701,0,8,  0d 01:18:12.73,  0d 00:13:33.05,1.2509,3.7710,C,07/25/2025 11:39:01 AM,0.0000,-0.0008,0.0,0.0
4702,0,8,  0d 01:18:13.73,  0d 00:13:34.05,1.2500,3.7712,C,07/25/2025 11:39:02 AM,0.0000,-0.0008,0.0,0.0
4703,0,8,  0d 01:18:14.73,  0d 00:13:35.05,1.2497,3.7713,C,07/25/2025 11:39:03 AM,0.0000,-0.0008,0.0,0.0
4704,0,8,  0d 01:18:15.73,  0d 00:13:36.05,1.2503,3.7715,C,07/25/2025 11:39:04 AM,0.0000,-0.0008,0.0,0.0
4705,0,8,  0d 01:18:16.73,  0d 00:13:37.05,1.2500,3.7718,C,07/25/2025 11:39:05 AM,0.0000,-0.0005,0.0,0.0
4706,0,8,  0d 01:18:17.73,  0d 00:13:38.05,1.2500,3.7718,C,07/25/2025 11:39:06 AM,0.0000,-0.0008,0.0,0.0
4707,0,8,  0d 01:18:18.73,  0d 00:13:39.05,1.2500,3.7720,C,07/25/2025 11:39:07 AM,0.0000,-0.0008,0.0,0.0
4708,0,8,  0d 01:18:19.73,  0d 00:13:40.05,1.2500,3.7721,C,07/25/2025 11:39:08 AM,0.0000,-0.0008,0.0,0.0
4709,0,8,  0d 01:18:20.73,  0d 00:13:41.05,1.2506,3.7723,C,07/25/2025 11:39:09 AM,0.0000,-0.0007,0.0,0.0
4710,0,8,  0d 01:18:21.73,  0d 00:13:42.05,1.2500,3.7723,C,07/25/2025 11:39:10 AM,0.0000,-0.0008,0.0,0.0
4711,0,8,  0d 01:18:22.73,  0d 00:13:43.05,1.2500,3.7724,C,07/25/2025 11:39:11 AM,0.0000,-0.0008,0.0,0.0
4712,0,8,  0d 01:18:23.73,  0d 00:13:44.05,1.2500,3.7726,C,07/25/2025 11:39:12 AM,0.0000,-0.0007,0.0,0.0
4713,0,8,  0d 01:18:24.73,  0d 00:13:45.05,1.2500,3.7728,C,07/25/2025 11:39:13 AM,0.0000,-0.0008,0.0,0.0
4714,0,8,  0d 01:18:25.73,  0d 00:13:46.05,1.2500,3.7729,C,07/25/2025 11:39:14 AM,0.0000,-0.0010,0.0,0.0
4715,0,8,  0d 01:18:26.73,  0d 00:13:47.05,1.2500,3.7730,C,07/25/2025 11:39:15 AM,0.0000,-0.0007,0.0,0.0
4716,0,8,  0d 01:18:27.73,  0d 00:13:48.05,1.2497,3.7733,C,07/25/2025 11:39:16 AM,0.0000,-0.0008,0.0,0.0
4717,0,8,  0d 01:18:28.73,  0d 00:13:49.05,1.2500,3.7734,C,07/25/2025 11:39:17 AM,0.0000,-0.0007,0.0,0.0
4718,0,8,  0d 01:18:29.73,  0d 00:13:50.05,1.2497,3.7736,C,07/25/2025 11:39:18 AM,0.0000,-0.0007,0.0,0.0
4719,0,8,  0d 01:18:30.73,  0d 00:13:51.05,1.2500,3.7736,C,07/25/2025 11:39:19 AM,0.0000,-0.0007,0.0,0.0
4720,0,8,  0d 01:18:31.73,  0d 00:13:52.05,1.2497,3.7738,C,07/25/2025 11:39:20 AM,0.0000,-0.0007,0.0,0.0
4721,0,8,  0d 01:18:32.73,  0d 00:13:53.05,1.2503,3.7739,C,07/25/2025 11:39:21 AM,0.0000,-0.0008,0.0,0.0
4722,0,8,  0d 01:18:33.73,  0d 00:13:54.05,1.2497,3.7740,C,07/25/2025 11:39:22 AM,0.0000,-0.0008,0.0,0.0
4723,0,8,  0d 01:18:34.73,  0d 00:13:55.05,1.2500,3.7742,C,07/25/2025 11:39:23 AM,0.0000,-0.0008,0.0,0.0
4724,0,8,  0d 01:18:35.73,  0d 00:13:56.05,1.2500,3.7743,C,07/25/2025 11:39:24 AM,0.0000,-0.0007,0.0,0.0
4725,0,8,  0d 01:18:36.73,  0d 00:13:57.05,1.2497,3.7744,C,07/25/2025 11:39:25 AM,0.0000,-0.0008,0.0,0.0
4726,0,8,  0d 01:18:37.73,  0d 00:13:58.05,1.2500,3.7745,C,07/25/2025 11:39:26 AM,0.0000,-0.0007,0.0,0.0
4727,0,8,  0d 01:18:38.73,  0d 00:13:59.05,1.2497,3.7749,C,07/25/2025 11:39:27 AM,0.0000,-0.0008,0.0,0.0
4728,0,8,  0d 01:18:39.73,  0d 00:14:00.05,1.2503,3.7749,C,07/25/2025 11:39:28 AM,0.0000,-0.0008,0.0,0.0
4729,0,8,  0d 01:18:40.73,  0d 00:14:01.05,1.2497,3.7751,C,07/25/2025 11:39:29 AM,0.0000,-0.0008,0.0,0.0
4730,0,8,  0d 01:18:41.73,  0d 00:14:02.05,1.2503,3.7752,C,07/25/2025 11:39:30 AM,0.0000,-0.0005,0.0,0.0
4731,0,8,  0d 01:18:42.73,  0d 00:14:03.05,1.2497,3.7755,C,07/25/2025 11:39:31 AM,0.0000,-0.0008,0.0,0.0
4732,0,8,  0d 01:18:43.73,  0d 00:14:04.05,1.2494,3.7755,C,07/25/2025 11:39:32 AM,0.0000,-0.0010,0.0,0.0
4733,0,8,  0d 01:18:44.73,  0d 00:14:05.05,1.2494,3.7757,C,07/25/2025 11:39:34 AM,0.0000,-0.0007,0.0,0.0
4734,0,8,  0d 01:18:45.73,  0d 00:14:06.05,1.2497,3.7758,C,07/25/2025 11:39:34 AM,0.0000,-0.0008,0.0,0.0
4735,0,8,  0d 01:18:46.73,  0d 00:14:07.05,1.2500,3.7758,C,07/25/2025 11:39:35 AM,0.0000,-0.0008,0.0,0.0
4736,0,8,  0d 01:18:47.73,  0d 00:14:08.05,1.2503,3.7761,C,07/25/2025 11:39:36 AM,0.0000,-0.0007,0.0,0.0
4737,0,8,  0d 01:18:48.73,  0d 00:14:09.05,1.2500,3.7762,C,07/25/2025 11:39:37 AM,0.0000,-0.0008,0.0,0.0
4738,0,8,  0d 01:18:49.73,  0d 00:14:10.05,1.2500,3.7765,C,07/25/2025 11:39:38 AM,0.0000,-0.0007,0.0,0.0
4739,0,8,  0d 01:18:50.73,  0d 00:14:11.05,1.2503,3.7766,C,07/25/2025 11:39:39 AM,0.0000,-0.0008,0.0,0.0
4740,0,8,  0d 01:18:51.73,  0d 00:14:12.05,1.2497,3.7765,C,07/25/2025 11:39:40 AM,0.0000,-0.0007,0.0,0.0
4741,0,8,  0d 01:18:52.73,  0d 00:14:13.05,1.2503,3.7768,C,07/25/2025 11:39:41 AM,0.0000,-0.0008,0.0,0.0
4742,0,8,  0d 01:18:53.73,  0d 00:14:14.05,1.2497,3.7769,C,07/25/2025 11:39:42 AM,0.0000,-0.0007,0.0,0.0
4743,0,8,  0d 01:18:54.73,  0d 00:14:15.05,1.2500,3.7771,C,07/25/2025 11:39:44 AM,0.0000,-0.0007,0.0,0.0
4744,0,8,  0d 01:18:55.73,  0d 00:14:16.05,1.2494,3.7771,C,07/25/2025 11:39:44 AM,0.0000,-0.0008,0.0,0.0
4745,0,8,  0d 01:18:56.73,  0d 00:14:17.05,1.2503,3.7774,C,07/25/2025 11:39:45 AM,0.0000,-0.0008,0.0,0.0
4746,0,8,  0d 01:18:57.73,  0d 00:14:18.05,1.2497,3.7774,C,07/25/2025 11:39:46 AM,0.0000,-0.0008,0.0,0.0
4747,0,8,  0d 01:18:58.73,  0d 00:14:19.05,1.2491,3.7776,C,07/25/2025 11:39:47 AM,0.0000,-0.0007,0.0,0.0
4748,0,8,  0d 01:18:59.73,  0d 00:14:20.05,1.2503,3.7778,C,07/25/2025 11:39:48 AM,0.0000,-0.0008,0.0,0.0
4749,0,8,  0d 01:19:00.73,  0d 00:14:21.05,1.2503,3.7778,C,07/25/2025 11:39:49 AM,0.0000,-0.0008,0.0,0.0
4750,0,8,  0d 01:19:01.73,  0d 00:14:22.05,1.2500,3.7781,C,07/25/2025 11:39:50 AM,0.0000,-0.0007,0.0,0.0
4751,0,8,  0d 01:19:02.73,  0d 00:14:23.05,1.2503,3.7782,C,07/25/2025 11:39:51 AM,0.0000,-0.0007,0.0,0.0
4752,0,8,  0d 01:19:03.73,  0d 00:14:24.05,1.2500,3.7784,C,07/25/2025 11:39:52 AM,0.0000,-0.0007,0.0,0.0
4753,0,8,  0d 01:19:04.73,  0d 00:14:25.05,1.2500,3.7785,C,07/25/2025 11:39:54 AM,0.0000,-0.0008,0.0,0.0
4754,0,8,  0d 01:19:05.73,  0d 00:14:26.05,1.2494,3.7786,C,07/25/2025 11:39:54 AM,0.0000,-0.0008,0.0,0.0
4755,0,8,  0d 01:19:06.73,  0d 00:14:27.05,1.2494,3.7787,C,07/25/2025 11:39:55 AM,0.0000,-0.0008,0.0,0.0
4756,0,8,  0d 01:19:07.73,  0d 00:14:28.05,1.2497,3.7789,C,07/25/2025 11:39:56 AM,0.0000,-0.0008,0.0,0.0
4757,0,8,  0d 01:19:08.73,  0d 00:14:29.05,1.2506,3.7790,C,07/25/2025 11:39:57 AM,0.0000,-0.0008,0.0,0.0
4758,0,8,  0d 01:19:09.73,  0d 00:14:30.05,1.2497,3.7793,C,07/25/2025 11:39:58 AM,0.0000,-0.0010,0.0,0.0
4759,0,8,  0d 01:19:10.73,  0d 00:14:31.05,1.2503,3.7794,C,07/25/2025 11:39:59 AM,0.0000,-0.0008,0.0,0.0
4760,0,8,  0d 01:19:11.73,  0d 00:14:32.05,1.2500,3.7796,C,07/25/2025 11:40:00 AM,0.0000,-0.0008,0.0,0.0
4761,0,8,  0d 01:19:12.73,  0d 00:14:33.05,1.2497,3.7796,C,07/25/2025 11:40:01 AM,0.0000,-0.0007,0.0,0.0
4762,0,8,  0d 01:19:13.73,  0d 00:14:34.05,1.2500,3.7798,C,07/25/2025 11:40:02 AM,0.0000,-0.0007,0.0,0.0
4763,0,8,  0d 01:19:14.73,  0d 00:14:35.05,1.2497,3.7798,C,07/25/2025 11:40:04 AM,0.0000,-0.0007,0.0,0.0
4764,0,8,  0d 01:19:15.73,  0d 00:14:36.05,1.2494,3.7801,C,07/25/2025 11:40:04 AM,0.0000,-0.0008,0.0,0.0
4765,0,8,  0d 01:19:16.73,  0d 00:14:37.05,1.2503,3.7801,C,07/25/2025 11:40:05 AM,0.0000,-0.0010,0.0,0.0
4766,0,8,  0d 01:19:17.73,  0d 00:14:38.05,1.2500,3.7803,C,07/25/2025 11:40:06 AM,0.0000,-0.0007,0.0,0.0
4767,0,8,  0d 01:19:18.73,  0d 00:14:39.05,1.2500,3.7805,C,07/25/2025 11:40:07 AM,0.0000,-0.0008,0.0,0.0
4768,0,8,  0d 01:19:19.73,  0d 00:14:40.05,1.2497,3.7806,C,07/25/2025 11:40:08 AM,0.0000,-0.0007,0.0,0.0
4769,0,8,  0d 01:19:20.73,  0d 00:14:41.05,1.2500,3.7808,C,07/25/2025 11:40:09 AM,0.0000,-0.0007,0.0,0.0
4770,0,8,  0d 01:19:21.73,  0d 00:14:42.05,1.2500,3.7808,C,07/25/2025 11:40:10 AM,0.0000,-0.0008,0.0,0.0
4771,0,8,  0d 01:19:22.73,  0d 00:14:43.05,1.2500,3.7810,C,07/25/2025 11:40:11 AM,0.0000,-0.0010,0.0,0.0
4772,0,8,  0d 01:19:23.73,  0d 00:14:44.05,1.2500,3.7813,C,07/25/2025 11:40:12 AM,0.0000,-0.0008,0.0,0.0
4773,0,8,  0d 01:19:24.73,  0d 00:14:45.05,1.2500,3.7813,C,07/25/2025 11:40:13 AM,0.0000,-0.0008,0.0,0.0
4774,0,8,  0d 01:19:25.73,  0d 00:14:46.05,1.2497,3.7815,C,07/25/2025 11:40:14 AM,0.0000,-0.0007,0.0,0.0
4775,0,8,  0d 01:19:26.73,  0d 00:14:47.05,1.2500,3.7816,C,07/25/2025 11:40:15 AM,0.0000,-0.0008,0.0,0.0
4776,0,8,  0d 01:19:27.73,  0d 00:14:48.05,1.2500,3.7817,C,07/25/2025 11:40:16 AM,0.0000,-0.0007,0.0,0.0
4777,0,8,  0d 01:19:28.73,  0d 00:14:49.05,1.2500,3.7819,C,07/25/2025 11:40:17 AM,0.0000,-0.0008,0.0,0.0
4778,0,8,  0d 01:19:29.73,  0d 00:14:50.05,1.2506,3.7821,C,07/25/2025 11:40:18 AM,0.0000,-0.0008,0.0,0.0
4779,0,8,  0d 01:19:30.73,  0d 00:14:51.05,1.2497,3.7823,C,07/25/2025 11:40:19 AM,0.0000,-0.0007,0.0,0.0
4780,0,8,  0d 01:19:31.73,  0d 00:14:52.05,1.2497,3.7825,C,07/25/2025 11:40:20 AM,0.0000,-0.0008,0.0,0.0
4781,0,8,  0d 01:19:32.73,  0d 00:14:53.05,1.2503,3.7825,C,07/25/2025 11:40:21 AM,0.0000,-0.0007,0.0,0.0
4782,0,8,  0d 01:19:33.73,  0d 00:14:54.05,1.2500,3.7826,C,07/25/2025 11:40:22 AM,0.0000,-0.0007,0.0,0.0
4783,0,8,  0d 01:19:34.73,  0d 00:14:55.05,1.2497,3.7829,C,07/25/2025 11:40:23 AM,0.0000,-0.0007,0.0,0.0
4784,0,8,  0d 01:19:35.73,  0d 00:14:56.05,1.2500,3.7829,C,07/25/2025 11:40:24 AM,0.0000,-0.0007,0.0,0.0
4785,0,8,  0d 01:19:36.73,  0d 00:14:57.05,1.2503,3.7830,C,07/25/2025 11:40:25 AM,0.0000,-0.0007,0.0,0.0
4786,0,8,  0d 01:19:37.73,  0d 00:14:58.05,1.2497,3.7832,C,07/25/2025 11:40:26 AM,0.0000,-0.0008,0.0,0.0
4787,0,8,  0d 01:19:38.73,  0d 00:14:59.05,1.2500,3.7835,C,07/25/2025 11:40:27 AM,0.0000,-0.0007,0.0,0.0
4788,0,8,  0d 01:19:39.73,  0d 00:15:00.05,1.2500,3.7834,C,07/25/2025 11:40:28 AM,0.0000,-0.0008,0.0,0.0
4789,0,8,  0d 01:19:40.73,  0d 00:15:01.05,1.2500,3.7836,C,07/25/2025 11:40:29 AM,0.0000,-0.0007,0.0,0.0
4790,0,8,  0d 01:19:41.73,  0d 00:15:02.05,1.2497,3.7839,C,07/25/2025 11:40:30 AM,0.0000,-0.0007,0.0,0.0
4791,0,8,  0d 01:19:42.73,  0d 00:15:03.05,1.2503,3.7839,C,07/25/2025 11:40:31 AM,0.0000,-0.0008,0.0,0.0
4792,0,8,  0d 01:19:43.73,  0d 00:15:04.05,1.2500,3.7842,C,07/25/2025 11:40:32 AM,0.0000,-0.0008,0.0,0.0
4793,0,8,  0d 01:19:44.73,  0d 00:15:05.05,1.2500,3.7842,C,07/25/2025 11:40:33 AM,0.0000,-0.0007,0.0,0.0
4794,0,8,  0d 01:19:45.73,  0d 00:15:06.05,1.2497,3.7844,C,07/25/2025 11:40:34 AM,0.0000,-0.0008,0.0,0.0
4795,0,8,  0d 01:19:46.73,  0d 00:15:07.05,1.2500,3.7845,C,07/25/2025 11:40:35 AM,0.0000,-0.0007,0.0,0.0
4796,0,8,  0d 01:19:47.73,  0d 00:15:08.05,1.2500,3.7848,C,07/25/2025 11:40:36 AM,0.0000,-0.0007,0.0,0.0
4797,0,8,  0d 01:19:48.73,  0d 00:15:09.05,1.2506,3.7848,C,07/25/2025 11:40:37 AM,0.0000,-0.0008,0.0,0.0
4798,0,8,  0d 01:19:49.73,  0d 00:15:10.05,1.2497,3.7849,C,07/25/2025 11:40:38 AM,0.0000,-0.0007,0.0,0.0
4799,0,8,  0d 01:19:50.73,  0d 00:15:11.05,1.2500,3.7850,C,07/25/2025 11:40:39 AM,0.0000,-0.0008,0.0,0.0
4800,0,8,  0d 01:19:51.73,  0d 00:15:12.05,1.2497,3.7853,C,07/25/2025 11:40:40 AM,0.0000,-0.0007,0.0,0.0
4801,0,8,  0d 01:19:52.73,  0d 00:15:13.05,1.2494,3.7855,C,07/25/2025 11:40:41 AM,0.0000,-0.0008,0.0,0.0
4802,0,8,  0d 01:19:53.73,  0d 00:15:14.05,1.2500,3.7857,C,07/25/2025 11:40:42 AM,0.0000,-0.0007,0.0,0.0
4803,0,8,  0d 01:19:54.73,  0d 00:15:15.05,1.2500,3.7858,C,07/25/2025 11:40:43 AM,0.0000,-0.0008,0.0,0.0
4804,0,8,  0d 01:19:55.73,  0d 00:15:16.05,1.2497,3.7859,C,07/25/2025 11:40:45 AM,0.0000,-0.0007,0.0,0.0
4805,0,8,  0d 01:19:56.73,  0d 00:15:17.05,1.2500,3.7860,C,07/25/2025 11:40:45 AM,0.0000,-0.0008,0.0,0.0
4806,0,8,  0d 01:19:57.73,  0d 00:15:18.05,1.2497,3.7862,C,07/25/2025 11:40:46 AM,0.0000,-0.0007,0.0,0.0
4807,0,8,  0d 01:19:58.73,  0d 00:15:19.05,1.2497,3.7862,C,07/25/2025 11:40:47 AM,0.0000,-0.0008,0.0,0.0
4808,0,8,  0d 01:19:59.73,  0d 00:15:20.05,1.2494,3.7864,C,07/25/2025 11:40:48 AM,0.0000,-0.0007,0.0,0.0
4809,0,8,  0d 01:20:00.73,  0d 00:15:21.05,1.2500,3.7865,C,07/25/2025 11:40:49 AM,0.0000,-0.0008,0.0,0.0
4810,0,8,  0d 01:20:01.73,  0d 00:15:22.05,1.2500,3.7868,C,07/25/2025 11:40:50 AM,0.0000,-0.0008,0.0,0.0
4811,0,8,  0d 01:20:02.73,  0d 00:15:23.05,1.2497,3.7869,C,07/25/2025 11:40:51 AM,0.0000,-0.0008,0.0,0.0
4812,0,8,  0d 01:20:03.73,  0d 00:15:24.05,1.2497,3.7871,C,07/25/2025 11:40:52 AM,0.0000,-0.0005,0.0,0.0
4813,0,8,  0d 01:20:04.73,  0d 00:15:25.05,1.2500,3.7872,C,07/25/2025 11:40:53 AM,0.0000,-0.0007,0.0,0.0
4814,0,8,  0d 01:20:05.73,  0d 00:15:26.05,1.2497,3.7872,C,07/25/2025 11:40:55 AM,0.0000,-0.0007,0.0,0.0
4815,0,8,  0d 01:20:06.73,  0d 00:15:27.05,1.2500,3.7874,C,07/25/2025 11:40:55 AM,0.0000,-0.0008,0.0,0.0
4816,0,8,  0d 01:20:07.73,  0d 00:15:28.05,1.2497,3.7876,C,07/25/2025 11:40:56 AM,0.0000,-0.0007,0.0,0.0
4817,0,8,  0d 01:20:08.73,  0d 00:15:29.05,1.2497,3.7876,C,07/25/2025 11:40:57 AM,0.0000,-0.0008,0.0,0.0
4818,0,8,  0d 01:20:09.73,  0d 00:15:30.05,1.2503,3.7878,C,07/25/2025 11:40:58 AM,0.0000,-0.0008,0.0,0.0
4819,0,8,  0d 01:20:10.73,  0d 00:15:31.05,1.2500,3.7879,C,07/25/2025 11:40:59 AM,0.0000,-0.0007,0.0,0.0
4820,0,8,  0d 01:20:11.73,  0d 00:15:32.05,1.2500,3.7883,C,07/25/2025 11:41:00 AM,0.0000,-0.0008,0.0,0.0
4821,0,8,  0d 01:20:12.73,  0d 00:15:33.05,1.2494,3.7884,C,07/25/2025 11:41:01 AM,0.0000,-0.0007,0.0,0.0
4822,0,8,  0d 01:20:13.73,  0d 00:15:34.05,1.2500,3.7886,C,07/25/2025 11:41:02 AM,0.0000,-0.0007,0.0,0.0
4823,0,8,  0d 01:20:14.73,  0d 00:15:35.05,1.2491,3.7886,C,07/25/2025 11:41:03 AM,0.0000,-0.0008,0.0,0.0
4824,0,8,  0d 01:20:15.73,  0d 00:15:36.05,1.2497,3.7889,C,07/25/2025 11:41:05 AM,0.0000,-0.0008,0.0,0.0
4825,0,8,  0d 01:20:16.73,  0d 00:15:37.05,1.2506,3.7890,C,07/25/2025 11:41:05 AM,0.0000,-0.0008,0.0,0.0
4826,0,8,  0d 01:20:17.73,  0d 00:15:38.05,1.2500,3.7890,C,07/25/2025 11:41:06 AM,0.0000,-0.0007,0.0,0.0
4827,0,8,  0d 01:20:18.73,  0d 00:15:39.05,1.2503,3.7893,C,07/25/2025 11:41:07 AM,0.0000,-0.0008,0.0,0.0
4828,0,8,  0d 01:20:19.73,  0d 00:15:40.05,1.2497,3.7894,C,07/25/2025 11:41:08 AM,0.0000,-0.0007,0.0,0.0
4829,0,8,  0d 01:20:20.73,  0d 00:15:41.05,1.2500,3.7896,C,07/25/2025 11:41:09 AM,0.0000,-0.0007,0.0,0.0
4830,0,8,  0d 01:20:21.73,  0d 00:15:42.05,1.2506,3.7898,C,07/25/2025 11:41:10 AM,0.0000,-0.0008,0.0,0.0
4831,0,8,  0d 01:20:22.73,  0d 00:15:43.05,1.2503,3.7897,C,07/25/2025 11:41:11 AM,0.0000,-0.0007,0.0,0.0
4832,0,8,  0d 01:20:23.73,  0d 00:15:44.05,1.2500,3.7899,C,07/25/2025 11:41:12 AM,0.0000,-0.0007,0.0,0.0
4833,0,8,  0d 01:20:24.73,  0d 00:15:45.05,1.2500,3.7901,C,07/25/2025 11:41:13 AM,0.0000,-0.0008,0.0,0.0
4834,0,8,  0d 01:20:25.73,  0d 00:15:46.05,1.2497,3.7902,C,07/25/2025 11:41:15 AM,0.0000,-0.0008,0.0,0.0
4835,0,8,  0d 01:20:26.73,  0d 00:15:47.05,1.2497,3.7903,C,07/25/2025 11:41:15 AM,0.0000,-0.0008,0.0,0.0
4836,0,8,  0d 01:20:27.73,  0d 00:15:48.05,1.2503,3.7905,C,07/25/2025 11:41:16 AM,0.0000,-0.0007,0.0,0.0
4837,0,8,  0d 01:20:28.73,  0d 00:15:49.05,1.2497,3.7907,C,07/25/2025 11:41:17 AM,0.0000,-0.0007,0.0,0.0
4838,0,8,  0d 01:20:29.73,  0d 00:15:50.05,1.2500,3.7908,C,07/25/2025 11:41:18 AM,0.0000,-0.0007,0.0,0.0
4839,0,8,  0d 01:20:30.73,  0d 00:15:51.05,1.2497,3.7910,C,07/25/2025 11:41:19 AM,0.0000,-0.0008,0.0,0.0
4840,0,8,  0d 01:20:31.73,  0d 00:15:52.05,1.2500,3.7913,C,07/25/2025 11:41:20 AM,0.0000,-0.0007,0.0,0.0
4841,0,8,  0d 01:20:32.73,  0d 00:15:53.05,1.2494,3.7913,C,07/25/2025 11:41:21 AM,0.0000,-0.0008,0.0,0.0
4842,0,8,  0d 01:20:33.73,  0d 00:15:54.05,1.2497,3.7916,C,07/25/2025 11:41:22 AM,0.0000,-0.0008,0.0,0.0
4843,0,8,  0d 01:20:34.73,  0d 00:15:55.05,1.2503,3.7916,C,07/25/2025 11:41:23 AM,0.0000,-0.0007,0.0,0.0
4844,0,8,  0d 01:20:35.73,  0d 00:15:56.05,1.2497,3.7919,C,07/25/2025 11:41:24 AM,0.0000,-0.0007,0.0,0.0
4845,0,8,  0d 01:20:36.73,  0d 00:15:57.05,1.2503,3.7920,C,07/25/2025 11:41:25 AM,0.0000,-0.0007,0.0,0.0
4846,0,8,  0d 01:20:37.73,  0d 00:15:58.05,1.2497,3.7921,C,07/25/2025 11:41:26 AM,0.0000,-0.0008,0.0,0.0
4847,0,8,  0d 01:20:38.73,  0d 00:15:59.05,1.2497,3.7922,C,07/25/2025 11:41:27 AM,0.0000,-0.0008,0.0,0.0
4848,0,8,  0d 01:20:39.73,  0d 00:16:00.05,1.2497,3.7922,C,07/25/2025 11:41:28 AM,0.0000,-0.0007,0.0,0.0
4849,0,8,  0d 01:20:40.73,  0d 00:16:01.05,1.2500,3.7925,C,07/25/2025 11:41:29 AM,0.0000,-0.0007,0.0,0.0
4850,0,8,  0d 01:20:41.73,  0d 00:16:02.05,1.2497,3.7926,C,07/25/2025 11:41:30 AM,0.0000,-0.0008,0.0,0.0
4851,0,8,  0d 01:20:42.73,  0d 00:16:03.05,1.2503,3.7928,C,07/25/2025 11:41:31 AM,0.0000,-0.0007,0.0,0.0
4852,0,8,  0d 01:20:43.73,  0d 00:16:04.05,1.2500,3.7929,C,07/25/2025 11:41:32 AM,0.0000,-0.0010,0.0,0.0
4853,0,8,  0d 01:20:44.73,  0d 00:16:05.05,1.2497,3.7929,C,07/25/2025 11:41:33 AM,0.0000,-0.0007,0.0,0.0
4854,0,8,  0d 01:20:45.73,  0d 00:16:06.05,1.2500,3.7932,C,07/25/2025 11:41:34 AM,0.0000,-0.0005,0.0,0.0
4855,0,8,  0d 01:20:46.73,  0d 00:16:07.05,1.2497,3.7933,C,07/25/2025 11:41:35 AM,0.0000,-0.0008,0.0,0.0
4856,0,8,  0d 01:20:47.73,  0d 00:16:08.05,1.2497,3.7935,C,07/25/2025 11:41:36 AM,0.0000,-0.0007,0.0,0.0
4857,0,8,  0d 01:20:48.73,  0d 00:16:09.05,1.2503,3.7936,C,07/25/2025 11:41:37 AM,0.0000,-0.0007,0.0,0.0
4858,0,8,  0d 01:20:49.73,  0d 00:16:10.05,1.2500,3.7938,C,07/25/2025 11:41:38 AM,0.0000,-0.0008,0.0,0.0
4859,0,8,  0d 01:20:50.73,  0d 00:16:11.05,1.2497,3.7940,C,07/25/2025 11:41:39 AM,0.0000,-0.0008,0.0,0.0
4860,0,8,  0d 01:20:51.73,  0d 00:16:12.05,1.2503,3.7942,C,07/25/2025 11:41:40 AM,0.0000,-0.0007,0.0,0.0
4861,0,8,  0d 01:20:52.73,  0d 00:16:13.05,1.2500,3.7944,C,07/25/2025 11:41:41 AM,0.0000,-0.0007,0.0,0.0
4862,0,8,  0d 01:20:53.73,  0d 00:16:14.05,1.2503,3.7945,C,07/25/2025 11:41:42 AM,0.0000,-0.0008,0.0,0.0
4863,0,8,  0d 01:20:54.73,  0d 00:16:15.05,1.2497,3.7946,C,07/25/2025 11:41:43 AM,0.0000,-0.0008,0.0,0.0
4864,0,8,  0d 01:20:55.73,  0d 00:16:16.05,1.2500,3.7947,C,07/25/2025 11:41:44 AM,0.0000,-0.0008,0.0,0.0
4865,0,8,  0d 01:20:56.73,  0d 00:16:17.05,1.2500,3.7949,C,07/25/2025 11:41:45 AM,0.0000,-0.0007,0.0,0.0
4866,0,8,  0d 01:20:57.73,  0d 00:16:18.05,1.2497,3.7950,C,07/25/2025 11:41:46 AM,0.0000,-0.0008,0.0,0.0
4867,0,8,  0d 01:20:58.73,  0d 00:16:19.05,1.2503,3.7952,C,07/25/2025 11:41:47 AM,0.0000,-0.0007,0.0,0.0
4868,0,8,  0d 01:20:59.73,  0d 00:16:20.05,1.2494,3.7954,C,07/25/2025 11:41:48 AM,0.0000,-0.0008,0.0,0.0
4869,0,8,  0d 01:21:00.73,  0d 00:16:21.05,1.2503,3.7955,C,07/25/2025 11:41:49 AM,0.0000,-0.0008,0.0,0.0
4870,0,8,  0d 01:21:01.73,  0d 00:16:22.05,1.2497,3.7956,C,07/25/2025 11:41:50 AM,0.0000,-0.0008,0.0,0.0
4871,0,8,  0d 01:21:02.73,  0d 00:16:23.05,1.2500,3.7958,C,07/25/2025 11:41:51 AM,0.0000,-0.0008,0.0,0.0
4872,0,8,  0d 01:21:03.73,  0d 00:16:24.05,1.2497,3.7958,C,07/25/2025 11:41:52 AM,0.0000,-0.0005,0.0,0.0
4873,0,8,  0d 01:21:04.73,  0d 00:16:25.05,1.2494,3.7960,C,07/25/2025 11:41:53 AM,0.0000,-0.0008,0.0,0.0
4874,0,8,  0d 01:21:05.73,  0d 00:16:26.05,1.2500,3.7962,C,07/25/2025 11:41:54 AM,0.0000,-0.0008,0.0,0.0
4875,0,8,  0d 01:21:06.73,  0d 00:16:27.05,1.2506,3.7964,C,07/25/2025 11:41:56 AM,0.0000,-0.0007,0.0,0.0
4876,0,8,  0d 01:21:07.73,  0d 00:16:28.05,1.2500,3.7964,C,07/25/2025 11:41:56 AM,0.0000,-0.0007,0.0,0.0
4877,0,8,  0d 01:21:08.73,  0d 00:16:29.05,1.2500,3.7967,C,07/25/2025 11:41:57 AM,0.0000,-0.0008,0.0,0.0
4878,0,8,  0d 01:21:09.73,  0d 00:16:30.05,1.2494,3.7967,C,07/25/2025 11:41:58 AM,0.0000,-0.0008,0.0,0.0
4879,0,8,  0d 01:21:10.73,  0d 00:16:31.05,1.2500,3.7970,C,07/25/2025 11:41:59 AM,0.0000,-0.0007,0.0,0.0
4880,0,8,  0d 01:21:11.73,  0d 00:16:32.05,1.2500,3.7971,C,07/25/2025 11:42:00 AM,0.0000,-0.0008,0.0,0.0
4881,0,8,  0d 01:21:12.73,  0d 00:16:33.05,1.2500,3.7974,C,07/25/2025 11:42:01 AM,0.0000,-0.0007,0.0,0.0
4882,0,8,  0d 01:21:13.73,  0d 00:16:34.05,1.2500,3.7974,C,07/25/2025 11:42:02 AM,0.0000,-0.0005,0.0,0.0
4883,0,8,  0d 01:21:14.73,  0d 00:16:35.05,1.2497,3.7974,C,07/25/2025 11:42:03 AM,0.0000,-0.0008,0.0,0.0
4884,0,8,  0d 01:21:15.73,  0d 00:16:36.05,1.2497,3.7977,C,07/25/2025 11:42:04 AM,0.0000,-0.0008,0.0,0.0
4885,0,8,  0d 01:21:16.73,  0d 00:16:37.05,1.2500,3.7979,C,07/25/2025 11:42:06 AM,0.0000,-0.0007,0.0,0.0
4886,0,8,  0d 01:21:17.73,  0d 00:16:38.05,1.2500,3.7980,C,07/25/2025 11:42:06 AM,0.0000,-0.0008,0.0,0.0
4887,0,8,  0d 01:21:18.73,  0d 00:16:39.05,1.2494,3.7982,C,07/25/2025 11:42:07 AM,0.0000,-0.0008,0.0,0.0
4888,0,8,  0d 01:21:19.73,  0d 00:16:40.05,1.2497,3.7984,C,07/25/2025 11:42:08 AM,0.0000,-0.0007,0.0,0.0
4889,0,8,  0d 01:21:20.73,  0d 00:16:41.05,1.2497,3.7985,C,07/25/2025 11:42:09 AM,0.0000,-0.0008,0.0,0.0
4890,0,8,  0d 01:21:21.73,  0d 00:16:42.05,1.2500,3.7987,C,07/25/2025 11:42:10 AM,0.0000,-0.0007,0.0,0.0
4891,0,8,  0d 01:21:22.73,  0d 00:16:43.05,1.2497,3.7988,C,07/25/2025 11:42:11 AM,0.0000,-0.0010,0.0,0.0
4892,0,8,  0d 01:21:23.73,  0d 00:16:44.05,1.2500,3.7990,C,07/25/2025 11:42:12 AM,0.0000,-0.0008,0.0,0.0
4893,0,8,  0d 01:21:24.73,  0d 00:16:45.05,1.2494,3.7991,C,07/25/2025 11:42:13 AM,0.0000,-0.0008,0.0,0.0
4894,0,8,  0d 01:21:25.73,  0d 00:16:46.05,1.2506,3.7993,C,07/25/2025 11:42:14 AM,0.0000,-0.0007,0.0,0.0
4895,0,8,  0d 01:21:26.73,  0d 00:16:47.05,1.2497,3.7994,C,07/25/2025 11:42:16 AM,0.0000,-0.0007,0.0,0.0
4896,0,8,  0d 01:21:27.73,  0d 00:16:48.05,1.2500,3.7995,C,07/25/2025 11:42:16 AM,0.0000,-0.0007,0.0,0.0
4897,0,8,  0d 01:21:28.73,  0d 00:16:49.05,1.2500,3.7997,C,07/25/2025 11:42:17 AM,0.0000,-0.0010,0.0,0.0
4898,0,8,  0d 01:21:29.73,  0d 00:16:50.05,1.2500,3.7998,C,07/25/2025 11:42:18 AM,0.0000,-0.0007,0.0,0.0
4899,0,8,  0d 01:21:30.73,  0d 00:16:51.05,1.2500,3.8000,C,07/25/2025 11:42:19 AM,0.0000,-0.0008,0.0,0.0
4900,0,8,  0d 01:21:31.73,  0d 00:16:52.05,1.2497,3.8000,C,07/25/2025 11:42:20 AM,0.0000,-0.0005,0.0,0.0
4901,0,8,  0d 01:21:32.73,  0d 00:16:53.05,1.2500,3.8003,C,07/25/2025 11:42:21 AM,0.0000,-0.0007,0.0,0.0
4902,0,8,  0d 01:21:33.73,  0d 00:16:54.05,1.2500,3.8004,C,07/25/2025 11:42:22 AM,0.0000,-0.0007,0.0,0.0
4903,0,8,  0d 01:21:34.73,  0d 00:16:55.05,1.2503,3.8006,C,07/25/2025 11:42:23 AM,0.0000,-0.0008,0.0,0.0
4904,0,8,  0d 01:21:35.73,  0d 00:16:56.05,1.2497,3.8008,C,07/25/2025 11:42:24 AM,0.0000,-0.0008,0.0,0.0
4905,0,8,  0d 01:21:36.73,  0d 00:16:57.05,1.2497,3.8009,C,07/25/2025 11:42:26 AM,0.0000,-0.0007,0.0,0.0
4906,0,8,  0d 01:21:37.73,  0d 00:16:58.05,1.2497,3.8011,C,07/25/2025 11:42:26 AM,0.0000,-0.0008,0.0,0.0
4907,0,8,  0d 01:21:38.73,  0d 00:16:59.05,1.2506,3.8013,C,07/25/2025 11:42:27 AM,0.0000,-0.0008,0.0,0.0
4908,0,8,  0d 01:21:39.73,  0d 00:17:00.05,1.2500,3.8014,C,07/25/2025 11:42:28 AM,0.0000,-0.0005,0.0,0.0
4909,0,8,  0d 01:21:40.73,  0d 00:17:01.05,1.2500,3.8017,C,07/25/2025 11:42:29 AM,0.0000,-0.0008,0.0,0.0
4910,0,8,  0d 01:21:41.73,  0d 00:17:02.05,1.2497,3.8017,C,07/25/2025 11:42:30 AM,0.0000,-0.0008,0.0,0.0
4911,0,8,  0d 01:21:42.73,  0d 00:17:03.05,1.2503,3.8018,C,07/25/2025 11:42:31 AM,0.0000,-0.0008,0.0,0.0
4912,0,8,  0d 01:21:43.73,  0d 00:17:04.05,1.2500,3.8019,C,07/25/2025 11:42:32 AM,0.0000,-0.0007,0.0,0.0
4913,0,8,  0d 01:21:44.73,  0d 00:17:05.05,1.2497,3.8022,C,07/25/2025 11:42:33 AM,0.0000,-0.0007,0.0,0.0
4914,0,8,  0d 01:21:45.73,  0d 00:17:06.05,1.2494,3.8022,C,07/25/2025 11:42:34 AM,0.0000,-0.0008,0.0,0.0
4915,0,8,  0d 01:21:46.73,  0d 00:17:07.05,1.2500,3.8025,C,07/25/2025 11:42:36 AM,0.0000,-0.0008,0.0,0.0
4916,0,8,  0d 01:21:47.73,  0d 00:17:08.05,1.2503,3.8026,C,07/25/2025 11:42:36 AM,0.0000,-0.0008,0.0,0.0
4917,0,8,  0d 01:21:48.73,  0d 00:17:09.05,1.2500,3.8026,C,07/25/2025 11:42:37 AM,0.0000,-0.0007,0.0,0.0
4918,0,8,  0d 01:21:49.73,  0d 00:17:10.05,1.2503,3.8030,C,07/25/2025 11:42:38 AM,0.0000,-0.0005,0.0,0.0
4919,0,8,  0d 01:21:50.73,  0d 00:17:11.05,1.2500,3.8032,C,07/25/2025 11:42:39 AM,0.0000,-0.0007,0.0,0.0
4920,0,8,  0d 01:21:51.73,  0d 00:17:12.05,1.2500,3.8033,C,07/25/2025 11:42:40 AM,0.0000,-0.0007,0.0,0.0
4921,0,8,  0d 01:21:52.73,  0d 00:17:13.05,1.2500,3.8033,C,07/25/2025 11:42:41 AM,0.0000,-0.0008,0.0,0.0
4922,0,8,  0d 01:21:53.73,  0d 00:17:14.05,1.2500,3.8035,C,07/25/2025 11:42:42 AM,0.0000,-0.0007,0.0,0.0
4923,0,8,  0d 01:21:54.73,  0d 00:17:15.05,1.2497,3.8036,C,07/25/2025 11:42:43 AM,0.0000,-0.0005,0.0,0.0
4924,0,8,  0d 01:21:55.73,  0d 00:17:16.05,1.2500,3.8038,C,07/25/2025 11:42:44 AM,0.0000,-0.0008,0.0,0.0
4925,0,8,  0d 01:21:56.73,  0d 00:17:17.05,1.2497,3.8039,C,07/25/2025 11:42:45 AM,0.0000,-0.0007,0.0,0.0
4926,0,8,  0d 01:21:57.73,  0d 00:17:18.05,1.2497,3.8041,C,07/25/2025 11:42:46 AM,0.0000,-0.0010,0.0,0.0
4927,0,8,  0d 01:21:58.73,  0d 00:17:19.05,1.2494,3.8043,C,07/25/2025 11:42:47 AM,0.0000,-0.0008,0.0,0.0
4928,0,8,  0d 01:21:59.73,  0d 00:17:20.05,1.2500,3.8045,C,07/25/2025 11:42:48 AM,0.0000,-0.0008,0.0,0.0
4929,0,8,  0d 01:22:00.73,  0d 00:17:21.05,1.2497,3.8047,C,07/25/2025 11:42:49 AM,0.0000,-0.0010,0.0,0.0
4930,0,8,  0d 01:22:01.73,  0d 00:17:22.05,1.2500,3.8048,C,07/25/2025 11:42:50 AM,0.0000,-0.0007,0.0,0.0
4931,0,8,  0d 01:22:02.73,  0d 00:17:23.05,1.2497,3.8048,C,07/25/2025 11:42:51 AM,0.0000,-0.0008,0.0,0.0
4932,0,8,  0d 01:22:03.73,  0d 00:17:24.05,1.2500,3.8051,C,07/25/2025 11:42:52 AM,0.0000,-0.0007,0.0,0.0
4933,0,8,  0d 01:22:04.73,  0d 00:17:25.05,1.2500,3.8053,C,07/25/2025 11:42:53 AM,0.0000,-0.0007,0.0,0.0
4934,0,8,  0d 01:22:05.73,  0d 00:17:26.05,1.2500,3.8054,C,07/25/2025 11:42:54 AM,0.0000,-0.0008,0.0,0.0
4935,0,8,  0d 01:22:06.73,  0d 00:17:27.05,1.2503,3.8055,C,07/25/2025 11:42:55 AM,0.0000,-0.0008,0.0,0.0
4936,0,8,  0d 01:22:07.73,  0d 00:17:28.05,1.2497,3.8058,C,07/25/2025 11:42:56 AM,0.0000,-0.0007,0.0,0.0
4937,0,8,  0d 01:22:08.73,  0d 00:17:29.05,1.2503,3.8059,C,07/25/2025 11:42:57 AM,0.0000,-0.0007,0.0,0.0
4938,0,8,  0d 01:22:09.73,  0d 00:17:30.05,1.2500,3.8061,C,07/25/2025 11:42:58 AM,0.0000,-0.0008,0.0,0.0
4939,0,8,  0d 01:22:10.73,  0d 00:17:31.05,1.2497,3.8062,C,07/25/2025 11:42:59 AM,0.0000,-0.0008,0.0,0.0
4940,0,8,  0d 01:22:11.73,  0d 00:17:32.05,1.2500,3.8064,C,07/25/2025 11:43:00 AM,0.0000,-0.0007,0.0,0.0
4941,0,8,  0d 01:22:12.73,  0d 00:17:33.05,1.2497,3.8065,C,07/25/2025 11:43:01 AM,0.0000,-0.0008,0.0,0.0
4942,0,8,  0d 01:22:13.73,  0d 00:17:34.05,1.2500,3.8067,C,07/25/2025 11:43:02 AM,0.0000,-0.0007,0.0,0.0
4943,0,8,  0d 01:22:14.73,  0d 00:17:35.05,1.2503,3.8067,C,07/25/2025 11:43:03 AM,0.0000,-0.0007,0.0,0.0
4944,0,8,  0d 01:22:15.73,  0d 00:17:36.05,1.2500,3.8069,C,07/25/2025 11:43:04 AM,0.0000,-0.0007,0.0,0.0
4945,0,8,  0d 01:22:16.73,  0d 00:17:37.05,1.2500,3.8070,C,07/25/2025 11:43:05 AM,0.0000,-0.0007,0.0,0.0
4946,0,8,  0d 01:22:17.73,  0d 00:17:38.05,1.2500,3.8072,C,07/25/2025 11:43:07 AM,0.0000,-0.0008,0.0,0.0
4947,0,8,  0d 01:22:18.73,  0d 00:17:39.05,1.2497,3.8075,C,07/25/2025 11:43:07 AM,0.0000,-0.0007,0.0,0.0
4948,0,8,  0d 01:22:19.73,  0d 00:17:40.05,1.2494,3.8076,C,07/25/2025 11:43:08 AM,0.0000,-0.0007,0.0,0.0
4949,0,8,  0d 01:22:20.73,  0d 00:17:41.05,1.2500,3.8077,C,07/25/2025 11:43:09 AM,0.0000,-0.0008,0.0,0.0
4950,0,8,  0d 01:22:21.73,  0d 00:17:42.05,1.2497,3.8079,C,07/25/2025 11:43:10 AM,0.0000,-0.0008,0.0,0.0
4951,0,8,  0d 01:22:22.73,  0d 00:17:43.05,1.2500,3.8081,C,07/25/2025 11:43:11 AM,0.0000,-0.0007,0.0,0.0
4952,0,8,  0d 01:22:23.73,  0d 00:17:44.05,1.2497,3.8083,C,07/25/2025 11:43:12 AM,0.0000,-0.0007,0.0,0.0
4953,0,8,  0d 01:22:24.73,  0d 00:17:45.05,1.2503,3.8084,C,07/25/2025 11:43:13 AM,0.0000,-0.0007,0.0,0.0
4954,0,8,  0d 01:22:25.73,  0d 00:17:46.05,1.2497,3.8085,C,07/25/2025 11:43:14 AM,0.0000,-0.0007,0.0,0.0
4955,0,8,  0d 01:22:26.73,  0d 00:17:47.05,1.2494,3.8087,C,07/25/2025 11:43:15 AM,0.0000,-0.0008,0.0,0.0
4956,0,8,  0d 01:22:27.73,  0d 00:17:48.05,1.2500,3.8089,C,07/25/2025 11:43:17 AM,0.0000,-0.0007,0.0,0.0
4957,0,8,  0d 01:22:28.73,  0d 00:17:49.05,1.2500,3.8090,C,07/25/2025 11:43:17 AM,0.0000,-0.0007,0.0,0.0
4958,0,8,  0d 01:22:29.73,  0d 00:17:50.05,1.2503,3.8093,C,07/25/2025 11:43:18 AM,0.0000,-0.0007,0.0,0.0
4959,0,8,  0d 01:22:30.73,  0d 00:17:51.05,1.2497,3.8093,C,07/25/2025 11:43:19 AM,0.0000,-0.0007,0.0,0.0
4960,0,8,  0d 01:22:31.73,  0d 00:17:52.05,1.2503,3.8095,C,07/25/2025 11:43:20 AM,0.0000,-0.0007,0.0,0.0
4961,0,8,  0d 01:22:32.73,  0d 00:17:53.05,1.2494,3.8096,C,07/25/2025 11:43:21 AM,0.0000,-0.0008,0.0,0.0
4962,0,8,  0d 01:22:33.73,  0d 00:17:54.05,1.2500,3.8098,C,07/25/2025 11:43:22 AM,0.0000,-0.0007,0.0,0.0
4963,0,8,  0d 01:22:34.73,  0d 00:17:55.05,1.2494,3.8099,C,07/25/2025 11:43:23 AM,0.0000,-0.0007,0.0,0.0
4964,0,8,  0d 01:22:35.73,  0d 00:17:56.05,1.2500,3.8101,C,07/25/2025 11:43:24 AM,0.0000,-0.0008,0.0,0.0
4965,0,8,  0d 01:22:36.73,  0d 00:17:57.05,1.2500,3.8103,C,07/25/2025 11:43:25 AM,0.0000,-0.0008,0.0,0.0
4966,0,8,  0d 01:22:37.73,  0d 00:17:58.05,1.2503,3.8106,C,07/25/2025 11:43:27 AM,0.0000,-0.0008,0.0,0.0
4967,0,8,  0d 01:22:38.73,  0d 00:17:59.05,1.2503,3.8106,C,07/25/2025 11:43:27 AM,0.0000,-0.0011,0.0,0.0
4968,0,8,  0d 01:22:39.73,  0d 00:18:00.05,1.2503,3.8108,C,07/25/2025 11:43:28 AM,0.0000,-0.0007,0.0,0.0
4969,0,8,  0d 01:22:40.73,  0d 00:18:01.05,1.2497,3.8109,C,07/25/2025 11:43:29 AM,0.0000,-0.0007,0.0,0.0
4970,0,8,  0d 01:22:41.73,  0d 00:18:02.05,1.2497,3.8112,C,07/25/2025 11:43:30 AM,0.0000,-0.0008,0.0,0.0
4971,0,8,  0d 01:22:42.73,  0d 00:18:03.05,1.2497,3.8114,C,07/25/2025 11:43:31 AM,0.0000,-0.0008,0.0,0.0
4972,0,8,  0d 01:22:43.73,  0d 00:18:04.05,1.2497,3.8115,C,07/25/2025 11:43:32 AM,0.0000,-0.0008,0.0,0.0
4973,0,8,  0d 01:22:44.73,  0d 00:18:05.05,1.2500,3.8116,C,07/25/2025 11:43:33 AM,0.0000,-0.0007,0.0,0.0
4974,0,8,  0d 01:22:45.73,  0d 00:18:06.05,1.2497,3.8118,C,07/25/2025 11:43:34 AM,0.0000,-0.0007,0.0,0.0
4975,0,8,  0d 01:22:46.73,  0d 00:18:07.05,1.2500,3.8119,C,07/25/2025 11:43:35 AM,0.0000,-0.0008,0.0,0.0
4976,0,8,  0d 01:22:47.73,  0d 00:18:08.05,1.2500,3.8120,C,07/25/2025 11:43:37 AM,0.0000,-0.0007,0.0,0.0
4977,0,8,  0d 01:22:48.73,  0d 00:18:09.05,1.2497,3.8122,C,07/25/2025 11:43:37 AM,0.0000,-0.0008,0.0,0.0
4978,0,8,  0d 01:22:49.73,  0d 00:18:10.05,1.2500,3.8123,C,07/25/2025 11:43:38 AM,0.0000,-0.0007,0.0,0.0
4979,0,8,  0d 01:22:50.73,  0d 00:18:11.05,1.2500,3.8126,C,07/25/2025 11:43:39 AM,0.0000,-0.0007,0.0,0.0
4980,0,8,  0d 01:22:51.73,  0d 00:18:12.05,1.2497,3.8125,C,07/25/2025 11:43:40 AM,0.0000,-0.0007,0.0,0.0
4981,0,8,  0d 01:22:52.73,  0d 00:18:13.05,1.2500,3.8128,C,07/25/2025 11:43:41 AM,0.0000,-0.0007,0.0,0.0
4982,0,8,  0d 01:22:53.73,  0d 00:18:14.05,1.2494,3.8129,C,07/25/2025 11:43:42 AM,0.0000,-0.0008,0.0,0.0
4983,0,8,  0d 01:22:54.73,  0d 00:18:15.05,1.2500,3.8132,C,07/25/2025 11:43:43 AM,0.0000,-0.0007,0.0,0.0
4984,0,8,  0d 01:22:55.73,  0d 00:18:16.05,1.2497,3.8133,C,07/25/2025 11:43:44 AM,0.0000,-0.0008,0.0,0.0
4985,0,8,  0d 01:22:56.73,  0d 00:18:17.05,1.2500,3.8135,C,07/25/2025 11:43:45 AM,0.0000,-0.0008,0.0,0.0
4986,0,8,  0d 01:22:57.73,  0d 00:18:18.05,1.2500,3.8135,C,07/25/2025 11:43:47 AM,0.0000,-0.0010,0.0,0.0
4987,0,8,  0d 01:22:58.73,  0d 00:18:19.05,1.2500,3.8138,C,07/25/2025 11:43:47 AM,0.0000,-0.0008,0.0,0.0
4988,0,8,  0d 01:22:59.73,  0d 00:18:20.05,1.2500,3.8139,C,07/25/2025 11:43:48 AM,0.0000,-0.0007,0.0,0.0
4989,0,8,  0d 01:23:00.73,  0d 00:18:21.05,1.2503,3.8142,C,07/25/2025 11:43:49 AM,0.0000,-0.0008,0.0,0.0
4990,0,8,  0d 01:23:01.73,  0d 00:18:22.05,1.2491,3.8144,C,07/25/2025 11:43:50 AM,0.0000,-0.0008,0.0,0.0
4991,0,8,  0d 01:23:02.73,  0d 00:18:23.05,1.2497,3.8145,C,07/25/2025 11:43:51 AM,0.0000,-0.0005,0.0,0.0
4992,0,8,  0d 01:23:03.73,  0d 00:18:24.05,1.2500,3.8146,C,07/25/2025 11:43:52 AM,0.0000,-0.0007,0.0,0.0
4993,0,8,  0d 01:23:04.73,  0d 00:18:25.05,1.2500,3.8148,C,07/25/2025 11:43:53 AM,0.0000,-0.0005,0.0,0.0
4994,0,8,  0d 01:23:05.73,  0d 00:18:26.05,1.2500,3.8150,C,07/25/2025 11:43:54 AM,0.0000,-0.0007,0.0,0.0
4995,0,8,  0d 01:23:06.73,  0d 00:18:27.05,1.2500,3.8151,C,07/25/2025 11:43:55 AM,0.0000,-0.0008,0.0,0.0
4996,0,8,  0d 01:23:07.73,  0d 00:18:28.05,1.2503,3.8152,C,07/25/2025 11:43:56 AM,0.0000,-0.0005,0.0,0.0
4997,0,8,  0d 01:23:08.73,  0d 00:18:29.05,1.2500,3.8154,C,07/25/2025 11:43:57 AM,0.0000,-0.0007,0.0,0.0
4998,0,8,  0d 01:23:09.73,  0d 00:18:30.05,1.2500,3.8157,C,07/25/2025 11:43:58 AM,0.0000,-0.0007,0.0,0.0
4999,0,8,  0d 01:23:10.73,  0d 00:18:31.05,1.2497,3.8158,C,07/25/2025 11:43:59 AM,0.0000,-0.0005,0.0,0.0
5000,0,8,  0d 01:23:11.73,  0d 00:18:32.05,1.2500,3.8160,C,07/25/2025 11:44:00 AM,0.0000,-0.0008,0.0,0.0
5001,0,8,  0d 01:23:12.73,  0d 00:18:33.05,1.2491,3.8161,C,07/25/2025 11:44:01 AM,0.0000,-0.0007,0.0,0.0
5002,0,8,  0d 01:23:13.73,  0d 00:18:34.05,1.2494,3.8163,C,07/25/2025 11:44:02 AM,0.0000,-0.0007,0.0,0.0
5003,0,8,  0d 01:23:14.73,  0d 00:18:35.05,1.2503,3.8164,C,07/25/2025 11:44:03 AM,0.0000,-0.0007,0.0,0.0
5004,0,8,  0d 01:23:15.73,  0d 00:18:36.05,1.2503,3.8166,C,07/25/2025 11:44:04 AM,0.0000,-0.0007,0.0,0.0
5005,0,8,  0d 01:23:16.73,  0d 00:18:37.05,1.2500,3.8167,C,07/25/2025 11:44:05 AM,0.0000,-0.0007,0.0,0.0
5006,0,8,  0d 01:23:17.73,  0d 00:18:38.05,1.2497,3.8170,C,07/25/2025 11:44:06 AM,0.0000,-0.0008,0.0,0.0
5007,0,8,  0d 01:23:18.73,  0d 00:18:39.05,1.2503,3.8170,C,07/25/2025 11:44:07 AM,0.0000,-0.0007,0.0,0.0
5008,0,8,  0d 01:23:19.73,  0d 00:18:40.05,1.2506,3.8173,C,07/25/2025 11:44:08 AM,0.0000,-0.0008,0.0,0.0
5009,0,8,  0d 01:23:20.73,  0d 00:18:41.05,1.2497,3.8173,C,07/25/2025 11:44:09 AM,0.0000,-0.0008,0.0,0.0
5010,0,8,  0d 01:23:21.73,  0d 00:18:42.05,1.2500,3.8176,C,07/25/2025 11:44:10 AM,0.0000,-0.0008,0.0,0.0
5011,0,8,  0d 01:23:22.73,  0d 00:18:43.05,1.2494,3.8178,C,07/25/2025 11:44:11 AM,0.0000,-0.0007,0.0,0.0
5012,0,8,  0d 01:23:23.73,  0d 00:18:44.05,1.2500,3.8180,C,07/25/2025 11:44:12 AM,0.0000,-0.0007,0.0,0.0
5013,0,8,  0d 01:23:24.73,  0d 00:18:45.05,1.2497,3.8180,C,07/25/2025 11:44:13 AM,0.0000,-0.0008,0.0,0.0
5014,0,8,  0d 01:23:25.73,  0d 00:18:46.05,1.2494,3.8183,C,07/25/2025 11:44:14 AM,0.0000,-0.0007,0.0,0.0
5015,0,8,  0d 01:23:26.73,  0d 00:18:47.05,1.2500,3.8183,C,07/25/2025 11:44:15 AM,0.0000,-0.0008,0.0,0.0
5016,0,8,  0d 01:23:27.73,  0d 00:18:48.05,1.2503,3.8186,C,07/25/2025 11:44:16 AM,0.0000,-0.0010,0.0,0.0
5017,0,8,  0d 01:23:28.73,  0d 00:18:49.05,1.2503,3.8187,C,07/25/2025 11:44:17 AM,0.0000,-0.0008,0.0,0.0
5018,0,8,  0d 01:23:29.73,  0d 00:18:50.05,1.2500,3.8189,C,07/25/2025 11:44:18 AM,0.0000,-0.0007,0.0,0.0
5019,0,8,  0d 01:23:30.73,  0d 00:18:51.05,1.2497,3.8190,C,07/25/2025 11:44:19 AM,0.0000,-0.0008,0.0,0.0
5020,0,8,  0d 01:23:31.73,  0d 00:18:52.05,1.2500,3.8193,C,07/25/2025 11:44:20 AM,0.0000,-0.0007,0.0,0.0
5021,0,8,  0d 01:23:32.73,  0d 00:18:53.05,1.2500,3.8194,C,07/25/2025 11:44:21 AM,0.0000,-0.0007,0.0,0.0
5022,0,8,  0d 01:23:33.73,  0d 00:18:54.05,1.2497,3.8195,C,07/25/2025 11:44:22 AM,0.0000,-0.0008,0.0,0.0
5023,0,8,  0d 01:23:34.73,  0d 00:18:55.05,1.2497,3.8196,C,07/25/2025 11:44:23 AM,0.0000,-0.0008,0.0,0.0
5024,0,8,  0d 01:23:35.73,  0d 00:18:56.05,1.2503,3.8198,C,07/25/2025 11:44:24 AM,0.0000,-0.0007,0.0,0.0
5025,0,8,  0d 01:23:36.73,  0d 00:18:57.05,1.2497,3.8199,C,07/25/2025 11:44:25 AM,0.0000,-0.0007,0.0,0.0
5026,0,8,  0d 01:23:37.73,  0d 00:18:58.05,1.2497,3.8201,C,07/25/2025 11:44:26 AM,0.0000,-0.0010,0.0,0.0
5027,0,8,  0d 01:23:38.73,  0d 00:18:59.05,1.2494,3.8205,C,07/25/2025 11:44:28 AM,0.0000,-0.0007,0.0,0.0
5028,0,8,  0d 01:23:39.73,  0d 00:19:00.05,1.2497,3.8207,C,07/25/2025 11:44:28 AM,0.0000,-0.0007,0.0,0.0
5029,0,8,  0d 01:23:40.73,  0d 00:19:01.05,1.2497,3.8206,C,07/25/2025 11:44:29 AM,0.0000,-0.0008,0.0,0.0
5030,0,8,  0d 01:23:41.73,  0d 00:19:02.05,1.2497,3.8209,C,07/25/2025 11:44:30 AM,0.0000,-0.0007,0.0,0.0
5031,0,8,  0d 01:23:42.73,  0d 00:19:03.05,1.2497,3.8210,C,07/25/2025 11:44:31 AM,0.0000,-0.0008,0.0,0.0
5032,0,8,  0d 01:23:43.73,  0d 00:19:04.05,1.2500,3.8211,C,07/25/2025 11:44:32 AM,0.0000,-0.0008,0.0,0.0
5033,0,8,  0d 01:23:44.73,  0d 00:19:05.05,1.2500,3.8215,C,07/25/2025 11:44:33 AM,0.0000,-0.0007,0.0,0.0
5034,0,8,  0d 01:23:45.73,  0d 00:19:06.05,1.2500,3.8215,C,07/25/2025 11:44:34 AM,0.0000,-0.0008,0.0,0.0
5035,0,8,  0d 01:23:46.73,  0d 00:19:07.05,1.2497,3.8217,C,07/25/2025 11:44:35 AM,0.0000,-0.0008,0.0,0.0
5036,0,8,  0d 01:23:47.73,  0d 00:19:08.05,1.2497,3.8220,C,07/25/2025 11:44:36 AM,0.0000,-0.0007,0.0,0.0
5037,0,8,  0d 01:23:48.73,  0d 00:19:09.05,1.2497,3.8220,C,07/25/2025 11:44:38 AM,0.0000,-0.0007,0.0,0.0
5038,0,8,  0d 01:23:49.73,  0d 00:19:10.05,1.2497,3.8222,C,07/25/2025 11:44:38 AM,0.0000,-0.0007,0.0,0.0
5039,0,8,  0d 01:23:50.73,  0d 00:19:11.05,1.2497,3.8224,C,07/25/2025 11:44:39 AM,0.0000,-0.0008,0.0,0.0
5040,0,8,  0d 01:23:51.73,  0d 00:19:12.05,1.2497,3.8226,C,07/25/2025 11:44:40 AM,0.0000,-0.0007,0.0,0.0
5041,0,8,  0d 01:23:52.73,  0d 00:19:13.05,1.2494,3.8226,C,07/25/2025 11:44:41 AM,0.0000,-0.0008,0.0,0.0
5042,0,8,  0d 01:23:53.73,  0d 00:19:14.05,1.2503,3.8229,C,07/25/2025 11:44:42 AM,0.0000,-0.0008,0.0,0.0
5043,0,8,  0d 01:23:54.73,  0d 00:19:15.05,1.2497,3.8231,C,07/25/2025 11:44:43 AM,0.0000,-0.0007,0.0,0.0
5044,0,8,  0d 01:23:55.73,  0d 00:19:16.05,1.2500,3.8232,C,07/25/2025 11:44:44 AM,0.0000,-0.0007,0.0,0.0
5045,0,8,  0d 01:23:56.73,  0d 00:19:17.05,1.2500,3.8235,C,07/25/2025 11:44:45 AM,0.0000,-0.0008,0.0,0.0
5046,0,8,  0d 01:23:57.73,  0d 00:19:18.05,1.2500,3.8236,C,07/25/2025 11:44:46 AM,0.0000,-0.0007,0.0,0.0
5047,0,8,  0d 01:23:58.73,  0d 00:19:19.05,1.2497,3.8238,C,07/25/2025 11:44:48 AM,0.0000,-0.0007,0.0,0.0
5048,0,8,  0d 01:23:59.73,  0d 00:19:20.05,1.2500,3.8240,C,07/25/2025 11:44:48 AM,0.0000,-0.0007,0.0,0.0
5049,0,8,  0d 01:24:00.73,  0d 00:19:21.05,1.2506,3.8241,C,07/25/2025 11:44:49 AM,0.0000,-0.0007,0.0,0.0
5050,0,8,  0d 01:24:01.73,  0d 00:19:22.05,1.2500,3.8243,C,07/25/2025 11:44:50 AM,0.0000,-0.0008,0.0,0.0
5051,0,8,  0d 01:24:02.73,  0d 00:19:23.05,1.2500,3.8245,C,07/25/2025 11:44:51 AM,0.0000,-0.0008,0.0,0.0
5052,0,8,  0d 01:24:03.73,  0d 00:19:24.05,1.2500,3.8247,C,07/25/2025 11:44:52 AM,0.0000,-0.0008,0.0,0.0
5053,0,8,  0d 01:24:04.73,  0d 00:19:25.05,1.2494,3.8248,C,07/25/2025 11:44:53 AM,0.0000,-0.0007,0.0,0.0
5054,0,8,  0d 01:24:05.73,  0d 00:19:26.05,1.2503,3.8250,C,07/25/2025 11:44:54 AM,0.0000,-0.0008,0.0,0.0
5055,0,8,  0d 01:24:06.73,  0d 00:19:27.05,1.2491,3.8251,C,07/25/2025 11:44:55 AM,0.0000,-0.0005,0.0,0.0
5056,0,8,  0d 01:24:07.73,  0d 00:19:28.05,1.2503,3.8253,C,07/25/2025 11:44:56 AM,0.0000,-0.0005,0.0,0.0
5057,0,8,  0d 01:24:08.73,  0d 00:19:29.05,1.2500,3.8254,C,07/25/2025 11:44:58 AM,0.0000,-0.0007,0.0,0.0
5058,0,8,  0d 01:24:09.73,  0d 00:19:30.05,1.2503,3.8257,C,07/25/2025 11:44:58 AM,0.0000,-0.0005,0.0,0.0
5059,0,8,  0d 01:24:10.73,  0d 00:19:31.05,1.2497,3.8258,C,07/25/2025 11:44:59 AM,0.0000,-0.0008,0.0,0.0
5060,0,8,  0d 01:24:11.73,  0d 00:19:32.05,1.2497,3.8260,C,07/25/2025 11:45:00 AM,0.0000,-0.0007,0.0,0.0
5061,0,8,  0d 01:24:12.73,  0d 00:19:33.05,1.2497,3.8263,C,07/25/2025 11:45:01 AM,0.0000,-0.0008,0.0,0.0
5062,0,8,  0d 01:24:13.73,  0d 00:19:34.05,1.2500,3.8264,C,07/25/2025 11:45:02 AM,0.0000,-0.0008,0.0,0.0
5063,0,8,  0d 01:24:14.73,  0d 00:19:35.05,1.2506,3.8265,C,07/25/2025 11:45:03 AM,0.0000,-0.0007,0.0,0.0
5064,0,8,  0d 01:24:15.73,  0d 00:19:36.05,1.2500,3.8267,C,07/25/2025 11:45:04 AM,0.0000,-0.0005,0.0,0.0
5065,0,8,  0d 01:24:16.73,  0d 00:19:37.05,1.2491,3.8270,C,07/25/2025 11:45:05 AM,0.0000,-0.0007,0.0,0.0
5066,0,8,  0d 01:24:17.73,  0d 00:19:38.05,1.2494,3.8271,C,07/25/2025 11:45:06 AM,0.0000,-0.0008,0.0,0.0
5067,0,8,  0d 01:24:18.73,  0d 00:19:39.05,1.2503,3.8273,C,07/25/2025 11:45:07 AM,0.0000,-0.0007,0.0,0.0
5068,0,8,  0d 01:24:19.73,  0d 00:19:40.05,1.2500,3.8276,C,07/25/2025 11:45:08 AM,0.0000,-0.0008,0.0,0.0
5069,0,8,  0d 01:24:20.73,  0d 00:19:41.05,1.2497,3.8276,C,07/25/2025 11:45:09 AM,0.0000,-0.0007,0.0,0.0
5070,0,8,  0d 01:24:21.73,  0d 00:19:42.05,1.2500,3.8279,C,07/25/2025 11:45:10 AM,0.0000,-0.0007,0.0,0.0
5071,0,8,  0d 01:24:22.73,  0d 00:19:43.05,1.2491,3.8280,C,07/25/2025 11:45:11 AM,0.0000,-0.0005,0.0,0.0
5072,0,8,  0d 01:24:23.73,  0d 00:19:44.05,1.2500,3.8283,C,07/25/2025 11:45:12 AM,0.0000,-0.0008,0.0,0.0
5073,0,8,  0d 01:24:24.73,  0d 00:19:45.05,1.2494,3.8283,C,07/25/2025 11:45:13 AM,0.0000,-0.0007,0.0,0.0
5074,0,8,  0d 01:24:25.73,  0d 00:19:46.05,1.2497,3.8286,C,07/25/2025 11:45:14 AM,0.0000,-0.0007,0.0,0.0
5075,0,8,  0d 01:24:26.73,  0d 00:19:47.05,1.2500,3.8287,C,07/25/2025 11:45:15 AM,0.0000,-0.0007,0.0,0.0
5076,0,8,  0d 01:24:27.73,  0d 00:19:48.05,1.2500,3.8288,C,07/25/2025 11:45:16 AM,0.0000,-0.0007,0.0,0.0
5077,0,8,  0d 01:24:28.73,  0d 00:19:49.05,1.2494,3.8291,C,07/25/2025 11:45:17 AM,0.0000,-0.0008,0.0,0.0
5078,0,8,  0d 01:24:29.73,  0d 00:19:50.05,1.2497,3.8291,C,07/25/2025 11:45:18 AM,0.0000,-0.0008,0.0,0.0
5079,0,8,  0d 01:24:30.73,  0d 00:19:51.05,1.2500,3.8294,C,07/25/2025 11:45:19 AM,0.0000,-0.0008,0.0,0.0
5080,0,8,  0d 01:24:31.73,  0d 00:19:52.05,1.2506,3.8296,C,07/25/2025 11:45:20 AM,0.0000,-0.0005,0.0,0.0
5081,0,8,  0d 01:24:32.73,  0d 00:19:53.05,1.2497,3.8297,C,07/25/2025 11:45:21 AM,0.0000,-0.0008,0.0,0.0
5082,0,8,  0d 01:24:33.73,  0d 00:19:54.05,1.2500,3.8299,C,07/25/2025 11:45:22 AM,0.0000,-0.0007,0.0,0.0
5083,0,8,  0d 01:24:34.73,  0d 00:19:55.05,1.2497,3.8300,C,07/25/2025 11:45:23 AM,0.0000,-0.0008,0.0,0.0
5084,0,8,  0d 01:24:35.73,  0d 00:19:56.05,1.2497,3.8302,C,07/25/2025 11:45:24 AM,0.0000,-0.0008,0.0,0.0
5085,0,8,  0d 01:24:36.73,  0d 00:19:57.05,1.2506,3.8305,C,07/25/2025 11:45:25 AM,0.0000,-0.0008,0.0,0.0
5086,0,8,  0d 01:24:37.73,  0d 00:19:58.05,1.2500,3.8307,C,07/25/2025 11:45:26 AM,0.0000,-0.0008,0.0,0.0
5087,0,8,  0d 01:24:38.73,  0d 00:19:59.05,1.2497,3.8309,C,07/25/2025 11:45:27 AM,0.0000,-0.0008,0.0,0.0
5088,0,8,  0d 01:24:39.73,  0d 00:20:00.05,1.2503,3.8311,C,07/25/2025 11:45:28 AM,0.0000,-0.0007,0.0,0.0
5089,0,8,  0d 01:24:40.73,  0d 00:20:01.05,1.2503,3.8312,C,07/25/2025 11:45:29 AM,0.0000,-0.0008,0.0,0.0
5090,0,8,  0d 01:24:41.73,  0d 00:20:02.05,1.2497,3.8315,C,07/25/2025 11:45:30 AM,0.0000,-0.0008,0.0,0.0
5091,0,8,  0d 01:24:42.73,  0d 00:20:03.05,1.2497,3.8315,C,07/25/2025 11:45:31 AM,0.0000,-0.0008,0.0,0.0
5092,0,8,  0d 01:24:43.73,  0d 00:20:04.05,1.2503,3.8318,C,07/25/2025 11:45:32 AM,0.0000,-0.0007,0.0,0.0
5093,0,8,  0d 01:24:44.73,  0d 00:20:05.05,1.2500,3.8319,C,07/25/2025 11:45:33 AM,0.0000,-0.0005,0.0,0.0
5094,0,8,  0d 01:24:45.73,  0d 00:20:06.05,1.2500,3.8321,C,07/25/2025 11:45:34 AM,0.0000,-0.0007,0.0,0.0
5095,0,8,  0d 01:24:46.73,  0d 00:20:07.05,1.2500,3.8324,C,07/25/2025 11:45:35 AM,0.0000,-0.0008,0.0,0.0
5096,0,8,  0d 01:24:47.73,  0d 00:20:08.05,1.2503,3.8325,C,07/25/2025 11:45:36 AM,0.0000,-0.0007,0.0,0.0
5097,0,8,  0d 01:24:48.73,  0d 00:20:09.05,1.2497,3.8326,C,07/25/2025 11:45:37 AM,0.0000,-0.0008,0.0,0.0
5098,0,8,  0d 01:24:49.73,  0d 00:20:10.05,1.2497,3.8329,C,07/25/2025 11:45:39 AM,0.0000,-0.0007,0.0,0.0
5099,0,8,  0d 01:24:50.73,  0d 00:20:11.05,1.2500,3.8331,C,07/25/2025 11:45:39 AM,0.0000,-0.0008,0.0,0.0
5100,0,8,  0d 01:24:51.73,  0d 00:20:12.05,1.2497,3.8331,C,07/25/2025 11:45:40 AM,0.0000,-0.0007,0.0,0.0
5101,0,8,  0d 01:24:52.73,  0d 00:20:13.05,1.2503,3.8334,C,07/25/2025 11:45:41 AM,0.0000,-0.0008,0.0,0.0
5102,0,8,  0d 01:24:53.73,  0d 00:20:14.05,1.2497,3.8337,C,07/25/2025 11:45:42 AM,0.0000,-0.0008,0.0,0.0
5103,0,8,  0d 01:24:54.73,  0d 00:20:15.05,1.2500,3.8338,C,07/25/2025 11:45:43 AM,0.0000,-0.0008,0.0,0.0
5104,0,8,  0d 01:24:55.73,  0d 00:20:16.05,1.2497,3.8341,C,07/25/2025 11:45:44 AM,0.0000,-0.0008,0.0,0.0
5105,0,8,  0d 01:24:56.73,  0d 00:20:17.05,1.2497,3.8342,C,07/25/2025 11:45:45 AM,0.0000,-0.0010,0.0,0.0
5106,0,8,  0d 01:24:57.73,  0d 00:20:18.05,1.2497,3.8345,C,07/25/2025 11:45:46 AM,0.0000,-0.0008,0.0,0.0
5107,0,8,  0d 01:24:58.73,  0d 00:20:19.05,1.2494,3.8347,C,07/25/2025 11:45:47 AM,0.0000,-0.0008,0.0,0.0
5108,0,8,  0d 01:24:59.73,  0d 00:20:20.05,1.2503,3.8347,C,07/25/2025 11:45:49 AM,0.0000,-0.0007,0.0,0.0
5109,0,8,  0d 01:25:00.73,  0d 00:20:21.05,1.2497,3.8349,C,07/25/2025 11:45:49 AM,0.0000,-0.0010,0.0,0.0
5110,0,8,  0d 01:25:01.73,  0d 00:20:22.05,1.2500,3.8350,C,07/25/2025 11:45:50 AM,0.0000,-0.0008,0.0,0.0
5111,0,8,  0d 01:25:02.73,  0d 00:20:23.05,1.2491,3.8353,C,07/25/2025 11:45:51 AM,0.0000,-0.0008,0.0,0.0
5112,0,8,  0d 01:25:03.73,  0d 00:20:24.05,1.2497,3.8354,C,07/25/2025 11:45:52 AM,0.0000,-0.0008,0.0,0.0
5113,0,8,  0d 01:25:04.73,  0d 00:20:25.05,1.2494,3.8357,C,07/25/2025 11:45:53 AM,0.0000,-0.0008,0.0,0.0
5114,0,8,  0d 01:25:05.73,  0d 00:20:26.05,1.2500,3.8359,C,07/25/2025 11:45:54 AM,0.0000,-0.0008,0.0,0.0
5115,0,8,  0d 01:25:06.73,  0d 00:20:27.05,1.2503,3.8359,C,07/25/2025 11:45:55 AM,0.0000,-0.0008,0.0,0.0
5116,0,8,  0d 01:25:07.73,  0d 00:20:28.05,1.2497,3.8363,C,07/25/2025 11:45:56 AM,0.0000,-0.0007,0.0,0.0
5117,0,8,  0d 01:25:08.73,  0d 00:20:29.05,1.2500,3.8364,C,07/25/2025 11:45:57 AM,0.0000,-0.0008,0.0,0.0
5118,0,8,  0d 01:25:09.73,  0d 00:20:30.05,1.2503,3.8367,C,07/25/2025 11:45:59 AM,0.0000,-0.0007,0.0,0.0
5119,0,8,  0d 01:25:10.73,  0d 00:20:31.05,1.2491,3.8368,C,07/25/2025 11:45:59 AM,0.0000,-0.0007,0.0,0.0
5120,0,8,  0d 01:25:11.73,  0d 00:20:32.05,1.2494,3.8371,C,07/25/2025 11:46:00 AM,0.0000,-0.0008,0.0,0.0
5121,0,8,  0d 01:25:12.73,  0d 00:20:33.05,1.2497,3.8372,C,07/25/2025 11:46:01 AM,0.0000,-0.0007,0.0,0.0
5122,0,8,  0d 01:25:13.73,  0d 00:20:34.05,1.2503,3.8374,C,07/25/2025 11:46:02 AM,0.0000,-0.0005,0.0,0.0
5123,0,8,  0d 01:25:14.73,  0d 00:20:35.05,1.2497,3.8375,C,07/25/2025 11:46:03 AM,0.0000,-0.0008,0.0,0.0
5124,0,8,  0d 01:25:15.73,  0d 00:20:36.05,1.2497,3.8378,C,07/25/2025 11:46:04 AM,0.0000,-0.0008,0.0,0.0
5125,0,8,  0d 01:25:16.73,  0d 00:20:37.05,1.2494,3.8380,C,07/25/2025 11:46:05 AM,0.0000,-0.0008,0.0,0.0
5126,0,8,  0d 01:25:17.73,  0d 00:20:38.05,1.2500,3.8381,C,07/25/2025 11:46:06 AM,0.0000,-0.0007,0.0,0.0
5127,0,8,  0d 01:25:18.73,  0d 00:20:39.05,1.2500,3.8384,C,07/25/2025 11:46:07 AM,0.0000,-0.0008,0.0,0.0
5128,0,8,  0d 01:25:19.73,  0d 00:20:40.05,1.2500,3.8385,C,07/25/2025 11:46:09 AM,0.0000,-0.0008,0.0,0.0
5129,0,8,  0d 01:25:20.73,  0d 00:20:41.05,1.2503,3.8386,C,07/25/2025 11:46:09 AM,0.0000,-0.0007,0.0,0.0
5130,0,8,  0d 01:25:21.73,  0d 00:20:42.05,1.2494,3.8389,C,07/25/2025 11:46:10 AM,0.0000,-0.0008,0.0,0.0
5131,0,8,  0d 01:25:22.73,  0d 00:20:43.05,1.2506,3.8391,C,07/25/2025 11:46:11 AM,0.0000,-0.0007,0.0,0.0
5132,0,8,  0d 01:25:23.73,  0d 00:20:44.05,1.2500,3.8392,C,07/25/2025 11:46:12 AM,0.0000,-0.0007,0.0,0.0
5133,0,8,  0d 01:25:24.73,  0d 00:20:45.05,1.2500,3.8394,C,07/25/2025 11:46:13 AM,0.0000,-0.0008,0.0,0.0
5134,0,8,  0d 01:25:25.73,  0d 00:20:46.05,1.2500,3.8396,C,07/25/2025 11:46:14 AM,0.0000,-0.0008,0.0,0.0
5135,0,8,  0d 01:25:26.73,  0d 00:20:47.05,1.2497,3.8398,C,07/25/2025 11:46:15 AM,0.0000,-0.0008,0.0,0.0
5136,0,8,  0d 01:25:27.73,  0d 00:20:48.05,1.2497,3.8399,C,07/25/2025 11:46:16 AM,0.0000,-0.0007,0.0,0.0
5137,0,8,  0d 01:25:28.73,  0d 00:20:49.05,1.2500,3.8403,C,07/25/2025 11:46:17 AM,0.0000,-0.0008,0.0,0.0
5138,0,8,  0d 01:25:29.73,  0d 00:20:50.05,1.2500,3.8405,C,07/25/2025 11:46:18 AM,0.0000,-0.0008,0.0,0.0
5139,0,8,  0d 01:25:30.73,  0d 00:20:51.05,1.2500,3.8406,C,07/25/2025 11:46:19 AM,0.0000,-0.0008,0.0,0.0
5140,0,8,  0d 01:25:31.73,  0d 00:20:52.05,1.2503,3.8408,C,07/25/2025 11:46:20 AM,0.0000,-0.0007,0.0,0.0
5141,0,8,  0d 01:25:32.73,  0d 00:20:53.05,1.2497,3.8411,C,07/25/2025 11:46:21 AM,0.0000,-0.0008,0.0,0.0
5142,0,8,  0d 01:25:33.73,  0d 00:20:54.05,1.2497,3.8413,C,07/25/2025 11:46:22 AM,0.0000,-0.0008,0.0,0.0
5143,0,8,  0d 01:25:34.73,  0d 00:20:55.05,1.2500,3.8414,C,07/25/2025 11:46:23 AM,0.0000,-0.0008,0.0,0.0
5144,0,8,  0d 01:25:35.73,  0d 00:20:56.05,1.2503,3.8416,C,07/25/2025 11:46:24 AM,0.0000,-0.0007,0.0,0.0
5145,0,8,  0d 01:25:36.73,  0d 00:20:57.05,1.2500,3.8418,C,07/25/2025 11:46:25 AM,0.0000,-0.0007,0.0,0.0
5146,0,8,  0d 01:25:37.73,  0d 00:20:58.05,1.2497,3.8418,C,07/25/2025 11:46:26 AM,0.0000,-0.0005,0.0,0.0
5147,0,8,  0d 01:25:38.73,  0d 00:20:59.05,1.2497,3.8421,C,07/25/2025 11:46:27 AM,0.0000,-0.0008,0.0,0.0
5148,0,8,  0d 01:25:39.73,  0d 00:21:00.05,1.2494,3.8424,C,07/25/2025 11:46:28 AM,0.0000,-0.0007,0.0,0.0
5149,0,8,  0d 01:25:40.73,  0d 00:21:01.05,1.2497,3.8425,C,07/25/2025 11:46:29 AM,0.0000,-0.0007,0.0,0.0
5150,0,8,  0d 01:25:41.73,  0d 00:21:02.05,1.2503,3.8427,C,07/25/2025 11:46:30 AM,0.0000,-0.0008,0.0,0.0
5151,0,8,  0d 01:25:42.73,  0d 00:21:03.05,1.2497,3.8428,C,07/25/2025 11:46:31 AM,0.0000,-0.0008,0.0,0.0
5152,0,8,  0d 01:25:43.73,  0d 00:21:04.05,1.2500,3.8431,C,07/25/2025 11:46:32 AM,0.0000,-0.0007,0.0,0.0
5153,0,8,  0d 01:25:44.73,  0d 00:21:05.05,1.2491,3.8434,C,07/25/2025 11:46:33 AM,0.0000,-0.0007,0.0,0.0
5154,0,8,  0d 01:25:45.73,  0d 00:21:06.05,1.2500,3.8436,C,07/25/2025 11:46:34 AM,0.0000,-0.0007,0.0,0.0
5155,0,8,  0d 01:25:46.73,  0d 00:21:07.05,1.2497,3.8437,C,07/25/2025 11:46:35 AM,0.0000,-0.0007,0.0,0.0
5156,0,8,  0d 01:25:47.73,  0d 00:21:08.05,1.2503,3.8440,C,07/25/2025 11:46:36 AM,0.0000,-0.0007,0.0,0.0
5157,0,8,  0d 01:25:48.73,  0d 00:21:09.05,1.2500,3.8441,C,07/25/2025 11:46:37 AM,0.0000,-0.0008,0.0,0.0
5158,0,8,  0d 01:25:49.73,  0d 00:21:10.05,1.2500,3.8443,C,07/25/2025 11:46:38 AM,0.0000,-0.0008,0.0,0.0
5159,0,8,  0d 01:25:50.73,  0d 00:21:11.05,1.2494,3.8444,C,07/25/2025 11:46:39 AM,0.0000,-0.0008,0.0,0.0
5160,0,8,  0d 01:25:51.73,  0d 00:21:12.05,1.2503,3.8447,C,07/25/2025 11:46:40 AM,0.0000,-0.0008,0.0,0.0
5161,0,8,  0d 01:25:52.73,  0d 00:21:13.05,1.2491,3.8449,C,07/25/2025 11:46:41 AM,0.0000,-0.0008,0.0,0.0
5162,0,8,  0d 01:25:53.73,  0d 00:21:14.05,1.2497,3.8451,C,07/25/2025 11:46:42 AM,0.0000,-0.0007,0.0,0.0
5163,0,8,  0d 01:25:54.73,  0d 00:21:15.05,1.2494,3.8452,C,07/25/2025 11:46:43 AM,0.0000,-0.0008,0.0,0.0
5164,0,8,  0d 01:25:55.73,  0d 00:21:16.05,1.2497,3.8453,C,07/25/2025 11:46:44 AM,0.0000,-0.0008,0.0,0.0
5165,0,8,  0d 01:25:56.73,  0d 00:21:17.05,1.2494,3.8457,C,07/25/2025 11:46:45 AM,0.0000,-0.0008,0.0,0.0
5166,0,8,  0d 01:25:57.73,  0d 00:21:18.05,1.2503,3.8460,C,07/25/2025 11:46:46 AM,0.0000,-0.0007,0.0,0.0
5167,0,8,  0d 01:25:58.73,  0d 00:21:19.05,1.2503,3.8460,C,07/25/2025 11:46:47 AM,0.0000,-0.0008,0.0,0.0
5168,0,8,  0d 01:25:59.73,  0d 00:21:20.05,1.2497,3.8463,C,07/25/2025 11:46:48 AM,0.0000,-0.0008,0.0,0.0
5169,0,8,  0d 01:26:00.73,  0d 00:21:21.05,1.2503,3.8465,C,07/25/2025 11:46:50 AM,0.0000,-0.0007,0.0,0.0
5170,0,8,  0d 01:26:01.73,  0d 00:21:22.05,1.2500,3.8466,C,07/25/2025 11:46:50 AM,0.0000,-0.0010,0.0,0.0
5171,0,8,  0d 01:26:02.73,  0d 00:21:23.05,1.2494,3.8470,C,07/25/2025 11:46:51 AM,0.0000,-0.0008,0.0,0.0
5172,0,8,  0d 01:26:03.73,  0d 00:21:24.05,1.2497,3.8473,C,07/25/2025 11:46:52 AM,0.0000,-0.0008,0.0,0.0
5173,0,8,  0d 01:26:04.73,  0d 00:21:25.05,1.2503,3.8473,C,07/25/2025 11:46:53 AM,0.0000,-0.0008,0.0,0.0
5174,0,8,  0d 01:26:05.73,  0d 00:21:26.05,1.2503,3.8475,C,07/25/2025 11:46:54 AM,0.0000,-0.0008,0.0,0.0
5175,0,8,  0d 01:26:06.73,  0d 00:21:27.05,1.2494,3.8476,C,07/25/2025 11:46:55 AM,0.0000,-0.0007,0.0,0.0
5176,0,8,  0d 01:26:07.73,  0d 00:21:28.05,1.2500,3.8480,C,07/25/2025 11:46:56 AM,0.0000,-0.0007,0.0,0.0
5177,0,8,  0d 01:26:08.73,  0d 00:21:29.05,1.2494,3.8482,C,07/25/2025 11:46:57 AM,0.0000,-0.0007,0.0,0.0
5178,0,8,  0d 01:26:09.73,  0d 00:21:30.05,1.2509,3.8483,C,07/25/2025 11:46:58 AM,0.0000,-0.0007,0.0,0.0
5179,0,8,  0d 01:26:10.73,  0d 00:21:31.05,1.2500,3.8486,C,07/25/2025 11:47:00 AM,0.0000,-0.0007,0.0,0.0
5180,0,8,  0d 01:26:11.73,  0d 00:21:32.05,1.2497,3.8486,C,07/25/2025 11:47:00 AM,0.0000,-0.0007,0.0,0.0
5181,0,8,  0d 01:26:12.73,  0d 00:21:33.05,1.2500,3.8489,C,07/25/2025 11:47:01 AM,0.0000,-0.0007,0.0,0.0
5182,0,8,  0d 01:26:13.73,  0d 00:21:34.05,1.2503,3.8490,C,07/25/2025 11:47:02 AM,0.0000,-0.0008,0.0,0.0
5183,0,8,  0d 01:26:14.73,  0d 00:21:35.05,1.2500,3.8493,C,07/25/2025 11:47:03 AM,0.0000,-0.0007,0.0,0.0
5184,0,8,  0d 01:26:15.73,  0d 00:21:36.05,1.2500,3.8494,C,07/25/2025 11:47:04 AM,0.0000,-0.0007,0.0,0.0
5185,0,8,  0d 01:26:16.73,  0d 00:21:37.05,1.2497,3.8496,C,07/25/2025 11:47:05 AM,0.0000,-0.0007,0.0,0.0
5186,0,8,  0d 01:26:17.73,  0d 00:21:38.05,1.2500,3.8500,C,07/25/2025 11:47:06 AM,0.0000,-0.0007,0.0,0.0
5187,0,8,  0d 01:26:18.73,  0d 00:21:39.05,1.2500,3.8502,C,07/25/2025 11:47:07 AM,0.0000,-0.0008,0.0,0.0
5188,0,8,  0d 01:26:19.73,  0d 00:21:40.05,1.2491,3.8504,C,07/25/2025 11:47:08 AM,0.0000,-0.0008,0.0,0.0
5189,0,8,  0d 01:26:20.73,  0d 00:21:41.05,1.2503,3.8505,C,07/25/2025 11:47:10 AM,0.0000,-0.0007,0.0,0.0
5190,0,8,  0d 01:26:21.73,  0d 00:21:42.05,1.2494,3.8507,C,07/25/2025 11:47:10 AM,0.0000,-0.0007,0.0,0.0
5191,0,8,  0d 01:26:22.73,  0d 00:21:43.05,1.2494,3.8510,C,07/25/2025 11:47:11 AM,0.0000,-0.0010,0.0,0.0
5192,0,8,  0d 01:26:23.73,  0d 00:21:44.05,1.2500,3.8511,C,07/25/2025 11:47:12 AM,0.0000,-0.0008,0.0,0.0
5193,0,8,  0d 01:26:24.73,  0d 00:21:45.05,1.2494,3.8512,C,07/25/2025 11:47:13 AM,0.0000,-0.0007,0.0,0.0
5194,0,8,  0d 01:26:25.73,  0d 00:21:46.05,1.2503,3.8515,C,07/25/2025 11:47:14 AM,0.0000,-0.0008,0.0,0.0
5195,0,8,  0d 01:26:26.73,  0d 00:21:47.05,1.2506,3.8518,C,07/25/2025 11:47:15 AM,0.0000,-0.0008,0.0,0.0
5196,0,8,  0d 01:26:27.73,  0d 00:21:48.05,1.2494,3.8519,C,07/25/2025 11:47:16 AM,0.0000,-0.0007,0.0,0.0
5197,0,8,  0d 01:26:28.73,  0d 00:21:49.05,1.2497,3.8521,C,07/25/2025 11:47:17 AM,0.0000,-0.0008,0.0,0.0
5198,0,8,  0d 01:26:29.73,  0d 00:21:50.05,1.2500,3.8524,C,07/25/2025 11:47:18 AM,0.0000,-0.0005,0.0,0.0
5199,0,8,  0d 01:26:30.73,  0d 00:21:51.05,1.2494,3.8525,C,07/25/2025 11:47:20 AM,0.0000,-0.0007,0.0,0.0
5200,0,8,  0d 01:26:31.73,  0d 00:21:52.05,1.2494,3.8527,C,07/25/2025 11:47:20 AM,0.0000,-0.0008,0.0,0.0
5201,0,8,  0d 01:26:32.73,  0d 00:21:53.05,1.2500,3.8529,C,07/25/2025 11:47:21 AM,0.0000,-0.0007,0.0,0.0
5202,0,8,  0d 01:26:33.73,  0d 00:21:54.05,1.2497,3.8533,C,07/25/2025 11:47:22 AM,0.0000,-0.0008,0.0,0.0
5203,0,8,  0d 01:26:34.73,  0d 00:21:55.05,1.2497,3.8533,C,07/25/2025 11:47:23 AM,0.0000,-0.0008,0.0,0.0
5204,0,8,  0d 01:26:35.73,  0d 00:21:56.05,1.2497,3.8537,C,07/25/2025 11:47:24 AM,0.0000,-0.0008,0.0,0.0
5205,0,8,  0d 01:26:36.73,  0d 00:21:57.05,1.2500,3.8537,C,07/25/2025 11:47:25 AM,0.0000,-0.0007,0.0,0.0
5206,0,8,  0d 01:26:37.73,  0d 00:21:58.05,1.2500,3.8539,C,07/25/2025 11:47:26 AM,0.0000,-0.0007,0.0,0.0
5207,0,8,  0d 01:26:38.73,  0d 00:21:59.05,1.2500,3.8541,C,07/25/2025 11:47:27 AM,0.0000,-0.0008,0.0,0.0
5208,0,8,  0d 01:26:39.73,  0d 00:22:00.05,1.2497,3.8544,C,07/25/2025 11:47:28 AM,0.0000,-0.0008,0.0,0.0
5209,0,8,  0d 01:26:40.73,  0d 00:22:01.05,1.2497,3.8545,C,07/25/2025 11:47:29 AM,0.0000,-0.0008,0.0,0.0
5210,0,8,  0d 01:26:41.73,  0d 00:22:02.05,1.2500,3.8547,C,07/25/2025 11:47:30 AM,0.0000,-0.0008,0.0,0.0
5211,0,8,  0d 01:26:42.73,  0d 00:22:03.05,1.2497,3.8548,C,07/25/2025 11:47:31 AM,0.0000,-0.0007,0.0,0.0
5212,0,8,  0d 01:26:43.73,  0d 00:22:04.05,1.2500,3.8553,C,07/25/2025 11:47:32 AM,0.0000,-0.0008,0.0,0.0
5213,0,8,  0d 01:26:44.73,  0d 00:22:05.05,1.2500,3.8555,C,07/25/2025 11:47:33 AM,0.0000,-0.0008,0.0,0.0
5214,0,8,  0d 01:26:45.73,  0d 00:22:06.05,1.2494,3.8556,C,07/25/2025 11:47:34 AM,0.0000,-0.0005,0.0,0.0
5215,0,8,  0d 01:26:46.73,  0d 00:22:07.05,1.2494,3.8557,C,07/25/2025 11:47:35 AM,0.0000,-0.0010,0.0,0.0
5216,0,8,  0d 01:26:47.73,  0d 00:22:08.05,1.2494,3.8561,C,07/25/2025 11:47:36 AM,0.0000,-0.0008,0.0,0.0
5217,0,8,  0d 01:26:48.73,  0d 00:22:09.05,1.2500,3.8563,C,07/25/2025 11:47:37 AM,0.0000,-0.0007,0.0,0.0
5218,0,8,  0d 01:26:49.73,  0d 00:22:10.05,1.2497,3.8566,C,07/25/2025 11:47:38 AM,0.0000,-0.0007,0.0,0.0
5219,0,8,  0d 01:26:50.73,  0d 00:22:11.05,1.2503,3.8566,C,07/25/2025 11:47:39 AM,0.0000,-0.0008,0.0,0.0
5220,0,8,  0d 01:26:51.73,  0d 00:22:12.05,1.2500,3.8568,C,07/25/2025 11:47:40 AM,0.0000,-0.0007,0.0,0.0
5221,0,8,  0d 01:26:52.73,  0d 00:22:13.05,1.2503,3.8571,C,07/25/2025 11:47:41 AM,0.0000,-0.0008,0.0,0.0
5222,0,8,  0d 01:26:53.73,  0d 00:22:14.05,1.2497,3.8573,C,07/25/2025 11:47:42 AM,0.0000,-0.0008,0.0,0.0
5223,0,8,  0d 01:26:54.73,  0d 00:22:15.05,1.2497,3.8574,C,07/25/2025 11:47:43 AM,0.0000,-0.0007,0.0,0.0
5224,0,8,  0d 01:26:55.73,  0d 00:22:16.05,1.2491,3.8576,C,07/25/2025 11:47:44 AM,0.0000,-0.0007,0.0,0.0
5225,0,8,  0d 01:26:56.73,  0d 00:22:17.05,1.2503,3.8579,C,07/25/2025 11:47:45 AM,0.0000,-0.0007,0.0,0.0
5226,0,8,  0d 01:26:57.73,  0d 00:22:18.05,1.2494,3.8581,C,07/25/2025 11:47:46 AM,0.0000,-0.0007,0.0,0.0
5227,0,8,  0d 01:26:58.73,  0d 00:22:19.05,1.2494,3.8582,C,07/25/2025 11:47:47 AM,0.0000,-0.0008,0.0,0.0
5228,0,8,  0d 01:26:59.73,  0d 00:22:20.05,1.2497,3.8584,C,07/25/2025 11:47:48 AM,0.0000,-0.0008,0.0,0.0
5229,0,8,  0d 01:27:00.73,  0d 00:22:21.05,1.2497,3.8586,C,07/25/2025 11:47:49 AM,0.0000,-0.0007,0.0,0.0
5230,0,8,  0d 01:27:01.73,  0d 00:22:22.05,1.2500,3.8588,C,07/25/2025 11:47:50 AM,0.0000,-0.0007,0.0,0.0
5231,0,8,  0d 01:27:02.73,  0d 00:22:23.05,1.2497,3.8590,C,07/25/2025 11:47:51 AM,0.0000,-0.0007,0.0,0.0
5232,0,8,  0d 01:27:03.73,  0d 00:22:24.05,1.2503,3.8592,C,07/25/2025 11:47:52 AM,0.0000,-0.0007,0.0,0.0
5233,0,8,  0d 01:27:04.73,  0d 00:22:25.05,1.2497,3.8595,C,07/25/2025 11:47:53 AM,0.0000,-0.0007,0.0,0.0
5234,0,8,  0d 01:27:05.73,  0d 00:22:26.05,1.2497,3.8595,C,07/25/2025 11:47:54 AM,0.0000,-0.0007,0.0,0.0
5235,0,8,  0d 01:27:06.73,  0d 00:22:27.05,1.2494,3.8598,C,07/25/2025 11:47:55 AM,0.0000,-0.0007,0.0,0.0
5236,0,8,  0d 01:27:07.73,  0d 00:22:28.05,1.2497,3.8600,C,07/25/2025 11:47:56 AM,0.0000,-0.0007,0.0,0.0
5237,0,8,  0d 01:27:08.73,  0d 00:22:29.05,1.2497,3.8601,C,07/25/2025 11:47:57 AM,0.0000,-0.0008,0.0,0.0
5238,0,8,  0d 01:27:09.73,  0d 00:22:30.05,1.2500,3.8604,C,07/25/2025 11:47:58 AM,0.0000,-0.0007,0.0,0.0
5239,0,8,  0d 01:27:10.73,  0d 00:22:31.05,1.2497,3.8607,C,07/25/2025 11:47:59 AM,0.0000,-0.0008,0.0,0.0
5240,0,8,  0d 01:27:11.73,  0d 00:22:32.05,1.2503,3.8608,C,07/25/2025 11:48:01 AM,0.0000,-0.0007,0.0,0.0
5241,0,8,  0d 01:27:12.73,  0d 00:22:33.05,1.2503,3.8610,C,07/25/2025 11:48:01 AM,0.0000,-0.0007,0.0,0.0
5242,0,8,  0d 01:27:13.73,  0d 00:22:34.05,1.2503,3.8611,C,07/25/2025 11:48:02 AM,0.0000,-0.0008,0.0,0.0
5243,0,8,  0d 01:27:14.73,  0d 00:22:35.05,1.2497,3.8614,C,07/25/2025 11:48:03 AM,0.0000,-0.0007,0.0,0.0
5244,0,8,  0d 01:27:15.73,  0d 00:22:36.05,1.2497,3.8614,C,07/25/2025 11:48:04 AM,0.0000,-0.0007,0.0,0.0
5245,0,8,  0d 01:27:16.73,  0d 00:22:37.05,1.2497,3.8617,C,07/25/2025 11:48:05 AM,0.0000,-0.0008,0.0,0.0
5246,0,8,  0d 01:27:17.73,  0d 00:22:38.05,1.2500,3.8619,C,07/25/2025 11:48:06 AM,0.0000,-0.0005,0.0,0.0
5247,0,8,  0d 01:27:18.73,  0d 00:22:39.05,1.2497,3.8620,C,07/25/2025 11:48:07 AM,0.0000,-0.0007,0.0,0.0
5248,0,8,  0d 01:27:19.73,  0d 00:22:40.05,1.2500,3.8623,C,07/25/2025 11:48:08 AM,0.0000,-0.0008,0.0,0.0
5249,0,8,  0d 01:27:20.73,  0d 00:22:41.05,1.2500,3.8624,C,07/25/2025 11:48:09 AM,0.0000,-0.0007,0.0,0.0
5250,0,8,  0d 01:27:21.73,  0d 00:22:42.05,1.2497,3.8627,C,07/25/2025 11:48:11 AM,0.0000,-0.0007,0.0,0.0
5251,0,8,  0d 01:27:22.73,  0d 00:22:43.05,1.2500,3.8629,C,07/25/2025 11:48:11 AM,0.0000,-0.0008,0.0,0.0
5252,0,8,  0d 01:27:23.73,  0d 00:22:44.05,1.2497,3.8631,C,07/25/2025 11:48:12 AM,0.0000,-0.0008,0.0,0.0
5253,0,8,  0d 01:27:24.73,  0d 00:22:45.05,1.2494,3.8631,C,07/25/2025 11:48:13 AM,0.0000,-0.0007,0.0,0.0
5254,0,8,  0d 01:27:25.73,  0d 00:22:46.05,1.2503,3.8634,C,07/25/2025 11:48:14 AM,0.0000,-0.0008,0.0,0.0
5255,0,8,  0d 01:27:26.73,  0d 00:22:47.05,1.2494,3.8636,C,07/25/2025 11:48:15 AM,0.0000,-0.0008,0.0,0.0
5256,0,8,  0d 01:27:27.73,  0d 00:22:48.05,1.2500,3.8637,C,07/25/2025 11:48:16 AM,0.0000,-0.0010,0.0,0.0
5257,0,8,  0d 01:27:28.73,  0d 00:22:49.05,1.2500,3.8640,C,07/25/2025 11:48:17 AM,0.0000,-0.0008,0.0,0.0
5258,0,8,  0d 01:27:29.73,  0d 00:22:50.05,1.2500,3.8641,C,07/25/2025 11:48:18 AM,0.0000,-0.0008,0.0,0.0
5259,0,8,  0d 01:27:30.73,  0d 00:22:51.05,1.2503,3.8643,C,07/25/2025 11:48:19 AM,0.0000,-0.0007,0.0,0.0
5260,0,8,  0d 01:27:31.73,  0d 00:22:52.05,1.2503,3.8644,C,07/25/2025 11:48:21 AM,0.0000,-0.0007,0.0,0.0
5261,0,8,  0d 01:27:32.73,  0d 00:22:53.05,1.2497,3.8647,C,07/25/2025 11:48:21 AM,0.0000,-0.0008,0.0,0.0
5262,0,8,  0d 01:27:33.73,  0d 00:22:54.05,1.2503,3.8649,C,07/25/2025 11:48:22 AM,0.0000,-0.0008,0.0,0.0
5263,0,8,  0d 01:27:34.73,  0d 00:22:55.05,1.2497,3.8650,C,07/25/2025 11:48:23 AM,0.0000,-0.0007,0.0,0.0
5264,0,8,  0d 01:27:35.73,  0d 00:22:56.05,1.2500,3.8650,C,07/25/2025 11:48:24 AM,0.0000,-0.0008,0.0,0.0
5265,0,8,  0d 01:27:36.73,  0d 00:22:57.05,1.2497,3.8655,C,07/25/2025 11:48:25 AM,0.0000,-0.0007,0.0,0.0
5266,0,8,  0d 01:27:37.73,  0d 00:22:58.05,1.2497,3.8656,C,07/25/2025 11:48:26 AM,0.0000,-0.0008,0.0,0.0
5267,0,8,  0d 01:27:38.73,  0d 00:22:59.05,1.2500,3.8657,C,07/25/2025 11:48:27 AM,0.0000,-0.0008,0.0,0.0
5268,0,8,  0d 01:27:39.73,  0d 00:23:00.05,1.2503,3.8659,C,07/25/2025 11:48:28 AM,0.0000,-0.0007,0.0,0.0
5269,0,8,  0d 01:27:40.73,  0d 00:23:01.05,1.2494,3.8662,C,07/25/2025 11:48:29 AM,0.0000,-0.0008,0.0,0.0
5270,0,8,  0d 01:27:41.73,  0d 00:23:02.05,1.2503,3.8663,C,07/25/2025 11:48:31 AM,0.0000,-0.0007,0.0,0.0
5271,0,8,  0d 01:27:42.73,  0d 00:23:03.05,1.2494,3.8665,C,07/25/2025 11:48:31 AM,0.0000,-0.0008,0.0,0.0
5272,0,8,  0d 01:27:43.73,  0d 00:23:04.05,1.2494,3.8666,C,07/25/2025 11:48:32 AM,0.0000,-0.0008,0.0,0.0
5273,0,8,  0d 01:27:44.73,  0d 00:23:05.05,1.2500,3.8668,C,07/25/2025 11:48:33 AM,0.0000,-0.0008,0.0,0.0
5274,0,8,  0d 01:27:45.73,  0d 00:23:06.05,1.2509,3.8670,C,07/25/2025 11:48:34 AM,0.0000,-0.0008,0.0,0.0
5275,0,8,  0d 01:27:46.73,  0d 00:23:07.05,1.2506,3.8672,C,07/25/2025 11:48:35 AM,0.0000,-0.0007,0.0,0.0
5276,0,8,  0d 01:27:47.73,  0d 00:23:08.05,1.2500,3.8673,C,07/25/2025 11:48:36 AM,0.0000,-0.0010,0.0,0.0
5277,0,8,  0d 01:27:48.73,  0d 00:23:09.05,1.2503,3.8674,C,07/25/2025 11:48:37 AM,0.0000,-0.0007,0.0,0.0
5278,0,8,  0d 01:27:49.73,  0d 00:23:10.05,1.2500,3.8676,C,07/25/2025 11:48:38 AM,0.0000,-0.0005,0.0,0.0
5279,0,8,  0d 01:27:50.73,  0d 00:23:11.05,1.2503,3.8678,C,07/25/2025 11:48:39 AM,0.0000,-0.0007,0.0,0.0
5280,0,8,  0d 01:27:51.73,  0d 00:23:12.05,1.2500,3.8680,C,07/25/2025 11:48:40 AM,0.0000,-0.0007,0.0,0.0
5281,0,8,  0d 01:27:52.73,  0d 00:23:13.05,1.2497,3.8681,C,07/25/2025 11:48:41 AM,0.0000,-0.0007,0.0,0.0
5282,0,8,  0d 01:27:53.73,  0d 00:23:14.05,1.2497,3.8682,C,07/25/2025 11:48:42 AM,0.0000,-0.0008,0.0,0.0
5283,0,8,  0d 01:27:54.73,  0d 00:23:15.05,1.2500,3.8685,C,07/25/2025 11:48:43 AM,0.0000,-0.0008,0.0,0.0
5284,0,8,  0d 01:27:55.73,  0d 00:23:16.05,1.2500,3.8686,C,07/25/2025 11:48:44 AM,0.0000,-0.0007,0.0,0.0
5285,0,8,  0d 01:27:56.73,  0d 00:23:17.05,1.2497,3.8687,C,07/25/2025 11:48:45 AM,0.0000,-0.0008,0.0,0.0
5286,0,8,  0d 01:27:57.73,  0d 00:23:18.05,1.2500,3.8689,C,07/25/2025 11:48:46 AM,0.0000,-0.0008,0.0,0.0
5287,0,8,  0d 01:27:58.73,  0d 00:23:19.05,1.2503,3.8691,C,07/25/2025 11:48:47 AM,0.0000,-0.0005,0.0,0.0
5288,0,8,  0d 01:27:59.73,  0d 00:23:20.05,1.2497,3.8692,C,07/25/2025 11:48:48 AM,0.0000,-0.0008,0.0,0.0
5289,0,8,  0d 01:28:00.73,  0d 00:23:21.05,1.2500,3.8694,C,07/25/2025 11:48:49 AM,0.0000,-0.0008,0.0,0.0
5290,0,8,  0d 01:28:01.73,  0d 00:23:22.05,1.2503,3.8696,C,07/25/2025 11:48:50 AM,0.0000,-0.0008,0.0,0.0
5291,0,8,  0d 01:28:02.73,  0d 00:23:23.05,1.2500,3.8697,C,07/25/2025 11:48:51 AM,0.0000,-0.0008,0.0,0.0
5292,0,8,  0d 01:28:03.73,  0d 00:23:24.05,1.2500,3.8700,C,07/25/2025 11:48:52 AM,0.0000,-0.0008,0.0,0.0
5293,0,8,  0d 01:28:04.73,  0d 00:23:25.05,1.2503,3.8701,C,07/25/2025 11:48:53 AM,0.0000,-0.0008,0.0,0.0
5294,0,8,  0d 01:28:05.73,  0d 00:23:26.05,1.2503,3.8702,C,07/25/2025 11:48:54 AM,0.0000,-0.0007,0.0,0.0
5295,0,8,  0d 01:28:06.73,  0d 00:23:27.05,1.2500,3.8705,C,07/25/2025 11:48:55 AM,0.0000,-0.0008,0.0,0.0
5296,0,8,  0d 01:28:07.73,  0d 00:23:28.05,1.2500,3.8706,C,07/25/2025 11:48:56 AM,0.0000,-0.0007,0.0,0.0
5297,0,8,  0d 01:28:08.73,  0d 00:23:29.05,1.2497,3.8708,C,07/25/2025 11:48:57 AM,0.0000,-0.0008,0.0,0.0
5298,0,8,  0d 01:28:09.73,  0d 00:23:30.05,1.2497,3.8707,C,07/25/2025 11:48:58 AM,0.0000,-0.0007,0.0,0.0
5299,0,8,  0d 01:28:10.73,  0d 00:23:31.05,1.2497,3.8710,C,07/25/2025 11:48:59 AM,0.0000,-0.0010,0.0,0.0
5300,0,8,  0d 01:28:11.73,  0d 00:23:32.05,1.2506,3.8711,C,07/25/2025 11:49:00 AM,0.0000,-0.0008,0.0,0.0
5301,0,8,  0d 01:28:12.73,  0d 00:23:33.05,1.2503,3.8711,C,07/25/2025 11:49:01 AM,0.0000,-0.0008,0.0,0.0
5302,0,8,  0d 01:28:13.73,  0d 00:23:34.05,1.2497,3.8714,C,07/25/2025 11:49:02 AM,0.0000,-0.0008,0.0,0.0
5303,0,8,  0d 01:28:14.73,  0d 00:23:35.05,1.2497,3.8717,C,07/25/2025 11:49:03 AM,0.0000,-0.0008,0.0,0.0
5304,0,8,  0d 01:28:15.73,  0d 00:23:36.05,1.2497,3.8716,C,07/25/2025 11:49:04 AM,0.0000,-0.0007,0.0,0.0
5305,0,8,  0d 01:28:16.73,  0d 00:23:37.05,1.2500,3.8719,C,07/25/2025 11:49:05 AM,0.0000,-0.0005,0.0,0.0
5306,0,8,  0d 01:28:17.73,  0d 00:23:38.05,1.2500,3.8721,C,07/25/2025 11:49:06 AM,0.0000,-0.0008,0.0,0.0
5307,0,8,  0d 01:28:18.73,  0d 00:23:39.05,1.2497,3.8721,C,07/25/2025 11:49:07 AM,0.0000,-0.0007,0.0,0.0
5308,0,8,  0d 01:28:19.73,  0d 00:23:40.05,1.2500,3.8724,C,07/25/2025 11:49:08 AM,0.0000,-0.0007,0.0,0.0
5309,0,8,  0d 01:28:20.73,  0d 00:23:41.05,1.2500,3.8725,C,07/25/2025 11:49:09 AM,0.0000,-0.0007,0.0,0.0
5310,0,8,  0d 01:28:21.73,  0d 00:23:42.05,1.2500,3.8728,C,07/25/2025 11:49:10 AM,0.0000,-0.0007,0.0,0.0
5311,0,8,  0d 01:28:22.73,  0d 00:23:43.05,1.2497,3.8728,C,07/25/2025 11:49:12 AM,0.0000,-0.0007,0.0,0.0
5312,0,8,  0d 01:28:23.73,  0d 00:23:44.05,1.2500,3.8731,C,07/25/2025 11:49:12 AM,0.0000,-0.0008,0.0,0.0
5313,0,8,  0d 01:28:24.73,  0d 00:23:45.05,1.2497,3.8731,C,07/25/2025 11:49:13 AM,0.0000,-0.0007,0.0,0.0
5314,0,8,  0d 01:28:25.73,  0d 00:23:46.05,1.2500,3.8734,C,07/25/2025 11:49:14 AM,0.0000,-0.0008,0.0,0.0
5315,0,8,  0d 01:28:26.73,  0d 00:23:47.05,1.2497,3.8735,C,07/25/2025 11:49:15 AM,0.0000,-0.0007,0.0,0.0
5316,0,8,  0d 01:28:27.73,  0d 00:23:48.05,1.2500,3.8736,C,07/25/2025 11:49:16 AM,0.0000,-0.0008,0.0,0.0
5317,0,8,  0d 01:28:28.73,  0d 00:23:49.05,1.2503,3.8738,C,07/25/2025 11:49:17 AM,0.0000,-0.0007,0.0,0.0
5318,0,8,  0d 01:28:29.73,  0d 00:23:50.05,1.2500,3.8738,C,07/25/2025 11:49:18 AM,0.0000,-0.0007,0.0,0.0
5319,0,8,  0d 01:28:30.73,  0d 00:23:51.05,1.2503,3.8740,C,07/25/2025 11:49:19 AM,0.0000,-0.0008,0.0,0.0
5320,0,8,  0d 01:28:31.73,  0d 00:23:52.05,1.2497,3.8742,C,07/25/2025 11:49:20 AM,0.0000,-0.0007,0.0,0.0
5321,0,8,  0d 01:28:32.73,  0d 00:23:53.05,1.2500,3.8744,C,07/25/2025 11:49:22 AM,0.0000,-0.0008,0.0,0.0
5322,0,8,  0d 01:28:33.73,  0d 00:23:54.05,1.2491,3.8743,C,07/25/2025 11:49:22 AM,0.0000,-0.0008,0.0,0.0
5323,0,8,  0d 01:28:34.73,  0d 00:23:55.05,1.2497,3.8746,C,07/25/2025 11:49:23 AM,0.0000,-0.0008,0.0,0.0
5324,0,8,  0d 01:28:35.73,  0d 00:23:56.05,1.2500,3.8747,C,07/25/2025 11:49:24 AM,0.0000,-0.0007,0.0,0.0
5325,0,8,  0d 01:28:36.73,  0d 00:23:57.05,1.2500,3.8750,C,07/25/2025 11:49:25 AM,0.0000,-0.0008,0.0,0.0
5326,0,8,  0d 01:28:37.73,  0d 00:23:58.05,1.2491,3.8750,C,07/25/2025 11:49:26 AM,0.0000,-0.0008,0.0,0.0
5327,0,8,  0d 01:28:38.73,  0d 00:23:59.05,1.2506,3.8752,C,07/25/2025 11:49:27 AM,0.0000,-0.0005,0.0,0.0
5328,0,8,  0d 01:28:39.73,  0d 00:24:00.05,1.2497,3.8751,C,07/25/2025 11:49:28 AM,0.0000,-0.0008,0.0,0.0
5329,0,8,  0d 01:28:40.73,  0d 00:24:01.05,1.2500,3.8753,C,07/25/2025 11:49:29 AM,0.0000,-0.0007,0.0,0.0
5330,0,8,  0d 01:28:41.73,  0d 00:24:02.05,1.2494,3.8756,C,07/25/2025 11:49:30 AM,0.0000,-0.0010,0.0,0.0
5331,0,8,  0d 01:28:42.73,  0d 00:24:03.05,1.2506,3.8756,C,07/25/2025 11:49:32 AM,0.0000,-0.0010,0.0,0.0
5332,0,8,  0d 01:28:43.73,  0d 00:24:04.05,1.2500,3.8759,C,07/25/2025 11:49:32 AM,0.0000,-0.0008,0.0,0.0
5333,0,8,  0d 01:28:44.73,  0d 00:24:05.05,1.2500,3.8760,C,07/25/2025 11:49:33 AM,0.0000,-0.0007,0.0,0.0
5334,0,8,  0d 01:28:45.73,  0d 00:24:06.05,1.2500,3.8762,C,07/25/2025 11:49:34 AM,0.0000,-0.0008,0.0,0.0
5335,0,8,  0d 01:28:46.73,  0d 00:24:07.05,1.2500,3.8763,C,07/25/2025 11:49:35 AM,0.0000,-0.0007,0.0,0.0
5336,0,8,  0d 01:28:47.73,  0d 00:24:08.05,1.2500,3.8763,C,07/25/2025 11:49:36 AM,0.0000,-0.0008,0.0,0.0
5337,0,8,  0d 01:28:48.73,  0d 00:24:09.05,1.2494,3.8768,C,07/25/2025 11:49:37 AM,0.0000,-0.0008,0.0,0.0
5338,0,8,  0d 01:28:49.73,  0d 00:24:10.05,1.2497,3.8767,C,07/25/2025 11:49:38 AM,0.0000,-0.0008,0.0,0.0
5339,0,8,  0d 01:28:50.73,  0d 00:24:11.05,1.2497,3.8769,C,07/25/2025 11:49:39 AM,0.0000,-0.0007,0.0,0.0
5340,0,8,  0d 01:28:51.73,  0d 00:24:12.05,1.2500,3.8769,C,07/25/2025 11:49:40 AM,0.0000,-0.0008,0.0,0.0
5341,0,8,  0d 01:28:52.73,  0d 00:24:13.05,1.2500,3.8771,C,07/25/2025 11:49:42 AM,0.0000,-0.0008,0.0,0.0
5342,0,8,  0d 01:28:53.73,  0d 00:24:14.05,1.2497,3.8772,C,07/25/2025 11:49:42 AM,0.0000,-0.0007,0.0,0.0
5343,0,8,  0d 01:28:54.73,  0d 00:24:15.05,1.2500,3.8774,C,07/25/2025 11:49:43 AM,0.0000,-0.0008,0.0,0.0
5344,0,8,  0d 01:28:55.73,  0d 00:24:16.05,1.2500,3.8775,C,07/25/2025 11:49:44 AM,0.0000,-0.0008,0.0,0.0
5345,0,8,  0d 01:28:56.73,  0d 00:24:17.05,1.2497,3.8776,C,07/25/2025 11:49:45 AM,0.0000,-0.0007,0.0,0.0
5346,0,8,  0d 01:28:57.73,  0d 00:24:18.05,1.2503,3.8777,C,07/25/2025 11:49:46 AM,0.0000,-0.0010,0.0,0.0
5347,0,8,  0d 01:28:58.73,  0d 00:24:19.05,1.2494,3.8780,C,07/25/2025 11:49:47 AM,0.0000,-0.0008,0.0,0.0
5348,0,8,  0d 01:28:59.73,  0d 00:24:20.05,1.2497,3.8780,C,07/25/2025 11:49:48 AM,0.0000,-0.0007,0.0,0.0
5349,0,8,  0d 01:29:00.73,  0d 00:24:21.05,1.2503,3.8782,C,07/25/2025 11:49:49 AM,0.0000,-0.0007,0.0,0.0
5350,0,8,  0d 01:29:01.73,  0d 00:24:22.05,1.2500,3.8784,C,07/25/2025 11:49:50 AM,0.0000,-0.0007,0.0,0.0
5351,0,8,  0d 01:29:02.73,  0d 00:24:23.05,1.2500,3.8784,C,07/25/2025 11:49:52 AM,0.0000,-0.0007,0.0,0.0
5352,0,8,  0d 01:29:03.73,  0d 00:24:24.05,1.2497,3.8785,C,07/25/2025 11:49:52 AM,0.0000,-0.0007,0.0,0.0
5353,0,8,  0d 01:29:04.73,  0d 00:24:25.05,1.2500,3.8788,C,07/25/2025 11:49:53 AM,0.0000,-0.0007,0.0,0.0
5354,0,8,  0d 01:29:05.73,  0d 00:24:26.05,1.2497,3.8789,C,07/25/2025 11:49:54 AM,0.0000,-0.0008,0.0,0.0
5355,0,8,  0d 01:29:06.73,  0d 00:24:27.05,1.2500,3.8789,C,07/25/2025 11:49:55 AM,0.0000,-0.0007,0.0,0.0
5356,0,8,  0d 01:29:07.73,  0d 00:24:28.05,1.2500,3.8791,C,07/25/2025 11:49:56 AM,0.0000,-0.0007,0.0,0.0
5357,0,8,  0d 01:29:08.73,  0d 00:24:29.05,1.2503,3.8794,C,07/25/2025 11:49:57 AM,0.0000,-0.0005,0.0,0.0
5358,0,8,  0d 01:29:09.73,  0d 00:24:30.05,1.2494,3.8793,C,07/25/2025 11:49:58 AM,0.0000,-0.0008,0.0,0.0
5359,0,8,  0d 01:29:10.73,  0d 00:24:31.05,1.2503,3.8796,C,07/25/2025 11:49:59 AM,0.0000,-0.0007,0.0,0.0
5360,0,8,  0d 01:29:11.73,  0d 00:24:32.05,1.2500,3.8797,C,07/25/2025 11:50:00 AM,0.0000,-0.0007,0.0,0.0
5361,0,8,  0d 01:29:12.73,  0d 00:24:33.05,1.2503,3.8798,C,07/25/2025 11:50:01 AM,0.0000,-0.0007,0.0,0.0
5362,0,8,  0d 01:29:13.73,  0d 00:24:34.05,1.2494,3.8800,C,07/25/2025 11:50:02 AM,0.0000,-0.0008,0.0,0.0
5363,0,8,  0d 01:29:14.73,  0d 00:24:35.05,1.2500,3.8801,C,07/25/2025 11:50:03 AM,0.0000,-0.0007,0.0,0.0
5364,0,8,  0d 01:29:15.73,  0d 00:24:36.05,1.2503,3.8801,C,07/25/2025 11:50:04 AM,0.0000,-0.0007,0.0,0.0
5365,0,8,  0d 01:29:16.73,  0d 00:24:37.05,1.2500,3.8804,C,07/25/2025 11:50:05 AM,0.0000,-0.0008,0.0,0.0
5366,0,8,  0d 01:29:17.73,  0d 00:24:38.05,1.2500,3.8804,C,07/25/2025 11:50:06 AM,0.0000,-0.0007,0.0,0.0
5367,0,8,  0d 01:29:18.73,  0d 00:24:39.05,1.2497,3.8808,C,07/25/2025 11:50:07 AM,0.0000,-0.0008,0.0,0.0
5368,0,8,  0d 01:29:19.73,  0d 00:24:40.05,1.2503,3.8808,C,07/25/2025 11:50:08 AM,0.0000,-0.0007,0.0,0.0
5369,0,8,  0d 01:29:20.73,  0d 00:24:41.05,1.2503,3.8809,C,07/25/2025 11:50:09 AM,0.0000,-0.0007,0.0,0.0
5370,0,8,  0d 01:29:21.73,  0d 00:24:42.05,1.2503,3.8809,C,07/25/2025 11:50:10 AM,0.0000,-0.0007,0.0,0.0
5371,0,8,  0d 01:29:22.73,  0d 00:24:43.05,1.2497,3.8811,C,07/25/2025 11:50:11 AM,0.0000,-0.0008,0.0,0.0
5372,0,8,  0d 01:29:23.73,  0d 00:24:44.05,1.2506,3.8813,C,07/25/2025 11:50:12 AM,0.0000,-0.0008,0.0,0.0
5373,0,8,  0d 01:29:24.73,  0d 00:24:45.05,1.2497,3.8814,C,07/25/2025 11:50:13 AM,0.0000,-0.0008,0.0,0.0
5374,0,8,  0d 01:29:25.73,  0d 00:24:46.05,1.2503,3.8816,C,07/25/2025 11:50:14 AM,0.0000,-0.0008,0.0,0.0
5375,0,8,  0d 01:29:26.73,  0d 00:24:47.05,1.2500,3.8817,C,07/25/2025 11:50:15 AM,0.0000,-0.0010,0.0,0.0
5376,0,8,  0d 01:29:27.73,  0d 00:24:48.05,1.2497,3.8817,C,07/25/2025 11:50:16 AM,0.0000,-0.0007,0.0,0.0
5377,0,8,  0d 01:29:28.73,  0d 00:24:49.05,1.2500,3.8820,C,07/25/2025 11:50:17 AM,0.0000,-0.0008,0.0,0.0
5378,0,8,  0d 01:29:29.73,  0d 00:24:50.05,1.2497,3.8820,C,07/25/2025 11:50:18 AM,0.0000,-0.0007,0.0,0.0
5379,0,8,  0d 01:29:30.73,  0d 00:24:51.05,1.2500,3.8824,C,07/25/2025 11:50:19 AM,0.0000,-0.0007,0.0,0.0
5380,0,8,  0d 01:29:31.73,  0d 00:24:52.05,1.2497,3.8823,C,07/25/2025 11:50:20 AM,0.0000,-0.0008,0.0,0.0
5381,0,8,  0d 01:29:32.73,  0d 00:24:53.05,1.2500,3.8824,C,07/25/2025 11:50:21 AM,0.0000,-0.0007,0.0,0.0
5382,0,8,  0d 01:29:33.73,  0d 00:24:54.05,1.2497,3.8827,C,07/25/2025 11:50:23 AM,0.0000,-0.0007,0.0,0.0
5383,0,8,  0d 01:29:34.73,  0d 00:24:55.05,1.2497,3.8827,C,07/25/2025 11:50:23 AM,0.0000,-0.0008,0.0,0.0
5384,0,8,  0d 01:29:35.73,  0d 00:24:56.05,1.2497,3.8829,C,07/25/2025 11:50:24 AM,0.0000,-0.0008,0.0,0.0
5385,0,8,  0d 01:29:36.73,  0d 00:24:57.05,1.2500,3.8831,C,07/25/2025 11:50:25 AM,0.0000,-0.0008,0.0,0.0
5386,0,8,  0d 01:29:37.73,  0d 00:24:58.05,1.2500,3.8831,C,07/25/2025 11:50:26 AM,0.0000,-0.0008,0.0,0.0
5387,0,8,  0d 01:29:38.73,  0d 00:24:59.05,1.2500,3.8833,C,07/25/2025 11:50:27 AM,0.0000,-0.0005,0.0,0.0
5388,0,8,  0d 01:29:39.73,  0d 00:25:00.05,1.2500,3.8833,C,07/25/2025 11:50:28 AM,0.0000,-0.0010,0.0,0.0
5389,0,8,  0d 01:29:40.73,  0d 00:25:01.05,1.2503,3.8833,C,07/25/2025 11:50:29 AM,0.0000,-0.0008,0.0,0.0
5390,0,8,  0d 01:29:41.73,  0d 00:25:02.05,1.2506,3.8837,C,07/25/2025 11:50:30 AM,0.0000,-0.0007,0.0,0.0
5391,0,8,  0d 01:29:42.73,  0d 00:25:03.05,1.2503,3.8837,C,07/25/2025 11:50:31 AM,0.0000,-0.0008,0.0,0.0
5392,0,8,  0d 01:29:43.73,  0d 00:25:04.05,1.2497,3.8839,C,07/25/2025 11:50:33 AM,0.0000,-0.0007,0.0,0.0
5393,0,8,  0d 01:29:44.73,  0d 00:25:05.05,1.2500,3.8840,C,07/25/2025 11:50:33 AM,0.0000,-0.0008,0.0,0.0
5394,0,8,  0d 01:29:45.73,  0d 00:25:06.05,1.2494,3.8841,C,07/25/2025 11:50:34 AM,0.0000,-0.0007,0.0,0.0
5395,0,8,  0d 01:29:46.73,  0d 00:25:07.05,1.2503,3.8843,C,07/25/2025 11:50:35 AM,0.0000,-0.0008,0.0,0.0
5396,0,8,  0d 01:29:47.73,  0d 00:25:08.05,1.2500,3.8843,C,07/25/2025 11:50:36 AM,0.0000,-0.0008,0.0,0.0
5397,0,8,  0d 01:29:48.73,  0d 00:25:09.05,1.2503,3.8846,C,07/25/2025 11:50:37 AM,0.0000,-0.0008,0.0,0.0
5398,0,8,  0d 01:29:49.73,  0d 00:25:10.05,1.2494,3.8846,C,07/25/2025 11:50:38 AM,0.0000,-0.0008,0.0,0.0
5399,0,8,  0d 01:29:50.73,  0d 00:25:11.05,1.2500,3.8848,C,07/25/2025 11:50:39 AM,0.0000,-0.0010,0.0,0.0
5400,0,8,  0d 01:29:51.73,  0d 00:25:12.05,1.2497,3.8849,C,07/25/2025 11:50:40 AM,0.0000,-0.0010,0.0,0.0
5401,0,8,  0d 01:29:52.73,  0d 00:25:13.05,1.2500,3.8850,C,07/25/2025 11:50:41 AM,0.0000,-0.0007,0.0,0.0
5402,0,8,  0d 01:29:53.73,  0d 00:25:14.05,1.2497,3.8850,C,07/25/2025 11:50:43 AM,0.0000,-0.0007,0.0,0.0
5403,0,8,  0d 01:29:54.73,  0d 00:25:15.05,1.2497,3.8853,C,07/25/2025 11:50:43 AM,0.0000,-0.0008,0.0,0.0
5404,0,8,  0d 01:29:55.73,  0d 00:25:16.05,1.2500,3.8853,C,07/25/2025 11:50:44 AM,0.0000,-0.0008,0.0,0.0
5405,0,8,  0d 01:29:56.73,  0d 00:25:17.05,1.2494,3.8856,C,07/25/2025 11:50:45 AM,0.0000,-0.0007,0.0,0.0
5406,0,8,  0d 01:29:57.73,  0d 00:25:18.05,1.2500,3.8857,C,07/25/2025 11:50:46 AM,0.0000,-0.0005,0.0,0.0
5407,0,8,  0d 01:29:58.73,  0d 00:25:19.05,1.2503,3.8859,C,07/25/2025 11:50:47 AM,0.0000,-0.0007,0.0,0.0
5408,0,8,  0d 01:29:59.73,  0d 00:25:20.05,1.2503,3.8859,C,07/25/2025 11:50:48 AM,0.0000,-0.0008,0.0,0.0
5409,0,8,  0d 01:30:00.73,  0d 00:25:21.05,1.2500,3.8862,C,07/25/2025 11:50:49 AM,0.0000,-0.0007,0.0,0.0
5410,0,8,  0d 01:30:01.73,  0d 00:25:22.05,1.2497,3.8861,C,07/25/2025 11:50:50 AM,0.0000,-0.0008,0.0,0.0
5411,0,8,  0d 01:30:02.73,  0d 00:25:23.05,1.2497,3.8863,C,07/25/2025 11:50:51 AM,0.0000,-0.0007,0.0,0.0
5412,0,8,  0d 01:30:03.73,  0d 00:25:24.05,1.2500,3.8864,C,07/25/2025 11:50:53 AM,0.0000,-0.0008,0.0,0.0
5413,0,8,  0d 01:30:04.73,  0d 00:25:25.05,1.2500,3.8866,C,07/25/2025 11:50:53 AM,0.0000,-0.0008,0.0,0.0
5414,0,8,  0d 01:30:05.73,  0d 00:25:26.05,1.2500,3.8868,C,07/25/2025 11:50:54 AM,0.0000,-0.0010,0.0,0.0
5415,0,8,  0d 01:30:06.73,  0d 00:25:27.05,1.2497,3.8869,C,07/25/2025 11:50:55 AM,0.0000,-0.0007,0.0,0.0
5416,0,8,  0d 01:30:07.73,  0d 00:25:28.05,1.2500,3.8871,C,07/25/2025 11:50:56 AM,0.0000,-0.0008,0.0,0.0
5417,0,8,  0d 01:30:08.73,  0d 00:25:29.05,1.2497,3.8871,C,07/25/2025 11:50:57 AM,0.0000,-0.0007,0.0,0.0
5418,0,8,  0d 01:30:09.73,  0d 00:25:30.05,1.2494,3.8872,C,07/25/2025 11:50:58 AM,0.0000,-0.0010,0.0,0.0
5419,0,8,  0d 01:30:10.73,  0d 00:25:31.05,1.2503,3.8874,C,07/25/2025 11:50:59 AM,0.0000,-0.0008,0.0,0.0
5420,0,8,  0d 01:30:11.73,  0d 00:25:32.05,1.2500,3.8875,C,07/25/2025 11:51:00 AM,0.0000,-0.0007,0.0,0.0
5421,0,8,  0d 01:30:12.73,  0d 00:25:33.05,1.2503,3.8875,C,07/25/2025 11:51:01 AM,0.0000,-0.0008,0.0,0.0
5422,0,8,  0d 01:30:13.73,  0d 00:25:34.05,1.2500,3.8876,C,07/25/2025 11:51:03 AM,0.0000,-0.0007,0.0,0.0
5423,0,8,  0d 01:30:14.73,  0d 00:25:35.05,1.2497,3.8878,C,07/25/2025 11:51:03 AM,0.0000,-0.0008,0.0,0.0
5424,0,8,  0d 01:30:15.73,  0d 00:25:36.05,1.2494,3.8880,C,07/25/2025 11:51:04 AM,0.0000,-0.0005,0.0,0.0
5425,0,8,  0d 01:30:16.73,  0d 00:25:37.05,1.2500,3.8882,C,07/25/2025 11:51:05 AM,0.0000,-0.0008,0.0,0.0
5426,0,8,  0d 01:30:17.73,  0d 00:25:38.05,1.2500,3.8882,C,07/25/2025 11:51:06 AM,0.0000,-0.0008,0.0,0.0
5427,0,8,  0d 01:30:18.73,  0d 00:25:39.05,1.2497,3.8883,C,07/25/2025 11:51:07 AM,0.0000,-0.0008,0.0,0.0
5428,0,8,  0d 01:30:19.73,  0d 00:25:40.05,1.2497,3.8885,C,07/25/2025 11:51:08 AM,0.0000,-0.0007,0.0,0.0
5429,0,8,  0d 01:30:20.73,  0d 00:25:41.05,1.2497,3.8885,C,07/25/2025 11:51:09 AM,0.0000,-0.0005,0.0,0.0
5430,0,8,  0d 01:30:21.73,  0d 00:25:42.05,1.2494,3.8887,C,07/25/2025 11:51:10 AM,0.0000,-0.0007,0.0,0.0
5431,0,8,  0d 01:30:22.73,  0d 00:25:43.05,1.2500,3.8888,C,07/25/2025 11:51:11 AM,0.0000,-0.0008,0.0,0.0
5432,0,8,  0d 01:30:23.73,  0d 00:25:44.05,1.2506,3.8890,C,07/25/2025 11:51:12 AM,0.0000,-0.0008,0.0,0.0
5433,0,8,  0d 01:30:24.73,  0d 00:25:45.05,1.2503,3.8891,C,07/25/2025 11:51:13 AM,0.0000,-0.0007,0.0,0.0
5434,0,8,  0d 01:30:25.73,  0d 00:25:46.05,1.2497,3.8892,C,07/25/2025 11:51:14 AM,0.0000,-0.0008,0.0,0.0
5435,0,8,  0d 01:30:26.73,  0d 00:25:47.05,1.2500,3.8892,C,07/25/2025 11:51:15 AM,0.0000,-0.0008,0.0,0.0
5436,0,8,  0d 01:30:27.73,  0d 00:25:48.05,1.2500,3.8894,C,07/25/2025 11:51:16 AM,0.0000,-0.0007,0.0,0.0
5437,0,8,  0d 01:30:28.73,  0d 00:25:49.05,1.2503,3.8895,C,07/25/2025 11:51:17 AM,0.0000,-0.0008,0.0,0.0
5438,0,8,  0d 01:30:29.73,  0d 00:25:50.05,1.2503,3.8898,C,07/25/2025 11:51:18 AM,0.0000,-0.0010,0.0,0.0
5439,0,8,  0d 01:30:30.73,  0d 00:25:51.05,1.2494,3.8898,C,07/25/2025 11:51:19 AM,0.0000,-0.0008,0.0,0.0
5440,0,8,  0d 01:30:31.73,  0d 00:25:52.05,1.2497,3.8899,C,07/25/2025 11:51:20 AM,0.0000,-0.0008,0.0,0.0
5441,0,8,  0d 01:30:32.73,  0d 00:25:53.05,1.2500,3.8902,C,07/25/2025 11:51:21 AM,0.0000,-0.0007,0.0,0.0
5442,0,8,  0d 01:30:33.73,  0d 00:25:54.05,1.2494,3.8901,C,07/25/2025 11:51:22 AM,0.0000,-0.0007,0.0,0.0
5443,0,8,  0d 01:30:34.73,  0d 00:25:55.05,1.2503,3.8902,C,07/25/2025 11:51:23 AM,0.0000,-0.0007,0.0,0.0
5444,0,8,  0d 01:30:35.73,  0d 00:25:56.05,1.2497,3.8904,C,07/25/2025 11:51:24 AM,0.0000,-0.0007,0.0,0.0
5445,0,8,  0d 01:30:36.73,  0d 00:25:57.05,1.2500,3.8905,C,07/25/2025 11:51:25 AM,0.0000,-0.0007,0.0,0.0
5446,0,8,  0d 01:30:37.73,  0d 00:25:58.05,1.2494,3.8906,C,07/25/2025 11:51:26 AM,0.0000,-0.0008,0.0,0.0
5447,0,8,  0d 01:30:38.73,  0d 00:25:59.05,1.2503,3.8907,C,07/25/2025 11:51:27 AM,0.0000,-0.0010,0.0,0.0
5448,0,8,  0d 01:30:39.73,  0d 00:26:00.05,1.2500,3.8909,C,07/25/2025 11:51:28 AM,0.0000,-0.0007,0.0,0.0
5449,0,8,  0d 01:30:40.73,  0d 00:26:01.05,1.2500,3.8910,C,07/25/2025 11:51:29 AM,0.0000,-0.0008,0.0,0.0
5450,0,8,  0d 01:30:41.73,  0d 00:26:02.05,1.2500,3.8911,C,07/25/2025 11:51:30 AM,0.0000,-0.0008,0.0,0.0
5451,0,8,  0d 01:30:42.73,  0d 00:26:03.05,1.2494,3.8912,C,07/25/2025 11:51:31 AM,0.0000,-0.0007,0.0,0.0
5452,0,8,  0d 01:30:43.73,  0d 00:26:04.05,1.2500,3.8914,C,07/25/2025 11:51:32 AM,0.0000,-0.0008,0.0,0.0
5453,0,8,  0d 01:30:44.73,  0d 00:26:05.05,1.2500,3.8915,C,07/25/2025 11:51:34 AM,0.0000,-0.0007,0.0,0.0
5454,0,8,  0d 01:30:45.73,  0d 00:26:06.05,1.2497,3.8916,C,07/25/2025 11:51:34 AM,0.0000,-0.0007,0.0,0.0
5455,0,8,  0d 01:30:46.73,  0d 00:26:07.05,1.2494,3.8917,C,07/25/2025 11:51:35 AM,0.0000,-0.0007,0.0,0.0
5456,0,8,  0d 01:30:47.73,  0d 00:26:08.05,1.2494,3.8917,C,07/25/2025 11:51:36 AM,0.0000,-0.0007,0.0,0.0
5457,0,8,  0d 01:30:48.73,  0d 00:26:09.05,1.2497,3.8920,C,07/25/2025 11:51:37 AM,0.0000,-0.0008,0.0,0.0
5458,0,8,  0d 01:30:49.73,  0d 00:26:10.05,1.2497,3.8922,C,07/25/2025 11:51:38 AM,0.0000,-0.0007,0.0,0.0
5459,0,8,  0d 01:30:50.73,  0d 00:26:11.05,1.2497,3.8923,C,07/25/2025 11:51:39 AM,0.0000,-0.0007,0.0,0.0
5460,0,8,  0d 01:30:51.73,  0d 00:26:12.05,1.2497,3.8924,C,07/25/2025 11:51:40 AM,0.0000,-0.0007,0.0,0.0
5461,0,8,  0d 01:30:52.73,  0d 00:26:13.05,1.2500,3.8925,C,07/25/2025 11:51:41 AM,0.0000,-0.0008,0.0,0.0
5462,0,8,  0d 01:30:53.73,  0d 00:26:14.05,1.2497,3.8925,C,07/25/2025 11:51:42 AM,0.0000,-0.0008,0.0,0.0
5463,0,8,  0d 01:30:54.73,  0d 00:26:15.05,1.2497,3.8927,C,07/25/2025 11:51:44 AM,0.0000,-0.0008,0.0,0.0
5464,0,8,  0d 01:30:55.73,  0d 00:26:16.05,1.2494,3.8930,C,07/25/2025 11:51:44 AM,0.0000,-0.0007,0.0,0.0
5465,0,8,  0d 01:30:56.73,  0d 00:26:17.05,1.2500,3.8930,C,07/25/2025 11:51:45 AM,0.0000,-0.0008,0.0,0.0
5466,0,8,  0d 01:30:57.73,  0d 00:26:18.05,1.2497,3.8931,C,07/25/2025 11:51:46 AM,0.0000,-0.0010,0.0,0.0
5467,0,8,  0d 01:30:58.73,  0d 00:26:19.05,1.2497,3.8933,C,07/25/2025 11:51:47 AM,0.0000,-0.0008,0.0,0.0
5468,0,8,  0d 01:30:59.73,  0d 00:26:20.05,1.2500,3.8933,C,07/25/2025 11:51:48 AM,0.0000,-0.0007,0.0,0.0
5469,0,8,  0d 01:31:00.73,  0d 00:26:21.05,1.2494,3.8933,C,07/25/2025 11:51:49 AM,0.0000,-0.0007,0.0,0.0
5470,0,8,  0d 01:31:01.73,  0d 00:26:22.05,1.2500,3.8935,C,07/25/2025 11:51:50 AM,0.0000,-0.0007,0.0,0.0
5471,0,8,  0d 01:31:02.73,  0d 00:26:23.05,1.2500,3.8937,C,07/25/2025 11:51:51 AM,0.0000,-0.0008,0.0,0.0
5472,0,8,  0d 01:31:03.73,  0d 00:26:24.05,1.2497,3.8939,C,07/25/2025 11:51:52 AM,0.0000,-0.0008,0.0,0.0
5473,0,8,  0d 01:31:04.73,  0d 00:26:25.05,1.2500,3.8940,C,07/25/2025 11:51:54 AM,0.0000,-0.0008,0.0,0.0
5474,0,8,  0d 01:31:05.73,  0d 00:26:26.05,1.2497,3.8941,C,07/25/2025 11:51:54 AM,0.0000,-0.0008,0.0,0.0
5475,0,8,  0d 01:31:06.73,  0d 00:26:27.05,1.2500,3.8943,C,07/25/2025 11:51:55 AM,0.0000,-0.0008,0.0,0.0
5476,0,8,  0d 01:31:07.73,  0d 00:26:28.05,1.2494,3.8943,C,07/25/2025 11:51:56 AM,0.0000,-0.0008,0.0,0.0
5477,0,8,  0d 01:31:08.73,  0d 00:26:29.05,1.2503,3.8944,C,07/25/2025 11:51:57 AM,0.0000,-0.0008,0.0,0.0
5478,0,8,  0d 01:31:09.73,  0d 00:26:30.05,1.2500,3.8944,C,07/25/2025 11:51:58 AM,0.0000,-0.0007,0.0,0.0
5479,0,8,  0d 01:31:10.73,  0d 00:26:31.05,1.2500,3.8946,C,07/25/2025 11:51:59 AM,0.0000,-0.0010,0.0,0.0
5480,0,8,  0d 01:31:11.73,  0d 00:26:32.05,1.2497,3.8947,C,07/25/2025 11:52:00 AM,0.0000,-0.0008,0.0,0.0
5481,0,8,  0d 01:31:12.73,  0d 00:26:33.05,1.2497,3.8948,C,07/25/2025 11:52:01 AM,0.0000,-0.0008,0.0,0.0
5482,0,8,  0d 01:31:13.73,  0d 00:26:34.05,1.2497,3.8949,C,07/25/2025 11:52:02 AM,0.0000,-0.0007,0.0,0.0
5483,0,8,  0d 01:31:14.73,  0d 00:26:35.05,1.2500,3.8950,C,07/25/2025 11:52:04 AM,0.0000,-0.0007,0.0,0.0
5484,0,8,  0d 01:31:15.73,  0d 00:26:36.05,1.2491,3.8952,C,07/25/2025 11:52:04 AM,0.0000,-0.0007,0.0,0.0
5485,0,8,  0d 01:31:16.73,  0d 00:26:37.05,1.2497,3.8955,C,07/25/2025 11:52:05 AM,0.0000,-0.0007,0.0,0.0
5486,0,8,  0d 01:31:17.73,  0d 00:26:38.05,1.2500,3.8956,C,07/25/2025 11:52:06 AM,0.0000,-0.0007,0.0,0.0
5487,0,8,  0d 01:31:18.73,  0d 00:26:39.05,1.2500,3.8956,C,07/25/2025 11:52:07 AM,0.0000,-0.0007,0.0,0.0
5488,0,8,  0d 01:31:19.73,  0d 00:26:40.05,1.2497,3.8958,C,07/25/2025 11:52:08 AM,0.0000,-0.0008,0.0,0.0
5489,0,8,  0d 01:31:20.73,  0d 00:26:41.05,1.2497,3.8957,C,07/25/2025 11:52:09 AM,0.0000,-0.0007,0.0,0.0
5490,0,8,  0d 01:31:21.73,  0d 00:26:42.05,1.2500,3.8960,C,07/25/2025 11:52:10 AM,0.0000,-0.0008,0.0,0.0
5491,0,8,  0d 01:31:22.73,  0d 00:26:43.05,1.2500,3.8961,C,07/25/2025 11:52:11 AM,0.0000,-0.0007,0.0,0.0
5492,0,8,  0d 01:31:23.73,  0d 00:26:44.05,1.2494,3.8962,C,07/25/2025 11:52:12 AM,0.0000,-0.0007,0.0,0.0
5493,0,8,  0d 01:31:24.73,  0d 00:26:45.05,1.2506,3.8964,C,07/25/2025 11:52:14 AM,0.0000,-0.0008,0.0,0.0
5494,0,8,  0d 01:31:25.73,  0d 00:26:46.05,1.2500,3.8965,C,07/25/2025 11:52:14 AM,0.0000,-0.0010,0.0,0.0
5495,0,8,  0d 01:31:26.73,  0d 00:26:47.05,1.2497,3.8965,C,07/25/2025 11:52:15 AM,0.0000,-0.0007,0.0,0.0
5496,0,8,  0d 01:31:27.73,  0d 00:26:48.05,1.2500,3.8968,C,07/25/2025 11:52:16 AM,0.0000,-0.0008,0.0,0.0
5497,0,8,  0d 01:31:28.73,  0d 00:26:49.05,1.2494,3.8968,C,07/25/2025 11:52:17 AM,0.0000,-0.0008,0.0,0.0
5498,0,8,  0d 01:31:29.73,  0d 00:26:50.05,1.2494,3.8968,C,07/25/2025 11:52:18 AM,0.0000,-0.0010,0.0,0.0
5499,0,8,  0d 01:31:30.73,  0d 00:26:51.05,1.2503,3.8969,C,07/25/2025 11:52:19 AM,0.0000,-0.0008,0.0,0.0
5500,0,8,  0d 01:31:31.73,  0d 00:26:52.05,1.2500,3.8971,C,07/25/2025 11:52:20 AM,0.0000,-0.0010,0.0,0.0
5501,0,8,  0d 01:31:32.73,  0d 00:26:53.05,1.2500,3.8973,C,07/25/2025 11:52:21 AM,0.0000,-0.0007,0.0,0.0
5502,0,8,  0d 01:31:33.73,  0d 00:26:54.05,1.2494,3.8973,C,07/25/2025 11:52:22 AM,0.0000,-0.0007,0.0,0.0
5503,0,8,  0d 01:31:34.73,  0d 00:26:55.05,1.2494,3.8975,C,07/25/2025 11:52:23 AM,0.0000,-0.0008,0.0,0.0
5504,0,8,  0d 01:31:35.73,  0d 00:26:56.05,1.2497,3.8975,C,07/25/2025 11:52:24 AM,0.0000,-0.0008,0.0,0.0
5505,0,8,  0d 01:31:36.73,  0d 00:26:57.05,1.2497,3.8978,C,07/25/2025 11:52:25 AM,0.0000,-0.0008,0.0,0.0
5506,0,8,  0d 01:31:37.73,  0d 00:26:58.05,1.2494,3.8978,C,07/25/2025 11:52:26 AM,0.0000,-0.0007,0.0,0.0
5507,0,8,  0d 01:31:38.73,  0d 00:26:59.05,1.2497,3.8980,C,07/25/2025 11:52:27 AM,0.0000,-0.0007,0.0,0.0
5508,0,8,  0d 01:31:39.73,  0d 00:27:00.05,1.2497,3.8981,C,07/25/2025 11:52:28 AM,0.0000,-0.0007,0.0,0.0
5509,0,8,  0d 01:31:40.73,  0d 00:27:01.05,1.2497,3.8981,C,07/25/2025 11:52:29 AM,0.0000,-0.0008,0.0,0.0
5510,0,8,  0d 01:31:41.73,  0d 00:27:02.05,1.2503,3.8984,C,07/25/2025 11:52:30 AM,0.0000,-0.0007,0.0,0.0
5511,0,8,  0d 01:31:42.73,  0d 00:27:03.05,1.2506,3.8985,C,07/25/2025 11:52:31 AM,0.0000,-0.0007,0.0,0.0
5512,0,8,  0d 01:31:43.73,  0d 00:27:04.05,1.2494,3.8987,C,07/25/2025 11:52:32 AM,0.0000,-0.0007,0.0,0.0
5513,0,8,  0d 01:31:44.73,  0d 00:27:05.05,1.2497,3.8988,C,07/25/2025 11:52:33 AM,0.0000,-0.0008,0.0,0.0
5514,0,8,  0d 01:31:45.73,  0d 00:27:06.05,1.2500,3.8988,C,07/25/2025 11:52:34 AM,0.0000,-0.0008,0.0,0.0
5515,0,8,  0d 01:31:46.73,  0d 00:27:07.05,1.2497,3.8990,C,07/25/2025 11:52:35 AM,0.0000,-0.0007,0.0,0.0
5516,0,8,  0d 01:31:47.73,  0d 00:27:08.05,1.2497,3.8991,C,07/25/2025 11:52:36 AM,0.0000,-0.0008,0.0,0.0
5517,0,8,  0d 01:31:48.73,  0d 00:27:09.05,1.2494,3.8991,C,07/25/2025 11:52:37 AM,0.0000,-0.0008,0.0,0.0
5518,0,8,  0d 01:31:49.73,  0d 00:27:10.05,1.2491,3.8993,C,07/25/2025 11:52:38 AM,0.0000,-0.0008,0.0,0.0
5519,0,8,  0d 01:31:50.73,  0d 00:27:11.05,1.2500,3.8995,C,07/25/2025 11:52:39 AM,0.0000,-0.0007,0.0,0.0
5520,0,8,  0d 01:31:51.73,  0d 00:27:12.05,1.2491,3.8994,C,07/25/2025 11:52:40 AM,0.0000,-0.0008,0.0,0.0
5521,0,8,  0d 01:31:52.73,  0d 00:27:13.05,1.2497,3.8997,C,07/25/2025 11:52:41 AM,0.0000,-0.0008,0.0,0.0
5522,0,8,  0d 01:31:53.73,  0d 00:27:14.05,1.2497,3.8998,C,07/25/2025 11:52:42 AM,0.0000,-0.0007,0.0,0.0
5523,0,8,  0d 01:31:54.73,  0d 00:27:15.05,1.2497,3.8998,C,07/25/2025 11:52:43 AM,0.0000,-0.0007,0.0,0.0
5524,0,8,  0d 01:31:55.73,  0d 00:27:16.05,1.2503,3.8998,C,07/25/2025 11:52:45 AM,0.0000,-0.0007,0.0,0.0
5525,0,8,  0d 01:31:56.73,  0d 00:27:17.05,1.2494,3.9001,C,07/25/2025 11:52:45 AM,0.0000,-0.0005,0.0,0.0
5526,0,8,  0d 01:31:57.73,  0d 00:27:18.05,1.2497,3.9002,C,07/25/2025 11:52:46 AM,0.0000,-0.0008,0.0,0.0
5527,0,8,  0d 01:31:58.73,  0d 00:27:19.05,1.2497,3.9004,C,07/25/2025 11:52:47 AM,0.0000,-0.0010,0.0,0.0
5528,0,8,  0d 01:31:59.73,  0d 00:27:20.05,1.2503,3.9004,C,07/25/2025 11:52:48 AM,0.0000,-0.0007,0.0,0.0
5529,0,8,  0d 01:32:00.73,  0d 00:27:21.05,1.2500,3.9006,C,07/25/2025 11:52:49 AM,0.0000,-0.0005,0.0,0.0
5530,0,8,  0d 01:32:01.73,  0d 00:27:22.05,1.2497,3.9007,C,07/25/2025 11:52:50 AM,0.0000,-0.0007,0.0,0.0
5531,0,8,  0d 01:32:02.73,  0d 00:27:23.05,1.2500,3.9007,C,07/25/2025 11:52:51 AM,0.0000,-0.0008,0.0,0.0
5532,0,8,  0d 01:32:03.73,  0d 00:27:24.05,1.2503,3.9010,C,07/25/2025 11:52:52 AM,0.0000,-0.0007,0.0,0.0
5533,0,8,  0d 01:32:04.73,  0d 00:27:25.05,1.2500,3.9010,C,07/25/2025 11:52:53 AM,0.0000,-0.0008,0.0,0.0
5534,0,8,  0d 01:32:05.73,  0d 00:27:26.05,1.2497,3.9010,C,07/25/2025 11:52:55 AM,0.0000,-0.0007,0.0,0.0
5535,0,8,  0d 01:32:06.73,  0d 00:27:27.05,1.2497,3.9014,C,07/25/2025 11:52:55 AM,0.0000,-0.0008,0.0,0.0
5536,0,8,  0d 01:32:07.73,  0d 00:27:28.05,1.2500,3.9014,C,07/25/2025 11:52:56 AM,0.0000,-0.0007,0.0,0.0
5537,0,8,  0d 01:32:08.73,  0d 00:27:29.05,1.2503,3.9015,C,07/25/2025 11:52:57 AM,0.0000,-0.0007,0.0,0.0
5538,0,8,  0d 01:32:09.73,  0d 00:27:30.05,1.2494,3.9017,C,07/25/2025 11:52:58 AM,0.0000,-0.0008,0.0,0.0
5539,0,8,  0d 01:32:10.73,  0d 00:27:31.05,1.2500,3.9017,C,07/25/2025 11:52:59 AM,0.0000,-0.0008,0.0,0.0
5540,0,8,  0d 01:32:11.73,  0d 00:27:32.05,1.2500,3.9020,C,07/25/2025 11:53:00 AM,0.0000,-0.0007,0.0,0.0
5541,0,8,  0d 01:32:12.73,  0d 00:27:33.05,1.2500,3.9021,C,07/25/2025 11:53:01 AM,0.0000,-0.0005,0.0,0.0
5542,0,8,  0d 01:32:13.73,  0d 00:27:34.05,1.2497,3.9021,C,07/25/2025 11:53:02 AM,0.0000,-0.0007,0.0,0.0
5543,0,8,  0d 01:32:14.73,  0d 00:27:35.05,1.2497,3.9022,C,07/25/2025 11:53:03 AM,0.0000,-0.0007,0.0,0.0
5544,0,8,  0d 01:32:15.73,  0d 00:27:36.05,1.2497,3.9023,C,07/25/2025 11:53:05 AM,0.0000,-0.0008,0.0,0.0
5545,0,8,  0d 01:32:16.73,  0d 00:27:37.05,1.2500,3.9024,C,07/25/2025 11:53:05 AM,0.0000,-0.0007,0.0,0.0
5546,0,8,  0d 01:32:17.73,  0d 00:27:38.05,1.2497,3.9026,C,07/25/2025 11:53:06 AM,0.0000,-0.0007,0.0,0.0
5547,0,8,  0d 01:32:18.73,  0d 00:27:39.05,1.2500,3.9028,C,07/25/2025 11:53:07 AM,0.0000,-0.0008,0.0,0.0
5548,0,8,  0d 01:32:19.73,  0d 00:27:40.05,1.2506,3.9029,C,07/25/2025 11:53:08 AM,0.0000,-0.0007,0.0,0.0
5549,0,8,  0d 01:32:20.73,  0d 00:27:41.05,1.2500,3.9031,C,07/25/2025 11:53:09 AM,0.0000,-0.0007,0.0,0.0
5550,0,8,  0d 01:32:21.73,  0d 00:27:42.05,1.2497,3.9031,C,07/25/2025 11:53:10 AM,0.0000,-0.0007,0.0,0.0
5551,0,8,  0d 01:32:22.73,  0d 00:27:43.05,1.2503,3.9031,C,07/25/2025 11:53:11 AM,0.0000,-0.0007,0.0,0.0
5552,0,8,  0d 01:32:23.73,  0d 00:27:44.05,1.2500,3.9033,C,07/25/2025 11:53:12 AM,0.0000,-0.0007,0.0,0.0
5553,0,8,  0d 01:32:24.73,  0d 00:27:45.05,1.2503,3.9035,C,07/25/2025 11:53:13 AM,0.0000,-0.0007,0.0,0.0
5554,0,8,  0d 01:32:25.73,  0d 00:27:46.05,1.2497,3.9034,C,07/25/2025 11:53:15 AM,0.0000,-0.0008,0.0,0.0
5555,0,8,  0d 01:32:26.73,  0d 00:27:47.05,1.2497,3.9035,C,07/25/2025 11:53:15 AM,0.0000,-0.0007,0.0,0.0
5556,0,8,  0d 01:32:27.73,  0d 00:27:48.05,1.2506,3.9038,C,07/25/2025 11:53:16 AM,0.0000,-0.0007,0.0,0.0
5557,0,8,  0d 01:32:28.73,  0d 00:27:49.05,1.2500,3.9038,C,07/25/2025 11:53:17 AM,0.0000,-0.0008,0.0,0.0
5558,0,8,  0d 01:32:29.73,  0d 00:27:50.05,1.2503,3.9039,C,07/25/2025 11:53:18 AM,0.0000,-0.0008,0.0,0.0
5559,0,8,  0d 01:32:30.73,  0d 00:27:51.05,1.2497,3.9041,C,07/25/2025 11:53:19 AM,0.0000,-0.0008,0.0,0.0
5560,0,8,  0d 01:32:31.73,  0d 00:27:52.05,1.2497,3.9041,C,07/25/2025 11:53:20 AM,0.0000,-0.0008,0.0,0.0
5561,0,8,  0d 01:32:32.73,  0d 00:27:53.05,1.2494,3.9042,C,07/25/2025 11:53:21 AM,0.0000,-0.0007,0.0,0.0
5562,0,8,  0d 01:32:33.73,  0d 00:27:54.05,1.2500,3.9042,C,07/25/2025 11:53:22 AM,0.0000,-0.0008,0.0,0.0
5563,0,8,  0d 01:32:34.73,  0d 00:27:55.05,1.2500,3.9044,C,07/25/2025 11:53:23 AM,0.0000,-0.0010,0.0,0.0
5564,0,8,  0d 01:32:35.73,  0d 00:27:56.05,1.2503,3.9046,C,07/25/2025 11:53:25 AM,0.0000,-0.0007,0.0,0.0
5565,0,8,  0d 01:32:36.73,  0d 00:27:57.05,1.2497,3.9047,C,07/25/2025 11:53:25 AM,0.0000,-0.0008,0.0,0.0
5566,0,8,  0d 01:32:37.73,  0d 00:27:58.05,1.2497,3.9049,C,07/25/2025 11:53:26 AM,0.0000,-0.0007,0.0,0.0
5567,0,8,  0d 01:32:38.73,  0d 00:27:59.05,1.2500,3.9050,C,07/25/2025 11:53:27 AM,0.0000,-0.0007,0.0,0.0
5568,0,8,  0d 01:32:39.73,  0d 00:28:00.05,1.2497,3.9050,C,07/25/2025 11:53:28 AM,0.0000,-0.0010,0.0,0.0
5569,0,8,  0d 01:32:40.73,  0d 00:28:01.05,1.2500,3.9051,C,07/25/2025 11:53:29 AM,0.0000,-0.0007,0.0,0.0
5570,0,8,  0d 01:32:41.73,  0d 00:28:02.05,1.2497,3.9053,C,07/25/2025 11:53:30 AM,0.0000,-0.0007,0.0,0.0
5571,0,8,  0d 01:32:42.73,  0d 00:28:03.05,1.2506,3.9055,C,07/25/2025 11:53:31 AM,0.0000,-0.0007,0.0,0.0
5572,0,8,  0d 01:32:43.73,  0d 00:28:04.05,1.2500,3.9056,C,07/25/2025 11:53:32 AM,0.0000,-0.0008,0.0,0.0
5573,0,8,  0d 01:32:44.73,  0d 00:28:05.05,1.2497,3.9056,C,07/25/2025 11:53:33 AM,0.0000,-0.0007,0.0,0.0
5574,0,8,  0d 01:32:45.73,  0d 00:28:06.05,1.2500,3.9058,C,07/25/2025 11:53:34 AM,0.0000,-0.0007,0.0,0.0
5575,0,8,  0d 01:32:46.73,  0d 00:28:07.05,1.2500,3.9059,C,07/25/2025 11:53:35 AM,0.0000,-0.0007,0.0,0.0
5576,0,8,  0d 01:32:47.73,  0d 00:28:08.05,1.2497,3.9059,C,07/25/2025 11:53:36 AM,0.0000,-0.0007,0.0,0.0
5577,0,8,  0d 01:32:48.73,  0d 00:28:09.05,1.2494,3.9061,C,07/25/2025 11:53:37 AM,0.0000,-0.0007,0.0,0.0
5578,0,8,  0d 01:32:49.73,  0d 00:28:10.05,1.2500,3.9062,C,07/25/2025 11:53:38 AM,0.0000,-0.0007,0.0,0.0
5579,0,8,  0d 01:32:50.73,  0d 00:28:11.05,1.2500,3.9065,C,07/25/2025 11:53:39 AM,0.0000,-0.0008,0.0,0.0
5580,0,8,  0d 01:32:51.73,  0d 00:28:12.05,1.2500,3.9065,C,07/25/2025 11:53:40 AM,0.0000,-0.0007,0.0,0.0
5581,0,8,  0d 01:32:52.73,  0d 00:28:13.05,1.2500,3.9067,C,07/25/2025 11:53:41 AM,0.0000,-0.0007,0.0,0.0
5582,0,8,  0d 01:32:53.73,  0d 00:28:14.05,1.2497,3.9066,C,07/25/2025 11:53:42 AM,0.0000,-0.0010,0.0,0.0
5583,0,8,  0d 01:32:54.73,  0d 00:28:15.05,1.2500,3.9068,C,07/25/2025 11:53:43 AM,0.0000,-0.0008,0.0,0.0
5584,0,8,  0d 01:32:55.73,  0d 00:28:16.05,1.2494,3.9069,C,07/25/2025 11:53:44 AM,0.0000,-0.0008,0.0,0.0
5585,0,8,  0d 01:32:56.73,  0d 00:28:17.05,1.2494,3.9071,C,07/25/2025 11:53:45 AM,0.0000,-0.0008,0.0,0.0
5586,0,8,  0d 01:32:57.73,  0d 00:28:18.05,1.2497,3.9071,C,07/25/2025 11:53:46 AM,0.0000,-0.0008,0.0,0.0
5587,0,8,  0d 01:32:58.73,  0d 00:28:19.05,1.2497,3.9073,C,07/25/2025 11:53:47 AM,0.0000,-0.0008,0.0,0.0
5588,0,8,  0d 01:32:59.73,  0d 00:28:20.05,1.2494,3.9073,C,07/25/2025 11:53:48 AM,0.0000,-0.0007,0.0,0.0
5589,0,8,  0d 01:33:00.73,  0d 00:28:21.05,1.2497,3.9075,C,07/25/2025 11:53:49 AM,0.0000,-0.0008,0.0,0.0
5590,0,8,  0d 01:33:01.73,  0d 00:28:22.05,1.2497,3.9076,C,07/25/2025 11:53:50 AM,0.0000,-0.0007,0.0,0.0
5591,0,8,  0d 01:33:02.73,  0d 00:28:23.05,1.2503,3.9076,C,07/25/2025 11:53:51 AM,0.0000,-0.0008,0.0,0.0
5592,0,8,  0d 01:33:03.73,  0d 00:28:24.05,1.2500,3.9078,C,07/25/2025 11:53:52 AM,0.0000,-0.0007,0.0,0.0
5593,0,8,  0d 01:33:04.73,  0d 00:28:25.05,1.2497,3.9079,C,07/25/2025 11:53:53 AM,0.0000,-0.0010,0.0,0.0
5594,0,8,  0d 01:33:05.73,  0d 00:28:26.05,1.2500,3.9081,C,07/25/2025 11:53:54 AM,0.0000,-0.0008,0.0,0.0
5595,0,8,  0d 01:33:06.73,  0d 00:28:27.05,1.2497,3.9081,C,07/25/2025 11:53:55 AM,0.0000,-0.0008,0.0,0.0
5596,0,8,  0d 01:33:07.73,  0d 00:28:28.05,1.2500,3.9082,C,07/25/2025 11:53:56 AM,0.0000,-0.0008,0.0,0.0
5597,0,8,  0d 01:33:08.73,  0d 00:28:29.05,1.2497,3.9084,C,07/25/2025 11:53:57 AM,0.0000,-0.0008,0.0,0.0
5598,0,8,  0d 01:33:09.73,  0d 00:28:30.05,1.2500,3.9085,C,07/25/2025 11:53:58 AM,0.0000,-0.0007,0.0,0.0
5599,0,8,  0d 01:33:10.73,  0d 00:28:31.05,1.2497,3.9086,C,07/25/2025 11:53:59 AM,0.0000,-0.0008,0.0,0.0
5600,0,8,  0d 01:33:11.73,  0d 00:28:32.05,1.2503,3.9088,C,07/25/2025 11:54:00 AM,0.0000,-0.0007,0.0,0.0
5601,0,8,  0d 01:33:12.73,  0d 00:28:33.05,1.2500,3.9088,C,07/25/2025 11:54:01 AM,0.0000,-0.0008,0.0,0.0
5602,0,8,  0d 01:33:13.73,  0d 00:28:34.05,1.2506,3.9089,C,07/25/2025 11:54:02 AM,0.0000,-0.0008,0.0,0.0
5603,0,8,  0d 01:33:14.73,  0d 00:28:35.05,1.2503,3.9091,C,07/25/2025 11:54:03 AM,0.0000,-0.0007,0.0,0.0
5604,0,8,  0d 01:33:15.73,  0d 00:28:36.05,1.2503,3.9092,C,07/25/2025 11:54:04 AM,0.0000,-0.0008,0.0,0.0
5605,0,8,  0d 01:33:16.73,  0d 00:28:37.05,1.2500,3.9094,C,07/25/2025 11:54:06 AM,0.0000,-0.0008,0.0,0.0
5606,0,8,  0d 01:33:17.73,  0d 00:28:38.05,1.2500,3.9094,C,07/25/2025 11:54:06 AM,0.0000,-0.0008,0.0,0.0
5607,0,8,  0d 01:33:18.73,  0d 00:28:39.05,1.2503,3.9096,C,07/25/2025 11:54:07 AM,0.0000,-0.0007,0.0,0.0
5608,0,8,  0d 01:33:19.73,  0d 00:28:40.05,1.2503,3.9096,C,07/25/2025 11:54:08 AM,0.0000,-0.0007,0.0,0.0
5609,0,8,  0d 01:33:20.73,  0d 00:28:41.05,1.2500,3.9098,C,07/25/2025 11:54:09 AM,0.0000,-0.0008,0.0,0.0
5610,0,8,  0d 01:33:21.73,  0d 00:28:42.05,1.2497,3.9097,C,07/25/2025 11:54:10 AM,0.0000,-0.0008,0.0,0.0
5611,0,8,  0d 01:33:22.73,  0d 00:28:43.05,1.2500,3.9100,C,07/25/2025 11:54:11 AM,0.0000,-0.0008,0.0,0.0
5612,0,8,  0d 01:33:23.73,  0d 00:28:44.05,1.2500,3.9099,C,07/25/2025 11:54:12 AM,0.0000,-0.0007,0.0,0.0
5613,0,8,  0d 01:33:24.73,  0d 00:28:45.05,1.2494,3.9102,C,07/25/2025 11:54:13 AM,0.0000,-0.0008,0.0,0.0
5614,0,8,  0d 01:33:25.73,  0d 00:28:46.05,1.2500,3.9102,C,07/25/2025 11:54:14 AM,0.0000,-0.0008,0.0,0.0
5615,0,8,  0d 01:33:26.73,  0d 00:28:47.05,1.2500,3.9104,C,07/25/2025 11:54:16 AM,0.0000,-0.0008,0.0,0.0
5616,0,8,  0d 01:33:27.73,  0d 00:28:48.05,1.2500,3.9105,C,07/25/2025 11:54:16 AM,0.0000,-0.0008,0.0,0.0
5617,0,8,  0d 01:33:28.73,  0d 00:28:49.05,1.2494,3.9107,C,07/25/2025 11:54:17 AM,0.0000,-0.0008,0.0,0.0
5618,0,8,  0d 01:33:29.73,  0d 00:28:50.05,1.2497,3.9107,C,07/25/2025 11:54:18 AM,0.0000,-0.0007,0.0,0.0
5619,0,8,  0d 01:33:30.73,  0d 00:28:51.05,1.2494,3.9108,C,07/25/2025 11:54:19 AM,0.0000,-0.0008,0.0,0.0
5620,0,8,  0d 01:33:31.73,  0d 00:28:52.05,1.2497,3.9108,C,07/25/2025 11:54:20 AM,0.0000,-0.0007,0.0,0.0
5621,0,8,  0d 01:33:32.73,  0d 00:28:53.05,1.2500,3.9109,C,07/25/2025 11:54:21 AM,0.0000,-0.0008,0.0,0.0
5622,0,8,  0d 01:33:33.73,  0d 00:28:54.05,1.2503,3.9110,C,07/25/2025 11:54:22 AM,0.0000,-0.0008,0.0,0.0
5623,0,8,  0d 01:33:34.73,  0d 00:28:55.05,1.2500,3.9112,C,07/25/2025 11:54:23 AM,0.0000,-0.0008,0.0,0.0
5624,0,8,  0d 01:33:35.73,  0d 00:28:56.05,1.2494,3.9113,C,07/25/2025 11:54:24 AM,0.0000,-0.0007,0.0,0.0
5625,0,8,  0d 01:33:36.73,  0d 00:28:57.05,1.2497,3.9114,C,07/25/2025 11:54:26 AM,0.0000,-0.0007,0.0,0.0
5626,0,8,  0d 01:33:37.73,  0d 00:28:58.05,1.2494,3.9115,C,07/25/2025 11:54:26 AM,0.0000,-0.0008,0.0,0.0
5627,0,8,  0d 01:33:38.73,  0d 00:28:59.05,1.2497,3.9117,C,07/25/2025 11:54:27 AM,0.0000,-0.0007,0.0,0.0
5628,0,8,  0d 01:33:39.73,  0d 00:29:00.05,1.2503,3.9120,C,07/25/2025 11:54:28 AM,0.0000,-0.0008,0.0,0.0
5629,0,8,  0d 01:33:40.73,  0d 00:29:01.05,1.2497,3.9120,C,07/25/2025 11:54:29 AM,0.0000,-0.0008,0.0,0.0
5630,0,8,  0d 01:33:41.73,  0d 00:29:02.05,1.2497,3.9120,C,07/25/2025 11:54:30 AM,0.0000,-0.0008,0.0,0.0
5631,0,8,  0d 01:33:42.73,  0d 00:29:03.05,1.2497,3.9121,C,07/25/2025 11:54:31 AM,0.0000,-0.0008,0.0,0.0
5632,0,8,  0d 01:33:43.73,  0d 00:29:04.05,1.2494,3.9123,C,07/25/2025 11:54:32 AM,0.0000,-0.0007,0.0,0.0
5633,0,8,  0d 01:33:44.73,  0d 00:29:05.05,1.2497,3.9124,C,07/25/2025 11:54:33 AM,0.0000,-0.0007,0.0,0.0
5634,0,8,  0d 01:33:45.73,  0d 00:29:06.05,1.2500,3.9124,C,07/25/2025 11:54:34 AM,0.0000,-0.0007,0.0,0.0
5635,0,8,  0d 01:33:46.73,  0d 00:29:07.05,1.2497,3.9126,C,07/25/2025 11:54:36 AM,0.0000,-0.0007,0.0,0.0
5636,0,8,  0d 01:33:47.73,  0d 00:29:08.05,1.2500,3.9128,C,07/25/2025 11:54:36 AM,0.0000,-0.0007,0.0,0.0
5637,0,8,  0d 01:33:48.73,  0d 00:29:09.05,1.2497,3.9129,C,07/25/2025 11:54:37 AM,0.0000,-0.0007,0.0,0.0
5638,0,8,  0d 01:33:49.73,  0d 00:29:10.05,1.2497,3.9128,C,07/25/2025 11:54:38 AM,0.0000,-0.0007,0.0,0.0
5639,0,8,  0d 01:33:50.73,  0d 00:29:11.05,1.2497,3.9130,C,07/25/2025 11:54:39 AM,0.0000,-0.0008,0.0,0.0
5640,0,8,  0d 01:33:51.73,  0d 00:29:12.05,1.2497,3.9131,C,07/25/2025 11:54:40 AM,0.0000,-0.0007,0.0,0.0
5641,0,8,  0d 01:33:52.73,  0d 00:29:13.05,1.2500,3.9132,C,07/25/2025 11:54:41 AM,0.0000,-0.0007,0.0,0.0
5642,0,8,  0d 01:33:53.73,  0d 00:29:14.05,1.2503,3.9133,C,07/25/2025 11:54:42 AM,0.0000,-0.0007,0.0,0.0
5643,0,8,  0d 01:33:54.73,  0d 00:29:15.05,1.2491,3.9134,C,07/25/2025 11:54:43 AM,0.0000,-0.0007,0.0,0.0
5644,0,8,  0d 01:33:55.73,  0d 00:29:16.05,1.2503,3.9135,C,07/25/2025 11:54:44 AM,0.0000,-0.0007,0.0,0.0
5645,0,8,  0d 01:33:56.73,  0d 00:29:17.05,1.2497,3.9136,C,07/25/2025 11:54:45 AM,0.0000,-0.0008,0.0,0.0
5646,0,8,  0d 01:33:57.73,  0d 00:29:18.05,1.2497,3.9138,C,07/25/2025 11:54:46 AM,0.0000,-0.0007,0.0,0.0
5647,0,8,  0d 01:33:58.73,  0d 00:29:19.05,1.2500,3.9139,C,07/25/2025 11:54:47 AM,0.0000,-0.0008,0.0,0.0
5648,0,8,  0d 01:33:59.73,  0d 00:29:20.05,1.2497,3.9140,C,07/25/2025 11:54:48 AM,0.0000,-0.0007,0.0,0.0
5649,0,8,  0d 01:34:00.73,  0d 00:29:21.05,1.2497,3.9139,C,07/25/2025 11:54:49 AM,0.0000,-0.0008,0.0,0.0
5650,0,8,  0d 01:34:01.73,  0d 00:29:22.05,1.2500,3.9141,C,07/25/2025 11:54:50 AM,0.0000,-0.0008,0.0,0.0
5651,0,8,  0d 01:34:02.73,  0d 00:29:23.05,1.2500,3.9143,C,07/25/2025 11:54:51 AM,0.0000,-0.0008,0.0,0.0
5652,0,8,  0d 01:34:03.73,  0d 00:29:24.05,1.2500,3.9145,C,07/25/2025 11:54:52 AM,0.0000,-0.0007,0.0,0.0
5653,0,8,  0d 01:34:04.73,  0d 00:29:25.05,1.2494,3.9145,C,07/25/2025 11:54:53 AM,0.0000,-0.0007,0.0,0.0
5654,0,8,  0d 01:34:05.73,  0d 00:29:26.05,1.2494,3.9145,C,07/25/2025 11:54:54 AM,0.0000,-0.0008,0.0,0.0
5655,0,8,  0d 01:34:06.73,  0d 00:29:27.05,1.2497,3.9147,C,07/25/2025 11:54:55 AM,0.0000,-0.0008,0.0,0.0
5656,0,8,  0d 01:34:07.73,  0d 00:29:28.05,1.2500,3.9148,C,07/25/2025 11:54:56 AM,0.0000,-0.0007,0.0,0.0
5657,0,8,  0d 01:34:08.73,  0d 00:29:29.05,1.2497,3.9150,C,07/25/2025 11:54:57 AM,0.0000,-0.0008,0.0,0.0
5658,0,8,  0d 01:34:09.73,  0d 00:29:30.05,1.2500,3.9151,C,07/25/2025 11:54:58 AM,0.0000,-0.0008,0.0,0.0
5659,0,8,  0d 01:34:10.73,  0d 00:29:31.05,1.2497,3.9152,C,07/25/2025 11:54:59 AM,0.0000,-0.0008,0.0,0.0
5660,0,8,  0d 01:34:11.73,  0d 00:29:32.05,1.2500,3.9154,C,07/25/2025 11:55:00 AM,0.0000,-0.0007,0.0,0.0
5661,0,8,  0d 01:34:12.73,  0d 00:29:33.05,1.2497,3.9155,C,07/25/2025 11:55:01 AM,0.0000,-0.0008,0.0,0.0
5662,0,8,  0d 01:34:13.73,  0d 00:29:34.05,1.2497,3.9156,C,07/25/2025 11:55:02 AM,0.0000,-0.0008,0.0,0.0
5663,0,8,  0d 01:34:14.73,  0d 00:29:35.05,1.2506,3.9157,C,07/25/2025 11:55:03 AM,0.0000,-0.0007,0.0,0.0
5664,0,8,  0d 01:34:15.73,  0d 00:29:36.05,1.2494,3.9158,C,07/25/2025 11:55:04 AM,0.0000,-0.0008,0.0,0.0
5665,0,8,  0d 01:34:16.73,  0d 00:29:37.05,1.2500,3.9158,C,07/25/2025 11:55:05 AM,0.0000,-0.0007,0.0,0.0
5666,0,8,  0d 01:34:17.73,  0d 00:29:38.05,1.2503,3.9161,C,07/25/2025 11:55:06 AM,0.0000,-0.0007,0.0,0.0
5667,0,8,  0d 01:34:18.73,  0d 00:29:39.05,1.2497,3.9162,C,07/25/2025 11:55:07 AM,0.0000,-0.0005,0.0,0.0
5668,0,8,  0d 01:34:19.73,  0d 00:29:40.05,1.2497,3.9161,C,07/25/2025 11:55:08 AM,0.0000,-0.0010,0.0,0.0
5669,0,8,  0d 01:34:20.73,  0d 00:29:41.05,1.2503,3.9163,C,07/25/2025 11:55:09 AM,0.0000,-0.0010,0.0,0.0
5670,0,8,  0d 01:34:21.73,  0d 00:29:42.05,1.2500,3.9164,C,07/25/2025 11:55:10 AM,0.0000,-0.0008,0.0,0.0
5671,0,8,  0d 01:34:22.73,  0d 00:29:43.05,1.2494,3.9164,C,07/25/2025 11:55:11 AM,0.0000,-0.0007,0.0,0.0
5672,0,8,  0d 01:34:23.73,  0d 00:29:44.05,1.2500,3.9165,C,07/25/2025 11:55:12 AM,0.0000,-0.0007,0.0,0.0
5673,0,8,  0d 01:34:24.73,  0d 00:29:45.05,1.2494,3.9166,C,07/25/2025 11:55:13 AM,0.0000,-0.0008,0.0,0.0
5674,0,8,  0d 01:34:25.73,  0d 00:29:46.05,1.2500,3.9168,C,07/25/2025 11:55:14 AM,0.0000,-0.0005,0.0,0.0
5675,0,8,  0d 01:34:26.73,  0d 00:29:47.05,1.2500,3.9169,C,07/25/2025 11:55:15 AM,0.0000,-0.0007,0.0,0.0
5676,0,8,  0d 01:34:27.73,  0d 00:29:48.05,1.2503,3.9171,C,07/25/2025 11:55:17 AM,0.0000,-0.0008,0.0,0.0
5677,0,8,  0d 01:34:28.73,  0d 00:29:49.05,1.2500,3.9172,C,07/25/2025 11:55:17 AM,0.0000,-0.0008,0.0,0.0
5678,0,8,  0d 01:34:29.73,  0d 00:29:50.05,1.2497,3.9172,C,07/25/2025 11:55:18 AM,0.0000,-0.0008,0.0,0.0
5679,0,8,  0d 01:34:30.73,  0d 00:29:51.05,1.2506,3.9172,C,07/25/2025 11:55:19 AM,0.0000,-0.0010,0.0,0.0
5680,0,8,  0d 01:34:31.73,  0d 00:29:52.05,1.2497,3.9174,C,07/25/2025 11:55:20 AM,0.0000,-0.0007,0.0,0.0
5681,0,8,  0d 01:34:32.73,  0d 00:29:53.05,1.2500,3.9174,C,07/25/2025 11:55:21 AM,0.0000,-0.0008,0.0,0.0
5682,0,8,  0d 01:34:33.73,  0d 00:29:54.05,1.2497,3.9177,C,07/25/2025 11:55:22 AM,0.0000,-0.0010,0.0,0.0
5683,0,8,  0d 01:34:34.73,  0d 00:29:55.05,1.2506,3.9178,C,07/25/2025 11:55:23 AM,0.0000,-0.0008,0.0,0.0
5684,0,8,  0d 01:34:35.73,  0d 00:29:56.05,1.2497,3.9178,C,07/25/2025 11:55:24 AM,0.0000,-0.0007,0.0,0.0
5685,0,8,  0d 01:34:36.73,  0d 00:29:57.05,1.2500,3.9181,C,07/25/2025 11:55:25 AM,0.0000,-0.0008,0.0,0.0
5686,0,8,  0d 01:34:37.73,  0d 00:29:58.05,1.2500,3.9181,C,07/25/2025 11:55:27 AM,0.0000,-0.0007,0.0,0.0
5687,0,8,  0d 01:34:38.73,  0d 00:29:59.05,1.2506,3.9182,C,07/25/2025 11:55:27 AM,0.0000,-0.0008,0.0,0.0
5688,0,8,  0d 01:34:39.73,  0d 00:30:00.05,1.2494,3.9183,C,07/25/2025 11:55:28 AM,0.0000,-0.0007,0.0,0.0
5689,0,8,  0d 01:34:40.73,  0d 00:30:01.05,1.2497,3.9185,C,07/25/2025 11:55:29 AM,0.0000,-0.0008,0.0,0.0
5690,0,8,  0d 01:34:41.73,  0d 00:30:02.05,1.2500,3.9186,C,07/25/2025 11:55:30 AM,0.0000,-0.0010,0.0,0.0
5691,0,8,  0d 01:34:42.73,  0d 00:30:03.05,1.2497,3.9185,C,07/25/2025 11:55:31 AM,0.0000,-0.0007,0.0,0.0
5692,0,8,  0d 01:34:43.73,  0d 00:30:04.05,1.2494,3.9187,C,07/25/2025 11:55:32 AM,0.0000,-0.0005,0.0,0.0
5693,0,8,  0d 01:34:44.73,  0d 00:30:05.05,1.2491,3.9187,C,07/25/2025 11:55:33 AM,0.0000,-0.0007,0.0,0.0
5694,0,8,  0d 01:34:45.73,  0d 00:30:06.05,1.2500,3.9191,C,07/25/2025 11:55:34 AM,0.0000,-0.0008,0.0,0.0
5695,0,8,  0d 01:34:46.73,  0d 00:30:07.05,1.2497,3.9192,C,07/25/2025 11:55:35 AM,0.0000,-0.0008,0.0,0.0
5696,0,8,  0d 01:34:47.73,  0d 00:30:08.05,1.2497,3.9192,C,07/25/2025 11:55:37 AM,0.0000,-0.0007,0.0,0.0
5697,0,8,  0d 01:34:48.73,  0d 00:30:09.05,1.2497,3.9192,C,07/25/2025 11:55:37 AM,0.0000,-0.0008,0.0,0.0
5698,0,8,  0d 01:34:49.73,  0d 00:30:10.05,1.2497,3.9194,C,07/25/2025 11:55:38 AM,0.0000,-0.0008,0.0,0.0
5699,0,8,  0d 01:34:50.73,  0d 00:30:11.05,1.2500,3.9196,C,07/25/2025 11:55:39 AM,0.0000,-0.0008,0.0,0.0
5700,0,8,  0d 01:34:51.73,  0d 00:30:12.05,1.2500,3.9197,C,07/25/2025 11:55:40 AM,0.0000,-0.0005,0.0,0.0
5701,0,8,  0d 01:34:52.73,  0d 00:30:13.05,1.2497,3.9198,C,07/25/2025 11:55:41 AM,0.0000,-0.0007,0.0,0.0
5702,0,8,  0d 01:34:53.73,  0d 00:30:14.05,1.2494,3.9197,C,07/25/2025 11:55:42 AM,0.0000,-0.0008,0.0,0.0
5703,0,8,  0d 01:34:54.73,  0d 00:30:15.05,1.2494,3.9198,C,07/25/2025 11:55:43 AM,0.0000,-0.0008,0.0,0.0
5704,0,8,  0d 01:34:55.73,  0d 00:30:16.05,1.2500,3.9200,C,07/25/2025 11:55:44 AM,0.0000,-0.0008,0.0,0.0
5705,0,8,  0d 01:34:56.73,  0d 00:30:17.05,1.2497,3.9201,C,07/25/2025 11:55:45 AM,0.0000,-0.0008,0.0,0.0
5706,0,8,  0d 01:34:57.73,  0d 00:30:18.05,1.2497,3.9203,C,07/25/2025 11:55:47 AM,0.0000,-0.0008,0.0,0.0
5707,0,8,  0d 01:34:58.73,  0d 00:30:19.05,1.2497,3.9203,C,07/25/2025 11:55:47 AM,0.0000,-0.0008,0.0,0.0
5708,0,8,  0d 01:34:59.73,  0d 00:30:20.05,1.2497,3.9204,C,07/25/2025 11:55:48 AM,0.0000,-0.0007,0.0,0.0
5709,0,8,  0d 01:35:00.73,  0d 00:30:21.05,1.2497,3.9207,C,07/25/2025 11:55:49 AM,0.0000,-0.0007,0.0,0.0
5710,0,8,  0d 01:35:01.73,  0d 00:30:22.05,1.2497,3.9208,C,07/25/2025 11:55:50 AM,0.0000,-0.0008,0.0,0.0
5711,0,8,  0d 01:35:02.73,  0d 00:30:23.05,1.2500,3.9207,C,07/25/2025 11:55:51 AM,0.0000,-0.0007,0.0,0.0
5712,0,8,  0d 01:35:03.73,  0d 00:30:24.05,1.2500,3.9208,C,07/25/2025 11:55:52 AM,0.0000,-0.0008,0.0,0.0
5713,0,8,  0d 01:35:04.73,  0d 00:30:25.05,1.2497,3.9210,C,07/25/2025 11:55:53 AM,0.0000,-0.0008,0.0,0.0
5714,0,8,  0d 01:35:05.73,  0d 00:30:26.05,1.2503,3.9210,C,07/25/2025 11:55:54 AM,0.0000,-0.0008,0.0,0.0
5715,0,8,  0d 01:35:06.73,  0d 00:30:27.05,1.2497,3.9213,C,07/25/2025 11:55:55 AM,0.0000,-0.0007,0.0,0.0
5716,0,8,  0d 01:35:07.73,  0d 00:30:28.05,1.2497,3.9212,C,07/25/2025 11:55:56 AM,0.0000,-0.0008,0.0,0.0
5717,0,8,  0d 01:35:08.73,  0d 00:30:29.05,1.2497,3.9214,C,07/25/2025 11:55:57 AM,0.0000,-0.0008,0.0,0.0
5718,0,8,  0d 01:35:09.73,  0d 00:30:30.05,1.2494,3.9215,C,07/25/2025 11:55:58 AM,0.0000,-0.0007,0.0,0.0
5719,0,8,  0d 01:35:10.73,  0d 00:30:31.05,1.2497,3.9217,C,07/25/2025 11:55:59 AM,0.0000,-0.0007,0.0,0.0
5720,0,8,  0d 01:35:11.73,  0d 00:30:32.05,1.2506,3.9218,C,07/25/2025 11:56:00 AM,0.0000,-0.0007,0.0,0.0
5721,0,8,  0d 01:35:12.73,  0d 00:30:33.05,1.2500,3.9219,C,07/25/2025 11:56:01 AM,0.0000,-0.0008,0.0,0.0
5722,0,8,  0d 01:35:13.73,  0d 00:30:34.05,1.2497,3.9220,C,07/25/2025 11:56:02 AM,0.0000,-0.0007,0.0,0.0
5723,0,8,  0d 01:35:14.73,  0d 00:30:35.05,1.2494,3.9221,C,07/25/2025 11:56:03 AM,0.0000,-0.0008,0.0,0.0
5724,0,8,  0d 01:35:15.73,  0d 00:30:36.05,1.2503,3.9222,C,07/25/2025 11:56:04 AM,0.0000,-0.0007,0.0,0.0
5725,0,8,  0d 01:35:16.73,  0d 00:30:37.05,1.2494,3.9223,C,07/25/2025 11:56:05 AM,0.0000,-0.0008,0.0,0.0
5726,0,8,  0d 01:35:17.73,  0d 00:30:38.05,1.2500,3.9225,C,07/25/2025 11:56:06 AM,0.0000,-0.0008,0.0,0.0
5727,0,8,  0d 01:35:18.73,  0d 00:30:39.05,1.2500,3.9225,C,07/25/2025 11:56:07 AM,0.0000,-0.0007,0.0,0.0
5728,0,8,  0d 01:35:19.73,  0d 00:30:40.05,1.2497,3.9225,C,07/25/2025 11:56:08 AM,0.0000,-0.0008,0.0,0.0
5729,0,8,  0d 01:35:20.73,  0d 00:30:41.05,1.2506,3.9228,C,07/25/2025 11:56:09 AM,0.0000,-0.0008,0.0,0.0
5730,0,8,  0d 01:35:21.73,  0d 00:30:42.05,1.2497,3.9227,C,07/25/2025 11:56:10 AM,0.0000,-0.0007,0.0,0.0
5731,0,8,  0d 01:35:22.73,  0d 00:30:43.05,1.2497,3.9229,C,07/25/2025 11:56:11 AM,0.0000,-0.0007,0.0,0.0
5732,0,8,  0d 01:35:23.73,  0d 00:30:44.05,1.2497,3.9231,C,07/25/2025 11:56:12 AM,0.0000,-0.0008,0.0,0.0
5733,0,8,  0d 01:35:24.73,  0d 00:30:45.05,1.2503,3.9232,C,07/25/2025 11:56:13 AM,0.0000,-0.0007,0.0,0.0
5734,0,8,  0d 01:35:25.73,  0d 00:30:46.05,1.2494,3.9232,C,07/25/2025 11:56:14 AM,0.0000,-0.0007,0.0,0.0
5735,0,8,  0d 01:35:26.73,  0d 00:30:47.05,1.2500,3.9233,C,07/25/2025 11:56:15 AM,0.0000,-0.0008,0.0,0.0
5736,0,8,  0d 01:35:27.73,  0d 00:30:48.05,1.2497,3.9233,C,07/25/2025 11:56:16 AM,0.0000,-0.0008,0.0,0.0
5737,0,8,  0d 01:35:28.73,  0d 00:30:49.05,1.2503,3.9234,C,07/25/2025 11:56:17 AM,0.0000,-0.0008,0.0,0.0
5738,0,8,  0d 01:35:29.73,  0d 00:30:50.05,1.2497,3.9236,C,07/25/2025 11:56:18 AM,0.0000,-0.0007,0.0,0.0
5739,0,8,  0d 01:35:30.73,  0d 00:30:51.05,1.2497,3.9238,C,07/25/2025 11:56:19 AM,0.0000,-0.0008,0.0,0.0
5740,0,8,  0d 01:35:31.73,  0d 00:30:52.05,1.2500,3.9237,C,07/25/2025 11:56:20 AM,0.0000,-0.0008,0.0,0.0
5741,0,8,  0d 01:35:32.73,  0d 00:30:53.05,1.2500,3.9239,C,07/25/2025 11:56:21 AM,0.0000,-0.0008,0.0,0.0
5742,0,8,  0d 01:35:33.73,  0d 00:30:54.05,1.2503,3.9241,C,07/25/2025 11:56:22 AM,0.0000,-0.0007,0.0,0.0
5743,0,8,  0d 01:35:34.73,  0d 00:30:55.05,1.2500,3.9241,C,07/25/2025 11:56:23 AM,0.0000,-0.0010,0.0,0.0
5744,0,8,  0d 01:35:35.73,  0d 00:30:56.05,1.2494,3.9243,C,07/25/2025 11:56:24 AM,0.0000,-0.0008,0.0,0.0
5745,0,8,  0d 01:35:36.73,  0d 00:30:57.05,1.2497,3.9243,C,07/25/2025 11:56:25 AM,0.0000,-0.0008,0.0,0.0
5746,0,8,  0d 01:35:37.73,  0d 00:30:58.05,1.2494,3.9242,C,07/25/2025 11:56:26 AM,0.0000,-0.0008,0.0,0.0
5747,0,8,  0d 01:35:38.73,  0d 00:30:59.05,1.2497,3.9245,C,07/25/2025 11:56:28 AM,0.0000,-0.0008,0.0,0.0
5748,0,8,  0d 01:35:39.73,  0d 00:31:00.05,1.2497,3.9246,C,07/25/2025 11:56:28 AM,0.0000,-0.0007,0.0,0.0
5749,0,8,  0d 01:35:40.73,  0d 00:31:01.05,1.2497,3.9249,C,07/25/2025 11:56:29 AM,0.0000,-0.0010,0.0,0.0
5750,0,8,  0d 01:35:41.73,  0d 00:31:02.05,1.2506,3.9246,C,07/25/2025 11:56:30 AM,0.0000,-0.0008,0.0,0.0
5751,0,8,  0d 01:35:42.73,  0d 00:31:03.05,1.2503,3.9250,C,07/25/2025 11:56:31 AM,0.0000,-0.0008,0.0,0.0
5752,0,8,  0d 01:35:43.73,  0d 00:31:04.05,1.2500,3.9253,C,07/25/2025 11:56:32 AM,0.0000,-0.0008,0.0,0.0
5753,0,8,  0d 01:35:44.73,  0d 00:31:05.05,1.2500,3.9252,C,07/25/2025 11:56:33 AM,0.0000,-0.0008,0.0,0.0
5754,0,8,  0d 01:35:45.73,  0d 00:31:06.05,1.2497,3.9253,C,07/25/2025 11:56:34 AM,0.0000,-0.0007,0.0,0.0
5755,0,8,  0d 01:35:46.73,  0d 00:31:07.05,1.2506,3.9255,C,07/25/2025 11:56:35 AM,0.0000,-0.0008,0.0,0.0
5756,0,8,  0d 01:35:47.73,  0d 00:31:08.05,1.2500,3.9255,C,07/25/2025 11:56:36 AM,0.0000,-0.0007,0.0,0.0
5757,0,8,  0d 01:35:48.73,  0d 00:31:09.05,1.2500,3.9256,C,07/25/2025 11:56:38 AM,0.0000,-0.0010,0.0,0.0
5758,0,8,  0d 01:35:49.73,  0d 00:31:10.05,1.2500,3.9257,C,07/25/2025 11:56:38 AM,0.0000,-0.0007,0.0,0.0
5759,0,8,  0d 01:35:50.73,  0d 00:31:11.05,1.2497,3.9258,C,07/25/2025 11:56:39 AM,0.0000,-0.0008,0.0,0.0
5760,0,8,  0d 01:35:51.73,  0d 00:31:12.05,1.2500,3.9259,C,07/25/2025 11:56:40 AM,0.0000,-0.0008,0.0,0.0
5761,0,8,  0d 01:35:52.73,  0d 00:31:13.05,1.2500,3.9261,C,07/25/2025 11:56:41 AM,0.0000,-0.0008,0.0,0.0
5762,0,8,  0d 01:35:53.73,  0d 00:31:14.05,1.2494,3.9261,C,07/25/2025 11:56:42 AM,0.0000,-0.0007,0.0,0.0
5763,0,8,  0d 01:35:54.73,  0d 00:31:15.05,1.2497,3.9262,C,07/25/2025 11:56:43 AM,0.0000,-0.0008,0.0,0.0
5764,0,8,  0d 01:35:55.73,  0d 00:31:16.05,1.2503,3.9264,C,07/25/2025 11:56:44 AM,0.0000,-0.0007,0.0,0.0
5765,0,8,  0d 01:35:56.73,  0d 00:31:17.05,1.2506,3.9264,C,07/25/2025 11:56:45 AM,0.0000,-0.0008,0.0,0.0
5766,0,8,  0d 01:35:57.73,  0d 00:31:18.05,1.2500,3.9265,C,07/25/2025 11:56:46 AM,0.0000,-0.0010,0.0,0.0
5767,0,8,  0d 01:35:58.73,  0d 00:31:19.05,1.2497,3.9267,C,07/25/2025 11:56:48 AM,0.0000,-0.0008,0.0,0.0
5768,0,8,  0d 01:35:59.73,  0d 00:31:20.05,1.2497,3.9267,C,07/25/2025 11:56:48 AM,0.0000,-0.0007,0.0,0.0
5769,0,8,  0d 01:36:00.73,  0d 00:31:21.05,1.2500,3.9269,C,07/25/2025 11:56:49 AM,0.0000,-0.0007,0.0,0.0
5770,0,8,  0d 01:36:01.73,  0d 00:31:22.05,1.2494,3.9268,C,07/25/2025 11:56:50 AM,0.0000,-0.0008,0.0,0.0
5771,0,8,  0d 01:36:02.73,  0d 00:31:23.05,1.2500,3.9270,C,07/25/2025 11:56:51 AM,0.0000,-0.0007,0.0,0.0
5772,0,8,  0d 01:36:03.73,  0d 00:31:24.05,1.2500,3.9271,C,07/25/2025 11:56:52 AM,0.0000,-0.0008,0.0,0.0
5773,0,8,  0d 01:36:04.73,  0d 00:31:25.05,1.2491,3.9272,C,07/25/2025 11:56:53 AM,0.0000,-0.0007,0.0,0.0
5774,0,8,  0d 01:36:05.73,  0d 00:31:26.05,1.2494,3.9273,C,07/25/2025 11:56:54 AM,0.0000,-0.0007,0.0,0.0
5775,0,8,  0d 01:36:06.73,  0d 00:31:27.05,1.2500,3.9274,C,07/25/2025 11:56:55 AM,0.0000,-0.0008,0.0,0.0
5776,0,8,  0d 01:36:07.73,  0d 00:31:28.05,1.2497,3.9274,C,07/25/2025 11:56:56 AM,0.0000,-0.0007,0.0,0.0
5777,0,8,  0d 01:36:08.73,  0d 00:31:29.05,1.2500,3.9275,C,07/25/2025 11:56:58 AM,0.0000,-0.0008,0.0,0.0
5778,0,8,  0d 01:36:09.73,  0d 00:31:30.05,1.2506,3.9277,C,07/25/2025 11:56:58 AM,0.0000,-0.0007,0.0,0.0
5779,0,8,  0d 01:36:10.73,  0d 00:31:31.05,1.2500,3.9281,C,07/25/2025 11:56:59 AM,0.0000,-0.0008,0.0,0.0
5780,0,8,  0d 01:36:11.73,  0d 00:31:32.05,1.2497,3.9280,C,07/25/2025 11:57:00 AM,0.0000,-0.0008,0.0,0.0
5781,0,8,  0d 01:36:12.73,  0d 00:31:33.05,1.2506,3.9281,C,07/25/2025 11:57:01 AM,0.0000,-0.0008,0.0,0.0
5782,0,8,  0d 01:36:13.73,  0d 00:31:34.05,1.2500,3.9281,C,07/25/2025 11:57:02 AM,0.0000,-0.0007,0.0,0.0
5783,0,8,  0d 01:36:14.73,  0d 00:31:35.05,1.2500,3.9284,C,07/25/2025 11:57:03 AM,0.0000,-0.0008,0.0,0.0
5784,0,8,  0d 01:36:15.73,  0d 00:31:36.05,1.2497,3.9284,C,07/25/2025 11:57:04 AM,0.0000,-0.0007,0.0,0.0
5785,0,8,  0d 01:36:16.73,  0d 00:31:37.05,1.2494,3.9287,C,07/25/2025 11:57:05 AM,0.0000,-0.0007,0.0,0.0
5786,0,8,  0d 01:36:17.73,  0d 00:31:38.05,1.2500,3.9286,C,07/25/2025 11:57:06 AM,0.0000,-0.0007,0.0,0.0
5787,0,8,  0d 01:36:18.73,  0d 00:31:39.05,1.2500,3.9287,C,07/25/2025 11:57:07 AM,0.0000,-0.0007,0.0,0.0
5788,0,8,  0d 01:36:19.73,  0d 00:31:40.05,1.2497,3.9287,C,07/25/2025 11:57:08 AM,0.0000,-0.0007,0.0,0.0
5789,0,8,  0d 01:36:20.73,  0d 00:31:41.05,1.2503,3.9289,C,07/25/2025 11:57:09 AM,0.0000,-0.0007,0.0,0.0
5790,0,8,  0d 01:36:21.73,  0d 00:31:42.05,1.2494,3.9288,C,07/25/2025 11:57:10 AM,0.0000,-0.0007,0.0,0.0
5791,0,8,  0d 01:36:22.73,  0d 00:31:43.05,1.2497,3.9291,C,07/25/2025 11:57:11 AM,0.0000,-0.0007,0.0,0.0
5792,0,8,  0d 01:36:23.73,  0d 00:31:44.05,1.2500,3.9293,C,07/25/2025 11:57:12 AM,0.0000,-0.0007,0.0,0.0
5793,0,8,  0d 01:36:24.73,  0d 00:31:45.05,1.2500,3.9293,C,07/25/2025 11:57:13 AM,0.0000,-0.0007,0.0,0.0
5794,0,8,  0d 01:36:25.73,  0d 00:31:46.05,1.2497,3.9295,C,07/25/2025 11:57:14 AM,0.0000,-0.0008,0.0,0.0
5795,0,8,  0d 01:36:26.73,  0d 00:31:47.05,1.2497,3.9295,C,07/25/2025 11:57:15 AM,0.0000,-0.0010,0.0,0.0
5796,0,8,  0d 01:36:27.73,  0d 00:31:48.05,1.2500,3.9295,C,07/25/2025 11:57:16 AM,0.0000,-0.0008,0.0,0.0
5797,0,8,  0d 01:36:28.73,  0d 00:31:49.05,1.2497,3.9298,C,07/25/2025 11:57:17 AM,0.0000,-0.0007,0.0,0.0
5798,0,8,  0d 01:36:29.73,  0d 00:31:50.05,1.2503,3.9298,C,07/25/2025 11:57:18 AM,0.0000,-0.0010,0.0,0.0
5799,0,8,  0d 01:36:30.73,  0d 00:31:51.05,1.2497,3.9299,C,07/25/2025 11:57:19 AM,0.0000,-0.0007,0.0,0.0
5800,0,8,  0d 01:36:31.73,  0d 00:31:52.05,1.2497,3.9300,C,07/25/2025 11:57:20 AM,0.0000,-0.0010,0.0,0.0
5801,0,8,  0d 01:36:32.73,  0d 00:31:53.05,1.2497,3.9301,C,07/25/2025 11:57:21 AM,0.0000,-0.0008,0.0,0.0
5802,0,8,  0d 01:36:33.73,  0d 00:31:54.05,1.2500,3.9302,C,07/25/2025 11:57:22 AM,0.0000,-0.0008,0.0,0.0
5803,0,8,  0d 01:36:34.73,  0d 00:31:55.05,1.2500,3.9303,C,07/25/2025 11:57:23 AM,0.0000,-0.0007,0.0,0.0
5804,0,8,  0d 01:36:35.73,  0d 00:31:56.05,1.2497,3.9304,C,07/25/2025 11:57:24 AM,0.0000,-0.0007,0.0,0.0
5805,0,8,  0d 01:36:36.73,  0d 00:31:57.05,1.2500,3.9305,C,07/25/2025 11:57:25 AM,0.0000,-0.0008,0.0,0.0
5806,0,8,  0d 01:36:37.73,  0d 00:31:58.05,1.2503,3.9306,C,07/25/2025 11:57:26 AM,0.0000,-0.0008,0.0,0.0
5807,0,8,  0d 01:36:38.73,  0d 00:31:59.05,1.2500,3.9306,C,07/25/2025 11:57:27 AM,0.0000,-0.0007,0.0,0.0
5808,0,8,  0d 01:36:39.73,  0d 00:32:00.05,1.2503,3.9307,C,07/25/2025 11:57:28 AM,0.0000,-0.0008,0.0,0.0
5809,0,8,  0d 01:36:40.73,  0d 00:32:01.05,1.2497,3.9310,C,07/25/2025 11:57:29 AM,0.0000,-0.0010,0.0,0.0
5810,0,8,  0d 01:36:41.73,  0d 00:32:02.05,1.2500,3.9309,C,07/25/2025 11:57:30 AM,0.0000,-0.0007,0.0,0.0
5811,0,8,  0d 01:36:42.73,  0d 00:32:03.05,1.2503,3.9311,C,07/25/2025 11:57:31 AM,0.0000,-0.0007,0.0,0.0
5812,0,8,  0d 01:36:43.73,  0d 00:32:04.05,1.2506,3.9313,C,07/25/2025 11:57:32 AM,0.0000,-0.0007,0.0,0.0
5813,0,8,  0d 01:36:44.73,  0d 00:32:05.05,1.2500,3.9313,C,07/25/2025 11:57:33 AM,0.0000,-0.0007,0.0,0.0
5814,0,8,  0d 01:36:45.73,  0d 00:32:06.05,1.2500,3.9316,C,07/25/2025 11:57:34 AM,0.0000,-0.0008,0.0,0.0
5815,0,8,  0d 01:36:46.73,  0d 00:32:07.05,1.2500,3.9316,C,07/25/2025 11:57:35 AM,0.0000,-0.0008,0.0,0.0
5816,0,8,  0d 01:36:47.73,  0d 00:32:08.05,1.2500,3.9317,C,07/25/2025 11:57:36 AM,0.0000,-0.0007,0.0,0.0
5817,0,8,  0d 01:36:48.73,  0d 00:32:09.05,1.2500,3.9316,C,07/25/2025 11:57:37 AM,0.0000,-0.0007,0.0,0.0
5818,0,8,  0d 01:36:49.73,  0d 00:32:10.05,1.2500,3.9319,C,07/25/2025 11:57:39 AM,0.0000,-0.0008,0.0,0.0
5819,0,8,  0d 01:36:50.73,  0d 00:32:11.05,1.2503,3.9320,C,07/25/2025 11:57:39 AM,0.0000,-0.0007,0.0,0.0
5820,0,8,  0d 01:36:51.73,  0d 00:32:12.05,1.2500,3.9320,C,07/25/2025 11:57:40 AM,0.0000,-0.0005,0.0,0.0
5821,0,8,  0d 01:36:52.73,  0d 00:32:13.05,1.2497,3.9321,C,07/25/2025 11:57:41 AM,0.0000,-0.0008,0.0,0.0
5822,0,8,  0d 01:36:53.73,  0d 00:32:14.05,1.2506,3.9322,C,07/25/2025 11:57:42 AM,0.0000,-0.0010,0.0,0.0
5823,0,8,  0d 01:36:54.73,  0d 00:32:15.05,1.2500,3.9323,C,07/25/2025 11:57:43 AM,0.0000,-0.0010,0.0,0.0
5824,0,8,  0d 01:36:55.73,  0d 00:32:16.05,1.2500,3.9325,C,07/25/2025 11:57:44 AM,0.0000,-0.0007,0.0,0.0
5825,0,8,  0d 01:36:56.73,  0d 00:32:17.05,1.2497,3.9325,C,07/25/2025 11:57:45 AM,0.0000,-0.0007,0.0,0.0
5826,0,8,  0d 01:36:57.73,  0d 00:32:18.05,1.2497,3.9327,C,07/25/2025 11:57:46 AM,0.0000,-0.0007,0.0,0.0
5827,0,8,  0d 01:36:58.73,  0d 00:32:19.05,1.2497,3.9329,C,07/25/2025 11:57:47 AM,0.0000,-0.0008,0.0,0.0
5828,0,8,  0d 01:36:59.73,  0d 00:32:20.05,1.2497,3.9328,C,07/25/2025 11:57:49 AM,0.0000,-0.0008,0.0,0.0
5829,0,8,  0d 01:37:00.73,  0d 00:32:21.05,1.2497,3.9329,C,07/25/2025 11:57:49 AM,0.0000,-0.0005,0.0,0.0
5830,0,8,  0d 01:37:01.73,  0d 00:32:22.05,1.2497,3.9330,C,07/25/2025 11:57:50 AM,0.0000,-0.0007,0.0,0.0
5831,0,8,  0d 01:37:02.73,  0d 00:32:23.05,1.2497,3.9331,C,07/25/2025 11:57:51 AM,0.0000,-0.0007,0.0,0.0
5832,0,8,  0d 01:37:03.73,  0d 00:32:24.05,1.2500,3.9332,C,07/25/2025 11:57:52 AM,0.0000,-0.0007,0.0,0.0
5833,0,8,  0d 01:37:04.73,  0d 00:32:25.05,1.2494,3.9333,C,07/25/2025 11:57:53 AM,0.0000,-0.0008,0.0,0.0
5834,0,8,  0d 01:37:05.73,  0d 00:32:26.05,1.2497,3.9335,C,07/25/2025 11:57:54 AM,0.0000,-0.0008,0.0,0.0
5835,0,8,  0d 01:37:06.73,  0d 00:32:27.05,1.2494,3.9334,C,07/25/2025 11:57:55 AM,0.0000,-0.0008,0.0,0.0
5836,0,8,  0d 01:37:07.73,  0d 00:32:28.05,1.2500,3.9335,C,07/25/2025 11:57:56 AM,0.0000,-0.0007,0.0,0.0
5837,0,8,  0d 01:37:08.73,  0d 00:32:29.05,1.2500,3.9337,C,07/25/2025 11:57:57 AM,0.0000,-0.0008,0.0,0.0
5838,0,8,  0d 01:37:09.73,  0d 00:32:30.05,1.2506,3.9339,C,07/25/2025 11:57:59 AM,0.0000,-0.0007,0.0,0.0
5839,0,8,  0d 01:37:10.73,  0d 00:32:31.05,1.2497,3.9339,C,07/25/2025 11:57:59 AM,0.0000,-0.0008,0.0,0.0
5840,0,8,  0d 01:37:11.73,  0d 00:32:32.05,1.2500,3.9340,C,07/25/2025 11:58:00 AM,0.0000,-0.0007,0.0,0.0
5841,0,8,  0d 01:37:12.73,  0d 00:32:33.05,1.2500,3.9340,C,07/25/2025 11:58:01 AM,0.0000,-0.0007,0.0,0.0
5842,0,8,  0d 01:37:13.73,  0d 00:32:34.05,1.2500,3.9342,C,07/25/2025 11:58:02 AM,0.0000,-0.0007,0.0,0.0
5843,0,8,  0d 01:37:14.73,  0d 00:32:35.05,1.2497,3.9343,C,07/25/2025 11:58:03 AM,0.0000,-0.0008,0.0,0.0
5844,0,8,  0d 01:37:15.73,  0d 00:32:36.05,1.2497,3.9343,C,07/25/2025 11:58:04 AM,0.0000,-0.0008,0.0,0.0
5845,0,8,  0d 01:37:16.73,  0d 00:32:37.05,1.2500,3.9346,C,07/25/2025 11:58:05 AM,0.0000,-0.0007,0.0,0.0
5846,0,8,  0d 01:37:17.73,  0d 00:32:38.05,1.2500,3.9346,C,07/25/2025 11:58:06 AM,0.0000,-0.0008,0.0,0.0
5847,0,8,  0d 01:37:18.73,  0d 00:32:39.05,1.2494,3.9348,C,07/25/2025 11:58:07 AM,0.0000,-0.0008,0.0,0.0
5848,0,8,  0d 01:37:19.73,  0d 00:32:40.05,1.2494,3.9349,C,07/25/2025 11:58:09 AM,0.0000,-0.0008,0.0,0.0
5849,0,8,  0d 01:37:20.73,  0d 00:32:41.05,1.2500,3.9350,C,07/25/2025 11:58:09 AM,0.0000,-0.0007,0.0,0.0
5850,0,8,  0d 01:37:21.73,  0d 00:32:42.05,1.2497,3.9350,C,07/25/2025 11:58:10 AM,0.0000,-0.0007,0.0,0.0
5851,0,8,  0d 01:37:22.73,  0d 00:32:43.05,1.2494,3.9353,C,07/25/2025 11:58:11 AM,0.0000,-0.0007,0.0,0.0
5852,0,8,  0d 01:37:23.73,  0d 00:32:44.05,1.2500,3.9353,C,07/25/2025 11:58:12 AM,0.0000,-0.0008,0.0,0.0
5853,0,8,  0d 01:37:24.73,  0d 00:32:45.05,1.2497,3.9355,C,07/25/2025 11:58:13 AM,0.0000,-0.0008,0.0,0.0
5854,0,8,  0d 01:37:25.73,  0d 00:32:46.05,1.2494,3.9356,C,07/25/2025 11:58:14 AM,0.0000,-0.0007,0.0,0.0
5855,0,8,  0d 01:37:26.73,  0d 00:32:47.05,1.2500,3.9355,C,07/25/2025 11:58:15 AM,0.0000,-0.0008,0.0,0.0
5856,0,8,  0d 01:37:27.73,  0d 00:32:48.05,1.2494,3.9357,C,07/25/2025 11:58:16 AM,0.0000,-0.0008,0.0,0.0
5857,0,8,  0d 01:37:28.73,  0d 00:32:49.05,1.2491,3.9358,C,07/25/2025 11:58:17 AM,0.0000,-0.0007,0.0,0.0
5858,0,8,  0d 01:37:29.73,  0d 00:32:50.05,1.2500,3.9358,C,07/25/2025 11:58:19 AM,0.0000,-0.0008,0.0,0.0
5859,0,8,  0d 01:37:30.73,  0d 00:32:51.05,1.2500,3.9359,C,07/25/2025 11:58:19 AM,0.0000,-0.0008,0.0,0.0
5860,0,8,  0d 01:37:31.73,  0d 00:32:52.05,1.2500,3.9362,C,07/25/2025 11:58:20 AM,0.0000,-0.0007,0.0,0.0
5861,0,8,  0d 01:37:32.73,  0d 00:32:53.05,1.2494,3.9360,C,07/25/2025 11:58:21 AM,0.0000,-0.0008,0.0,0.0
5862,0,8,  0d 01:37:33.73,  0d 00:32:54.05,1.2509,3.9361,C,07/25/2025 11:58:22 AM,0.0000,-0.0007,0.0,0.0
5863,0,8,  0d 01:37:34.73,  0d 00:32:55.05,1.2497,3.9364,C,07/25/2025 11:58:23 AM,0.0000,-0.0008,0.0,0.0
5864,0,8,  0d 01:37:35.73,  0d 00:32:56.05,1.2497,3.9364,C,07/25/2025 11:58:24 AM,0.0000,-0.0008,0.0,0.0
5865,0,8,  0d 01:37:36.73,  0d 00:32:57.05,1.2497,3.9365,C,07/25/2025 11:58:25 AM,0.0000,-0.0005,0.0,0.0
5866,0,8,  0d 01:37:37.73,  0d 00:32:58.05,1.2497,3.9366,C,07/25/2025 11:58:26 AM,0.0000,-0.0007,0.0,0.0
5867,0,8,  0d 01:37:38.73,  0d 00:32:59.05,1.2497,3.9367,C,07/25/2025 11:58:27 AM,0.0000,-0.0008,0.0,0.0
5868,0,8,  0d 01:37:39.73,  0d 00:33:00.05,1.2497,3.9368,C,07/25/2025 11:58:28 AM,0.0000,-0.0008,0.0,0.0
5869,0,8,  0d 01:37:40.73,  0d 00:33:01.05,1.2500,3.9371,C,07/25/2025 11:58:29 AM,0.0000,-0.0008,0.0,0.0
5870,0,8,  0d 01:37:41.73,  0d 00:33:02.05,1.2503,3.9371,C,07/25/2025 11:58:30 AM,0.0000,-0.0008,0.0,0.0
5871,0,8,  0d 01:37:42.73,  0d 00:33:03.05,1.2497,3.9371,C,07/25/2025 11:58:31 AM,0.0000,-0.0007,0.0,0.0
5872,0,8,  0d 01:37:43.73,  0d 00:33:04.05,1.2500,3.9372,C,07/25/2025 11:58:32 AM,0.0000,-0.0007,0.0,0.0
5873,0,8,  0d 01:37:44.73,  0d 00:33:05.05,1.2503,3.9372,C,07/25/2025 11:58:33 AM,0.0000,-0.0007,0.0,0.0
5874,0,8,  0d 01:37:45.73,  0d 00:33:06.05,1.2500,3.9374,C,07/25/2025 11:58:34 AM,0.0000,-0.0008,0.0,0.0
5875,0,8,  0d 01:37:46.73,  0d 00:33:07.05,1.2500,3.9374,C,07/25/2025 11:58:35 AM,0.0000,-0.0008,0.0,0.0
5876,0,8,  0d 01:37:47.73,  0d 00:33:08.05,1.2500,3.9377,C,07/25/2025 11:58:36 AM,0.0000,-0.0008,0.0,0.0
5877,0,8,  0d 01:37:48.73,  0d 00:33:09.05,1.2503,3.9377,C,07/25/2025 11:58:37 AM,0.0000,-0.0008,0.0,0.0
5878,0,8,  0d 01:37:49.73,  0d 00:33:10.05,1.2500,3.9379,C,07/25/2025 11:58:38 AM,0.0000,-0.0008,0.0,0.0
5879,0,8,  0d 01:37:50.73,  0d 00:33:11.05,1.2500,3.9380,C,07/25/2025 11:58:39 AM,0.0000,-0.0007,0.0,0.0
5880,0,8,  0d 01:37:51.73,  0d 00:33:12.05,1.2500,3.9380,C,07/25/2025 11:58:40 AM,0.0000,-0.0008,0.0,0.0
5881,0,8,  0d 01:37:52.73,  0d 00:33:13.05,1.2497,3.9381,C,07/25/2025 11:58:41 AM,0.0000,-0.0008,0.0,0.0
5882,0,8,  0d 01:37:53.73,  0d 00:33:14.05,1.2497,3.9383,C,07/25/2025 11:58:42 AM,0.0000,-0.0008,0.0,0.0
5883,0,8,  0d 01:37:54.73,  0d 00:33:15.05,1.2497,3.9384,C,07/25/2025 11:58:43 AM,0.0000,-0.0008,0.0,0.0
5884,0,8,  0d 01:37:55.73,  0d 00:33:16.05,1.2500,3.9384,C,07/25/2025 11:58:44 AM,0.0000,-0.0008,0.0,0.0
5885,0,8,  0d 01:37:56.73,  0d 00:33:17.05,1.2497,3.9386,C,07/25/2025 11:58:45 AM,0.0000,-0.0008,0.0,0.0
5886,0,8,  0d 01:37:57.73,  0d 00:33:18.05,1.2500,3.9386,C,07/25/2025 11:58:46 AM,0.0000,-0.0008,0.0,0.0
5887,0,8,  0d 01:37:58.73,  0d 00:33:19.05,1.2497,3.9387,C,07/25/2025 11:58:47 AM,0.0000,-0.0008,0.0,0.0
5888,0,8,  0d 01:37:59.73,  0d 00:33:20.05,1.2503,3.9389,C,07/25/2025 11:58:48 AM,0.0000,-0.0007,0.0,0.0
5889,0,8,  0d 01:38:00.73,  0d 00:33:21.05,1.2497,3.9388,C,07/25/2025 11:58:50 AM,0.0000,-0.0007,0.0,0.0
5890,0,8,  0d 01:38:01.73,  0d 00:33:22.05,1.2497,3.9390,C,07/25/2025 11:58:50 AM,0.0000,-0.0008,0.0,0.0
5891,0,8,  0d 01:38:02.73,  0d 00:33:23.05,1.2497,3.9391,C,07/25/2025 11:58:51 AM,0.0000,-0.0008,0.0,0.0
5892,0,8,  0d 01:38:03.73,  0d 00:33:24.05,1.2500,3.9391,C,07/25/2025 11:58:52 AM,0.0000,-0.0007,0.0,0.0
5893,0,8,  0d 01:38:04.73,  0d 00:33:25.05,1.2500,3.9393,C,07/25/2025 11:58:53 AM,0.0000,-0.0007,0.0,0.0
5894,0,8,  0d 01:38:05.73,  0d 00:33:26.05,1.2500,3.9393,C,07/25/2025 11:58:54 AM,0.0000,-0.0008,0.0,0.0
5895,0,8,  0d 01:38:06.73,  0d 00:33:27.05,1.2500,3.9396,C,07/25/2025 11:58:55 AM,0.0000,-0.0008,0.0,0.0
5896,0,8,  0d 01:38:07.73,  0d 00:33:28.05,1.2500,3.9396,C,07/25/2025 11:58:56 AM,0.0000,-0.0007,0.0,0.0
5897,0,8,  0d 01:38:08.73,  0d 00:33:29.05,1.2497,3.9397,C,07/25/2025 11:58:57 AM,0.0000,-0.0008,0.0,0.0
5898,0,8,  0d 01:38:09.73,  0d 00:33:30.05,1.2494,3.9398,C,07/25/2025 11:58:58 AM,0.0000,-0.0008,0.0,0.0
5899,0,8,  0d 01:38:10.73,  0d 00:33:31.05,1.2497,3.9399,C,07/25/2025 11:59:00 AM,0.0000,-0.0008,0.0,0.0
5900,0,8,  0d 01:38:11.73,  0d 00:33:32.05,1.2500,3.9399,C,07/25/2025 11:59:00 AM,0.0000,-0.0008,0.0,0.0
5901,0,8,  0d 01:38:12.73,  0d 00:33:33.05,1.2494,3.9402,C,07/25/2025 11:59:01 AM,0.0000,-0.0007,0.0,0.0
5902,0,8,  0d 01:38:13.73,  0d 00:33:34.05,1.2497,3.9402,C,07/25/2025 11:59:02 AM,0.0000,-0.0008,0.0,0.0
5903,0,8,  0d 01:38:14.73,  0d 00:33:35.05,1.2497,3.9403,C,07/25/2025 11:59:03 AM,0.0000,-0.0007,0.0,0.0
5904,0,8,  0d 01:38:15.73,  0d 00:33:36.05,1.2497,3.9404,C,07/25/2025 11:59:04 AM,0.0000,-0.0008,0.0,0.0
5905,0,8,  0d 01:38:16.73,  0d 00:33:37.05,1.2494,3.9404,C,07/25/2025 11:59:05 AM,0.0000,-0.0008,0.0,0.0
5906,0,8,  0d 01:38:17.73,  0d 00:33:38.05,1.2497,3.9406,C,07/25/2025 11:59:06 AM,0.0000,-0.0008,0.0,0.0
5907,0,8,  0d 01:38:18.73,  0d 00:33:39.05,1.2497,3.9406,C,07/25/2025 11:59:07 AM,0.0000,-0.0007,0.0,0.0
5908,0,8,  0d 01:38:19.73,  0d 00:33:40.05,1.2497,3.9407,C,07/25/2025 11:59:08 AM,0.0000,-0.0007,0.0,0.0
5909,0,8,  0d 01:38:20.73,  0d 00:33:41.05,1.2497,3.9406,C,07/25/2025 11:59:10 AM,0.0000,-0.0008,0.0,0.0
5910,0,8,  0d 01:38:21.73,  0d 00:33:42.05,1.2503,3.9409,C,07/25/2025 11:59:10 AM,0.0000,-0.0010,0.0,0.0
5911,0,8,  0d 01:38:22.73,  0d 00:33:43.05,1.2500,3.9410,C,07/25/2025 11:59:11 AM,0.0000,-0.0005,0.0,0.0
5912,0,8,  0d 01:38:23.73,  0d 00:33:44.05,1.2497,3.9413,C,07/25/2025 11:59:12 AM,0.0000,-0.0007,0.0,0.0
5913,0,8,  0d 01:38:24.73,  0d 00:33:45.05,1.2497,3.9413,C,07/25/2025 11:59:13 AM,0.0000,-0.0007,0.0,0.0
5914,0,8,  0d 01:38:25.73,  0d 00:33:46.05,1.2497,3.9413,C,07/25/2025 11:59:14 AM,0.0000,-0.0008,0.0,0.0
5915,0,8,  0d 01:38:26.73,  0d 00:33:47.05,1.2500,3.9414,C,07/25/2025 11:59:15 AM,0.0000,-0.0008,0.0,0.0
5916,0,8,  0d 01:38:27.73,  0d 00:33:48.05,1.2503,3.9416,C,07/25/2025 11:59:16 AM,0.0000,-0.0007,0.0,0.0
5917,0,8,  0d 01:38:28.73,  0d 00:33:49.05,1.2503,3.9417,C,07/25/2025 11:59:17 AM,0.0000,-0.0008,0.0,0.0
5918,0,8,  0d 01:38:29.73,  0d 00:33:50.05,1.2500,3.9418,C,07/25/2025 11:59:18 AM,0.0000,-0.0008,0.0,0.0
5919,0,8,  0d 01:38:30.73,  0d 00:33:51.05,1.2497,3.9418,C,07/25/2025 11:59:20 AM,0.0000,-0.0007,0.0,0.0
5920,0,8,  0d 01:38:31.73,  0d 00:33:52.05,1.2500,3.9420,C,07/25/2025 11:59:20 AM,0.0000,-0.0007,0.0,0.0
5921,0,8,  0d 01:38:32.73,  0d 00:33:53.05,1.2497,3.9420,C,07/25/2025 11:59:21 AM,0.0000,-0.0007,0.0,0.0
5922,0,8,  0d 01:38:33.73,  0d 00:33:54.05,1.2497,3.9421,C,07/25/2025 11:59:22 AM,0.0000,-0.0007,0.0,0.0
5923,0,8,  0d 01:38:34.73,  0d 00:33:55.05,1.2503,3.9424,C,07/25/2025 11:59:23 AM,0.0000,-0.0008,0.0,0.0
5924,0,8,  0d 01:38:35.73,  0d 00:33:56.05,1.2497,3.9423,C,07/25/2025 11:59:24 AM,0.0000,-0.0007,0.0,0.0
5925,0,8,  0d 01:38:36.73,  0d 00:33:57.05,1.2500,3.9425,C,07/25/2025 11:59:25 AM,0.0000,-0.0008,0.0,0.0
5926,0,8,  0d 01:38:37.73,  0d 00:33:58.05,1.2500,3.9425,C,07/25/2025 11:59:26 AM,0.0000,-0.0007,0.0,0.0
5927,0,8,  0d 01:38:38.73,  0d 00:33:59.05,1.2506,3.9425,C,07/25/2025 11:59:27 AM,0.0000,-0.0007,0.0,0.0
5928,0,8,  0d 01:38:39.73,  0d 00:34:00.05,1.2500,3.9427,C,07/25/2025 11:59:28 AM,0.0000,-0.0007,0.0,0.0
5929,0,8,  0d 01:38:40.73,  0d 00:34:01.05,1.2497,3.9428,C,07/25/2025 11:59:30 AM,0.0000,-0.0010,0.0,0.0
5930,0,8,  0d 01:38:41.73,  0d 00:34:02.05,1.2500,3.9429,C,07/25/2025 11:59:30 AM,0.0000,-0.0005,0.0,0.0
5931,0,8,  0d 01:38:42.73,  0d 00:34:03.05,1.2497,3.9429,C,07/25/2025 11:59:31 AM,0.0000,-0.0010,0.0,0.0
5932,0,8,  0d 01:38:43.73,  0d 00:34:04.05,1.2500,3.9430,C,07/25/2025 11:59:32 AM,0.0000,-0.0008,0.0,0.0
5933,0,8,  0d 01:38:44.73,  0d 00:34:05.05,1.2497,3.9432,C,07/25/2025 11:59:33 AM,0.0000,-0.0008,0.0,0.0
5934,0,8,  0d 01:38:45.73,  0d 00:34:06.05,1.2503,3.9433,C,07/25/2025 11:59:34 AM,0.0000,-0.0008,0.0,0.0
5935,0,8,  0d 01:38:46.73,  0d 00:34:07.05,1.2500,3.9432,C,07/25/2025 11:59:35 AM,0.0000,-0.0007,0.0,0.0
5936,0,8,  0d 01:38:47.73,  0d 00:34:08.05,1.2497,3.9434,C,07/25/2025 11:59:36 AM,0.0000,-0.0008,0.0,0.0
5937,0,8,  0d 01:38:48.73,  0d 00:34:09.05,1.2500,3.9436,C,07/25/2025 11:59:37 AM,0.0000,-0.0008,0.0,0.0
5938,0,8,  0d 01:38:49.73,  0d 00:34:10.05,1.2497,3.9438,C,07/25/2025 11:59:38 AM,0.0000,-0.0007,0.0,0.0
5939,0,8,  0d 01:38:50.73,  0d 00:34:11.05,1.2500,3.9439,C,07/25/2025 11:59:39 AM,0.0000,-0.0005,0.0,0.0
5940,0,8,  0d 01:38:51.73,  0d 00:34:12.05,1.2497,3.9439,C,07/25/2025 11:59:40 AM,0.0000,-0.0008,0.0,0.0
5941,0,8,  0d 01:38:52.73,  0d 00:34:13.05,1.2497,3.9440,C,07/25/2025 11:59:41 AM,0.0000,-0.0010,0.0,0.0
5942,0,8,  0d 01:38:53.73,  0d 00:34:14.05,1.2497,3.9440,C,07/25/2025 11:59:42 AM,0.0000,-0.0007,0.0,0.0
5943,0,8,  0d 01:38:54.73,  0d 00:34:15.05,1.2500,3.9442,C,07/25/2025 11:59:43 AM,0.0000,-0.0008,0.0,0.0
5944,0,8,  0d 01:38:55.73,  0d 00:34:16.05,1.2497,3.9443,C,07/25/2025 11:59:44 AM,0.0000,-0.0007,0.0,0.0
5945,0,8,  0d 01:38:56.73,  0d 00:34:17.05,1.2500,3.9445,C,07/25/2025 11:59:45 AM,0.0000,-0.0008,0.0,0.0
5946,0,8,  0d 01:38:57.73,  0d 00:34:18.05,1.2497,3.9445,C,07/25/2025 11:59:46 AM,0.0000,-0.0008,0.0,0.0
5947,0,8,  0d 01:38:58.73,  0d 00:34:19.05,1.2497,3.9445,C,07/25/2025 11:59:47 AM,0.0000,-0.0007,0.0,0.0
5948,0,8,  0d 01:38:59.73,  0d 00:34:20.05,1.2494,3.9445,C,07/25/2025 11:59:48 AM,0.0000,-0.0007,0.0,0.0
5949,0,8,  0d 01:39:00.73,  0d 00:34:21.05,1.2500,3.9448,C,07/25/2025 11:59:49 AM,0.0000,-0.0008,0.0,0.0
5950,0,8,  0d 01:39:01.73,  0d 00:34:22.05,1.2497,3.9448,C,07/25/2025 11:59:50 AM,0.0000,-0.0007,0.0,0.0
5951,0,8,  0d 01:39:02.73,  0d 00:34:23.05,1.2503,3.9449,C,07/25/2025 11:59:51 AM,0.0000,-0.0008,0.0,0.0
5952,0,8,  0d 01:39:03.73,  0d 00:34:24.05,1.2503,3.9450,C,07/25/2025 11:59:52 AM,0.0000,-0.0008,0.0,0.0
5953,0,8,  0d 01:39:04.73,  0d 00:34:25.05,1.2494,3.9451,C,07/25/2025 11:59:53 AM,0.0000,-0.0005,0.0,0.0
5954,0,8,  0d 01:39:05.73,  0d 00:34:26.05,1.2497,3.9451,C,07/25/2025 11:59:54 AM,0.0000,-0.0007,0.0,0.0
5955,0,8,  0d 01:39:06.73,  0d 00:34:27.05,1.2497,3.9452,C,07/25/2025 11:59:55 AM,0.0000,-0.0008,0.0,0.0
5956,0,8,  0d 01:39:07.73,  0d 00:34:28.05,1.2500,3.9455,C,07/25/2025 11:59:56 AM,0.0000,-0.0008,0.0,0.0
5957,0,8,  0d 01:39:08.73,  0d 00:34:29.05,1.2500,3.9456,C,07/25/2025 11:59:57 AM,0.0000,-0.0007,0.0,0.0
5958,0,8,  0d 01:39:09.73,  0d 00:34:30.05,1.2497,3.9456,C,07/25/2025 11:59:58 AM,0.0000,-0.0007,0.0,0.0
5959,0,8,  0d 01:39:10.73,  0d 00:34:31.05,1.2503,3.9457,C,07/25/2025 11:59:59 AM,0.0000,-0.0008,0.0,0.0
5960,0,8,  0d 01:39:11.73,  0d 00:34:32.05,1.2494,3.9458,C,07/25/2025 12:00:01 PM,0.0000,-0.0007,0.0,0.0
5961,0,8,  0d 01:39:12.73,  0d 00:34:33.05,1.2500,3.9459,C,07/25/2025 12:00:01 PM,0.0000,-0.0008,0.0,0.0
5962,0,8,  0d 01:39:13.73,  0d 00:34:34.05,1.2500,3.9461,C,07/25/2025 12:00:02 PM,0.0000,-0.0008,0.0,0.0
5963,0,8,  0d 01:39:14.73,  0d 00:34:35.05,1.2494,3.9460,C,07/25/2025 12:00:03 PM,0.0000,-0.0007,0.0,0.0
5964,0,8,  0d 01:39:15.73,  0d 00:34:36.05,1.2506,3.9461,C,07/25/2025 12:00:04 PM,0.0000,-0.0008,0.0,0.0
5965,0,8,  0d 01:39:16.73,  0d 00:34:37.05,1.2494,3.9462,C,07/25/2025 12:00:05 PM,0.0000,-0.0008,0.0,0.0
5966,0,8,  0d 01:39:17.73,  0d 00:34:38.05,1.2500,3.9463,C,07/25/2025 12:00:06 PM,0.0000,-0.0007,0.0,0.0
5967,0,8,  0d 01:39:18.73,  0d 00:34:39.05,1.2497,3.9464,C,07/25/2025 12:00:07 PM,0.0000,-0.0007,0.0,0.0
5968,0,8,  0d 01:39:19.73,  0d 00:34:40.05,1.2494,3.9466,C,07/25/2025 12:00:08 PM,0.0000,-0.0010,0.0,0.0
5969,0,8,  0d 01:39:20.73,  0d 00:34:41.05,1.2497,3.9466,C,07/25/2025 12:00:09 PM,0.0000,-0.0007,0.0,0.0
5970,0,8,  0d 01:39:21.73,  0d 00:34:42.05,1.2503,3.9467,C,07/25/2025 12:00:11 PM,0.0000,-0.0008,0.0,0.0
5971,0,8,  0d 01:39:22.73,  0d 00:34:43.05,1.2500,3.9469,C,07/25/2025 12:00:11 PM,0.0000,-0.0007,0.0,0.0
5972,0,8,  0d 01:39:23.73,  0d 00:34:44.05,1.2503,3.9470,C,07/25/2025 12:00:12 PM,0.0000,-0.0008,0.0,0.0
5973,0,8,  0d 01:39:24.73,  0d 00:34:45.05,1.2500,3.9471,C,07/25/2025 12:00:13 PM,0.0000,-0.0007,0.0,0.0
5974,0,8,  0d 01:39:25.73,  0d 00:34:46.05,1.2497,3.9471,C,07/25/2025 12:00:14 PM,0.0000,-0.0008,0.0,0.0
5975,0,8,  0d 01:39:26.73,  0d 00:34:47.05,1.2500,3.9471,C,07/25/2025 12:00:15 PM,0.0000,-0.0007,0.0,0.0
5976,0,8,  0d 01:39:27.73,  0d 00:34:48.05,1.2494,3.9474,C,07/25/2025 12:00:16 PM,0.0000,-0.0008,0.0,0.0
5977,0,8,  0d 01:39:28.73,  0d 00:34:49.05,1.2500,3.9474,C,07/25/2025 12:00:17 PM,0.0000,-0.0008,0.0,0.0
5978,0,8,  0d 01:39:29.73,  0d 00:34:50.05,1.2503,3.9476,C,07/25/2025 12:00:18 PM,0.0000,-0.0008,0.0,0.0
5979,0,8,  0d 01:39:30.73,  0d 00:34:51.05,1.2497,3.9475,C,07/25/2025 12:00:19 PM,0.0000,-0.0007,0.0,0.0
5980,0,8,  0d 01:39:31.73,  0d 00:34:52.05,1.2491,3.9477,C,07/25/2025 12:00:21 PM,0.0000,-0.0010,0.0,0.0
5981,0,8,  0d 01:39:32.73,  0d 00:34:53.05,1.2497,3.9477,C,07/25/2025 12:00:21 PM,0.0000,-0.0008,0.0,0.0
5982,0,8,  0d 01:39:33.73,  0d 00:34:54.05,1.2500,3.9479,C,07/25/2025 12:00:22 PM,0.0000,-0.0008,0.0,0.0
5983,0,8,  0d 01:39:34.73,  0d 00:34:55.05,1.2497,3.9480,C,07/25/2025 12:00:23 PM,0.0000,-0.0008,0.0,0.0
5984,0,8,  0d 01:39:35.73,  0d 00:34:56.05,1.2494,3.9481,C,07/25/2025 12:00:24 PM,0.0000,-0.0005,0.0,0.0
5985,0,8,  0d 01:39:36.73,  0d 00:34:57.05,1.2497,3.9482,C,07/25/2025 12:00:25 PM,0.0000,-0.0007,0.0,0.0
5986,0,8,  0d 01:39:37.73,  0d 00:34:58.05,1.2500,3.9483,C,07/25/2025 12:00:26 PM,0.0000,-0.0008,0.0,0.0
5987,0,8,  0d 01:39:38.73,  0d 00:34:59.05,1.2500,3.9484,C,07/25/2025 12:00:27 PM,0.0000,-0.0008,0.0,0.0
5988,0,8,  0d 01:39:39.73,  0d 00:35:00.05,1.2503,3.9485,C,07/25/2025 12:00:28 PM,0.0000,-0.0008,0.0,0.0
5989,0,8,  0d 01:39:40.73,  0d 00:35:01.05,1.2494,3.9485,C,07/25/2025 12:00:29 PM,0.0000,-0.0007,0.0,0.0
5990,0,8,  0d 01:39:41.73,  0d 00:35:02.05,1.2500,3.9487,C,07/25/2025 12:00:31 PM,0.0000,-0.0008,0.0,0.0
5991,0,8,  0d 01:39:42.73,  0d 00:35:03.05,1.2500,3.9487,C,07/25/2025 12:00:31 PM,0.0000,-0.0005,0.0,0.0
5992,0,8,  0d 01:39:43.73,  0d 00:35:04.05,1.2503,3.9489,C,07/25/2025 12:00:32 PM,0.0000,-0.0008,0.0,0.0
5993,0,8,  0d 01:39:44.73,  0d 00:35:05.05,1.2494,3.9490,C,07/25/2025 12:00:33 PM,0.0000,-0.0008,0.0,0.0
5994,0,8,  0d 01:39:45.73,  0d 00:35:06.05,1.2497,3.9491,C,07/25/2025 12:00:34 PM,0.0000,-0.0007,0.0,0.0
5995,0,8,  0d 01:39:46.73,  0d 00:35:07.05,1.2503,3.9491,C,07/25/2025 12:00:35 PM,0.0000,-0.0007,0.0,0.0
5996,0,8,  0d 01:39:47.73,  0d 00:35:08.05,1.2497,3.9493,C,07/25/2025 12:00:36 PM,0.0000,-0.0007,0.0,0.0
5997,0,8,  0d 01:39:48.73,  0d 00:35:09.05,1.2500,3.9493,C,07/25/2025 12:00:37 PM,0.0000,-0.0008,0.0,0.0
5998,0,8,  0d 01:39:49.73,  0d 00:35:10.05,1.2500,3.9493,C,07/25/2025 12:00:38 PM,0.0000,-0.0007,0.0,0.0
5999,0,8,  0d 01:39:50.73,  0d 00:35:11.05,1.2497,3.9496,C,07/25/2025 12:00:39 PM,0.0000,-0.0008,0.0,0.0
6000,0,8,  0d 01:39:51.73,  0d 00:35:12.05,1.2494,3.9496,C,07/25/2025 12:00:41 PM,0.0000,-0.0007,0.0,0.0
6001,0,8,  0d 01:39:52.73,  0d 00:35:13.05,1.2500,3.9496,C,07/25/2025 12:00:41 PM,0.0000,-0.0008,0.0,0.0
6002,0,8,  0d 01:39:53.73,  0d 00:35:14.05,1.2500,3.9498,C,07/25/2025 12:00:42 PM,0.0000,-0.0008,0.0,0.0
6003,0,8,  0d 01:39:54.73,  0d 00:35:15.05,1.2497,3.9498,C,07/25/2025 12:00:43 PM,0.0000,-0.0007,0.0,0.0
6004,0,8,  0d 01:39:55.73,  0d 00:35:16.05,1.2500,3.9500,C,07/25/2025 12:00:44 PM,0.0000,-0.0008,0.0,0.0
6005,0,8,  0d 01:39:56.73,  0d 00:35:17.05,1.2503,3.9501,C,07/25/2025 12:00:45 PM,0.0000,-0.0007,0.0,0.0
6006,0,8,  0d 01:39:57.73,  0d 00:35:18.05,1.2497,3.9500,C,07/25/2025 12:00:46 PM,0.0000,-0.0008,0.0,0.0
6007,0,8,  0d 01:39:58.73,  0d 00:35:19.05,1.2500,3.9503,C,07/25/2025 12:00:47 PM,0.0000,-0.0007,0.0,0.0
6008,0,8,  0d 01:39:59.73,  0d 00:35:20.05,1.2506,3.9504,C,07/25/2025 12:00:48 PM,0.0000,-0.0008,0.0,0.0
6009,0,8,  0d 01:40:00.73,  0d 00:35:21.05,1.2494,3.9504,C,07/25/2025 12:00:49 PM,0.0000,-0.0008,0.0,0.0
6010,0,8,  0d 01:40:01.73,  0d 00:35:22.05,1.2497,3.9505,C,07/25/2025 12:00:50 PM,0.0000,-0.0007,0.0,0.0
6011,0,8,  0d 01:40:02.73,  0d 00:35:23.05,1.2503,3.9507,C,07/25/2025 12:00:51 PM,0.0000,-0.0008,0.0,0.0
6012,0,8,  0d 01:40:03.73,  0d 00:35:24.05,1.2500,3.9509,C,07/25/2025 12:00:52 PM,0.0000,-0.0008,0.0,0.0
6013,0,8,  0d 01:40:04.73,  0d 00:35:25.05,1.2500,3.9509,C,07/25/2025 12:00:53 PM,0.0000,-0.0008,0.0,0.0
6014,0,8,  0d 01:40:05.73,  0d 00:35:26.05,1.2503,3.9510,C,07/25/2025 12:00:54 PM,0.0000,-0.0007,0.0,0.0
6015,0,8,  0d 01:40:06.73,  0d 00:35:27.05,1.2497,3.9510,C,07/25/2025 12:00:55 PM,0.0000,-0.0008,0.0,0.0
6016,0,8,  0d 01:40:07.73,  0d 00:35:28.05,1.2494,3.9512,C,07/25/2025 12:00:56 PM,0.0000,-0.0007,0.0,0.0
6017,0,8,  0d 01:40:08.73,  0d 00:35:29.05,1.2503,3.9514,C,07/25/2025 12:00:57 PM,0.0000,-0.0008,0.0,0.0
6018,0,8,  0d 01:40:09.73,  0d 00:35:30.05,1.2500,3.9515,C,07/25/2025 12:00:58 PM,0.0000,-0.0008,0.0,0.0
6019,0,8,  0d 01:40:10.73,  0d 00:35:31.05,1.2494,3.9515,C,07/25/2025 12:00:59 PM,0.0000,-0.0007,0.0,0.0
6020,0,8,  0d 01:40:11.73,  0d 00:35:32.05,1.2500,3.9516,C,07/25/2025 12:01:00 PM,0.0000,-0.0007,0.0,0.0
6021,0,8,  0d 01:40:12.73,  0d 00:35:33.05,1.2506,3.9516,C,07/25/2025 12:01:01 PM,0.0000,-0.0007,0.0,0.0
6022,0,8,  0d 01:40:13.73,  0d 00:35:34.05,1.2500,3.9518,C,07/25/2025 12:01:02 PM,0.0000,-0.0007,0.0,0.0
6023,0,8,  0d 01:40:14.73,  0d 00:35:35.05,1.2497,3.9519,C,07/25/2025 12:01:03 PM,0.0000,-0.0007,0.0,0.0
6024,0,8,  0d 01:40:15.73,  0d 00:35:36.05,1.2497,3.9521,C,07/25/2025 12:01:04 PM,0.0000,-0.0010,0.0,0.0
6025,0,8,  0d 01:40:16.73,  0d 00:35:37.05,1.2500,3.9520,C,07/25/2025 12:01:05 PM,0.0000,-0.0008,0.0,0.0
6026,0,8,  0d 01:40:17.73,  0d 00:35:38.05,1.2497,3.9521,C,07/25/2025 12:01:06 PM,0.0000,-0.0007,0.0,0.0
6027,0,8,  0d 01:40:18.73,  0d 00:35:39.05,1.2497,3.9523,C,07/25/2025 12:01:07 PM,0.0000,-0.0007,0.0,0.0
6028,0,8,  0d 01:40:19.73,  0d 00:35:40.05,1.2497,3.9524,C,07/25/2025 12:01:08 PM,0.0000,-0.0007,0.0,0.0
6029,0,8,  0d 01:40:20.73,  0d 00:35:41.05,1.2500,3.9525,C,07/25/2025 12:01:09 PM,0.0000,-0.0010,0.0,0.0
6030,0,8,  0d 01:40:21.73,  0d 00:35:42.05,1.2500,3.9526,C,07/25/2025 12:01:10 PM,0.0000,-0.0005,0.0,0.0
6031,0,8,  0d 01:40:22.73,  0d 00:35:43.05,1.2500,3.9527,C,07/25/2025 12:01:11 PM,0.0000,-0.0008,0.0,0.0
6032,0,8,  0d 01:40:23.73,  0d 00:35:44.05,1.2500,3.9528,C,07/25/2025 12:01:12 PM,0.0000,-0.0005,0.0,0.0
6033,0,8,  0d 01:40:24.73,  0d 00:35:45.05,1.2500,3.9529,C,07/25/2025 12:01:13 PM,0.0000,-0.0008,0.0,0.0
6034,0,8,  0d 01:40:25.73,  0d 00:35:46.05,1.2497,3.9529,C,07/25/2025 12:01:14 PM,0.0000,-0.0007,0.0,0.0
6035,0,8,  0d 01:40:26.73,  0d 00:35:47.05,1.2503,3.9531,C,07/25/2025 12:01:15 PM,0.0000,-0.0008,0.0,0.0
6036,0,8,  0d 01:40:27.73,  0d 00:35:48.05,1.2500,3.9532,C,07/25/2025 12:01:16 PM,0.0000,-0.0008,0.0,0.0
6037,0,8,  0d 01:40:28.73,  0d 00:35:49.05,1.2500,3.9532,C,07/25/2025 12:01:17 PM,0.0000,-0.0008,0.0,0.0
6038,0,8,  0d 01:40:29.73,  0d 00:35:50.05,1.2503,3.9533,C,07/25/2025 12:01:18 PM,0.0000,-0.0008,0.0,0.0
6039,0,8,  0d 01:40:30.73,  0d 00:35:51.05,1.2497,3.9534,C,07/25/2025 12:01:19 PM,0.0000,-0.0008,0.0,0.0
6040,0,8,  0d 01:40:31.73,  0d 00:35:52.05,1.2500,3.9535,C,07/25/2025 12:01:20 PM,0.0000,-0.0007,0.0,0.0
6041,0,8,  0d 01:40:32.73,  0d 00:35:53.05,1.2500,3.9535,C,07/25/2025 12:01:22 PM,0.0000,-0.0007,0.0,0.0
6042,0,8,  0d 01:40:33.73,  0d 00:35:54.05,1.2500,3.9536,C,07/25/2025 12:01:22 PM,0.0000,-0.0007,0.0,0.0
6043,0,8,  0d 01:40:34.73,  0d 00:35:55.05,1.2500,3.9538,C,07/25/2025 12:01:23 PM,0.0000,-0.0008,0.0,0.0
6044,0,8,  0d 01:40:35.73,  0d 00:35:56.05,1.2497,3.9539,C,07/25/2025 12:01:24 PM,0.0000,-0.0007,0.0,0.0
6045,0,8,  0d 01:40:36.73,  0d 00:35:57.05,1.2497,3.9539,C,07/25/2025 12:01:25 PM,0.0000,-0.0008,0.0,0.0
6046,0,8,  0d 01:40:37.73,  0d 00:35:58.05,1.2494,3.9541,C,07/25/2025 12:01:26 PM,0.0000,-0.0008,0.0,0.0
6047,0,8,  0d 01:40:38.73,  0d 00:35:59.05,1.2497,3.9542,C,07/25/2025 12:01:27 PM,0.0000,-0.0007,0.0,0.0
6048,0,8,  0d 01:40:39.73,  0d 00:36:00.05,1.2497,3.9544,C,07/25/2025 12:01:28 PM,0.0000,-0.0007,0.0,0.0
6049,0,8,  0d 01:40:40.73,  0d 00:36:01.05,1.2500,3.9545,C,07/25/2025 12:01:29 PM,0.0000,-0.0007,0.0,0.0
6050,0,8,  0d 01:40:41.73,  0d 00:36:02.05,1.2500,3.9545,C,07/25/2025 12:01:30 PM,0.0000,-0.0007,0.0,0.0
6051,0,8,  0d 01:40:42.73,  0d 00:36:03.05,1.2500,3.9546,C,07/25/2025 12:01:32 PM,0.0000,-0.0007,0.0,0.0
6052,0,8,  0d 01:40:43.73,  0d 00:36:04.05,1.2494,3.9548,C,07/25/2025 12:01:32 PM,0.0000,-0.0008,0.0,0.0
6053,0,8,  0d 01:40:44.73,  0d 00:36:05.05,1.2500,3.9549,C,07/25/2025 12:01:33 PM,0.0000,-0.0007,0.0,0.0
6054,0,8,  0d 01:40:45.73,  0d 00:36:06.05,1.2500,3.9549,C,07/25/2025 12:01:34 PM,0.0000,-0.0008,0.0,0.0
6055,0,8,  0d 01:40:46.73,  0d 00:36:07.05,1.2500,3.9549,C,07/25/2025 12:01:35 PM,0.0000,-0.0010,0.0,0.0
6056,0,8,  0d 01:40:47.73,  0d 00:36:08.05,1.2500,3.9551,C,07/25/2025 12:01:36 PM,0.0000,-0.0008,0.0,0.0
6057,0,8,  0d 01:40:48.73,  0d 00:36:09.05,1.2500,3.9553,C,07/25/2025 12:01:37 PM,0.0000,-0.0008,0.0,0.0
6058,0,8,  0d 01:40:49.73,  0d 00:36:10.05,1.2506,3.9554,C,07/25/2025 12:01:38 PM,0.0000,-0.0010,0.0,0.0
6059,0,8,  0d 01:40:50.73,  0d 00:36:11.05,1.2491,3.9553,C,07/25/2025 12:01:39 PM,0.0000,-0.0008,0.0,0.0
6060,0,8,  0d 01:40:51.73,  0d 00:36:12.05,1.2503,3.9556,C,07/25/2025 12:01:40 PM,0.0000,-0.0008,0.0,0.0
6061,0,8,  0d 01:40:52.73,  0d 00:36:13.05,1.2503,3.9557,C,07/25/2025 12:01:42 PM,0.0000,-0.0008,0.0,0.0
6062,0,8,  0d 01:40:53.73,  0d 00:36:14.05,1.2497,3.9557,C,07/25/2025 12:01:42 PM,0.0000,-0.0008,0.0,0.0
6063,0,8,  0d 01:40:54.73,  0d 00:36:15.05,1.2497,3.9557,C,07/25/2025 12:01:43 PM,0.0000,-0.0007,0.0,0.0
6064,0,8,  0d 01:40:55.73,  0d 00:36:16.05,1.2497,3.9558,C,07/25/2025 12:01:44 PM,0.0000,-0.0008,0.0,0.0
6065,0,8,  0d 01:40:56.73,  0d 00:36:17.05,1.2500,3.9560,C,07/25/2025 12:01:45 PM,0.0000,-0.0008,0.0,0.0
6066,0,8,  0d 01:40:57.73,  0d 00:36:18.05,1.2497,3.9561,C,07/25/2025 12:01:46 PM,0.0000,-0.0007,0.0,0.0
6067,0,8,  0d 01:40:58.73,  0d 00:36:19.05,1.2500,3.9561,C,07/25/2025 12:01:47 PM,0.0000,-0.0007,0.0,0.0
6068,0,8,  0d 01:40:59.73,  0d 00:36:20.05,1.2500,3.9562,C,07/25/2025 12:01:48 PM,0.0000,-0.0007,0.0,0.0
6069,0,8,  0d 01:41:00.73,  0d 00:36:21.05,1.2503,3.9564,C,07/25/2025 12:01:49 PM,0.0000,-0.0008,0.0,0.0
6070,0,8,  0d 01:41:01.73,  0d 00:36:22.05,1.2494,3.9565,C,07/25/2025 12:01:50 PM,0.0000,-0.0008,0.0,0.0
6071,0,8,  0d 01:41:02.73,  0d 00:36:23.05,1.2497,3.9564,C,07/25/2025 12:01:52 PM,0.0000,-0.0008,0.0,0.0
6072,0,8,  0d 01:41:03.73,  0d 00:36:24.05,1.2500,3.9566,C,07/25/2025 12:01:52 PM,0.0000,-0.0007,0.0,0.0
6073,0,8,  0d 01:41:04.73,  0d 00:36:25.05,1.2500,3.9567,C,07/25/2025 12:01:53 PM,0.0000,-0.0008,0.0,0.0
6074,0,8,  0d 01:41:05.73,  0d 00:36:26.05,1.2503,3.9568,C,07/25/2025 12:01:54 PM,0.0000,-0.0007,0.0,0.0
6075,0,8,  0d 01:41:06.73,  0d 00:36:27.05,1.2497,3.9569,C,07/25/2025 12:01:55 PM,0.0000,-0.0008,0.0,0.0
6076,0,8,  0d 01:41:07.73,  0d 00:36:28.05,1.2494,3.9570,C,07/25/2025 12:01:56 PM,0.0000,-0.0008,0.0,0.0
6077,0,8,  0d 01:41:08.73,  0d 00:36:29.05,1.2500,3.9571,C,07/25/2025 12:01:57 PM,0.0000,-0.0008,0.0,0.0
6078,0,8,  0d 01:41:09.73,  0d 00:36:30.05,1.2497,3.9573,C,07/25/2025 12:01:58 PM,0.0000,-0.0008,0.0,0.0
6079,0,8,  0d 01:41:10.73,  0d 00:36:31.05,1.2500,3.9573,C,07/25/2025 12:01:59 PM,0.0000,-0.0007,0.0,0.0
6080,0,8,  0d 01:41:11.73,  0d 00:36:32.05,1.2494,3.9574,C,07/25/2025 12:02:00 PM,0.0000,-0.0008,0.0,0.0
6081,0,8,  0d 01:41:12.73,  0d 00:36:33.05,1.2500,3.9576,C,07/25/2025 12:02:01 PM,0.0000,-0.0010,0.0,0.0
6082,0,8,  0d 01:41:13.73,  0d 00:36:34.05,1.2494,3.9577,C,07/25/2025 12:02:02 PM,0.0000,-0.0007,0.0,0.0
6083,0,8,  0d 01:41:14.73,  0d 00:36:35.05,1.2497,3.9577,C,07/25/2025 12:02:03 PM,0.0000,-0.0007,0.0,0.0
6084,0,8,  0d 01:41:15.73,  0d 00:36:36.05,1.2500,3.9578,C,07/25/2025 12:02:04 PM,0.0000,-0.0008,0.0,0.0
6085,0,8,  0d 01:41:16.73,  0d 00:36:37.05,1.2500,3.9579,C,07/25/2025 12:02:05 PM,0.0000,-0.0007,0.0,0.0
6086,0,8,  0d 01:41:17.73,  0d 00:36:38.05,1.2500,3.9580,C,07/25/2025 12:02:06 PM,0.0000,-0.0008,0.0,0.0
6087,0,8,  0d 01:41:18.73,  0d 00:36:39.05,1.2497,3.9580,C,07/25/2025 12:02:07 PM,0.0000,-0.0007,0.0,0.0
6088,0,8,  0d 01:41:19.73,  0d 00:36:40.05,1.2500,3.9582,C,07/25/2025 12:02:08 PM,0.0000,-0.0008,0.0,0.0
6089,0,8,  0d 01:41:20.73,  0d 00:36:41.05,1.2503,3.9583,C,07/25/2025 12:02:09 PM,0.0000,-0.0007,0.0,0.0
6090,0,8,  0d 01:41:21.73,  0d 00:36:42.05,1.2500,3.9583,C,07/25/2025 12:02:10 PM,0.0000,-0.0008,0.0,0.0
6091,0,8,  0d 01:41:22.73,  0d 00:36:43.05,1.2500,3.9585,C,07/25/2025 12:02:11 PM,0.0000,-0.0007,0.0,0.0
6092,0,8,  0d 01:41:23.73,  0d 00:36:44.05,1.2497,3.9586,C,07/25/2025 12:02:12 PM,0.0000,-0.0008,0.0,0.0
6093,0,8,  0d 01:41:24.73,  0d 00:36:45.05,1.2491,3.9587,C,07/25/2025 12:02:13 PM,0.0000,-0.0007,0.0,0.0
6094,0,8,  0d 01:41:25.73,  0d 00:36:46.05,1.2497,3.9588,C,07/25/2025 12:02:14 PM,0.0000,-0.0007,0.0,0.0
6095,0,8,  0d 01:41:26.73,  0d 00:36:47.05,1.2500,3.9588,C,07/25/2025 12:02:15 PM,0.0000,-0.0007,0.0,0.0
6096,0,8,  0d 01:41:27.73,  0d 00:36:48.05,1.2500,3.9590,C,07/25/2025 12:02:16 PM,0.0000,-0.0007,0.0,0.0
6097,0,8,  0d 01:41:28.73,  0d 00:36:49.05,1.2500,3.9591,C,07/25/2025 12:02:17 PM,0.0000,-0.0007,0.0,0.0
6098,0,8,  0d 01:41:29.73,  0d 00:36:50.05,1.2503,3.9592,C,07/25/2025 12:02:18 PM,0.0000,-0.0008,0.0,0.0
6099,0,8,  0d 01:41:30.73,  0d 00:36:51.05,1.2500,3.9592,C,07/25/2025 12:02:19 PM,0.0000,-0.0008,0.0,0.0
6100,0,8,  0d 01:41:31.73,  0d 00:36:52.05,1.2500,3.9593,C,07/25/2025 12:02:20 PM,0.0000,-0.0007,0.0,0.0
6101,0,8,  0d 01:41:32.73,  0d 00:36:53.05,1.2500,3.9596,C,07/25/2025 12:02:21 PM,0.0000,-0.0008,0.0,0.0
6102,0,8,  0d 01:41:33.73,  0d 00:36:54.05,1.2500,3.9595,C,07/25/2025 12:02:22 PM,0.0000,-0.0007,0.0,0.0
6103,0,8,  0d 01:41:34.73,  0d 00:36:55.05,1.2503,3.9596,C,07/25/2025 12:02:23 PM,0.0000,-0.0007,0.0,0.0
6104,0,8,  0d 01:41:35.73,  0d 00:36:56.05,1.2500,3.9598,C,07/25/2025 12:02:24 PM,0.0000,-0.0007,0.0,0.0
6105,0,8,  0d 01:41:36.73,  0d 00:36:57.05,1.2497,3.9599,C,07/25/2025 12:02:25 PM,0.0000,-0.0008,0.0,0.0
6106,0,8,  0d 01:41:37.73,  0d 00:36:58.05,1.2497,3.9600,C,07/25/2025 12:02:26 PM,0.0000,-0.0008,0.0,0.0
6107,0,8,  0d 01:41:38.73,  0d 00:36:59.05,1.2500,3.9601,C,07/25/2025 12:02:27 PM,0.0000,-0.0007,0.0,0.0
6108,0,8,  0d 01:41:39.73,  0d 00:37:00.05,1.2500,3.9600,C,07/25/2025 12:02:28 PM,0.0000,-0.0007,0.0,0.0
6109,0,8,  0d 01:41:40.73,  0d 00:37:01.05,1.2500,3.9602,C,07/25/2025 12:02:29 PM,0.0000,-0.0008,0.0,0.0
6110,0,8,  0d 01:41:41.73,  0d 00:37:02.05,1.2500,3.9605,C,07/25/2025 12:02:30 PM,0.0000,-0.0008,0.0,0.0
6111,0,8,  0d 01:41:42.73,  0d 00:37:03.05,1.2497,3.9606,C,07/25/2025 12:02:31 PM,0.0000,-0.0007,0.0,0.0
6112,0,8,  0d 01:41:43.73,  0d 00:37:04.05,1.2500,3.9606,C,07/25/2025 12:02:33 PM,0.0000,-0.0007,0.0,0.0
6113,0,8,  0d 01:41:44.73,  0d 00:37:05.05,1.2506,3.9608,C,07/25/2025 12:02:33 PM,0.0000,-0.0008,0.0,0.0
6114,0,8,  0d 01:41:45.73,  0d 00:37:06.05,1.2500,3.9609,C,07/25/2025 12:02:34 PM,0.0000,-0.0008,0.0,0.0
6115,0,8,  0d 01:41:46.73,  0d 00:37:07.05,1.2500,3.9609,C,07/25/2025 12:02:35 PM,0.0000,-0.0008,0.0,0.0
6116,0,8,  0d 01:41:47.73,  0d 00:37:08.05,1.2497,3.9609,C,07/25/2025 12:02:36 PM,0.0000,-0.0005,0.0,0.0
6117,0,8,  0d 01:41:48.73,  0d 00:37:09.05,1.2494,3.9612,C,07/25/2025 12:02:37 PM,0.0000,-0.0008,0.0,0.0
6118,0,8,  0d 01:41:49.73,  0d 00:37:10.05,1.2497,3.9612,C,07/25/2025 12:02:38 PM,0.0000,-0.0008,0.0,0.0
6119,0,8,  0d 01:41:50.73,  0d 00:37:11.05,1.2491,3.9613,C,07/25/2025 12:02:39 PM,0.0000,-0.0008,0.0,0.0
6120,0,8,  0d 01:41:51.73,  0d 00:37:12.05,1.2497,3.9614,C,07/25/2025 12:02:40 PM,0.0000,-0.0008,0.0,0.0
6121,0,8,  0d 01:41:52.73,  0d 00:37:13.05,1.2497,3.9615,C,07/25/2025 12:02:41 PM,0.0000,-0.0007,0.0,0.0
6122,0,8,  0d 01:41:53.73,  0d 00:37:14.05,1.2500,3.9616,C,07/25/2025 12:02:43 PM,0.0000,-0.0008,0.0,0.0
6123,0,8,  0d 01:41:54.73,  0d 00:37:15.05,1.2500,3.9616,C,07/25/2025 12:02:43 PM,0.0000,-0.0008,0.0,0.0
6124,0,8,  0d 01:41:55.73,  0d 00:37:16.05,1.2494,3.9619,C,07/25/2025 12:02:44 PM,0.0000,-0.0008,0.0,0.0
6125,0,8,  0d 01:41:56.73,  0d 00:37:17.05,1.2497,3.9619,C,07/25/2025 12:02:45 PM,0.0000,-0.0007,0.0,0.0
6126,0,8,  0d 01:41:57.73,  0d 00:37:18.05,1.2500,3.9621,C,07/25/2025 12:02:46 PM,0.0000,-0.0007,0.0,0.0
6127,0,8,  0d 01:41:58.73,  0d 00:37:19.05,1.2500,3.9621,C,07/25/2025 12:02:47 PM,0.0000,-0.0008,0.0,0.0
6128,0,8,  0d 01:41:59.73,  0d 00:37:20.05,1.2497,3.9623,C,07/25/2025 12:02:48 PM,0.0000,-0.0007,0.0,0.0
6129,0,8,  0d 01:42:00.73,  0d 00:37:21.05,1.2500,3.9623,C,07/25/2025 12:02:49 PM,0.0000,-0.0008,0.0,0.0
6130,0,8,  0d 01:42:01.73,  0d 00:37:22.05,1.2497,3.9623,C,07/25/2025 12:02:50 PM,0.0000,-0.0007,0.0,0.0
6131,0,8,  0d 01:42:02.73,  0d 00:37:23.05,1.2506,3.9625,C,07/25/2025 12:02:51 PM,0.0000,-0.0008,0.0,0.0
6132,0,8,  0d 01:42:03.73,  0d 00:37:24.05,1.2500,3.9626,C,07/25/2025 12:02:53 PM,0.0000,-0.0008,0.0,0.0
6133,0,8,  0d 01:42:04.73,  0d 00:37:25.05,1.2503,3.9628,C,07/25/2025 12:02:53 PM,0.0000,-0.0008,0.0,0.0
6134,0,8,  0d 01:42:05.73,  0d 00:37:26.05,1.2497,3.9628,C,07/25/2025 12:02:54 PM,0.0000,-0.0008,0.0,0.0
6135,0,8,  0d 01:42:06.73,  0d 00:37:27.05,1.2497,3.9629,C,07/25/2025 12:02:55 PM,0.0000,-0.0008,0.0,0.0
6136,0,8,  0d 01:42:07.73,  0d 00:37:28.05,1.2497,3.9630,C,07/25/2025 12:02:56 PM,0.0000,-0.0008,0.0,0.0
6137,0,8,  0d 01:42:08.73,  0d 00:37:29.05,1.2497,3.9631,C,07/25/2025 12:02:57 PM,0.0000,-0.0008,0.0,0.0
6138,0,8,  0d 01:42:09.73,  0d 00:37:30.05,1.2500,3.9632,C,07/25/2025 12:02:58 PM,0.0000,-0.0007,0.0,0.0
6139,0,8,  0d 01:42:10.73,  0d 00:37:31.05,1.2503,3.9634,C,07/25/2025 12:02:59 PM,0.0000,-0.0008,0.0,0.0
6140,0,8,  0d 01:42:11.73,  0d 00:37:32.05,1.2500,3.9635,C,07/25/2025 12:03:00 PM,0.0000,-0.0008,0.0,0.0
6141,0,8,  0d 01:42:12.73,  0d 00:37:33.05,1.2500,3.9635,C,07/25/2025 12:03:01 PM,0.0000,-0.0007,0.0,0.0
6142,0,8,  0d 01:42:13.73,  0d 00:37:34.05,1.2503,3.9635,C,07/25/2025 12:03:03 PM,0.0000,-0.0005,0.0,0.0
6143,0,8,  0d 01:42:14.73,  0d 00:37:35.05,1.2503,3.9636,C,07/25/2025 12:03:03 PM,0.0000,-0.0008,0.0,0.0
6144,0,8,  0d 01:42:15.73,  0d 00:37:36.05,1.2497,3.9638,C,07/25/2025 12:03:04 PM,0.0000,-0.0008,0.0,0.0
6145,0,8,  0d 01:42:16.73,  0d 00:37:37.05,1.2497,3.9640,C,07/25/2025 12:03:05 PM,0.0000,-0.0007,0.0,0.0
6146,0,8,  0d 01:42:17.73,  0d 00:37:38.05,1.2500,3.9641,C,07/25/2025 12:03:06 PM,0.0000,-0.0008,0.0,0.0
6147,0,8,  0d 01:42:18.73,  0d 00:37:39.05,1.2500,3.9641,C,07/25/2025 12:03:07 PM,0.0000,-0.0007,0.0,0.0
6148,0,8,  0d 01:42:19.73,  0d 00:37:40.05,1.2500,3.9643,C,07/25/2025 12:03:08 PM,0.0000,-0.0008,0.0,0.0
6149,0,8,  0d 01:42:20.73,  0d 00:37:41.05,1.2503,3.9644,C,07/25/2025 12:03:09 PM,0.0000,-0.0005,0.0,0.0
6150,0,8,  0d 01:42:21.73,  0d 00:37:42.05,1.2503,3.9645,C,07/25/2025 12:03:10 PM,0.0000,-0.0007,0.0,0.0
6151,0,8,  0d 01:42:22.73,  0d 00:37:43.05,1.2500,3.9645,C,07/25/2025 12:03:11 PM,0.0000,-0.0007,0.0,0.0
6152,0,8,  0d 01:42:23.73,  0d 00:37:44.05,1.2494,3.9647,C,07/25/2025 12:03:12 PM,0.0000,-0.0010,0.0,0.0
6153,0,8,  0d 01:42:24.73,  0d 00:37:45.05,1.2497,3.9648,C,07/25/2025 12:03:13 PM,0.0000,-0.0008,0.0,0.0
6154,0,8,  0d 01:42:25.73,  0d 00:37:46.05,1.2497,3.9649,C,07/25/2025 12:03:14 PM,0.0000,-0.0008,0.0,0.0
6155,0,8,  0d 01:42:26.73,  0d 00:37:47.05,1.2500,3.9650,C,07/25/2025 12:03:15 PM,0.0000,-0.0007,0.0,0.0
6156,0,8,  0d 01:42:27.73,  0d 00:37:48.05,1.2497,3.9651,C,07/25/2025 12:03:16 PM,0.0000,-0.0008,0.0,0.0
6157,0,8,  0d 01:42:28.73,  0d 00:37:49.05,1.2497,3.9651,C,07/25/2025 12:03:17 PM,0.0000,-0.0007,0.0,0.0
6158,0,8,  0d 01:42:29.73,  0d 00:37:50.05,1.2497,3.9653,C,07/25/2025 12:03:18 PM,0.0000,-0.0007,0.0,0.0
6159,0,8,  0d 01:42:30.73,  0d 00:37:51.05,1.2497,3.9654,C,07/25/2025 12:03:19 PM,0.0000,-0.0008,0.0,0.0
6160,0,8,  0d 01:42:31.73,  0d 00:37:52.05,1.2500,3.9655,C,07/25/2025 12:03:20 PM,0.0000,-0.0007,0.0,0.0
6161,0,8,  0d 01:42:32.73,  0d 00:37:53.05,1.2500,3.9656,C,07/25/2025 12:03:21 PM,0.0000,-0.0007,0.0,0.0
6162,0,8,  0d 01:42:33.73,  0d 00:37:54.05,1.2500,3.9657,C,07/25/2025 12:03:22 PM,0.0000,-0.0007,0.0,0.0
6163,0,8,  0d 01:42:34.73,  0d 00:37:55.05,1.2500,3.9658,C,07/25/2025 12:03:23 PM,0.0000,-0.0008,0.0,0.0
6164,0,8,  0d 01:42:35.73,  0d 00:37:56.05,1.2500,3.9658,C,07/25/2025 12:03:24 PM,0.0000,-0.0008,0.0,0.0
6165,0,8,  0d 01:42:36.73,  0d 00:37:57.05,1.2500,3.9659,C,07/25/2025 12:03:25 PM,0.0000,-0.0007,0.0,0.0
6166,0,8,  0d 01:42:37.73,  0d 00:37:58.05,1.2500,3.9660,C,07/25/2025 12:03:26 PM,0.0000,-0.0008,0.0,0.0
6167,0,8,  0d 01:42:38.73,  0d 00:37:59.05,1.2497,3.9663,C,07/25/2025 12:03:27 PM,0.0000,-0.0008,0.0,0.0
6168,0,8,  0d 01:42:39.73,  0d 00:38:00.05,1.2503,3.9664,C,07/25/2025 12:03:28 PM,0.0000,-0.0007,0.0,0.0
6169,0,8,  0d 01:42:40.73,  0d 00:38:01.05,1.2494,3.9665,C,07/25/2025 12:03:29 PM,0.0000,-0.0010,0.0,0.0
6170,0,8,  0d 01:42:41.73,  0d 00:38:02.05,1.2503,3.9664,C,07/25/2025 12:03:30 PM,0.0000,-0.0008,0.0,0.0
6171,0,8,  0d 01:42:42.73,  0d 00:38:03.05,1.2503,3.9667,C,07/25/2025 12:03:31 PM,0.0000,-0.0008,0.0,0.0
6172,0,8,  0d 01:42:43.73,  0d 00:38:04.05,1.2500,3.9667,C,07/25/2025 12:03:32 PM,0.0000,-0.0008,0.0,0.0
6173,0,8,  0d 01:42:44.73,  0d 00:38:05.05,1.2497,3.9669,C,07/25/2025 12:03:33 PM,0.0000,-0.0010,0.0,0.0
6174,0,8,  0d 01:42:45.73,  0d 00:38:06.05,1.2494,3.9668,C,07/25/2025 12:03:34 PM,0.0000,-0.0007,0.0,0.0
6175,0,8,  0d 01:42:46.73,  0d 00:38:07.05,1.2500,3.9670,C,07/25/2025 12:03:35 PM,0.0000,-0.0010,0.0,0.0
6176,0,8,  0d 01:42:47.73,  0d 00:38:08.05,1.2497,3.9672,C,07/25/2025 12:03:36 PM,0.0000,-0.0007,0.0,0.0
6177,0,8,  0d 01:42:48.73,  0d 00:38:09.05,1.2500,3.9673,C,07/25/2025 12:03:37 PM,0.0000,-0.0007,0.0,0.0
6178,0,8,  0d 01:42:49.73,  0d 00:38:10.05,1.2497,3.9674,C,07/25/2025 12:03:38 PM,0.0000,-0.0008,0.0,0.0
6179,0,8,  0d 01:42:50.73,  0d 00:38:11.05,1.2500,3.9676,C,07/25/2025 12:03:39 PM,0.0000,-0.0010,0.0,0.0
6180,0,8,  0d 01:42:51.73,  0d 00:38:12.05,1.2500,3.9677,C,07/25/2025 12:03:40 PM,0.0000,-0.0008,0.0,0.0
6181,0,8,  0d 01:42:52.73,  0d 00:38:13.05,1.2497,3.9677,C,07/25/2025 12:03:41 PM,0.0000,-0.0008,0.0,0.0
6182,0,8,  0d 01:42:53.73,  0d 00:38:14.05,1.2494,3.9678,C,07/25/2025 12:03:42 PM,0.0000,-0.0007,0.0,0.0
6183,0,8,  0d 01:42:54.73,  0d 00:38:15.05,1.2500,3.9678,C,07/25/2025 12:03:44 PM,0.0000,-0.0008,0.0,0.0
6184,0,8,  0d 01:42:55.73,  0d 00:38:16.05,1.2506,3.9680,C,07/25/2025 12:03:44 PM,0.0000,-0.0007,0.0,0.0
6185,0,8,  0d 01:42:56.73,  0d 00:38:17.05,1.2503,3.9681,C,07/25/2025 12:03:45 PM,0.0000,-0.0007,0.0,0.0
6186,0,8,  0d 01:42:57.73,  0d 00:38:18.05,1.2500,3.9682,C,07/25/2025 12:03:46 PM,0.0000,-0.0008,0.0,0.0
6187,0,8,  0d 01:42:58.73,  0d 00:38:19.05,1.2494,3.9684,C,07/25/2025 12:03:47 PM,0.0000,-0.0007,0.0,0.0
6188,0,8,  0d 01:42:59.73,  0d 00:38:20.05,1.2500,3.9686,C,07/25/2025 12:03:48 PM,0.0000,-0.0007,0.0,0.0
6189,0,8,  0d 01:43:00.73,  0d 00:38:21.05,1.2497,3.9686,C,07/25/2025 12:03:49 PM,0.0000,-0.0005,0.0,0.0
6190,0,8,  0d 01:43:01.73,  0d 00:38:22.05,1.2497,3.9686,C,07/25/2025 12:03:50 PM,0.0000,-0.0007,0.0,0.0
6191,0,8,  0d 01:43:02.73,  0d 00:38:23.05,1.2500,3.9688,C,07/25/2025 12:03:51 PM,0.0000,-0.0007,0.0,0.0
6192,0,8,  0d 01:43:03.73,  0d 00:38:24.05,1.2503,3.9689,C,07/25/2025 12:03:52 PM,0.0000,-0.0007,0.0,0.0
6193,0,8,  0d 01:43:04.73,  0d 00:38:25.05,1.2500,3.9689,C,07/25/2025 12:03:54 PM,0.0000,-0.0008,0.0,0.0
6194,0,8,  0d 01:43:05.73,  0d 00:38:26.05,1.2503,3.9691,C,07/25/2025 12:03:54 PM,0.0000,-0.0010,0.0,0.0
6195,0,8,  0d 01:43:06.73,  0d 00:38:27.05,1.2497,3.9689,C,07/25/2025 12:03:55 PM,0.0000,-0.0008,0.0,0.0
6196,0,8,  0d 01:43:07.73,  0d 00:38:28.05,1.2500,3.9693,C,07/25/2025 12:03:56 PM,0.0000,-0.0007,0.0,0.0
6197,0,8,  0d 01:43:08.73,  0d 00:38:29.05,1.2500,3.9693,C,07/25/2025 12:03:57 PM,0.0000,-0.0008,0.0,0.0
6198,0,8,  0d 01:43:09.73,  0d 00:38:30.05,1.2500,3.9695,C,07/25/2025 12:03:58 PM,0.0000,-0.0008,0.0,0.0
6199,0,8,  0d 01:43:10.73,  0d 00:38:31.05,1.2500,3.9695,C,07/25/2025 12:03:59 PM,0.0000,-0.0008,0.0,0.0
6200,0,8,  0d 01:43:11.73,  0d 00:38:32.05,1.2500,3.9697,C,07/25/2025 12:04:00 PM,0.0000,-0.0005,0.0,0.0
6201,0,8,  0d 01:43:12.73,  0d 00:38:33.05,1.2500,3.9697,C,07/25/2025 12:04:01 PM,0.0000,-0.0008,0.0,0.0
6202,0,8,  0d 01:43:13.73,  0d 00:38:34.05,1.2503,3.9700,C,07/25/2025 12:04:02 PM,0.0000,-0.0007,0.0,0.0
6203,0,8,  0d 01:43:14.73,  0d 00:38:35.05,1.2500,3.9699,C,07/25/2025 12:04:04 PM,0.0000,-0.0008,0.0,0.0
6204,0,8,  0d 01:43:15.73,  0d 00:38:36.05,1.2497,3.9702,C,07/25/2025 12:04:04 PM,0.0000,-0.0008,0.0,0.0
6205,0,8,  0d 01:43:16.73,  0d 00:38:37.05,1.2497,3.9702,C,07/25/2025 12:04:05 PM,0.0000,-0.0008,0.0,0.0
6206,0,8,  0d 01:43:17.73,  0d 00:38:38.05,1.2494,3.9704,C,07/25/2025 12:04:06 PM,0.0000,-0.0007,0.0,0.0
6207,0,8,  0d 01:43:18.73,  0d 00:38:39.05,1.2497,3.9704,C,07/25/2025 12:04:07 PM,0.0000,-0.0008,0.0,0.0
6208,0,8,  0d 01:43:19.73,  0d 00:38:40.05,1.2497,3.9706,C,07/25/2025 12:04:08 PM,0.0000,-0.0010,0.0,0.0
6209,0,8,  0d 01:43:20.73,  0d 00:38:41.05,1.2500,3.9707,C,07/25/2025 12:04:09 PM,0.0000,-0.0008,0.0,0.0
6210,0,8,  0d 01:43:21.73,  0d 00:38:42.05,1.2500,3.9708,C,07/25/2025 12:04:10 PM,0.0000,-0.0008,0.0,0.0
6211,0,8,  0d 01:43:22.73,  0d 00:38:43.05,1.2497,3.9710,C,07/25/2025 12:04:11 PM,0.0000,-0.0010,0.0,0.0
6212,0,8,  0d 01:43:23.73,  0d 00:38:44.05,1.2497,3.9710,C,07/25/2025 12:04:12 PM,0.0000,-0.0008,0.0,0.0
6213,0,8,  0d 01:43:24.73,  0d 00:38:45.05,1.2494,3.9709,C,07/25/2025 12:04:14 PM,0.0000,-0.0008,0.0,0.0
6214,0,8,  0d 01:43:25.73,  0d 00:38:46.05,1.2500,3.9712,C,07/25/2025 12:04:14 PM,0.0000,-0.0008,0.0,0.0
6215,0,8,  0d 01:43:26.73,  0d 00:38:47.05,1.2497,3.9713,C,07/25/2025 12:04:15 PM,0.0000,-0.0007,0.0,0.0
6216,0,8,  0d 01:43:27.73,  0d 00:38:48.05,1.2497,3.9713,C,07/25/2025 12:04:16 PM,0.0000,-0.0008,0.0,0.0
6217,0,8,  0d 01:43:28.73,  0d 00:38:49.05,1.2503,3.9715,C,07/25/2025 12:04:17 PM,0.0000,-0.0008,0.0,0.0
6218,0,8,  0d 01:43:29.73,  0d 00:38:50.05,1.2497,3.9717,C,07/25/2025 12:04:18 PM,0.0000,-0.0005,0.0,0.0
6219,0,8,  0d 01:43:30.73,  0d 00:38:51.05,1.2500,3.9717,C,07/25/2025 12:04:19 PM,0.0000,-0.0010,0.0,0.0
6220,0,8,  0d 01:43:31.73,  0d 00:38:52.05,1.2503,3.9720,C,07/25/2025 12:04:20 PM,0.0000,-0.0008,0.0,0.0
6221,0,8,  0d 01:43:32.73,  0d 00:38:53.05,1.2503,3.9719,C,07/25/2025 12:04:21 PM,0.0000,-0.0007,0.0,0.0
6222,0,8,  0d 01:43:33.73,  0d 00:38:54.05,1.2500,3.9721,C,07/25/2025 12:04:22 PM,0.0000,-0.0008,0.0,0.0
6223,0,8,  0d 01:43:34.73,  0d 00:38:55.05,1.2500,3.9722,C,07/25/2025 12:04:23 PM,0.0000,-0.0007,0.0,0.0
6224,0,8,  0d 01:43:35.73,  0d 00:38:56.05,1.2494,3.9723,C,07/25/2025 12:04:24 PM,0.0000,-0.0007,0.0,0.0
6225,0,8,  0d 01:43:36.73,  0d 00:38:57.05,1.2497,3.9724,C,07/25/2025 12:04:25 PM,0.0000,-0.0007,0.0,0.0
6226,0,8,  0d 01:43:37.73,  0d 00:38:58.05,1.2494,3.9724,C,07/25/2025 12:04:26 PM,0.0000,-0.0008,0.0,0.0
6227,0,8,  0d 01:43:38.73,  0d 00:38:59.05,1.2503,3.9727,C,07/25/2025 12:04:27 PM,0.0000,-0.0007,0.0,0.0
6228,0,8,  0d 01:43:39.73,  0d 00:39:00.05,1.2497,3.9726,C,07/25/2025 12:04:28 PM,0.0000,-0.0007,0.0,0.0
6229,0,8,  0d 01:43:40.73,  0d 00:39:01.05,1.2494,3.9728,C,07/25/2025 12:04:29 PM,0.0000,-0.0007,0.0,0.0
6230,0,8,  0d 01:43:41.73,  0d 00:39:02.05,1.2500,3.9730,C,07/25/2025 12:04:30 PM,0.0000,-0.0008,0.0,0.0
6231,0,8,  0d 01:43:42.73,  0d 00:39:03.05,1.2497,3.9730,C,07/25/2025 12:04:31 PM,0.0000,-0.0007,0.0,0.0
6232,0,8,  0d 01:43:43.73,  0d 00:39:04.05,1.2494,3.9731,C,07/25/2025 12:04:32 PM,0.0000,-0.0007,0.0,0.0
6233,0,8,  0d 01:43:44.73,  0d 00:39:05.05,1.2494,3.9731,C,07/25/2025 12:04:33 PM,0.0000,-0.0007,0.0,0.0
6234,0,8,  0d 01:43:45.73,  0d 00:39:06.05,1.2503,3.9734,C,07/25/2025 12:04:34 PM,0.0000,-0.0007,0.0,0.0
6235,0,8,  0d 01:43:46.73,  0d 00:39:07.05,1.2503,3.9736,C,07/25/2025 12:04:35 PM,0.0000,-0.0007,0.0,0.0
6236,0,8,  0d 01:43:47.73,  0d 00:39:08.05,1.2503,3.9737,C,07/25/2025 12:04:36 PM,0.0000,-0.0007,0.0,0.0
6237,0,8,  0d 01:43:48.73,  0d 00:39:09.05,1.2497,3.9738,C,07/25/2025 12:04:37 PM,0.0000,-0.0005,0.0,0.0
6238,0,8,  0d 01:43:49.73,  0d 00:39:10.05,1.2500,3.9740,C,07/25/2025 12:04:38 PM,0.0000,-0.0008,0.0,0.0
6239,0,8,  0d 01:43:50.73,  0d 00:39:11.05,1.2497,3.9739,C,07/25/2025 12:04:39 PM,0.0000,-0.0007,0.0,0.0
6240,0,8,  0d 01:43:51.73,  0d 00:39:12.05,1.2500,3.9741,C,07/25/2025 12:04:40 PM,0.0000,-0.0008,0.0,0.0
6241,0,8,  0d 01:43:52.73,  0d 00:39:13.05,1.2497,3.9743,C,07/25/2025 12:04:41 PM,0.0000,-0.0007,0.0,0.0
6242,0,8,  0d 01:43:53.73,  0d 00:39:14.05,1.2500,3.9743,C,07/25/2025 12:04:42 PM,0.0000,-0.0008,0.0,0.0
6243,0,8,  0d 01:43:54.73,  0d 00:39:15.05,1.2500,3.9744,C,07/25/2025 12:04:43 PM,0.0000,-0.0008,0.0,0.0
6244,0,8,  0d 01:43:55.73,  0d 00:39:16.05,1.2497,3.9744,C,07/25/2025 12:04:44 PM,0.0000,-0.0007,0.0,0.0
6245,0,8,  0d 01:43:56.73,  0d 00:39:17.05,1.2497,3.9747,C,07/25/2025 12:04:45 PM,0.0000,-0.0007,0.0,0.0
6246,0,8,  0d 01:43:57.73,  0d 00:39:18.05,1.2497,3.9747,C,07/25/2025 12:04:46 PM,0.0000,-0.0007,0.0,0.0
6247,0,8,  0d 01:43:58.73,  0d 00:39:19.05,1.2497,3.9747,C,07/25/2025 12:04:47 PM,0.0000,-0.0007,0.0,0.0
6248,0,8,  0d 01:43:59.73,  0d 00:39:20.05,1.2497,3.9748,C,07/25/2025 12:04:48 PM,0.0000,-0.0007,0.0,0.0
6249,0,8,  0d 01:44:00.73,  0d 00:39:21.05,1.2503,3.9751,C,07/25/2025 12:04:49 PM,0.0000,-0.0008,0.0,0.0
6250,0,8,  0d 01:44:01.73,  0d 00:39:22.05,1.2494,3.9752,C,07/25/2025 12:04:50 PM,0.0000,-0.0008,0.0,0.0
6251,0,8,  0d 01:44:02.73,  0d 00:39:23.05,1.2503,3.9754,C,07/25/2025 12:04:51 PM,0.0000,-0.0008,0.0,0.0
6252,0,8,  0d 01:44:03.73,  0d 00:39:24.05,1.2500,3.9754,C,07/25/2025 12:04:52 PM,0.0000,-0.0007,0.0,0.0
6253,0,8,  0d 01:44:04.73,  0d 00:39:25.05,1.2494,3.9754,C,07/25/2025 12:04:53 PM,0.0000,-0.0010,0.0,0.0
6254,0,8,  0d 01:44:05.73,  0d 00:39:26.05,1.2494,3.9757,C,07/25/2025 12:04:55 PM,0.0000,-0.0007,0.0,0.0
6255,0,8,  0d 01:44:06.73,  0d 00:39:27.05,1.2506,3.9758,C,07/25/2025 12:04:55 PM,0.0000,-0.0007,0.0,0.0
6256,0,8,  0d 01:44:07.73,  0d 00:39:28.05,1.2491,3.9759,C,07/25/2025 12:04:56 PM,0.0000,-0.0007,0.0,0.0
6257,0,8,  0d 01:44:08.73,  0d 00:39:29.05,1.2497,3.9759,C,07/25/2025 12:04:57 PM,0.0000,-0.0008,0.0,0.0
6258,0,8,  0d 01:44:09.73,  0d 00:39:30.05,1.2503,3.9761,C,07/25/2025 12:04:58 PM,0.0000,-0.0008,0.0,0.0
6259,0,8,  0d 01:44:10.73,  0d 00:39:31.05,1.2500,3.9762,C,07/25/2025 12:04:59 PM,0.0000,-0.0008,0.0,0.0
6260,0,8,  0d 01:44:11.73,  0d 00:39:32.05,1.2500,3.9763,C,07/25/2025 12:05:00 PM,0.0000,-0.0007,0.0,0.0
6261,0,8,  0d 01:44:12.73,  0d 00:39:33.05,1.2494,3.9764,C,07/25/2025 12:05:01 PM,0.0000,-0.0008,0.0,0.0
6262,0,8,  0d 01:44:13.73,  0d 00:39:34.05,1.2497,3.9766,C,07/25/2025 12:05:02 PM,0.0000,-0.0008,0.0,0.0
6263,0,8,  0d 01:44:14.73,  0d 00:39:35.05,1.2500,3.9767,C,07/25/2025 12:05:03 PM,0.0000,-0.0007,0.0,0.0
6264,0,8,  0d 01:44:15.73,  0d 00:39:36.05,1.2497,3.9767,C,07/25/2025 12:05:05 PM,0.0000,-0.0007,0.0,0.0
6265,0,8,  0d 01:44:16.73,  0d 00:39:37.05,1.2500,3.9769,C,07/25/2025 12:05:05 PM,0.0000,-0.0008,0.0,0.0
6266,0,8,  0d 01:44:17.73,  0d 00:39:38.05,1.2497,3.9770,C,07/25/2025 12:05:06 PM,0.0000,-0.0008,0.0,0.0
6267,0,8,  0d 01:44:18.73,  0d 00:39:39.05,1.2503,3.9771,C,07/25/2025 12:05:07 PM,0.0000,-0.0008,0.0,0.0
6268,0,8,  0d 01:44:19.73,  0d 00:39:40.05,1.2494,3.9773,C,07/25/2025 12:05:08 PM,0.0000,-0.0007,0.0,0.0
6269,0,8,  0d 01:44:20.73,  0d 00:39:41.05,1.2500,3.9775,C,07/25/2025 12:05:09 PM,0.0000,-0.0008,0.0,0.0
6270,0,8,  0d 01:44:21.73,  0d 00:39:42.05,1.2500,3.9776,C,07/25/2025 12:05:10 PM,0.0000,-0.0008,0.0,0.0
6271,0,8,  0d 01:44:22.73,  0d 00:39:43.05,1.2494,3.9777,C,07/25/2025 12:05:11 PM,0.0000,-0.0007,0.0,0.0
6272,0,8,  0d 01:44:23.73,  0d 00:39:44.05,1.2497,3.9777,C,07/25/2025 12:05:12 PM,0.0000,-0.0008,0.0,0.0
6273,0,8,  0d 01:44:24.73,  0d 00:39:45.05,1.2494,3.9780,C,07/25/2025 12:05:13 PM,0.0000,-0.0008,0.0,0.0
6274,0,8,  0d 01:44:25.73,  0d 00:39:46.05,1.2500,3.9780,C,07/25/2025 12:05:15 PM,0.0000,-0.0008,0.0,0.0
6275,0,8,  0d 01:44:26.73,  0d 00:39:47.05,1.2500,3.9780,C,07/25/2025 12:05:15 PM,0.0000,-0.0008,0.0,0.0
6276,0,8,  0d 01:44:27.73,  0d 00:39:48.05,1.2503,3.9782,C,07/25/2025 12:05:16 PM,0.0000,-0.0007,0.0,0.0
6277,0,8,  0d 01:44:28.73,  0d 00:39:49.05,1.2500,3.9782,C,07/25/2025 12:05:17 PM,0.0000,-0.0008,0.0,0.0
6278,0,8,  0d 01:44:29.73,  0d 00:39:50.05,1.2503,3.9783,C,07/25/2025 12:05:18 PM,0.0000,-0.0008,0.0,0.0
6279,0,8,  0d 01:44:30.73,  0d 00:39:51.05,1.2500,3.9786,C,07/25/2025 12:05:19 PM,0.0000,-0.0008,0.0,0.0
6280,0,8,  0d 01:44:31.73,  0d 00:39:52.05,1.2500,3.9786,C,07/25/2025 12:05:20 PM,0.0000,-0.0008,0.0,0.0
6281,0,8,  0d 01:44:32.73,  0d 00:39:53.05,1.2500,3.9786,C,07/25/2025 12:05:21 PM,0.0000,-0.0007,0.0,0.0
6282,0,8,  0d 01:44:33.73,  0d 00:39:54.05,1.2500,3.9790,C,07/25/2025 12:05:22 PM,0.0000,-0.0008,0.0,0.0
6283,0,8,  0d 01:44:34.73,  0d 00:39:55.05,1.2500,3.9789,C,07/25/2025 12:05:23 PM,0.0000,-0.0008,0.0,0.0
6284,0,8,  0d 01:44:35.73,  0d 00:39:56.05,1.2494,3.9789,C,07/25/2025 12:05:25 PM,0.0000,-0.0007,0.0,0.0
6285,0,8,  0d 01:44:36.73,  0d 00:39:57.05,1.2497,3.9792,C,07/25/2025 12:05:25 PM,0.0000,-0.0007,0.0,0.0
6286,0,8,  0d 01:44:37.73,  0d 00:39:58.05,1.2503,3.9794,C,07/25/2025 12:05:26 PM,0.0000,-0.0008,0.0,0.0
6287,0,8,  0d 01:44:38.73,  0d 00:39:59.05,1.2497,3.9795,C,07/25/2025 12:05:27 PM,0.0000,-0.0008,0.0,0.0
6288,0,8,  0d 01:44:39.73,  0d 00:40:00.05,1.2497,3.9796,C,07/25/2025 12:05:28 PM,0.0000,-0.0008,0.0,0.0
6289,0,8,  0d 01:44:40.73,  0d 00:40:01.05,1.2497,3.9797,C,07/25/2025 12:05:29 PM,0.0000,-0.0008,0.0,0.0
6290,0,8,  0d 01:44:41.73,  0d 00:40:02.05,1.2500,3.9797,C,07/25/2025 12:05:30 PM,0.0000,-0.0008,0.0,0.0
6291,0,8,  0d 01:44:42.73,  0d 00:40:03.05,1.2503,3.9798,C,07/25/2025 12:05:31 PM,0.0000,-0.0007,0.0,0.0
6292,0,8,  0d 01:44:43.73,  0d 00:40:04.05,1.2503,3.9800,C,07/25/2025 12:05:32 PM,0.0000,-0.0007,0.0,0.0
6293,0,8,  0d 01:44:44.73,  0d 00:40:05.05,1.2500,3.9801,C,07/25/2025 12:05:33 PM,0.0000,-0.0008,0.0,0.0
6294,0,8,  0d 01:44:45.73,  0d 00:40:06.05,1.2497,3.9802,C,07/25/2025 12:05:34 PM,0.0000,-0.0010,0.0,0.0
6295,0,8,  0d 01:44:46.73,  0d 00:40:07.05,1.2500,3.9804,C,07/25/2025 12:05:35 PM,0.0000,-0.0010,0.0,0.0
6296,0,8,  0d 01:44:47.73,  0d 00:40:08.05,1.2503,3.9804,C,07/25/2025 12:05:36 PM,0.0000,-0.0007,0.0,0.0
6297,0,8,  0d 01:44:48.73,  0d 00:40:09.05,1.2503,3.9805,C,07/25/2025 12:05:37 PM,0.0000,-0.0008,0.0,0.0
6298,0,8,  0d 01:44:49.73,  0d 00:40:10.05,1.2503,3.9808,C,07/25/2025 12:05:38 PM,0.0000,-0.0007,0.0,0.0
6299,0,8,  0d 01:44:50.73,  0d 00:40:11.05,1.2500,3.9808,C,07/25/2025 12:05:39 PM,0.0000,-0.0008,0.0,0.0
6300,0,8,  0d 01:44:51.73,  0d 00:40:12.05,1.2503,3.9810,C,07/25/2025 12:05:40 PM,0.0000,-0.0007,0.0,0.0
6301,0,8,  0d 01:44:52.73,  0d 00:40:13.05,1.2497,3.9811,C,07/25/2025 12:05:41 PM,0.0000,-0.0007,0.0,0.0
6302,0,8,  0d 01:44:53.73,  0d 00:40:14.05,1.2497,3.9812,C,07/25/2025 12:05:42 PM,0.0000,-0.0008,0.0,0.0
6303,0,8,  0d 01:44:54.73,  0d 00:40:15.05,1.2494,3.9812,C,07/25/2025 12:05:43 PM,0.0000,-0.0007,0.0,0.0
6304,0,8,  0d 01:44:55.73,  0d 00:40:16.05,1.2497,3.9814,C,07/25/2025 12:05:44 PM,0.0000,-0.0005,0.0,0.0
6305,0,8,  0d 01:44:56.73,  0d 00:40:17.05,1.2500,3.9816,C,07/25/2025 12:05:45 PM,0.0000,-0.0007,0.0,0.0
6306,0,8,  0d 01:44:57.73,  0d 00:40:18.05,1.2503,3.9815,C,07/25/2025 12:05:46 PM,0.0000,-0.0008,0.0,0.0
6307,0,8,  0d 01:44:58.73,  0d 00:40:19.05,1.2503,3.9818,C,07/25/2025 12:05:47 PM,0.0000,-0.0008,0.0,0.0
6308,0,8,  0d 01:44:59.73,  0d 00:40:20.05,1.2503,3.9820,C,07/25/2025 12:05:48 PM,0.0000,-0.0008,0.0,0.0
6309,0,8,  0d 01:45:00.73,  0d 00:40:21.05,1.2497,3.9821,C,07/25/2025 12:05:49 PM,0.0000,-0.0008,0.0,0.0
6310,0,8,  0d 01:45:01.73,  0d 00:40:22.05,1.2494,3.9822,C,07/25/2025 12:05:50 PM,0.0000,-0.0008,0.0,0.0
6311,0,8,  0d 01:45:02.73,  0d 00:40:23.05,1.2497,3.9823,C,07/25/2025 12:05:51 PM,0.0000,-0.0007,0.0,0.0
6312,0,8,  0d 01:45:03.73,  0d 00:40:24.05,1.2500,3.9825,C,07/25/2025 12:05:52 PM,0.0000,-0.0008,0.0,0.0
6313,0,8,  0d 01:45:04.73,  0d 00:40:25.05,1.2500,3.9825,C,07/25/2025 12:05:53 PM,0.0000,-0.0007,0.0,0.0
6314,0,8,  0d 01:45:05.73,  0d 00:40:26.05,1.2497,3.9826,C,07/25/2025 12:05:54 PM,0.0000,-0.0008,0.0,0.0
6315,0,8,  0d 01:45:06.73,  0d 00:40:27.05,1.2500,3.9827,C,07/25/2025 12:05:55 PM,0.0000,-0.0007,0.0,0.0
6316,0,8,  0d 01:45:07.73,  0d 00:40:28.05,1.2494,3.9828,C,07/25/2025 12:05:56 PM,0.0000,-0.0008,0.0,0.0
6317,0,8,  0d 01:45:08.73,  0d 00:40:29.05,1.2503,3.9831,C,07/25/2025 12:05:57 PM,0.0000,-0.0007,0.0,0.0
6318,0,8,  0d 01:45:09.73,  0d 00:40:30.05,1.2503,3.9831,C,07/25/2025 12:05:58 PM,0.0000,-0.0008,0.0,0.0
6319,0,8,  0d 01:45:10.73,  0d 00:40:31.05,1.2500,3.9832,C,07/25/2025 12:05:59 PM,0.0000,-0.0008,0.0,0.0
6320,0,8,  0d 01:45:11.73,  0d 00:40:32.05,1.2497,3.9832,C,07/25/2025 12:06:00 PM,0.0000,-0.0007,0.0,0.0
6321,0,8,  0d 01:45:12.73,  0d 00:40:33.05,1.2497,3.9836,C,07/25/2025 12:06:01 PM,0.0000,-0.0008,0.0,0.0
6322,0,8,  0d 01:45:13.73,  0d 00:40:34.05,1.2500,3.9835,C,07/25/2025 12:06:02 PM,0.0000,-0.0007,0.0,0.0
6323,0,8,  0d 01:45:14.73,  0d 00:40:35.05,1.2497,3.9838,C,07/25/2025 12:06:03 PM,0.0000,-0.0007,0.0,0.0
6324,0,8,  0d 01:45:15.73,  0d 00:40:36.05,1.2503,3.9840,C,07/25/2025 12:06:04 PM,0.0000,-0.0008,0.0,0.0
6325,0,8,  0d 01:45:16.73,  0d 00:40:37.05,1.2494,3.9840,C,07/25/2025 12:06:06 PM,0.0000,-0.0008,0.0,0.0
6326,0,8,  0d 01:45:17.73,  0d 00:40:38.05,1.2500,3.9840,C,07/25/2025 12:06:06 PM,0.0000,-0.0007,0.0,0.0
6327,0,8,  0d 01:45:18.73,  0d 00:40:39.05,1.2503,3.9842,C,07/25/2025 12:06:07 PM,0.0000,-0.0007,0.0,0.0
6328,0,8,  0d 01:45:19.73,  0d 00:40:40.05,1.2494,3.9844,C,07/25/2025 12:06:08 PM,0.0000,-0.0007,0.0,0.0
6329,0,8,  0d 01:45:20.73,  0d 00:40:41.05,1.2497,3.9845,C,07/25/2025 12:06:09 PM,0.0000,-0.0007,0.0,0.0
6330,0,8,  0d 01:45:21.73,  0d 00:40:42.05,1.2500,3.9847,C,07/25/2025 12:06:10 PM,0.0000,-0.0008,0.0,0.0
6331,0,8,  0d 01:45:22.73,  0d 00:40:43.05,1.2500,3.9847,C,07/25/2025 12:06:11 PM,0.0000,-0.0008,0.0,0.0
6332,0,8,  0d 01:45:23.73,  0d 00:40:44.05,1.2503,3.9848,C,07/25/2025 12:06:12 PM,0.0000,-0.0007,0.0,0.0
6333,0,8,  0d 01:45:24.73,  0d 00:40:45.05,1.2500,3.9849,C,07/25/2025 12:06:13 PM,0.0000,-0.0008,0.0,0.0
6334,0,8,  0d 01:45:25.73,  0d 00:40:46.05,1.2497,3.9850,C,07/25/2025 12:06:14 PM,0.0000,-0.0008,0.0,0.0
6335,0,8,  0d 01:45:26.73,  0d 00:40:47.05,1.2500,3.9851,C,07/25/2025 12:06:16 PM,0.0000,-0.0008,0.0,0.0
6336,0,8,  0d 01:45:27.73,  0d 00:40:48.05,1.2503,3.9854,C,07/25/2025 12:06:16 PM,0.0000,-0.0007,0.0,0.0
6337,0,8,  0d 01:45:28.73,  0d 00:40:49.05,1.2497,3.9855,C,07/25/2025 12:06:17 PM,0.0000,-0.0008,0.0,0.0
6338,0,8,  0d 01:45:29.73,  0d 00:40:50.05,1.2494,3.9856,C,07/25/2025 12:06:18 PM,0.0000,-0.0008,0.0,0.0
6339,0,8,  0d 01:45:30.73,  0d 00:40:51.05,1.2497,3.9857,C,07/25/2025 12:06:19 PM,0.0000,-0.0007,0.0,0.0
6340,0,8,  0d 01:45:31.73,  0d 00:40:52.05,1.2494,3.9858,C,07/25/2025 12:06:20 PM,0.0000,-0.0007,0.0,0.0
6341,0,8,  0d 01:45:32.73,  0d 00:40:53.05,1.2503,3.9860,C,07/25/2025 12:06:21 PM,0.0000,-0.0007,0.0,0.0
6342,0,8,  0d 01:45:33.73,  0d 00:40:54.05,1.2497,3.9861,C,07/25/2025 12:06:22 PM,0.0000,-0.0010,0.0,0.0
6343,0,8,  0d 01:45:34.73,  0d 00:40:55.05,1.2503,3.9862,C,07/25/2025 12:06:23 PM,0.0000,-0.0007,0.0,0.0
6344,0,8,  0d 01:45:35.73,  0d 00:40:56.05,1.2500,3.9863,C,07/25/2025 12:06:24 PM,0.0000,-0.0007,0.0,0.0
6345,0,8,  0d 01:45:36.73,  0d 00:40:57.05,1.2497,3.9863,C,07/25/2025 12:06:26 PM,0.0000,-0.0008,0.0,0.0
6346,0,8,  0d 01:45:37.73,  0d 00:40:58.05,1.2500,3.9866,C,07/25/2025 12:06:26 PM,0.0000,-0.0008,0.0,0.0
6347,0,8,  0d 01:45:38.73,  0d 00:40:59.05,1.2500,3.9867,C,07/25/2025 12:06:27 PM,0.0000,-0.0007,0.0,0.0
6348,0,8,  0d 01:45:39.73,  0d 00:41:00.05,1.2500,3.9870,C,07/25/2025 12:06:28 PM,0.0000,-0.0007,0.0,0.0
6349,0,8,  0d 01:45:40.73,  0d 00:41:01.05,1.2500,3.9870,C,07/25/2025 12:06:29 PM,0.0000,-0.0008,0.0,0.0
6350,0,8,  0d 01:45:41.73,  0d 00:41:02.05,1.2503,3.9870,C,07/25/2025 12:06:30 PM,0.0000,-0.0005,0.0,0.0
6351,0,8,  0d 01:45:42.73,  0d 00:41:03.05,1.2497,3.9873,C,07/25/2025 12:06:31 PM,0.0000,-0.0007,0.0,0.0
6352,0,8,  0d 01:45:43.73,  0d 00:41:04.05,1.2494,3.9874,C,07/25/2025 12:06:32 PM,0.0000,-0.0008,0.0,0.0
6353,0,8,  0d 01:45:44.73,  0d 00:41:05.05,1.2500,3.9875,C,07/25/2025 12:06:33 PM,0.0000,-0.0008,0.0,0.0
6354,0,8,  0d 01:45:45.73,  0d 00:41:06.05,1.2497,3.9876,C,07/25/2025 12:06:34 PM,0.0000,-0.0007,0.0,0.0
6355,0,8,  0d 01:45:46.73,  0d 00:41:07.05,1.2500,3.9877,C,07/25/2025 12:06:36 PM,0.0000,-0.0007,0.0,0.0
6356,0,8,  0d 01:45:47.73,  0d 00:41:08.05,1.2506,3.9878,C,07/25/2025 12:06:36 PM,0.0000,-0.0008,0.0,0.0
6357,0,8,  0d 01:45:48.73,  0d 00:41:09.05,1.2494,3.9881,C,07/25/2025 12:06:37 PM,0.0000,-0.0010,0.0,0.0
6358,0,8,  0d 01:45:49.73,  0d 00:41:10.05,1.2500,3.9880,C,07/25/2025 12:06:38 PM,0.0000,-0.0007,0.0,0.0
6359,0,8,  0d 01:45:50.73,  0d 00:41:11.05,1.2500,3.9883,C,07/25/2025 12:06:39 PM,0.0000,-0.0008,0.0,0.0
6360,0,8,  0d 01:45:51.73,  0d 00:41:12.05,1.2494,3.9884,C,07/25/2025 12:06:40 PM,0.0000,-0.0007,0.0,0.0
6361,0,8,  0d 01:45:52.73,  0d 00:41:13.05,1.2494,3.9884,C,07/25/2025 12:06:41 PM,0.0000,-0.0008,0.0,0.0
6362,0,8,  0d 01:45:53.73,  0d 00:41:14.05,1.2503,3.9886,C,07/25/2025 12:06:42 PM,0.0000,-0.0008,0.0,0.0
6363,0,8,  0d 01:45:54.73,  0d 00:41:15.05,1.2500,3.9887,C,07/25/2025 12:06:43 PM,0.0000,-0.0007,0.0,0.0
6364,0,8,  0d 01:45:55.73,  0d 00:41:16.05,1.2494,3.9889,C,07/25/2025 12:06:44 PM,0.0000,-0.0008,0.0,0.0
6365,0,8,  0d 01:45:56.73,  0d 00:41:17.05,1.2494,3.9890,C,07/25/2025 12:06:46 PM,0.0000,-0.0008,0.0,0.0
6366,0,8,  0d 01:45:57.73,  0d 00:41:18.05,1.2497,3.9892,C,07/25/2025 12:06:46 PM,0.0000,-0.0007,0.0,0.0
6367,0,8,  0d 01:45:58.73,  0d 00:41:19.05,1.2497,3.9892,C,07/25/2025 12:06:47 PM,0.0000,-0.0007,0.0,0.0
6368,0,8,  0d 01:45:59.73,  0d 00:41:20.05,1.2506,3.9893,C,07/25/2025 12:06:48 PM,0.0000,-0.0008,0.0,0.0
6369,0,8,  0d 01:46:00.73,  0d 00:41:21.05,1.2497,3.9894,C,07/25/2025 12:06:49 PM,0.0000,-0.0007,0.0,0.0
6370,0,8,  0d 01:46:01.73,  0d 00:41:22.05,1.2503,3.9897,C,07/25/2025 12:06:50 PM,0.0000,-0.0008,0.0,0.0
6371,0,8,  0d 01:46:02.73,  0d 00:41:23.05,1.2500,3.9898,C,07/25/2025 12:06:51 PM,0.0000,-0.0010,0.0,0.0
6372,0,8,  0d 01:46:03.73,  0d 00:41:24.05,1.2500,3.9899,C,07/25/2025 12:06:52 PM,0.0000,-0.0008,0.0,0.0
6373,0,8,  0d 01:46:04.73,  0d 00:41:25.05,1.2494,3.9899,C,07/25/2025 12:06:53 PM,0.0000,-0.0007,0.0,0.0
6374,0,8,  0d 01:46:05.73,  0d 00:41:26.05,1.2509,3.9901,C,07/25/2025 12:06:54 PM,0.0000,-0.0010,0.0,0.0
6375,0,8,  0d 01:46:06.73,  0d 00:41:27.05,1.2500,3.9902,C,07/25/2025 12:06:55 PM,0.0000,-0.0007,0.0,0.0
6376,0,8,  0d 01:46:07.73,  0d 00:41:28.05,1.2503,3.9903,C,07/25/2025 12:06:56 PM,0.0000,-0.0007,0.0,0.0
6377,0,8,  0d 01:46:08.73,  0d 00:41:29.05,1.2497,3.9905,C,07/25/2025 12:06:57 PM,0.0000,-0.0008,0.0,0.0
6378,0,8,  0d 01:46:09.73,  0d 00:41:30.05,1.2497,3.9907,C,07/25/2025 12:06:58 PM,0.0000,-0.0008,0.0,0.0
6379,0,8,  0d 01:46:10.73,  0d 00:41:31.05,1.2497,3.9908,C,07/25/2025 12:06:59 PM,0.0000,-0.0008,0.0,0.0
6380,0,8,  0d 01:46:11.73,  0d 00:41:32.05,1.2500,3.9911,C,07/25/2025 12:07:00 PM,0.0000,-0.0007,0.0,0.0
6381,0,8,  0d 01:46:12.73,  0d 00:41:33.05,1.2497,3.9910,C,07/25/2025 12:07:01 PM,0.0000,-0.0008,0.0,0.0
6382,0,8,  0d 01:46:13.73,  0d 00:41:34.05,1.2497,3.9912,C,07/25/2025 12:07:02 PM,0.0000,-0.0007,0.0,0.0
6383,0,8,  0d 01:46:14.73,  0d 00:41:35.05,1.2494,3.9913,C,07/25/2025 12:07:03 PM,0.0000,-0.0007,0.0,0.0
6384,0,8,  0d 01:46:15.73,  0d 00:41:36.05,1.2497,3.9914,C,07/25/2025 12:07:04 PM,0.0000,-0.0008,0.0,0.0
6385,0,8,  0d 01:46:16.73,  0d 00:41:37.05,1.2503,3.9917,C,07/25/2025 12:07:05 PM,0.0000,-0.0007,0.0,0.0
6386,0,8,  0d 01:46:17.73,  0d 00:41:38.05,1.2497,3.9919,C,07/25/2025 12:07:06 PM,0.0000,-0.0008,0.0,0.0
6387,0,8,  0d 01:46:18.73,  0d 00:41:39.05,1.2506,3.9919,C,07/25/2025 12:07:07 PM,0.0000,-0.0008,0.0,0.0
6388,0,8,  0d 01:46:19.73,  0d 00:41:40.05,1.2500,3.9920,C,07/25/2025 12:07:08 PM,0.0000,-0.0007,0.0,0.0
6389,0,8,  0d 01:46:20.73,  0d 00:41:41.05,1.2506,3.9922,C,07/25/2025 12:07:09 PM,0.0000,-0.0005,0.0,0.0
6390,0,8,  0d 01:46:21.73,  0d 00:41:42.05,1.2497,3.9921,C,07/25/2025 12:07:10 PM,0.0000,-0.0007,0.0,0.0
6391,0,8,  0d 01:46:22.73,  0d 00:41:43.05,1.2494,3.9922,C,07/25/2025 12:07:11 PM,0.0000,-0.0010,0.0,0.0
6392,0,8,  0d 01:46:23.73,  0d 00:41:44.05,1.2497,3.9924,C,07/25/2025 12:07:12 PM,0.0000,-0.0007,0.0,0.0
6393,0,8,  0d 01:46:24.73,  0d 00:41:45.05,1.2494,3.9927,C,07/25/2025 12:07:13 PM,0.0000,-0.0010,0.0,0.0
6394,0,8,  0d 01:46:25.73,  0d 00:41:46.05,1.2506,3.9928,C,07/25/2025 12:07:14 PM,0.0000,-0.0007,0.0,0.0
6395,0,8,  0d 01:46:26.73,  0d 00:41:47.05,1.2500,3.9929,C,07/25/2025 12:07:15 PM,0.0000,-0.0007,0.0,0.0
6396,0,8,  0d 01:46:27.73,  0d 00:41:48.05,1.2500,3.9931,C,07/25/2025 12:07:17 PM,0.0000,-0.0008,0.0,0.0
6397,0,8,  0d 01:46:28.73,  0d 00:41:49.05,1.2503,3.9932,C,07/25/2025 12:07:17 PM,0.0000,-0.0010,0.0,0.0
6398,0,8,  0d 01:46:29.73,  0d 00:41:50.05,1.2497,3.9934,C,07/25/2025 12:07:18 PM,0.0000,-0.0007,0.0,0.0
6399,0,8,  0d 01:46:30.73,  0d 00:41:51.05,1.2497,3.9935,C,07/25/2025 12:07:19 PM,0.0000,-0.0007,0.0,0.0
6400,0,8,  0d 01:46:31.73,  0d 00:41:52.05,1.2494,3.9935,C,07/25/2025 12:07:20 PM,0.0000,-0.0008,0.0,0.0
6401,0,8,  0d 01:46:32.73,  0d 00:41:53.05,1.2500,3.9937,C,07/25/2025 12:07:21 PM,0.0000,-0.0007,0.0,0.0
6402,0,8,  0d 01:46:33.73,  0d 00:41:54.05,1.2500,3.9937,C,07/25/2025 12:07:22 PM,0.0000,-0.0008,0.0,0.0
6403,0,8,  0d 01:46:34.73,  0d 00:41:55.05,1.2500,3.9940,C,07/25/2025 12:07:23 PM,0.0000,-0.0007,0.0,0.0
6404,0,8,  0d 01:46:35.73,  0d 00:41:56.05,1.2500,3.9941,C,07/25/2025 12:07:24 PM,0.0000,-0.0008,0.0,0.0
6405,0,8,  0d 01:46:36.73,  0d 00:41:57.05,1.2497,3.9942,C,07/25/2025 12:07:25 PM,0.0000,-0.0008,0.0,0.0
6406,0,8,  0d 01:46:37.73,  0d 00:41:58.05,1.2497,3.9943,C,07/25/2025 12:07:27 PM,0.0000,-0.0007,0.0,0.0
6407,0,8,  0d 01:46:38.73,  0d 00:41:59.05,1.2497,3.9944,C,07/25/2025 12:07:27 PM,0.0000,-0.0007,0.0,0.0
6408,0,8,  0d 01:46:39.73,  0d 00:42:00.05,1.2500,3.9947,C,07/25/2025 12:07:28 PM,0.0000,-0.0008,0.0,0.0
6409,0,8,  0d 01:46:40.73,  0d 00:42:01.05,1.2500,3.9948,C,07/25/2025 12:07:29 PM,0.0000,-0.0007,0.0,0.0
6410,0,8,  0d 01:46:41.73,  0d 00:42:02.05,1.2500,3.9949,C,07/25/2025 12:07:30 PM,0.0000,-0.0008,0.0,0.0
6411,0,8,  0d 01:46:42.73,  0d 00:42:03.05,1.2503,3.9951,C,07/25/2025 12:07:31 PM,0.0000,-0.0008,0.0,0.0
6412,0,8,  0d 01:46:43.73,  0d 00:42:04.05,1.2497,3.9953,C,07/25/2025 12:07:32 PM,0.0000,-0.0007,0.0,0.0
6413,0,8,  0d 01:46:44.73,  0d 00:42:05.05,1.2497,3.9954,C,07/25/2025 12:07:33 PM,0.0000,-0.0007,0.0,0.0
6414,0,8,  0d 01:46:45.73,  0d 00:42:06.05,1.2497,3.9956,C,07/25/2025 12:07:34 PM,0.0000,-0.0008,0.0,0.0
6415,0,8,  0d 01:46:46.73,  0d 00:42:07.05,1.2500,3.9957,C,07/25/2025 12:07:35 PM,0.0000,-0.0007,0.0,0.0
6416,0,8,  0d 01:46:47.73,  0d 00:42:08.05,1.2497,3.9957,C,07/25/2025 12:07:37 PM,0.0000,-0.0008,0.0,0.0
6417,0,8,  0d 01:46:48.73,  0d 00:42:09.05,1.2503,3.9958,C,07/25/2025 12:07:37 PM,0.0000,-0.0008,0.0,0.0
6418,0,8,  0d 01:46:49.73,  0d 00:42:10.05,1.2497,3.9960,C,07/25/2025 12:07:38 PM,0.0000,-0.0007,0.0,0.0
6419,0,8,  0d 01:46:50.73,  0d 00:42:11.05,1.2500,3.9961,C,07/25/2025 12:07:39 PM,0.0000,-0.0008,0.0,0.0
6420,0,8,  0d 01:46:51.73,  0d 00:42:12.05,1.2503,3.9963,C,07/25/2025 12:07:40 PM,0.0000,-0.0008,0.0,0.0
6421,0,8,  0d 01:46:52.73,  0d 00:42:13.05,1.2491,3.9964,C,07/25/2025 12:07:41 PM,0.0000,-0.0008,0.0,0.0
6422,0,8,  0d 01:46:53.73,  0d 00:42:14.05,1.2503,3.9966,C,07/25/2025 12:07:42 PM,0.0000,-0.0008,0.0,0.0
6423,0,8,  0d 01:46:54.73,  0d 00:42:15.05,1.2503,3.9968,C,07/25/2025 12:07:43 PM,0.0000,-0.0005,0.0,0.0
6424,0,8,  0d 01:46:55.73,  0d 00:42:16.05,1.2500,3.9969,C,07/25/2025 12:07:44 PM,0.0000,-0.0008,0.0,0.0
6425,0,8,  0d 01:46:56.73,  0d 00:42:17.05,1.2500,3.9970,C,07/25/2025 12:07:45 PM,0.0000,-0.0008,0.0,0.0
6426,0,8,  0d 01:46:57.73,  0d 00:42:18.05,1.2503,3.9972,C,07/25/2025 12:07:47 PM,0.0000,-0.0007,0.0,0.0
6427,0,8,  0d 01:46:58.73,  0d 00:42:19.05,1.2506,3.9973,C,07/25/2025 12:07:47 PM,0.0000,-0.0008,0.0,0.0
6428,0,8,  0d 01:46:59.73,  0d 00:42:20.05,1.2500,3.9973,C,07/25/2025 12:07:48 PM,0.0000,-0.0008,0.0,0.0
6429,0,8,  0d 01:47:00.73,  0d 00:42:21.05,1.2494,3.9975,C,07/25/2025 12:07:49 PM,0.0000,-0.0008,0.0,0.0
6430,0,8,  0d 01:47:01.73,  0d 00:42:22.05,1.2506,3.9977,C,07/25/2025 12:07:50 PM,0.0000,-0.0010,0.0,0.0
6431,0,8,  0d 01:47:02.73,  0d 00:42:23.05,1.2500,3.9979,C,07/25/2025 12:07:51 PM,0.0000,-0.0008,0.0,0.0
6432,0,8,  0d 01:47:03.73,  0d 00:42:24.05,1.2494,3.9979,C,07/25/2025 12:07:52 PM,0.0000,-0.0007,0.0,0.0
6433,0,8,  0d 01:47:04.73,  0d 00:42:25.05,1.2503,3.9980,C,07/25/2025 12:07:53 PM,0.0000,-0.0008,0.0,0.0
6434,0,8,  0d 01:47:05.73,  0d 00:42:26.05,1.2503,3.9983,C,07/25/2025 12:07:54 PM,0.0000,-0.0007,0.0,0.0
6435,0,8,  0d 01:47:06.73,  0d 00:42:27.05,1.2494,3.9983,C,07/25/2025 12:07:55 PM,0.0000,-0.0008,0.0,0.0
6436,0,8,  0d 01:47:07.73,  0d 00:42:28.05,1.2500,3.9986,C,07/25/2025 12:07:57 PM,0.0000,-0.0007,0.0,0.0
6437,0,8,  0d 01:47:08.73,  0d 00:42:29.05,1.2500,3.9986,C,07/25/2025 12:07:57 PM,0.0000,-0.0007,0.0,0.0
6438,0,8,  0d 01:47:09.73,  0d 00:42:30.05,1.2497,3.9987,C,07/25/2025 12:07:58 PM,0.0000,-0.0008,0.0,0.0
6439,0,8,  0d 01:47:10.73,  0d 00:42:31.05,1.2503,3.9989,C,07/25/2025 12:07:59 PM,0.0000,-0.0005,0.0,0.0
6440,0,8,  0d 01:47:11.73,  0d 00:42:32.05,1.2500,3.9992,C,07/25/2025 12:08:00 PM,0.0000,-0.0007,0.0,0.0
6441,0,8,  0d 01:47:12.73,  0d 00:42:33.05,1.2497,3.9992,C,07/25/2025 12:08:01 PM,0.0000,-0.0008,0.0,0.0
6442,0,8,  0d 01:47:13.73,  0d 00:42:34.05,1.2500,3.9993,C,07/25/2025 12:08:02 PM,0.0000,-0.0007,0.0,0.0
6443,0,8,  0d 01:47:14.73,  0d 00:42:35.05,1.2500,3.9995,C,07/25/2025 12:08:03 PM,0.0000,-0.0007,0.0,0.0
6444,0,8,  0d 01:47:15.73,  0d 00:42:36.05,1.2497,3.9998,C,07/25/2025 12:08:04 PM,0.0000,-0.0008,0.0,0.0
6445,0,8,  0d 01:47:16.73,  0d 00:42:37.05,1.2491,3.9998,C,07/25/2025 12:08:05 PM,0.0000,-0.0008,0.0,0.0
6446,0,8,  0d 01:47:17.73,  0d 00:42:38.05,1.2500,4.0000,C,07/25/2025 12:08:06 PM,0.0000,-0.0005,0.0,0.0
6447,0,8,  0d 01:47:18.73,  0d 00:42:39.05,1.2500,4.0002,C,07/25/2025 12:08:07 PM,0.0000,-0.0010,0.0,0.0
6448,0,8,  0d 01:47:19.73,  0d 00:42:40.05,1.2500,4.0002,C,07/25/2025 12:08:08 PM,0.0000,-0.0008,0.0,0.0
6449,0,8,  0d 01:47:20.73,  0d 00:42:41.05,1.2500,4.0004,C,07/25/2025 12:08:09 PM,0.0000,-0.0008,0.0,0.0
6450,0,8,  0d 01:47:21.73,  0d 00:42:42.05,1.2500,4.0007,C,07/25/2025 12:08:10 PM,0.0000,-0.0007,0.0,0.0
6451,0,8,  0d 01:47:22.73,  0d 00:42:43.05,1.2500,4.0008,C,07/25/2025 12:08:11 PM,0.0000,-0.0008,0.0,0.0
6452,0,8,  0d 01:47:23.73,  0d 00:42:44.05,1.2500,4.0008,C,07/25/2025 12:08:12 PM,0.0000,-0.0008,0.0,0.0
6453,0,8,  0d 01:47:24.73,  0d 00:42:45.05,1.2500,4.0010,C,07/25/2025 12:08:13 PM,0.0000,-0.0007,0.0,0.0
6454,0,8,  0d 01:47:25.73,  0d 00:42:46.05,1.2497,4.0011,C,07/25/2025 12:08:14 PM,0.0000,-0.0007,0.0,0.0
6455,0,8,  0d 01:47:26.73,  0d 00:42:47.05,1.2497,4.0012,C,07/25/2025 12:08:15 PM,0.0000,-0.0008,0.0,0.0
6456,0,8,  0d 01:47:27.73,  0d 00:42:48.05,1.2500,4.0014,C,07/25/2025 12:08:16 PM,0.0000,-0.0007,0.0,0.0
6457,0,8,  0d 01:47:28.73,  0d 00:42:49.05,1.2503,4.0016,C,07/25/2025 12:08:17 PM,0.0000,-0.0007,0.0,0.0
6458,0,8,  0d 01:47:29.73,  0d 00:42:50.05,1.2500,4.0017,C,07/25/2025 12:08:18 PM,0.0000,-0.0007,0.0,0.0
6459,0,8,  0d 01:47:30.73,  0d 00:42:51.05,1.2494,4.0018,C,07/25/2025 12:08:19 PM,0.0000,-0.0007,0.0,0.0
6460,0,8,  0d 01:47:31.73,  0d 00:42:52.05,1.2497,4.0019,C,07/25/2025 12:08:20 PM,0.0000,-0.0008,0.0,0.0
6461,0,8,  0d 01:47:32.73,  0d 00:42:53.05,1.2497,4.0021,C,07/25/2025 12:08:21 PM,0.0000,-0.0008,0.0,0.0
6462,0,8,  0d 01:47:33.73,  0d 00:42:54.05,1.2497,4.0022,C,07/25/2025 12:08:22 PM,0.0000,-0.0008,0.0,0.0
6463,0,8,  0d 01:47:34.73,  0d 00:42:55.05,1.2497,4.0024,C,07/25/2025 12:08:23 PM,0.0000,-0.0007,0.0,0.0
6464,0,8,  0d 01:47:35.73,  0d 00:42:56.05,1.2503,4.0025,C,07/25/2025 12:08:24 PM,0.0000,-0.0008,0.0,0.0
6465,0,8,  0d 01:47:36.73,  0d 00:42:57.05,1.2488,4.0025,C,07/25/2025 12:08:25 PM,0.0000,-0.0008,0.0,0.0
6466,0,8,  0d 01:47:37.73,  0d 00:42:58.05,1.2497,4.0028,C,07/25/2025 12:08:26 PM,0.0000,-0.0008,0.0,0.0
6467,0,8,  0d 01:47:38.73,  0d 00:42:59.05,1.2497,4.0031,C,07/25/2025 12:08:28 PM,0.0000,-0.0008,0.0,0.0
6468,0,8,  0d 01:47:39.73,  0d 00:43:00.05,1.2497,4.0031,C,07/25/2025 12:08:28 PM,0.0000,-0.0008,0.0,0.0
6469,0,8,  0d 01:47:40.73,  0d 00:43:01.05,1.2494,4.0034,C,07/25/2025 12:08:29 PM,0.0000,-0.0008,0.0,0.0
6470,0,8,  0d 01:47:41.73,  0d 00:43:02.05,1.2500,4.0035,C,07/25/2025 12:08:30 PM,0.0000,-0.0008,0.0,0.0
6471,0,8,  0d 01:47:42.73,  0d 00:43:03.05,1.2497,4.0036,C,07/25/2025 12:08:31 PM,0.0000,-0.0007,0.0,0.0
6472,0,8,  0d 01:47:43.73,  0d 00:43:04.05,1.2503,4.0038,C,07/25/2025 12:08:32 PM,0.0000,-0.0007,0.0,0.0
6473,0,8,  0d 01:47:44.73,  0d 00:43:05.05,1.2500,4.0039,C,07/25/2025 12:08:33 PM,0.0000,-0.0008,0.0,0.0
6474,0,8,  0d 01:47:45.73,  0d 00:43:06.05,1.2503,4.0039,C,07/25/2025 12:08:34 PM,0.0000,-0.0007,0.0,0.0
6475,0,8,  0d 01:47:46.73,  0d 00:43:07.05,1.2506,4.0041,C,07/25/2025 12:08:35 PM,0.0000,-0.0007,0.0,0.0
6476,0,8,  0d 01:47:47.73,  0d 00:43:08.05,1.2497,4.0043,C,07/25/2025 12:08:36 PM,0.0000,-0.0008,0.0,0.0
6477,0,8,  0d 01:47:48.73,  0d 00:43:09.05,1.2497,4.0044,C,07/25/2025 12:08:38 PM,0.0000,-0.0007,0.0,0.0
6478,0,8,  0d 01:47:49.73,  0d 00:43:10.05,1.2500,4.0046,C,07/25/2025 12:08:38 PM,0.0000,-0.0008,0.0,0.0
6479,0,8,  0d 01:47:50.73,  0d 00:43:11.05,1.2500,4.0048,C,07/25/2025 12:08:39 PM,0.0000,-0.0007,0.0,0.0
6480,0,8,  0d 01:47:51.73,  0d 00:43:12.05,1.2497,4.0048,C,07/25/2025 12:08:40 PM,0.0000,-0.0008,0.0,0.0
6481,0,8,  0d 01:47:52.73,  0d 00:43:13.05,1.2497,4.0050,C,07/25/2025 12:08:41 PM,0.0000,-0.0007,0.0,0.0
6482,0,8,  0d 01:47:53.73,  0d 00:43:14.05,1.2503,4.0051,C,07/25/2025 12:08:42 PM,0.0000,-0.0010,0.0,0.0
6483,0,8,  0d 01:47:54.73,  0d 00:43:15.05,1.2503,4.0053,C,07/25/2025 12:08:43 PM,0.0000,-0.0007,0.0,0.0
6484,0,8,  0d 01:47:55.73,  0d 00:43:16.05,1.2503,4.0054,C,07/25/2025 12:08:44 PM,0.0000,-0.0005,0.0,0.0
6485,0,8,  0d 01:47:56.73,  0d 00:43:17.05,1.2497,4.0055,C,07/25/2025 12:08:45 PM,0.0000,-0.0010,0.0,0.0
6486,0,8,  0d 01:47:57.73,  0d 00:43:18.05,1.2497,4.0058,C,07/25/2025 12:08:46 PM,0.0000,-0.0008,0.0,0.0
6487,0,8,  0d 01:47:58.73,  0d 00:43:19.05,1.2494,4.0059,C,07/25/2025 12:08:48 PM,0.0000,-0.0007,0.0,0.0
6488,0,8,  0d 01:47:59.73,  0d 00:43:20.05,1.2491,4.0060,C,07/25/2025 12:08:48 PM,0.0000,-0.0007,0.0,0.0
6489,0,8,  0d 01:48:00.73,  0d 00:43:21.05,1.2503,4.0063,C,07/25/2025 12:08:49 PM,0.0000,-0.0007,0.0,0.0
6490,0,8,  0d 01:48:01.73,  0d 00:43:22.05,1.2500,4.0063,C,07/25/2025 12:08:50 PM,0.0000,-0.0007,0.0,0.0
6491,0,8,  0d 01:48:02.73,  0d 00:43:23.05,1.2497,4.0064,C,07/25/2025 12:08:51 PM,0.0000,-0.0007,0.0,0.0
6492,0,8,  0d 01:48:03.73,  0d 00:43:24.05,1.2506,4.0067,C,07/25/2025 12:08:52 PM,0.0000,-0.0007,0.0,0.0
6493,0,8,  0d 01:48:04.73,  0d 00:43:25.05,1.2494,4.0069,C,07/25/2025 12:08:53 PM,0.0000,-0.0007,0.0,0.0
6494,0,8,  0d 01:48:05.73,  0d 00:43:26.05,1.2497,4.0070,C,07/25/2025 12:08:54 PM,0.0000,-0.0008,0.0,0.0
6495,0,8,  0d 01:48:06.73,  0d 00:43:27.05,1.2503,4.0072,C,07/25/2025 12:08:55 PM,0.0000,-0.0008,0.0,0.0
6496,0,8,  0d 01:48:07.73,  0d 00:43:28.05,1.2497,4.0072,C,07/25/2025 12:08:56 PM,0.0000,-0.0007,0.0,0.0
6497,0,8,  0d 01:48:08.73,  0d 00:43:29.05,1.2503,4.0074,C,07/25/2025 12:08:58 PM,0.0000,-0.0007,0.0,0.0
6498,0,8,  0d 01:48:09.73,  0d 00:43:30.05,1.2500,4.0075,C,07/25/2025 12:08:58 PM,0.0000,-0.0008,0.0,0.0
6499,0,8,  0d 01:48:10.73,  0d 00:43:31.05,1.2500,4.0079,C,07/25/2025 12:08:59 PM,0.0000,-0.0008,0.0,0.0
6500,0,8,  0d 01:48:11.73,  0d 00:43:32.05,1.2500,4.0078,C,07/25/2025 12:09:00 PM,0.0000,-0.0008,0.0,0.0
6501,0,8,  0d 01:48:12.73,  0d 00:43:33.05,1.2497,4.0079,C,07/25/2025 12:09:01 PM,0.0000,-0.0007,0.0,0.0
6502,0,8,  0d 01:48:13.73,  0d 00:43:34.05,1.2494,4.0080,C,07/25/2025 12:09:02 PM,0.0000,-0.0007,0.0,0.0
6503,0,8,  0d 01:48:14.73,  0d 00:43:35.05,1.2500,4.0084,C,07/25/2025 12:09:03 PM,0.0000,-0.0008,0.0,0.0
6504,0,8,  0d 01:48:15.73,  0d 00:43:36.05,1.2494,4.0085,C,07/25/2025 12:09:04 PM,0.0000,-0.0008,0.0,0.0
6505,0,8,  0d 01:48:16.73,  0d 00:43:37.05,1.2500,4.0085,C,07/25/2025 12:09:05 PM,0.0000,-0.0007,0.0,0.0
6506,0,8,  0d 01:48:17.73,  0d 00:43:38.05,1.2497,4.0087,C,07/25/2025 12:09:06 PM,0.0000,-0.0007,0.0,0.0
6507,0,8,  0d 01:48:18.73,  0d 00:43:39.05,1.2503,4.0089,C,07/25/2025 12:09:08 PM,0.0000,-0.0008,0.0,0.0
6508,0,8,  0d 01:48:19.73,  0d 00:43:40.05,1.2497,4.0091,C,07/25/2025 12:09:08 PM,0.0000,-0.0008,0.0,0.0
6509,0,8,  0d 01:48:20.73,  0d 00:43:41.05,1.2494,4.0092,C,07/25/2025 12:09:09 PM,0.0000,-0.0008,0.0,0.0
6510,0,8,  0d 01:48:21.73,  0d 00:43:42.05,1.2497,4.0094,C,07/25/2025 12:09:10 PM,0.0000,-0.0007,0.0,0.0
6511,0,8,  0d 01:48:22.73,  0d 00:43:43.05,1.2497,4.0095,C,07/25/2025 12:09:11 PM,0.0000,-0.0007,0.0,0.0
6512,0,8,  0d 01:48:23.73,  0d 00:43:44.05,1.2506,4.0098,C,07/25/2025 12:09:12 PM,0.0000,-0.0007,0.0,0.0
6513,0,8,  0d 01:48:24.73,  0d 00:43:45.05,1.2500,4.0098,C,07/25/2025 12:09:13 PM,0.0000,-0.0008,0.0,0.0
6514,0,8,  0d 01:48:25.73,  0d 00:43:46.05,1.2503,4.0100,C,07/25/2025 12:09:14 PM,0.0000,-0.0008,0.0,0.0
6515,0,8,  0d 01:48:26.73,  0d 00:43:47.05,1.2500,4.0101,C,07/25/2025 12:09:15 PM,0.0000,-0.0007,0.0,0.0
6516,0,8,  0d 01:48:27.73,  0d 00:43:48.05,1.2500,4.0103,C,07/25/2025 12:09:16 PM,0.0000,-0.0007,0.0,0.0
6517,0,8,  0d 01:48:28.73,  0d 00:43:49.05,1.2503,4.0105,C,07/25/2025 12:09:17 PM,0.0000,-0.0007,0.0,0.0
6518,0,8,  0d 01:48:29.73,  0d 00:43:50.05,1.2494,4.0105,C,07/25/2025 12:09:18 PM,0.0000,-0.0008,0.0,0.0
6519,0,8,  0d 01:48:30.73,  0d 00:43:51.05,1.2503,4.0108,C,07/25/2025 12:09:19 PM,0.0000,-0.0008,0.0,0.0
6520,0,8,  0d 01:48:31.73,  0d 00:43:52.05,1.2500,4.0108,C,07/25/2025 12:09:20 PM,0.0000,-0.0007,0.0,0.0
6521,0,8,  0d 01:48:32.73,  0d 00:43:53.05,1.2497,4.0111,C,07/25/2025 12:09:21 PM,0.0000,-0.0008,0.0,0.0
6522,0,8,  0d 01:48:33.73,  0d 00:43:54.05,1.2500,4.0111,C,07/25/2025 12:09:22 PM,0.0000,-0.0007,0.0,0.0
6523,0,8,  0d 01:48:34.73,  0d 00:43:55.05,1.2494,4.0113,C,07/25/2025 12:09:23 PM,0.0000,-0.0007,0.0,0.0
6524,0,8,  0d 01:48:35.73,  0d 00:43:56.05,1.2491,4.0114,C,07/25/2025 12:09:24 PM,0.0000,-0.0007,0.0,0.0
6525,0,8,  0d 01:48:36.73,  0d 00:43:57.05,1.2494,4.0117,C,07/25/2025 12:09:25 PM,0.0000,-0.0007,0.0,0.0
6526,0,8,  0d 01:48:37.73,  0d 00:43:58.05,1.2500,4.0117,C,07/25/2025 12:09:26 PM,0.0000,-0.0007,0.0,0.0
6527,0,8,  0d 01:48:38.73,  0d 00:43:59.05,1.2506,4.0119,C,07/25/2025 12:09:27 PM,0.0000,-0.0008,0.0,0.0
6528,0,8,  0d 01:48:39.73,  0d 00:44:00.05,1.2497,4.0121,C,07/25/2025 12:09:28 PM,0.0000,-0.0008,0.0,0.0
6529,0,8,  0d 01:48:40.73,  0d 00:44:01.05,1.2497,4.0122,C,07/25/2025 12:09:29 PM,0.0000,-0.0007,0.0,0.0
6530,0,8,  0d 01:48:41.73,  0d 00:44:02.05,1.2497,4.0122,C,07/25/2025 12:09:30 PM,0.0000,-0.0008,0.0,0.0
6531,0,8,  0d 01:48:42.73,  0d 00:44:03.05,1.2500,4.0124,C,07/25/2025 12:09:31 PM,0.0000,-0.0007,0.0,0.0
6532,0,8,  0d 01:48:43.73,  0d 00:44:04.05,1.2500,4.0126,C,07/25/2025 12:09:32 PM,0.0000,-0.0007,0.0,0.0
6533,0,8,  0d 01:48:44.73,  0d 00:44:05.05,1.2500,4.0130,C,07/25/2025 12:09:33 PM,0.0000,-0.0007,0.0,0.0
6534,0,8,  0d 01:48:45.73,  0d 00:44:06.05,1.2503,4.0130,C,07/25/2025 12:09:34 PM,0.0000,-0.0008,0.0,0.0
6535,0,8,  0d 01:48:46.73,  0d 00:44:07.05,1.2497,4.0133,C,07/25/2025 12:09:35 PM,0.0000,-0.0007,0.0,0.0
6536,0,8,  0d 01:48:47.73,  0d 00:44:08.05,1.2497,4.0134,C,07/25/2025 12:09:36 PM,0.0000,-0.0008,0.0,0.0
6537,0,8,  0d 01:48:48.73,  0d 00:44:09.05,1.2503,4.0134,C,07/25/2025 12:09:37 PM,0.0000,-0.0008,0.0,0.0
6538,0,8,  0d 01:48:49.73,  0d 00:44:10.05,1.2500,4.0136,C,07/25/2025 12:09:38 PM,0.0000,-0.0007,0.0,0.0
6539,0,8,  0d 01:48:50.73,  0d 00:44:11.05,1.2500,4.0138,C,07/25/2025 12:09:39 PM,0.0000,-0.0008,0.0,0.0
6540,0,8,  0d 01:48:51.73,  0d 00:44:12.05,1.2500,4.0140,C,07/25/2025 12:09:40 PM,0.0000,-0.0008,0.0,0.0
6541,0,8,  0d 01:48:52.73,  0d 00:44:13.05,1.2503,4.0142,C,07/25/2025 12:09:41 PM,0.0000,-0.0007,0.0,0.0
6542,0,8,  0d 01:48:53.73,  0d 00:44:14.05,1.2500,4.0143,C,07/25/2025 12:09:42 PM,0.0000,-0.0008,0.0,0.0
6543,0,8,  0d 01:48:54.73,  0d 00:44:15.05,1.2494,4.0144,C,07/25/2025 12:09:43 PM,0.0000,-0.0008,0.0,0.0
6544,0,8,  0d 01:48:55.73,  0d 00:44:16.05,1.2500,4.0146,C,07/25/2025 12:09:44 PM,0.0000,-0.0008,0.0,0.0
6545,0,8,  0d 01:48:56.73,  0d 00:44:17.05,1.2500,4.0147,C,07/25/2025 12:09:45 PM,0.0000,-0.0007,0.0,0.0
6546,0,8,  0d 01:48:57.73,  0d 00:44:18.05,1.2500,4.0148,C,07/25/2025 12:09:46 PM,0.0000,-0.0005,0.0,0.0
6547,0,8,  0d 01:48:58.73,  0d 00:44:19.05,1.2500,4.0149,C,07/25/2025 12:09:47 PM,0.0000,-0.0005,0.0,0.0
6548,0,8,  0d 01:48:59.73,  0d 00:44:20.05,1.2497,4.0153,C,07/25/2025 12:09:49 PM,0.0000,-0.0008,0.0,0.0
6549,0,8,  0d 01:49:00.73,  0d 00:44:21.05,1.2500,4.0155,C,07/25/2025 12:09:49 PM,0.0000,-0.0008,0.0,0.0
6550,0,8,  0d 01:49:01.73,  0d 00:44:22.05,1.2497,4.0156,C,07/25/2025 12:09:50 PM,0.0000,-0.0007,0.0,0.0
6551,0,8,  0d 01:49:02.73,  0d 00:44:23.05,1.2491,4.0156,C,07/25/2025 12:09:51 PM,0.0000,-0.0008,0.0,0.0
6552,0,8,  0d 01:49:03.73,  0d 00:44:24.05,1.2500,4.0159,C,07/25/2025 12:09:52 PM,0.0000,-0.0010,0.0,0.0
6553,0,8,  0d 01:49:04.73,  0d 00:44:25.05,1.2497,4.0161,C,07/25/2025 12:09:53 PM,0.0000,-0.0008,0.0,0.0
6554,0,8,  0d 01:49:05.73,  0d 00:44:26.05,1.2497,4.0163,C,07/25/2025 12:09:54 PM,0.0000,-0.0008,0.0,0.0
6555,0,8,  0d 01:49:06.73,  0d 00:44:27.05,1.2500,4.0164,C,07/25/2025 12:09:55 PM,0.0000,-0.0008,0.0,0.0
6556,0,8,  0d 01:49:07.73,  0d 00:44:28.05,1.2503,4.0165,C,07/25/2025 12:09:56 PM,0.0000,-0.0008,0.0,0.0
6557,0,8,  0d 01:49:08.73,  0d 00:44:29.05,1.2503,4.0167,C,07/25/2025 12:09:57 PM,0.0000,-0.0008,0.0,0.0
6558,0,8,  0d 01:49:09.73,  0d 00:44:30.05,1.2500,4.0169,C,07/25/2025 12:09:59 PM,0.0000,-0.0008,0.0,0.0
6559,0,8,  0d 01:49:10.73,  0d 00:44:31.05,1.2494,4.0169,C,07/25/2025 12:09:59 PM,0.0000,-0.0008,0.0,0.0
6560,0,8,  0d 01:49:11.73,  0d 00:44:32.05,1.2500,4.0171,C,07/25/2025 12:10:00 PM,0.0000,-0.0007,0.0,0.0
6561,0,8,  0d 01:49:12.73,  0d 00:44:33.05,1.2503,4.0173,C,07/25/2025 12:10:01 PM,0.0000,-0.0008,0.0,0.0
6562,0,8,  0d 01:49:13.73,  0d 00:44:34.05,1.2500,4.0175,C,07/25/2025 12:10:02 PM,0.0000,-0.0007,0.0,0.0
6563,0,8,  0d 01:49:14.73,  0d 00:44:35.05,1.2497,4.0175,C,07/25/2025 12:10:03 PM,0.0000,-0.0008,0.0,0.0
6564,0,8,  0d 01:49:15.73,  0d 00:44:36.05,1.2503,4.0178,C,07/25/2025 12:10:04 PM,0.0000,-0.0008,0.0,0.0
6565,0,8,  0d 01:49:16.73,  0d 00:44:37.05,1.2494,4.0179,C,07/25/2025 12:10:05 PM,0.0000,-0.0010,0.0,0.0
6566,0,8,  0d 01:49:17.73,  0d 00:44:38.05,1.2497,4.0180,C,07/25/2025 12:10:06 PM,0.0000,-0.0008,0.0,0.0
6567,0,8,  0d 01:49:18.73,  0d 00:44:39.05,1.2500,4.0182,C,07/25/2025 12:10:07 PM,0.0000,-0.0007,0.0,0.0
6568,0,8,  0d 01:49:19.73,  0d 00:44:40.05,1.2503,4.0184,C,07/25/2025 12:10:09 PM,0.0000,-0.0007,0.0,0.0
6569,0,8,  0d 01:49:20.73,  0d 00:44:41.05,1.2500,4.0186,C,07/25/2025 12:10:09 PM,0.0000,-0.0007,0.0,0.0
6570,0,8,  0d 01:49:21.73,  0d 00:44:42.05,1.2497,4.0188,C,07/25/2025 12:10:10 PM,0.0000,-0.0007,0.0,0.0
6571,0,8,  0d 01:49:22.73,  0d 00:44:43.05,1.2494,4.0188,C,07/25/2025 12:10:11 PM,0.0000,-0.0008,0.0,0.0
6572,0,8,  0d 01:49:23.73,  0d 00:44:44.05,1.2500,4.0191,C,07/25/2025 12:10:12 PM,0.0000,-0.0008,0.0,0.0
6573,0,8,  0d 01:49:24.73,  0d 00:44:45.05,1.2500,4.0193,C,07/25/2025 12:10:13 PM,0.0000,-0.0008,0.0,0.0
6574,0,8,  0d 01:49:25.73,  0d 00:44:46.05,1.2500,4.0195,C,07/25/2025 12:10:14 PM,0.0000,-0.0007,0.0,0.0
6575,0,8,  0d 01:49:26.73,  0d 00:44:47.05,1.2494,4.0195,C,07/25/2025 12:10:15 PM,0.0000,-0.0008,0.0,0.0
6576,0,8,  0d 01:49:27.73,  0d 00:44:48.05,1.2491,4.0197,C,07/25/2025 12:10:16 PM,0.0000,-0.0008,0.0,0.0
6577,0,8,  0d 01:49:28.73,  0d 00:44:49.05,1.2500,4.0198,C,07/25/2025 12:10:17 PM,0.0000,-0.0008,0.0,0.0
6578,0,8,  0d 01:49:29.73,  0d 00:44:50.05,1.2500,4.0200,C,07/25/2025 12:10:19 PM,0.0000,-0.0008,0.0,0.0
6579,0,8,  0d 01:49:30.73,  0d 00:44:51.05,1.2500,4.0201,C,07/25/2025 12:10:19 PM,0.0000,-0.0010,0.0,0.0
6580,0,8,  0d 01:49:31.73,  0d 00:44:52.05,1.2497,4.0204,C,07/25/2025 12:10:20 PM,0.0000,-0.0007,0.0,0.0
6581,0,8,  0d 01:49:32.73,  0d 00:44:53.05,1.2497,4.0205,C,07/25/2025 12:10:21 PM,0.0000,-0.0008,0.0,0.0
6582,0,8,  0d 01:49:33.73,  0d 00:44:54.05,1.2500,4.0208,C,07/25/2025 12:10:22 PM,0.0000,-0.0007,0.0,0.0
6583,0,8,  0d 01:49:34.73,  0d 00:44:55.05,1.2494,4.0210,C,07/25/2025 12:10:23 PM,0.0000,-0.0007,0.0,0.0
6584,0,8,  0d 01:49:35.73,  0d 00:44:56.05,1.2497,4.0211,C,07/25/2025 12:10:24 PM,0.0000,-0.0007,0.0,0.0
6585,0,8,  0d 01:49:36.73,  0d 00:44:57.05,1.2497,4.0213,C,07/25/2025 12:10:25 PM,0.0000,-0.0007,0.0,0.0
6586,0,8,  0d 01:49:37.73,  0d 00:44:58.05,1.2497,4.0214,C,07/25/2025 12:10:26 PM,0.0000,-0.0005,0.0,0.0
6587,0,8,  0d 01:49:38.73,  0d 00:44:59.05,1.2497,4.0215,C,07/25/2025 12:10:27 PM,0.0000,-0.0007,0.0,0.0
6588,0,8,  0d 01:49:39.73,  0d 00:45:00.05,1.2497,4.0215,C,07/25/2025 12:10:28 PM,0.0000,-0.0007,0.0,0.0
6589,0,8,  0d 01:49:40.73,  0d 00:45:01.05,1.2500,4.0219,C,07/25/2025 12:10:29 PM,0.0000,-0.0007,0.0,0.0
6590,0,8,  0d 01:49:41.73,  0d 00:45:02.05,1.2500,4.0220,C,07/25/2025 12:10:30 PM,0.0000,-0.0007,0.0,0.0
6591,0,8,  0d 01:49:42.73,  0d 00:45:03.05,1.2500,4.0220,C,07/25/2025 12:10:31 PM,0.0000,-0.0008,0.0,0.0
6592,0,8,  0d 01:49:43.73,  0d 00:45:04.05,1.2500,4.0223,C,07/25/2025 12:10:32 PM,0.0000,-0.0007,0.0,0.0
6593,0,8,  0d 01:49:44.73,  0d 00:45:05.05,1.2500,4.0226,C,07/25/2025 12:10:33 PM,0.0000,-0.0005,0.0,0.0
6594,0,8,  0d 01:49:45.73,  0d 00:45:06.05,1.2506,4.0227,C,07/25/2025 12:10:34 PM,0.0000,-0.0007,0.0,0.0
6595,0,8,  0d 01:49:46.73,  0d 00:45:07.05,1.2500,4.0227,C,07/25/2025 12:10:35 PM,0.0000,-0.0008,0.0,0.0
6596,0,8,  0d 01:49:47.73,  0d 00:45:08.05,1.2500,4.0230,C,07/25/2025 12:10:36 PM,0.0000,-0.0008,0.0,0.0
6597,0,8,  0d 01:49:48.73,  0d 00:45:09.05,1.2503,4.0230,C,07/25/2025 12:10:37 PM,0.0000,-0.0003,0.0,0.0
6598,0,8,  0d 01:49:49.73,  0d 00:45:10.05,1.2497,4.0233,C,07/25/2025 12:10:38 PM,0.0000,-0.0007,0.0,0.0
6599,0,8,  0d 01:49:50.73,  0d 00:45:11.05,1.2500,4.0234,C,07/25/2025 12:10:39 PM,0.0000,-0.0008,0.0,0.0
6600,0,8,  0d 01:49:51.73,  0d 00:45:12.05,1.2503,4.0237,C,07/25/2025 12:10:40 PM,0.0000,-0.0007,0.0,0.0
6601,0,8,  0d 01:49:52.73,  0d 00:45:13.05,1.2497,4.0237,C,07/25/2025 12:10:41 PM,0.0000,-0.0007,0.0,0.0
6602,0,8,  0d 01:49:53.73,  0d 00:45:14.05,1.2497,4.0237,C,07/25/2025 12:10:42 PM,0.0000,-0.0007,0.0,0.0
6603,0,8,  0d 01:49:54.73,  0d 00:45:15.05,1.2500,4.0242,C,07/25/2025 12:10:43 PM,0.0000,-0.0008,0.0,0.0
6604,0,8,  0d 01:49:55.73,  0d 00:45:16.05,1.2503,4.0242,C,07/25/2025 12:10:44 PM,0.0000,-0.0007,0.0,0.0
6605,0,8,  0d 01:49:56.73,  0d 00:45:17.05,1.2497,4.0244,C,07/25/2025 12:10:45 PM,0.0000,-0.0007,0.0,0.0
6606,0,8,  0d 01:49:57.73,  0d 00:45:18.05,1.2497,4.0245,C,07/25/2025 12:10:46 PM,0.0000,-0.0008,0.0,0.0
6607,0,8,  0d 01:49:58.73,  0d 00:45:19.05,1.2497,4.0247,C,07/25/2025 12:10:47 PM,0.0000,-0.0007,0.0,0.0
6608,0,8,  0d 01:49:59.73,  0d 00:45:20.05,1.2500,4.0249,C,07/25/2025 12:10:48 PM,0.0000,-0.0008,0.0,0.0
6609,0,8,  0d 01:50:00.73,  0d 00:45:21.05,1.2500,4.0250,C,07/25/2025 12:10:49 PM,0.0000,-0.0008,0.0,0.0
6610,0,8,  0d 01:50:01.73,  0d 00:45:22.05,1.2497,4.0252,C,07/25/2025 12:10:50 PM,0.0000,-0.0007,0.0,0.0
6611,0,8,  0d 01:50:02.73,  0d 00:45:23.05,1.2503,4.0255,C,07/25/2025 12:10:51 PM,0.0000,-0.0007,0.0,0.0
6612,0,8,  0d 01:50:03.73,  0d 00:45:24.05,1.2500,4.0257,C,07/25/2025 12:10:52 PM,0.0000,-0.0008,0.0,0.0
6613,0,8,  0d 01:50:04.73,  0d 00:45:25.05,1.2503,4.0258,C,07/25/2025 12:10:53 PM,0.0000,-0.0008,0.0,0.0
6614,0,8,  0d 01:50:05.73,  0d 00:45:26.05,1.2500,4.0260,C,07/25/2025 12:10:54 PM,0.0000,-0.0007,0.0,0.0
6615,0,8,  0d 01:50:06.73,  0d 00:45:27.05,1.2503,4.0261,C,07/25/2025 12:10:55 PM,0.0000,-0.0008,0.0,0.0
6616,0,8,  0d 01:50:07.73,  0d 00:45:28.05,1.2500,4.0263,C,07/25/2025 12:10:56 PM,0.0000,-0.0007,0.0,0.0
6617,0,8,  0d 01:50:08.73,  0d 00:45:29.05,1.2500,4.0263,C,07/25/2025 12:10:57 PM,0.0000,-0.0007,0.0,0.0
6618,0,8,  0d 01:50:09.73,  0d 00:45:30.05,1.2494,4.0266,C,07/25/2025 12:10:58 PM,0.0000,-0.0007,0.0,0.0
6619,0,8,  0d 01:50:10.73,  0d 00:45:31.05,1.2500,4.0269,C,07/25/2025 12:11:00 PM,0.0000,-0.0008,0.0,0.0
6620,0,8,  0d 01:50:11.73,  0d 00:45:32.05,1.2503,4.0270,C,07/25/2025 12:11:00 PM,0.0000,-0.0008,0.0,0.0
6621,0,8,  0d 01:50:12.73,  0d 00:45:33.05,1.2497,4.0271,C,07/25/2025 12:11:01 PM,0.0000,-0.0008,0.0,0.0
6622,0,8,  0d 01:50:13.73,  0d 00:45:34.05,1.2500,4.0273,C,07/25/2025 12:11:02 PM,0.0000,-0.0008,0.0,0.0
6623,0,8,  0d 01:50:14.73,  0d 00:45:35.05,1.2503,4.0274,C,07/25/2025 12:11:03 PM,0.0000,-0.0007,0.0,0.0
6624,0,8,  0d 01:50:15.73,  0d 00:45:36.05,1.2497,4.0275,C,07/25/2025 12:11:04 PM,0.0000,-0.0008,0.0,0.0
6625,0,8,  0d 01:50:16.73,  0d 00:45:37.05,1.2500,4.0278,C,07/25/2025 12:11:05 PM,0.0000,-0.0007,0.0,0.0
6626,0,8,  0d 01:50:17.73,  0d 00:45:38.05,1.2500,4.0279,C,07/25/2025 12:11:06 PM,0.0000,-0.0005,0.0,0.0
6627,0,8,  0d 01:50:18.73,  0d 00:45:39.05,1.2497,4.0281,C,07/25/2025 12:11:07 PM,0.0000,-0.0007,0.0,0.0
6628,0,8,  0d 01:50:19.73,  0d 00:45:40.05,1.2503,4.0283,C,07/25/2025 12:11:08 PM,0.0000,-0.0007,0.0,0.0
6629,0,8,  0d 01:50:20.73,  0d 00:45:41.05,1.2497,4.0284,C,07/25/2025 12:11:10 PM,0.0000,-0.0007,0.0,0.0
6630,0,8,  0d 01:50:21.73,  0d 00:45:42.05,1.2500,4.0287,C,07/25/2025 12:11:10 PM,0.0000,-0.0007,0.0,0.0
6631,0,8,  0d 01:50:22.73,  0d 00:45:43.05,1.2494,4.0288,C,07/25/2025 12:11:11 PM,0.0000,-0.0008,0.0,0.0
6632,0,8,  0d 01:50:23.73,  0d 00:45:44.05,1.2497,4.0288,C,07/25/2025 12:11:12 PM,0.0000,-0.0008,0.0,0.0
6633,0,8,  0d 01:50:24.73,  0d 00:45:45.05,1.2500,4.0291,C,07/25/2025 12:11:13 PM,0.0000,-0.0008,0.0,0.0
6634,0,8,  0d 01:50:25.73,  0d 00:45:46.05,1.2497,4.0293,C,07/25/2025 12:11:14 PM,0.0000,-0.0008,0.0,0.0
6635,0,8,  0d 01:50:26.73,  0d 00:45:47.05,1.2494,4.0294,C,07/25/2025 12:11:15 PM,0.0000,-0.0007,0.0,0.0
6636,0,8,  0d 01:50:27.73,  0d 00:45:48.05,1.2494,4.0296,C,07/25/2025 12:11:16 PM,0.0000,-0.0008,0.0,0.0
6637,0,8,  0d 01:50:28.73,  0d 00:45:49.05,1.2500,4.0298,C,07/25/2025 12:11:17 PM,0.0000,-0.0007,0.0,0.0
6638,0,8,  0d 01:50:29.73,  0d 00:45:50.05,1.2500,4.0300,C,07/25/2025 12:11:18 PM,0.0000,-0.0007,0.0,0.0
6639,0,8,  0d 01:50:30.73,  0d 00:45:51.05,1.2503,4.0301,C,07/25/2025 12:11:20 PM,0.0000,-0.0010,0.0,0.0
6640,0,8,  0d 01:50:31.73,  0d 00:45:52.05,1.2497,4.0304,C,07/25/2025 12:11:20 PM,0.0000,-0.0008,0.0,0.0
6641,0,8,  0d 01:50:32.73,  0d 00:45:53.05,1.2497,4.0304,C,07/25/2025 12:11:21 PM,0.0000,-0.0008,0.0,0.0
6642,0,8,  0d 01:50:33.73,  0d 00:45:54.05,1.2497,4.0307,C,07/25/2025 12:11:22 PM,0.0000,-0.0008,0.0,0.0
6643,0,8,  0d 01:50:34.73,  0d 00:45:55.05,1.2497,4.0308,C,07/25/2025 12:11:23 PM,0.0000,-0.0005,0.0,0.0
6644,0,8,  0d 01:50:35.73,  0d 00:45:56.05,1.2494,4.0308,C,07/25/2025 12:11:24 PM,0.0000,-0.0008,0.0,0.0
6645,0,8,  0d 01:50:36.73,  0d 00:45:57.05,1.2497,4.0311,C,07/25/2025 12:11:25 PM,0.0000,-0.0008,0.0,0.0
6646,0,8,  0d 01:50:37.73,  0d 00:45:58.05,1.2500,4.0313,C,07/25/2025 12:11:26 PM,0.0000,-0.0010,0.0,0.0
6647,0,8,  0d 01:50:38.73,  0d 00:45:59.05,1.2497,4.0314,C,07/25/2025 12:11:27 PM,0.0000,-0.0007,0.0,0.0
6648,0,8,  0d 01:50:39.73,  0d 00:46:00.05,1.2503,4.0317,C,07/25/2025 12:11:28 PM,0.0000,-0.0007,0.0,0.0
6649,0,8,  0d 01:50:40.73,  0d 00:46:01.05,1.2506,4.0318,C,07/25/2025 12:11:30 PM,0.0000,-0.0007,0.0,0.0
6650,0,8,  0d 01:50:41.73,  0d 00:46:02.05,1.2497,4.0318,C,07/25/2025 12:11:30 PM,0.0000,-0.0008,0.0,0.0
6651,0,8,  0d 01:50:42.73,  0d 00:46:03.05,1.2500,4.0322,C,07/25/2025 12:11:31 PM,0.0000,-0.0007,0.0,0.0
6652,0,8,  0d 01:50:43.73,  0d 00:46:04.05,1.2500,4.0324,C,07/25/2025 12:11:32 PM,0.0000,-0.0008,0.0,0.0
6653,0,8,  0d 01:50:44.73,  0d 00:46:05.05,1.2500,4.0325,C,07/25/2025 12:11:33 PM,0.0000,-0.0008,0.0,0.0
6654,0,8,  0d 01:50:45.73,  0d 00:46:06.05,1.2497,4.0327,C,07/25/2025 12:11:34 PM,0.0000,-0.0007,0.0,0.0
6655,0,8,  0d 01:50:46.73,  0d 00:46:07.05,1.2494,4.0328,C,07/25/2025 12:11:35 PM,0.0000,-0.0007,0.0,0.0
6656,0,8,  0d 01:50:47.73,  0d 00:46:08.05,1.2497,4.0331,C,07/25/2025 12:11:36 PM,0.0000,-0.0008,0.0,0.0
6657,0,8,  0d 01:50:48.73,  0d 00:46:09.05,1.2500,4.0332,C,07/25/2025 12:11:37 PM,0.0000,-0.0007,0.0,0.0
6658,0,8,  0d 01:50:49.73,  0d 00:46:10.05,1.2503,4.0335,C,07/25/2025 12:11:38 PM,0.0000,-0.0005,0.0,0.0
6659,0,8,  0d 01:50:50.73,  0d 00:46:11.05,1.2500,4.0336,C,07/25/2025 12:11:39 PM,0.0000,-0.0008,0.0,0.0
6660,0,8,  0d 01:50:51.73,  0d 00:46:12.05,1.2503,4.0336,C,07/25/2025 12:11:40 PM,0.0000,-0.0008,0.0,0.0
6661,0,8,  0d 01:50:52.73,  0d 00:46:13.05,1.2500,4.0338,C,07/25/2025 12:11:41 PM,0.0000,-0.0008,0.0,0.0
6662,0,8,  0d 01:50:53.73,  0d 00:46:14.05,1.2503,4.0341,C,07/25/2025 12:11:42 PM,0.0000,-0.0005,0.0,0.0
6663,0,8,  0d 01:50:54.73,  0d 00:46:15.05,1.2497,4.0343,C,07/25/2025 12:11:43 PM,0.0000,-0.0008,0.0,0.0
6664,0,8,  0d 01:50:55.73,  0d 00:46:16.05,1.2503,4.0344,C,07/25/2025 12:11:44 PM,0.0000,-0.0007,0.0,0.0
6665,0,8,  0d 01:50:56.73,  0d 00:46:17.05,1.2494,4.0346,C,07/25/2025 12:11:45 PM,0.0000,-0.0007,0.0,0.0
6666,0,8,  0d 01:50:57.73,  0d 00:46:18.05,1.2497,4.0347,C,07/25/2025 12:11:46 PM,0.0000,-0.0008,0.0,0.0
6667,0,8,  0d 01:50:58.73,  0d 00:46:19.05,1.2497,4.0348,C,07/25/2025 12:11:47 PM,0.0000,-0.0007,0.0,0.0
6668,0,8,  0d 01:50:59.73,  0d 00:46:20.05,1.2497,4.0352,C,07/25/2025 12:11:48 PM,0.0000,-0.0007,0.0,0.0
6669,0,8,  0d 01:51:00.73,  0d 00:46:21.05,1.2497,4.0351,C,07/25/2025 12:11:49 PM,0.0000,-0.0007,0.0,0.0
6670,0,8,  0d 01:51:01.73,  0d 00:46:22.05,1.2494,4.0354,C,07/25/2025 12:11:50 PM,0.0000,-0.0008,0.0,0.0
6671,0,8,  0d 01:51:02.73,  0d 00:46:23.05,1.2500,4.0356,C,07/25/2025 12:11:51 PM,0.0000,-0.0007,0.0,0.0
6672,0,8,  0d 01:51:03.73,  0d 00:46:24.05,1.2494,4.0357,C,07/25/2025 12:11:52 PM,0.0000,-0.0008,0.0,0.0
6673,0,8,  0d 01:51:04.73,  0d 00:46:25.05,1.2497,4.0359,C,07/25/2025 12:11:53 PM,0.0000,-0.0008,0.0,0.0
6674,0,8,  0d 01:51:05.73,  0d 00:46:26.05,1.2497,4.0360,C,07/25/2025 12:11:54 PM,0.0000,-0.0008,0.0,0.0
6675,0,8,  0d 01:51:06.73,  0d 00:46:27.05,1.2497,4.0362,C,07/25/2025 12:11:55 PM,0.0000,-0.0008,0.0,0.0
6676,0,8,  0d 01:51:07.73,  0d 00:46:28.05,1.2500,4.0365,C,07/25/2025 12:11:56 PM,0.0000,-0.0007,0.0,0.0
6677,0,8,  0d 01:51:08.73,  0d 00:46:29.05,1.2503,4.0367,C,07/25/2025 12:11:57 PM,0.0000,-0.0007,0.0,0.0
6678,0,8,  0d 01:51:09.73,  0d 00:46:30.05,1.2503,4.0367,C,07/25/2025 12:11:58 PM,0.0000,-0.0008,0.0,0.0
6679,0,8,  0d 01:51:10.73,  0d 00:46:31.05,1.2500,4.0370,C,07/25/2025 12:11:59 PM,0.0000,-0.0007,0.0,0.0
6680,0,8,  0d 01:51:11.73,  0d 00:46:32.05,1.2497,4.0371,C,07/25/2025 12:12:00 PM,0.0000,-0.0007,0.0,0.0
6681,0,8,  0d 01:51:12.73,  0d 00:46:33.05,1.2494,4.0373,C,07/25/2025 12:12:01 PM,0.0000,-0.0008,0.0,0.0
6682,0,8,  0d 01:51:13.73,  0d 00:46:34.05,1.2503,4.0375,C,07/25/2025 12:12:02 PM,0.0000,-0.0008,0.0,0.0
6683,0,8,  0d 01:51:14.73,  0d 00:46:35.05,1.2503,4.0376,C,07/25/2025 12:12:03 PM,0.0000,-0.0008,0.0,0.0
6684,0,8,  0d 01:51:15.73,  0d 00:46:36.05,1.2503,4.0378,C,07/25/2025 12:12:04 PM,0.0000,-0.0008,0.0,0.0
6685,0,8,  0d 01:51:16.73,  0d 00:46:37.05,1.2497,4.0380,C,07/25/2025 12:12:05 PM,0.0000,-0.0007,0.0,0.0
6686,0,8,  0d 01:51:17.73,  0d 00:46:38.05,1.2497,4.0381,C,07/25/2025 12:12:06 PM,0.0000,-0.0008,0.0,0.0
6687,0,8,  0d 01:51:18.73,  0d 00:46:39.05,1.2497,4.0382,C,07/25/2025 12:12:07 PM,0.0000,-0.0008,0.0,0.0
6688,0,8,  0d 01:51:19.73,  0d 00:46:40.05,1.2497,4.0385,C,07/25/2025 12:12:08 PM,0.0000,-0.0008,0.0,0.0
6689,0,8,  0d 01:51:20.73,  0d 00:46:41.05,1.2503,4.0386,C,07/25/2025 12:12:09 PM,0.0000,-0.0010,0.0,0.0
6690,0,8,  0d 01:51:21.73,  0d 00:46:42.05,1.2503,4.0390,C,07/25/2025 12:12:11 PM,0.0000,-0.0008,0.0,0.0
6691,0,8,  0d 01:51:22.73,  0d 00:46:43.05,1.2500,4.0391,C,07/25/2025 12:12:11 PM,0.0000,-0.0008,0.0,0.0
6692,0,8,  0d 01:51:23.73,  0d 00:46:44.05,1.2503,4.0393,C,07/25/2025 12:12:12 PM,0.0000,-0.0008,0.0,0.0
6693,0,8,  0d 01:51:24.73,  0d 00:46:45.05,1.2494,4.0394,C,07/25/2025 12:12:13 PM,0.0000,-0.0007,0.0,0.0
6694,0,8,  0d 01:51:25.73,  0d 00:46:46.05,1.2500,4.0395,C,07/25/2025 12:12:14 PM,0.0000,-0.0008,0.0,0.0
6695,0,8,  0d 01:51:26.73,  0d 00:46:47.05,1.2503,4.0397,C,07/25/2025 12:12:15 PM,0.0000,-0.0008,0.0,0.0
6696,0,8,  0d 01:51:27.73,  0d 00:46:48.05,1.2500,4.0398,C,07/25/2025 12:12:16 PM,0.0000,-0.0008,0.0,0.0
6697,0,8,  0d 01:51:28.73,  0d 00:46:49.05,1.2497,4.0401,C,07/25/2025 12:12:17 PM,0.0000,-0.0008,0.0,0.0
6698,0,8,  0d 01:51:29.73,  0d 00:46:50.05,1.2497,4.0402,C,07/25/2025 12:12:18 PM,0.0000,-0.0010,0.0,0.0
6699,0,8,  0d 01:51:30.73,  0d 00:46:51.05,1.2497,4.0404,C,07/25/2025 12:12:19 PM,0.0000,-0.0008,0.0,0.0
6700,0,8,  0d 01:51:31.73,  0d 00:46:52.05,1.2494,4.0406,C,07/25/2025 12:12:21 PM,0.0000,-0.0005,0.0,0.0
6701,0,8,  0d 01:51:32.73,  0d 00:46:53.05,1.2497,4.0407,C,07/25/2025 12:12:21 PM,0.0000,-0.0007,0.0,0.0
6702,0,8,  0d 01:51:33.73,  0d 00:46:54.05,1.2494,4.0409,C,07/25/2025 12:12:22 PM,0.0000,-0.0008,0.0,0.0
6703,0,8,  0d 01:51:34.73,  0d 00:46:55.05,1.2500,4.0410,C,07/25/2025 12:12:23 PM,0.0000,-0.0008,0.0,0.0
6704,0,8,  0d 01:51:35.73,  0d 00:46:56.05,1.2500,4.0413,C,07/25/2025 12:12:24 PM,0.0000,-0.0007,0.0,0.0
6705,0,8,  0d 01:51:36.73,  0d 00:46:57.05,1.2500,4.0415,C,07/25/2025 12:12:25 PM,0.0000,-0.0008,0.0,0.0
6706,0,8,  0d 01:51:37.73,  0d 00:46:58.05,1.2500,4.0417,C,07/25/2025 12:12:26 PM,0.0000,-0.0007,0.0,0.0
6707,0,8,  0d 01:51:38.73,  0d 00:46:59.05,1.2497,4.0419,C,07/25/2025 12:12:27 PM,0.0000,-0.0010,0.0,0.0
6708,0,8,  0d 01:51:39.73,  0d 00:47:00.05,1.2494,4.0420,C,07/25/2025 12:12:28 PM,0.0000,-0.0008,0.0,0.0
6709,0,8,  0d 01:51:40.73,  0d 00:47:01.05,1.2494,4.0423,C,07/25/2025 12:12:29 PM,0.0000,-0.0005,0.0,0.0
6710,0,8,  0d 01:51:41.73,  0d 00:47:02.05,1.2497,4.0423,C,07/25/2025 12:12:31 PM,0.0000,-0.0007,0.0,0.0
6711,0,8,  0d 01:51:42.73,  0d 00:47:03.05,1.2503,4.0424,C,07/25/2025 12:12:31 PM,0.0000,-0.0008,0.0,0.0
6712,0,8,  0d 01:51:43.73,  0d 00:47:04.05,1.2497,4.0427,C,07/25/2025 12:12:32 PM,0.0000,-0.0008,0.0,0.0
6713,0,8,  0d 01:51:44.73,  0d 00:47:05.05,1.2494,4.0429,C,07/25/2025 12:12:33 PM,0.0000,-0.0007,0.0,0.0
6714,0,8,  0d 01:51:45.73,  0d 00:47:06.05,1.2497,4.0430,C,07/25/2025 12:12:34 PM,0.0000,-0.0007,0.0,0.0
6715,0,8,  0d 01:51:46.73,  0d 00:47:07.05,1.2500,4.0433,C,07/25/2025 12:12:35 PM,0.0000,-0.0008,0.0,0.0
6716,0,8,  0d 01:51:47.73,  0d 00:47:08.05,1.2497,4.0434,C,07/25/2025 12:12:36 PM,0.0000,-0.0007,0.0,0.0
6717,0,8,  0d 01:51:48.73,  0d 00:47:09.05,1.2497,4.0436,C,07/25/2025 12:12:37 PM,0.0000,-0.0007,0.0,0.0
6718,0,8,  0d 01:51:49.73,  0d 00:47:10.05,1.2500,4.0437,C,07/25/2025 12:12:38 PM,0.0000,-0.0007,0.0,0.0
6719,0,8,  0d 01:51:50.73,  0d 00:47:11.05,1.2500,4.0439,C,07/25/2025 12:12:39 PM,0.0000,-0.0007,0.0,0.0
6720,0,8,  0d 01:51:51.73,  0d 00:47:12.05,1.2500,4.0440,C,07/25/2025 12:12:41 PM,0.0000,-0.0005,0.0,0.0
6721,0,8,  0d 01:51:52.73,  0d 00:47:13.05,1.2494,4.0442,C,07/25/2025 12:12:41 PM,0.0000,-0.0008,0.0,0.0
6722,0,8,  0d 01:51:53.73,  0d 00:47:14.05,1.2497,4.0444,C,07/25/2025 12:12:42 PM,0.0000,-0.0007,0.0,0.0
6723,0,8,  0d 01:51:54.73,  0d 00:47:15.05,1.2494,4.0445,C,07/25/2025 12:12:43 PM,0.0000,-0.0008,0.0,0.0
6724,0,8,  0d 01:51:55.73,  0d 00:47:16.05,1.2497,4.0447,C,07/25/2025 12:12:44 PM,0.0000,-0.0008,0.0,0.0
6725,0,8,  0d 01:51:56.73,  0d 00:47:17.05,1.2503,4.0450,C,07/25/2025 12:12:45 PM,0.0000,-0.0008,0.0,0.0
6726,0,8,  0d 01:51:57.73,  0d 00:47:18.05,1.2497,4.0450,C,07/25/2025 12:12:46 PM,0.0000,-0.0008,0.0,0.0
6727,0,8,  0d 01:51:58.73,  0d 00:47:19.05,1.2497,4.0454,C,07/25/2025 12:12:47 PM,0.0000,-0.0007,0.0,0.0
6728,0,8,  0d 01:51:59.73,  0d 00:47:20.05,1.2503,4.0455,C,07/25/2025 12:12:48 PM,0.0000,-0.0007,0.0,0.0
6729,0,8,  0d 01:52:00.73,  0d 00:47:21.05,1.2500,4.0458,C,07/25/2025 12:12:49 PM,0.0000,-0.0007,0.0,0.0
6730,0,8,  0d 01:52:01.73,  0d 00:47:22.05,1.2503,4.0459,C,07/25/2025 12:12:51 PM,0.0000,-0.0007,0.0,0.0
6731,0,8,  0d 01:52:02.73,  0d 00:47:23.05,1.2497,4.0460,C,07/25/2025 12:12:51 PM,0.0000,-0.0007,0.0,0.0
6732,0,8,  0d 01:52:03.73,  0d 00:47:24.05,1.2500,4.0462,C,07/25/2025 12:12:52 PM,0.0000,-0.0008,0.0,0.0
6733,0,8,  0d 01:52:04.73,  0d 00:47:25.05,1.2494,4.0465,C,07/25/2025 12:12:53 PM,0.0000,-0.0007,0.0,0.0
6734,0,8,  0d 01:52:05.73,  0d 00:47:26.05,1.2497,4.0464,C,07/25/2025 12:12:54 PM,0.0000,-0.0008,0.0,0.0
6735,0,8,  0d 01:52:06.73,  0d 00:47:27.05,1.2503,4.0468,C,07/25/2025 12:12:55 PM,0.0000,-0.0007,0.0,0.0
6736,0,8,  0d 01:52:07.73,  0d 00:47:28.05,1.2497,4.0469,C,07/25/2025 12:12:56 PM,0.0000,-0.0007,0.0,0.0
6737,0,8,  0d 01:52:08.73,  0d 00:47:29.05,1.2503,4.0472,C,07/25/2025 12:12:57 PM,0.0000,-0.0007,0.0,0.0
6738,0,8,  0d 01:52:09.73,  0d 00:47:30.05,1.2497,4.0472,C,07/25/2025 12:12:58 PM,0.0000,-0.0007,0.0,0.0
6739,0,8,  0d 01:52:10.73,  0d 00:47:31.05,1.2500,4.0472,C,07/25/2025 12:12:59 PM,0.0000,-0.0008,0.0,0.0
6740,0,8,  0d 01:52:11.73,  0d 00:47:32.05,1.2497,4.0476,C,07/25/2025 12:13:00 PM,0.0000,-0.0008,0.0,0.0
6741,0,8,  0d 01:52:12.73,  0d 00:47:33.05,1.2503,4.0478,C,07/25/2025 12:13:01 PM,0.0000,-0.0007,0.0,0.0
6742,0,8,  0d 01:52:13.73,  0d 00:47:34.05,1.2497,4.0481,C,07/25/2025 12:13:02 PM,0.0000,-0.0007,0.0,0.0
6743,0,8,  0d 01:52:14.73,  0d 00:47:35.05,1.2500,4.0481,C,07/25/2025 12:13:03 PM,0.0000,-0.0007,0.0,0.0
6744,0,8,  0d 01:52:15.73,  0d 00:47:36.05,1.2497,4.0482,C,07/25/2025 12:13:04 PM,0.0000,-0.0008,0.0,0.0
6745,0,8,  0d 01:52:16.73,  0d 00:47:37.05,1.2494,4.0484,C,07/25/2025 12:13:05 PM,0.0000,-0.0008,0.0,0.0
6746,0,8,  0d 01:52:17.73,  0d 00:47:38.05,1.2497,4.0487,C,07/25/2025 12:13:06 PM,0.0000,-0.0007,0.0,0.0
6747,0,8,  0d 01:52:18.73,  0d 00:47:39.05,1.2497,4.0489,C,07/25/2025 12:13:07 PM,0.0000,-0.0010,0.0,0.0
6748,0,8,  0d 01:52:19.73,  0d 00:47:40.05,1.2497,4.0491,C,07/25/2025 12:13:08 PM,0.0000,-0.0008,0.0,0.0
6749,0,8,  0d 01:52:20.73,  0d 00:47:41.05,1.2500,4.0492,C,07/25/2025 12:13:09 PM,0.0000,-0.0007,0.0,0.0
6750,0,8,  0d 01:52:21.73,  0d 00:47:42.05,1.2497,4.0495,C,07/25/2025 12:13:10 PM,0.0000,-0.0005,0.0,0.0
6751,0,8,  0d 01:52:22.73,  0d 00:47:43.05,1.2500,4.0494,C,07/25/2025 12:13:11 PM,0.0000,-0.0008,0.0,0.0
6752,0,8,  0d 01:52:23.73,  0d 00:47:44.05,1.2491,4.0497,C,07/25/2025 12:13:12 PM,0.0000,-0.0008,0.0,0.0
6753,0,8,  0d 01:52:24.73,  0d 00:47:45.05,1.2494,4.0497,C,07/25/2025 12:13:13 PM,0.0000,-0.0008,0.0,0.0
6754,0,8,  0d 01:52:25.73,  0d 00:47:46.05,1.2497,4.0499,C,07/25/2025 12:13:14 PM,0.0000,-0.0007,0.0,0.0
6755,0,8,  0d 01:52:26.73,  0d 00:47:47.05,1.2491,4.0500,C,07/25/2025 12:13:15 PM,0.0000,-0.0007,0.0,0.0
6756,0,8,  0d 01:52:27.73,  0d 00:47:48.05,1.2497,4.0503,C,07/25/2025 12:13:16 PM,0.0000,-0.0007,0.0,0.0
6757,0,8,  0d 01:52:28.73,  0d 00:47:49.05,1.2497,4.0507,C,07/25/2025 12:13:17 PM,0.0000,-0.0007,0.0,0.0
6758,0,8,  0d 01:52:29.73,  0d 00:47:50.05,1.2500,4.0507,C,07/25/2025 12:13:18 PM,0.0000,-0.0008,0.0,0.0
6759,0,8,  0d 01:52:30.73,  0d 00:47:51.05,1.2500,4.0509,C,07/25/2025 12:13:19 PM,0.0000,-0.0007,0.0,0.0
6760,0,8,  0d 01:52:31.73,  0d 00:47:52.05,1.2500,4.0511,C,07/25/2025 12:13:20 PM,0.0000,-0.0008,0.0,0.0
6761,0,8,  0d 01:52:32.73,  0d 00:47:53.05,1.2500,4.0512,C,07/25/2025 12:13:22 PM,0.0000,-0.0008,0.0,0.0
6762,0,8,  0d 01:52:33.73,  0d 00:47:54.05,1.2500,4.0514,C,07/25/2025 12:13:22 PM,0.0000,-0.0007,0.0,0.0
6763,0,8,  0d 01:52:34.73,  0d 00:47:55.05,1.2500,4.0517,C,07/25/2025 12:13:23 PM,0.0000,-0.0008,0.0,0.0
6764,0,8,  0d 01:52:35.73,  0d 00:47:56.05,1.2494,4.0519,C,07/25/2025 12:13:24 PM,0.0000,-0.0007,0.0,0.0
6765,0,8,  0d 01:52:36.73,  0d 00:47:57.05,1.2497,4.0520,C,07/25/2025 12:13:25 PM,0.0000,-0.0008,0.0,0.0
6766,0,8,  0d 01:52:37.73,  0d 00:47:58.05,1.2500,4.0521,C,07/25/2025 12:13:26 PM,0.0000,-0.0008,0.0,0.0
6767,0,8,  0d 01:52:38.73,  0d 00:47:59.05,1.2503,4.0523,C,07/25/2025 12:13:27 PM,0.0000,-0.0007,0.0,0.0
6768,0,8,  0d 01:52:39.73,  0d 00:48:00.05,1.2497,4.0526,C,07/25/2025 12:13:28 PM,0.0000,-0.0008,0.0,0.0
6769,0,8,  0d 01:52:40.73,  0d 00:48:01.05,1.2497,4.0526,C,07/25/2025 12:13:29 PM,0.0000,-0.0008,0.0,0.0
6770,0,8,  0d 01:52:41.73,  0d 00:48:02.05,1.2500,4.0529,C,07/25/2025 12:13:30 PM,0.0000,-0.0008,0.0,0.0
6771,0,8,  0d 01:52:42.73,  0d 00:48:03.05,1.2497,4.0530,C,07/25/2025 12:13:32 PM,0.0000,-0.0008,0.0,0.0
6772,0,8,  0d 01:52:43.73,  0d 00:48:04.05,1.2497,4.0531,C,07/25/2025 12:13:32 PM,0.0000,-0.0008,0.0,0.0
6773,0,8,  0d 01:52:44.73,  0d 00:48:05.05,1.2494,4.0533,C,07/25/2025 12:13:33 PM,0.0000,-0.0010,0.0,0.0
6774,0,8,  0d 01:52:45.73,  0d 00:48:06.05,1.2497,4.0536,C,07/25/2025 12:13:34 PM,0.0000,-0.0007,0.0,0.0
6775,0,8,  0d 01:52:46.73,  0d 00:48:07.05,1.2497,4.0536,C,07/25/2025 12:13:35 PM,0.0000,-0.0008,0.0,0.0
6776,0,8,  0d 01:52:47.73,  0d 00:48:08.05,1.2497,4.0537,C,07/25/2025 12:13:36 PM,0.0000,-0.0008,0.0,0.0
6777,0,8,  0d 01:52:48.73,  0d 00:48:09.05,1.2500,4.0541,C,07/25/2025 12:13:37 PM,0.0000,-0.0008,0.0,0.0
6778,0,8,  0d 01:52:49.73,  0d 00:48:10.05,1.2497,4.0542,C,07/25/2025 12:13:38 PM,0.0000,-0.0008,0.0,0.0
6779,0,8,  0d 01:52:50.73,  0d 00:48:11.05,1.2497,4.0545,C,07/25/2025 12:13:39 PM,0.0000,-0.0007,0.0,0.0
6780,0,8,  0d 01:52:51.73,  0d 00:48:12.05,1.2500,4.0546,C,07/25/2025 12:13:40 PM,0.0000,-0.0008,0.0,0.0
6781,0,8,  0d 01:52:52.73,  0d 00:48:13.05,1.2500,4.0548,C,07/25/2025 12:13:42 PM,0.0000,-0.0008,0.0,0.0
6782,0,8,  0d 01:52:53.73,  0d 00:48:14.05,1.2497,4.0549,C,07/25/2025 12:13:42 PM,0.0000,-0.0007,0.0,0.0
6783,0,8,  0d 01:52:54.73,  0d 00:48:15.05,1.2497,4.0552,C,07/25/2025 12:13:43 PM,0.0000,-0.0007,0.0,0.0
6784,0,8,  0d 01:52:55.73,  0d 00:48:16.05,1.2494,4.0553,C,07/25/2025 12:13:44 PM,0.0000,-0.0008,0.0,0.0
6785,0,8,  0d 01:52:56.73,  0d 00:48:17.05,1.2494,4.0555,C,07/25/2025 12:13:45 PM,0.0000,-0.0008,0.0,0.0
6786,0,8,  0d 01:52:57.73,  0d 00:48:18.05,1.2497,4.0558,C,07/25/2025 12:13:46 PM,0.0000,-0.0007,0.0,0.0
6787,0,8,  0d 01:52:58.73,  0d 00:48:19.05,1.2497,4.0558,C,07/25/2025 12:13:47 PM,0.0000,-0.0008,0.0,0.0
6788,0,8,  0d 01:52:59.73,  0d 00:48:20.05,1.2503,4.0560,C,07/25/2025 12:13:48 PM,0.0000,-0.0008,0.0,0.0
6789,0,8,  0d 01:53:00.73,  0d 00:48:21.05,1.2503,4.0562,C,07/25/2025 12:13:49 PM,0.0000,-0.0008,0.0,0.0
6790,0,8,  0d 01:53:01.73,  0d 00:48:22.05,1.2506,4.0563,C,07/25/2025 12:13:50 PM,0.0000,-0.0007,0.0,0.0
6791,0,8,  0d 01:53:02.73,  0d 00:48:23.05,1.2491,4.0566,C,07/25/2025 12:13:52 PM,0.0000,-0.0008,0.0,0.0
6792,0,8,  0d 01:53:03.73,  0d 00:48:24.05,1.2497,4.0567,C,07/25/2025 12:13:52 PM,0.0000,-0.0007,0.0,0.0
6793,0,8,  0d 01:53:04.73,  0d 00:48:25.05,1.2500,4.0568,C,07/25/2025 12:13:53 PM,0.0000,-0.0008,0.0,0.0
6794,0,8,  0d 01:53:05.73,  0d 00:48:26.05,1.2500,4.0571,C,07/25/2025 12:13:54 PM,0.0000,-0.0007,0.0,0.0
6795,0,8,  0d 01:53:06.73,  0d 00:48:27.05,1.2494,4.0571,C,07/25/2025 12:13:55 PM,0.0000,-0.0008,0.0,0.0
6796,0,8,  0d 01:53:07.73,  0d 00:48:28.05,1.2497,4.0573,C,07/25/2025 12:13:56 PM,0.0000,-0.0008,0.0,0.0
6797,0,8,  0d 01:53:08.73,  0d 00:48:29.05,1.2500,4.0575,C,07/25/2025 12:13:57 PM,0.0000,-0.0008,0.0,0.0
6798,0,8,  0d 01:53:09.73,  0d 00:48:30.05,1.2500,4.0577,C,07/25/2025 12:13:58 PM,0.0000,-0.0007,0.0,0.0
6799,0,8,  0d 01:53:10.73,  0d 00:48:31.05,1.2497,4.0578,C,07/25/2025 12:13:59 PM,0.0000,-0.0008,0.0,0.0
6800,0,8,  0d 01:53:11.73,  0d 00:48:32.05,1.2500,4.0580,C,07/25/2025 12:14:00 PM,0.0000,-0.0007,0.0,0.0
6801,0,8,  0d 01:53:12.73,  0d 00:48:33.05,1.2497,4.0582,C,07/25/2025 12:14:02 PM,0.0000,-0.0008,0.0,0.0
6802,0,8,  0d 01:53:13.73,  0d 00:48:34.05,1.2494,4.0585,C,07/25/2025 12:14:02 PM,0.0000,-0.0007,0.0,0.0
6803,0,8,  0d 01:53:14.73,  0d 00:48:35.05,1.2500,4.0585,C,07/25/2025 12:14:03 PM,0.0000,-0.0008,0.0,0.0
6804,0,8,  0d 01:53:15.73,  0d 00:48:36.05,1.2500,4.0589,C,07/25/2025 12:14:04 PM,0.0000,-0.0007,0.0,0.0
6805,0,8,  0d 01:53:16.73,  0d 00:48:37.05,1.2497,4.0591,C,07/25/2025 12:14:05 PM,0.0000,-0.0008,0.0,0.0
6806,0,8,  0d 01:53:17.73,  0d 00:48:38.05,1.2497,4.0592,C,07/25/2025 12:14:06 PM,0.0000,-0.0008,0.0,0.0
6807,0,8,  0d 01:53:18.73,  0d 00:48:39.05,1.2500,4.0593,C,07/25/2025 12:14:07 PM,0.0000,-0.0007,0.0,0.0
6808,0,8,  0d 01:53:19.73,  0d 00:48:40.05,1.2497,4.0594,C,07/25/2025 12:14:08 PM,0.0000,-0.0007,0.0,0.0
6809,0,8,  0d 01:53:20.73,  0d 00:48:41.05,1.2500,4.0597,C,07/25/2025 12:14:09 PM,0.0000,-0.0010,0.0,0.0
6810,0,8,  0d 01:53:21.73,  0d 00:48:42.05,1.2500,4.0598,C,07/25/2025 12:14:10 PM,0.0000,-0.0008,0.0,0.0
6811,0,8,  0d 01:53:22.73,  0d 00:48:43.05,1.2500,4.0600,C,07/25/2025 12:14:11 PM,0.0000,-0.0007,0.0,0.0
6812,0,8,  0d 01:53:23.73,  0d 00:48:44.05,1.2500,4.0601,C,07/25/2025 12:14:12 PM,0.0000,-0.0007,0.0,0.0
6813,0,8,  0d 01:53:24.73,  0d 00:48:45.05,1.2497,4.0604,C,07/25/2025 12:14:13 PM,0.0000,-0.0008,0.0,0.0
6814,0,8,  0d 01:53:25.73,  0d 00:48:46.05,1.2500,4.0606,C,07/25/2025 12:14:14 PM,0.0000,-0.0007,0.0,0.0
6815,0,8,  0d 01:53:26.73,  0d 00:48:47.05,1.2500,4.0606,C,07/25/2025 12:14:15 PM,0.0000,-0.0005,0.0,0.0
6816,0,8,  0d 01:53:27.73,  0d 00:48:48.05,1.2500,4.0608,C,07/25/2025 12:14:16 PM,0.0000,-0.0005,0.0,0.0
6817,0,8,  0d 01:53:28.73,  0d 00:48:49.05,1.2497,4.0610,C,07/25/2025 12:14:17 PM,0.0000,-0.0008,0.0,0.0
6818,0,8,  0d 01:53:29.73,  0d 00:48:50.05,1.2497,4.0612,C,07/25/2025 12:14:18 PM,0.0000,-0.0008,0.0,0.0
6819,0,8,  0d 01:53:30.73,  0d 00:48:51.05,1.2497,4.0613,C,07/25/2025 12:14:19 PM,0.0000,-0.0005,0.0,0.0
6820,0,8,  0d 01:53:31.73,  0d 00:48:52.05,1.2500,4.0616,C,07/25/2025 12:14:20 PM,0.0000,-0.0008,0.0,0.0
6821,0,8,  0d 01:53:32.73,  0d 00:48:53.05,1.2500,4.0617,C,07/25/2025 12:14:21 PM,0.0000,-0.0008,0.0,0.0
6822,0,8,  0d 01:53:33.73,  0d 00:48:54.05,1.2500,4.0620,C,07/25/2025 12:14:22 PM,0.0000,-0.0007,0.0,0.0
6823,0,8,  0d 01:53:34.73,  0d 00:48:55.05,1.2494,4.0620,C,07/25/2025 12:14:23 PM,0.0000,-0.0007,0.0,0.0
6824,0,8,  0d 01:53:35.73,  0d 00:48:56.05,1.2500,4.0623,C,07/25/2025 12:14:24 PM,0.0000,-0.0007,0.0,0.0
6825,0,8,  0d 01:53:36.73,  0d 00:48:57.05,1.2500,4.0623,C,07/25/2025 12:14:25 PM,0.0000,-0.0008,0.0,0.0
6826,0,8,  0d 01:53:37.73,  0d 00:48:58.05,1.2494,4.0626,C,07/25/2025 12:14:26 PM,0.0000,-0.0008,0.0,0.0
6827,0,8,  0d 01:53:38.73,  0d 00:48:59.05,1.2494,4.0628,C,07/25/2025 12:14:27 PM,0.0000,-0.0008,0.0,0.0
6828,0,8,  0d 01:53:39.73,  0d 00:49:00.05,1.2497,4.0629,C,07/25/2025 12:14:28 PM,0.0000,-0.0008,0.0,0.0
6829,0,8,  0d 01:53:40.73,  0d 00:49:01.05,1.2500,4.0631,C,07/25/2025 12:14:29 PM,0.0000,-0.0007,0.0,0.0
6830,0,8,  0d 01:53:41.73,  0d 00:49:02.05,1.2500,4.0632,C,07/25/2025 12:14:30 PM,0.0000,-0.0005,0.0,0.0
6831,0,8,  0d 01:53:42.73,  0d 00:49:03.05,1.2500,4.0636,C,07/25/2025 12:14:31 PM,0.0000,-0.0008,0.0,0.0
6832,0,8,  0d 01:53:43.73,  0d 00:49:04.05,1.2500,4.0636,C,07/25/2025 12:14:33 PM,0.0000,-0.0007,0.0,0.0
6833,0,8,  0d 01:53:44.73,  0d 00:49:05.05,1.2500,4.0638,C,07/25/2025 12:14:33 PM,0.0000,-0.0008,0.0,0.0
6834,0,8,  0d 01:53:45.73,  0d 00:49:06.05,1.2503,4.0639,C,07/25/2025 12:14:34 PM,0.0000,-0.0008,0.0,0.0
6835,0,8,  0d 01:53:46.73,  0d 00:49:07.05,1.2500,4.0641,C,07/25/2025 12:14:35 PM,0.0000,-0.0008,0.0,0.0
6836,0,8,  0d 01:53:47.73,  0d 00:49:08.05,1.2497,4.0642,C,07/25/2025 12:14:36 PM,0.0000,-0.0007,0.0,0.0
6837,0,8,  0d 01:53:48.73,  0d 00:49:09.05,1.2497,4.0644,C,07/25/2025 12:14:37 PM,0.0000,-0.0007,0.0,0.0
6838,0,8,  0d 01:53:49.73,  0d 00:49:10.05,1.2494,4.0646,C,07/25/2025 12:14:38 PM,0.0000,-0.0007,0.0,0.0
6839,0,8,  0d 01:53:50.73,  0d 00:49:11.05,1.2494,4.0648,C,07/25/2025 12:14:39 PM,0.0000,-0.0008,0.0,0.0
6840,0,8,  0d 01:53:51.73,  0d 00:49:12.05,1.2503,4.0651,C,07/25/2025 12:14:40 PM,0.0000,-0.0008,0.0,0.0
6841,0,8,  0d 01:53:52.73,  0d 00:49:13.05,1.2497,4.0652,C,07/25/2025 12:14:41 PM,0.0000,-0.0008,0.0,0.0
6842,0,8,  0d 01:53:53.73,  0d 00:49:14.05,1.2503,4.0653,C,07/25/2025 12:14:43 PM,0.0000,-0.0010,0.0,0.0
6843,0,8,  0d 01:53:54.73,  0d 00:49:15.05,1.2500,4.0655,C,07/25/2025 12:14:43 PM,0.0000,-0.0007,0.0,0.0
6844,0,8,  0d 01:53:55.73,  0d 00:49:16.05,1.2500,4.0658,C,07/25/2025 12:14:44 PM,0.0000,-0.0008,0.0,0.0
6845,0,8,  0d 01:53:56.73,  0d 00:49:17.05,1.2500,4.0659,C,07/25/2025 12:14:45 PM,0.0000,-0.0010,0.0,0.0
6846,0,8,  0d 01:53:57.73,  0d 00:49:18.05,1.2500,4.0660,C,07/25/2025 12:14:46 PM,0.0000,-0.0008,0.0,0.0
6847,0,8,  0d 01:53:58.73,  0d 00:49:19.05,1.2494,4.0662,C,07/25/2025 12:14:47 PM,0.0000,-0.0007,0.0,0.0
6848,0,8,  0d 01:53:59.73,  0d 00:49:20.05,1.2500,4.0663,C,07/25/2025 12:14:48 PM,0.0000,-0.0007,0.0,0.0
6849,0,8,  0d 01:54:00.73,  0d 00:49:21.05,1.2497,4.0665,C,07/25/2025 12:14:49 PM,0.0000,-0.0008,0.0,0.0
6850,0,8,  0d 01:54:01.73,  0d 00:49:22.05,1.2500,4.0667,C,07/25/2025 12:14:50 PM,0.0000,-0.0008,0.0,0.0
6851,0,8,  0d 01:54:02.73,  0d 00:49:23.05,1.2503,4.0670,C,07/25/2025 12:14:51 PM,0.0000,-0.0007,0.0,0.0
6852,0,8,  0d 01:54:03.73,  0d 00:49:24.05,1.2497,4.0670,C,07/25/2025 12:14:53 PM,0.0000,-0.0008,0.0,0.0
6853,0,8,  0d 01:54:04.73,  0d 00:49:25.05,1.2503,4.0673,C,07/25/2025 12:14:53 PM,0.0000,-0.0008,0.0,0.0
6854,0,8,  0d 01:54:05.73,  0d 00:49:26.05,1.2503,4.0674,C,07/25/2025 12:14:54 PM,0.0000,-0.0008,0.0,0.0
6855,0,8,  0d 01:54:06.73,  0d 00:49:27.05,1.2497,4.0676,C,07/25/2025 12:14:55 PM,0.0000,-0.0008,0.0,0.0
6856,0,8,  0d 01:54:07.73,  0d 00:49:28.05,1.2500,4.0676,C,07/25/2025 12:14:56 PM,0.0000,-0.0007,0.0,0.0
6857,0,8,  0d 01:54:08.73,  0d 00:49:29.05,1.2497,4.0681,C,07/25/2025 12:14:57 PM,0.0000,-0.0008,0.0,0.0
6858,0,8,  0d 01:54:09.73,  0d 00:49:30.05,1.2500,4.0682,C,07/25/2025 12:14:58 PM,0.0000,-0.0008,0.0,0.0
6859,0,8,  0d 01:54:10.73,  0d 00:49:31.05,1.2497,4.0684,C,07/25/2025 12:14:59 PM,0.0000,-0.0007,0.0,0.0
6860,0,8,  0d 01:54:11.73,  0d 00:49:32.05,1.2494,4.0684,C,07/25/2025 12:15:00 PM,0.0000,-0.0007,0.0,0.0
6861,0,8,  0d 01:54:12.73,  0d 00:49:33.05,1.2497,4.0686,C,07/25/2025 12:15:01 PM,0.0000,-0.0008,0.0,0.0
6862,0,8,  0d 01:54:13.73,  0d 00:49:34.05,1.2503,4.0688,C,07/25/2025 12:15:03 PM,0.0000,-0.0007,0.0,0.0
6863,0,8,  0d 01:54:14.73,  0d 00:49:35.05,1.2500,4.0688,C,07/25/2025 12:15:03 PM,0.0000,-0.0007,0.0,0.0
6864,0,8,  0d 01:54:15.73,  0d 00:49:36.05,1.2500,4.0692,C,07/25/2025 12:15:04 PM,0.0000,-0.0007,0.0,0.0
6865,0,8,  0d 01:54:16.73,  0d 00:49:37.05,1.2497,4.0694,C,07/25/2025 12:15:05 PM,0.0000,-0.0007,0.0,0.0
6866,0,8,  0d 01:54:17.73,  0d 00:49:38.05,1.2503,4.0694,C,07/25/2025 12:15:06 PM,0.0000,-0.0007,0.0,0.0
6867,0,8,  0d 01:54:18.73,  0d 00:49:39.05,1.2500,4.0695,C,07/25/2025 12:15:07 PM,0.0000,-0.0008,0.0,0.0
6868,0,8,  0d 01:54:19.73,  0d 00:49:40.05,1.2500,4.0698,C,07/25/2025 12:15:08 PM,0.0000,-0.0008,0.0,0.0
6869,0,8,  0d 01:54:20.73,  0d 00:49:41.05,1.2497,4.0698,C,07/25/2025 12:15:09 PM,0.0000,-0.0007,0.0,0.0
6870,0,8,  0d 01:54:21.73,  0d 00:49:42.05,1.2497,4.0702,C,07/25/2025 12:15:10 PM,0.0000,-0.0008,0.0,0.0
6871,0,8,  0d 01:54:22.73,  0d 00:49:43.05,1.2500,4.0702,C,07/25/2025 12:15:11 PM,0.0000,-0.0008,0.0,0.0
6872,0,8,  0d 01:54:23.73,  0d 00:49:44.05,1.2503,4.0703,C,07/25/2025 12:15:13 PM,0.0000,-0.0007,0.0,0.0
6873,0,8,  0d 01:54:24.73,  0d 00:49:45.05,1.2500,4.0706,C,07/25/2025 12:15:13 PM,0.0000,-0.0007,0.0,0.0
6874,0,8,  0d 01:54:25.73,  0d 00:49:46.05,1.2500,4.0708,C,07/25/2025 12:15:14 PM,0.0000,-0.0007,0.0,0.0
6875,0,8,  0d 01:54:26.73,  0d 00:49:47.05,1.2500,4.0708,C,07/25/2025 12:15:15 PM,0.0000,-0.0007,0.0,0.0
6876,0,8,  0d 01:54:27.73,  0d 00:49:48.05,1.2497,4.0711,C,07/25/2025 12:15:16 PM,0.0000,-0.0010,0.0,0.0
6877,0,8,  0d 01:54:28.73,  0d 00:49:49.05,1.2503,4.0713,C,07/25/2025 12:15:17 PM,0.0000,-0.0008,0.0,0.0
6878,0,8,  0d 01:54:29.73,  0d 00:49:50.05,1.2494,4.0715,C,07/25/2025 12:15:18 PM,0.0000,-0.0007,0.0,0.0
6879,0,8,  0d 01:54:30.73,  0d 00:49:51.05,1.2503,4.0716,C,07/25/2025 12:15:19 PM,0.0000,-0.0008,0.0,0.0
6880,0,8,  0d 01:54:31.73,  0d 00:49:52.05,1.2494,4.0719,C,07/25/2025 12:15:20 PM,0.0000,-0.0007,0.0,0.0
6881,0,8,  0d 01:54:32.73,  0d 00:49:53.05,1.2494,4.0720,C,07/25/2025 12:15:21 PM,0.0000,-0.0007,0.0,0.0
6882,0,8,  0d 01:54:33.73,  0d 00:49:54.05,1.2503,4.0720,C,07/25/2025 12:15:22 PM,0.0000,-0.0007,0.0,0.0
6883,0,8,  0d 01:54:34.73,  0d 00:49:55.05,1.2497,4.0723,C,07/25/2025 12:15:23 PM,0.0000,-0.0007,0.0,0.0
6884,0,8,  0d 01:54:35.73,  0d 00:49:56.05,1.2500,4.0726,C,07/25/2025 12:15:24 PM,0.0000,-0.0008,0.0,0.0
6885,0,8,  0d 01:54:36.73,  0d 00:49:57.05,1.2500,4.0727,C,07/25/2025 12:15:25 PM,0.0000,-0.0007,0.0,0.0
6886,0,8,  0d 01:54:37.73,  0d 00:49:58.05,1.2500,4.0728,C,07/25/2025 12:15:26 PM,0.0000,-0.0007,0.0,0.0
6887,0,8,  0d 01:54:38.73,  0d 00:49:59.05,1.2497,4.0729,C,07/25/2025 12:15:27 PM,0.0000,-0.0010,0.0,0.0
6888,0,8,  0d 01:54:39.73,  0d 00:50:00.05,1.2503,4.0731,C,07/25/2025 12:15:28 PM,0.0000,-0.0010,0.0,0.0
6889,0,8,  0d 01:54:40.73,  0d 00:50:01.05,1.2500,4.0733,C,07/25/2025 12:15:29 PM,0.0000,-0.0008,0.0,0.0
6890,0,8,  0d 01:54:41.73,  0d 00:50:02.05,1.2503,4.0734,C,07/25/2025 12:15:30 PM,0.0000,-0.0008,0.0,0.0
6891,0,8,  0d 01:54:42.73,  0d 00:50:03.05,1.2506,4.0735,C,07/25/2025 12:15:31 PM,0.0000,-0.0005,0.0,0.0
6892,0,8,  0d 01:54:43.73,  0d 00:50:04.05,1.2497,4.0737,C,07/25/2025 12:15:32 PM,0.0000,-0.0008,0.0,0.0
6893,0,8,  0d 01:54:44.73,  0d 00:50:05.05,1.2500,4.0739,C,07/25/2025 12:15:33 PM,0.0000,-0.0008,0.0,0.0
6894,0,8,  0d 01:54:45.73,  0d 00:50:06.05,1.2500,4.0740,C,07/25/2025 12:15:34 PM,0.0000,-0.0007,0.0,0.0
6895,0,8,  0d 01:54:46.73,  0d 00:50:07.05,1.2497,4.0742,C,07/25/2025 12:15:35 PM,0.0000,-0.0008,0.0,0.0
6896,0,8,  0d 01:54:47.73,  0d 00:50:08.05,1.2503,4.0745,C,07/25/2025 12:15:36 PM,0.0000,-0.0007,0.0,0.0
6897,0,8,  0d 01:54:48.73,  0d 00:50:09.05,1.2500,4.0746,C,07/25/2025 12:15:37 PM,0.0000,-0.0007,0.0,0.0
6898,0,8,  0d 01:54:49.73,  0d 00:50:10.05,1.2500,4.0748,C,07/25/2025 12:15:38 PM,0.0000,-0.0008,0.0,0.0
6899,0,8,  0d 01:54:50.73,  0d 00:50:11.05,1.2500,4.0750,C,07/25/2025 12:15:39 PM,0.0000,-0.0008,0.0,0.0
6900,0,8,  0d 01:54:51.73,  0d 00:50:12.05,1.2500,4.0751,C,07/25/2025 12:15:40 PM,0.0000,-0.0008,0.0,0.0
6901,0,8,  0d 01:54:52.73,  0d 00:50:13.05,1.2500,4.0754,C,07/25/2025 12:15:41 PM,0.0000,-0.0007,0.0,0.0
6902,0,8,  0d 01:54:53.73,  0d 00:50:14.05,1.2497,4.0755,C,07/25/2025 12:15:42 PM,0.0000,-0.0008,0.0,0.0
6903,0,8,  0d 01:54:54.73,  0d 00:50:15.05,1.2497,4.0756,C,07/25/2025 12:15:44 PM,0.0000,-0.0008,0.0,0.0
6904,0,8,  0d 01:54:55.73,  0d 00:50:16.05,1.2503,4.0757,C,07/25/2025 12:15:44 PM,0.0000,-0.0008,0.0,0.0
6905,0,8,  0d 01:54:56.73,  0d 00:50:17.05,1.2497,4.0760,C,07/25/2025 12:15:45 PM,0.0000,-0.0008,0.0,0.0
6906,0,8,  0d 01:54:57.73,  0d 00:50:18.05,1.2497,4.0759,C,07/25/2025 12:15:46 PM,0.0000,-0.0007,0.0,0.0
6907,0,8,  0d 01:54:58.73,  0d 00:50:19.05,1.2497,4.0761,C,07/25/2025 12:15:47 PM,0.0000,-0.0008,0.0,0.0
6908,0,8,  0d 01:54:59.73,  0d 00:50:20.05,1.2500,4.0764,C,07/25/2025 12:15:48 PM,0.0000,-0.0008,0.0,0.0
6909,0,8,  0d 01:55:00.73,  0d 00:50:21.05,1.2503,4.0766,C,07/25/2025 12:15:49 PM,0.0000,-0.0008,0.0,0.0
6910,0,8,  0d 01:55:01.73,  0d 00:50:22.05,1.2497,4.0768,C,07/25/2025 12:15:50 PM,0.0000,-0.0008,0.0,0.0
6911,0,8,  0d 01:55:02.73,  0d 00:50:23.05,1.2503,4.0769,C,07/25/2025 12:15:51 PM,0.0000,-0.0008,0.0,0.0
6912,0,8,  0d 01:55:03.73,  0d 00:50:24.05,1.2503,4.0771,C,07/25/2025 12:15:52 PM,0.0000,-0.0008,0.0,0.0
6913,0,8,  0d 01:55:04.73,  0d 00:50:25.05,1.2494,4.0772,C,07/25/2025 12:15:54 PM,0.0000,-0.0008,0.0,0.0
6914,0,8,  0d 01:55:05.73,  0d 00:50:26.05,1.2500,4.0774,C,07/25/2025 12:15:54 PM,0.0000,-0.0007,0.0,0.0
6915,0,8,  0d 01:55:06.73,  0d 00:50:27.05,1.2503,4.0776,C,07/25/2025 12:15:55 PM,0.0000,-0.0008,0.0,0.0
6916,0,8,  0d 01:55:07.73,  0d 00:50:28.05,1.2506,4.0778,C,07/25/2025 12:15:56 PM,0.0000,-0.0007,0.0,0.0
6917,0,8,  0d 01:55:08.73,  0d 00:50:29.05,1.2503,4.0779,C,07/25/2025 12:15:57 PM,0.0000,-0.0007,0.0,0.0
6918,0,8,  0d 01:55:09.73,  0d 00:50:30.05,1.2503,4.0781,C,07/25/2025 12:15:58 PM,0.0000,-0.0008,0.0,0.0
6919,0,8,  0d 01:55:10.73,  0d 00:50:31.05,1.2500,4.0781,C,07/25/2025 12:15:59 PM,0.0000,-0.0005,0.0,0.0
6920,0,8,  0d 01:55:11.73,  0d 00:50:32.05,1.2503,4.0784,C,07/25/2025 12:16:00 PM,0.0000,-0.0011,0.0,0.0
6921,0,8,  0d 01:55:12.73,  0d 00:50:33.05,1.2500,4.0785,C,07/25/2025 12:16:01 PM,0.0000,-0.0008,0.0,0.0
6922,0,8,  0d 01:55:13.73,  0d 00:50:34.05,1.2500,4.0786,C,07/25/2025 12:16:02 PM,0.0000,-0.0007,0.0,0.0
6923,0,8,  0d 01:55:14.73,  0d 00:50:35.05,1.2500,4.0788,C,07/25/2025 12:16:04 PM,0.0000,-0.0008,0.0,0.0
6924,0,8,  0d 01:55:15.73,  0d 00:50:36.05,1.2497,4.0789,C,07/25/2025 12:16:04 PM,0.0000,-0.0007,0.0,0.0
6925,0,8,  0d 01:55:16.73,  0d 00:50:37.05,1.2494,4.0792,C,07/25/2025 12:16:05 PM,0.0000,-0.0008,0.0,0.0
6926,0,8,  0d 01:55:17.73,  0d 00:50:38.05,1.2503,4.0793,C,07/25/2025 12:16:06 PM,0.0000,-0.0008,0.0,0.0
6927,0,8,  0d 01:55:18.73,  0d 00:50:39.05,1.2500,4.0794,C,07/25/2025 12:16:07 PM,0.0000,-0.0008,0.0,0.0
6928,0,8,  0d 01:55:19.73,  0d 00:50:40.05,1.2497,4.0797,C,07/25/2025 12:16:08 PM,0.0000,-0.0007,0.0,0.0
6929,0,8,  0d 01:55:20.73,  0d 00:50:41.05,1.2497,4.0797,C,07/25/2025 12:16:09 PM,0.0000,-0.0008,0.0,0.0
6930,0,8,  0d 01:55:21.73,  0d 00:50:42.05,1.2503,4.0800,C,07/25/2025 12:16:10 PM,0.0000,-0.0007,0.0,0.0
6931,0,8,  0d 01:55:22.73,  0d 00:50:43.05,1.2500,4.0800,C,07/25/2025 12:16:11 PM,0.0000,-0.0008,0.0,0.0
6932,0,8,  0d 01:55:23.73,  0d 00:50:44.05,1.2497,4.0802,C,07/25/2025 12:16:12 PM,0.0000,-0.0008,0.0,0.0
6933,0,8,  0d 01:55:24.73,  0d 00:50:45.05,1.2500,4.0805,C,07/25/2025 12:16:14 PM,0.0000,-0.0007,0.0,0.0
6934,0,8,  0d 01:55:25.73,  0d 00:50:46.05,1.2500,4.0806,C,07/25/2025 12:16:14 PM,0.0000,-0.0007,0.0,0.0
6935,0,8,  0d 01:55:26.73,  0d 00:50:47.05,1.2500,4.0807,C,07/25/2025 12:16:15 PM,0.0000,-0.0007,0.0,0.0
6936,0,8,  0d 01:55:27.73,  0d 00:50:48.05,1.2500,4.0809,C,07/25/2025 12:16:16 PM,0.0000,-0.0010,0.0,0.0
6937,0,8,  0d 01:55:28.73,  0d 00:50:49.05,1.2506,4.0812,C,07/25/2025 12:16:17 PM,0.0000,-0.0007,0.0,0.0
6938,0,8,  0d 01:55:29.73,  0d 00:50:50.05,1.2497,4.0814,C,07/25/2025 12:16:18 PM,0.0000,-0.0008,0.0,0.0
6939,0,8,  0d 01:55:30.73,  0d 00:50:51.05,1.2503,4.0813,C,07/25/2025 12:16:19 PM,0.0000,-0.0008,0.0,0.0
6940,0,8,  0d 01:55:31.73,  0d 00:50:52.05,1.2497,4.0816,C,07/25/2025 12:16:20 PM,0.0000,-0.0008,0.0,0.0
6941,0,8,  0d 01:55:32.73,  0d 00:50:53.05,1.2497,4.0816,C,07/25/2025 12:16:21 PM,0.0000,-0.0008,0.0,0.0
6942,0,8,  0d 01:55:33.73,  0d 00:50:54.05,1.2500,4.0820,C,07/25/2025 12:16:22 PM,0.0000,-0.0005,0.0,0.0
6943,0,8,  0d 01:55:34.73,  0d 00:50:55.05,1.2500,4.0821,C,07/25/2025 12:16:24 PM,0.0000,-0.0008,0.0,0.0
6944,0,8,  0d 01:55:35.73,  0d 00:50:56.05,1.2497,4.0822,C,07/25/2025 12:16:24 PM,0.0000,-0.0007,0.0,0.0
6945,0,8,  0d 01:55:36.73,  0d 00:50:57.05,1.2506,4.0824,C,07/25/2025 12:16:25 PM,0.0000,-0.0007,0.0,0.0
6946,0,8,  0d 01:55:37.73,  0d 00:50:58.05,1.2500,4.0826,C,07/25/2025 12:16:26 PM,0.0000,-0.0007,0.0,0.0
6947,0,8,  0d 01:55:38.73,  0d 00:50:59.05,1.2497,4.0828,C,07/25/2025 12:16:27 PM,0.0000,-0.0007,0.0,0.0
6948,0,8,  0d 01:55:39.73,  0d 00:51:00.05,1.2494,4.0829,C,07/25/2025 12:16:28 PM,0.0000,-0.0007,0.0,0.0
6949,0,8,  0d 01:55:40.73,  0d 00:51:01.05,1.2503,4.0830,C,07/25/2025 12:16:29 PM,0.0000,-0.0008,0.0,0.0
6950,0,8,  0d 01:55:41.73,  0d 00:51:02.05,1.2503,4.0834,C,07/25/2025 12:16:30 PM,0.0000,-0.0005,0.0,0.0
6951,0,8,  0d 01:55:42.73,  0d 00:51:03.05,1.2497,4.0833,C,07/25/2025 12:16:31 PM,0.0000,-0.0008,0.0,0.0
6952,0,8,  0d 01:55:43.73,  0d 00:51:04.05,1.2497,4.0836,C,07/25/2025 12:16:32 PM,0.0000,-0.0007,0.0,0.0
6953,0,8,  0d 01:55:44.73,  0d 00:51:05.05,1.2497,4.0836,C,07/25/2025 12:16:33 PM,0.0000,-0.0008,0.0,0.0
6954,0,8,  0d 01:55:45.73,  0d 00:51:06.05,1.2500,4.0838,C,07/25/2025 12:16:34 PM,0.0000,-0.0008,0.0,0.0
6955,0,8,  0d 01:55:46.73,  0d 00:51:07.05,1.2500,4.0840,C,07/25/2025 12:16:35 PM,0.0000,-0.0007,0.0,0.0
6956,0,8,  0d 01:55:47.73,  0d 00:51:08.05,1.2494,4.0841,C,07/25/2025 12:16:36 PM,0.0000,-0.0007,0.0,0.0
6957,0,8,  0d 01:55:48.73,  0d 00:51:09.05,1.2497,4.0844,C,07/25/2025 12:16:37 PM,0.0000,-0.0007,0.0,0.0
6958,0,8,  0d 01:55:49.73,  0d 00:51:10.05,1.2500,4.0845,C,07/25/2025 12:16:38 PM,0.0000,-0.0008,0.0,0.0
6959,0,8,  0d 01:55:50.73,  0d 00:51:11.05,1.2500,4.0847,C,07/25/2025 12:16:39 PM,0.0000,-0.0008,0.0,0.0
6960,0,8,  0d 01:55:51.73,  0d 00:51:12.05,1.2503,4.0848,C,07/25/2025 12:16:40 PM,0.0000,-0.0008,0.0,0.0
6961,0,8,  0d 01:55:52.73,  0d 00:51:13.05,1.2497,4.0848,C,07/25/2025 12:16:41 PM,0.0000,-0.0010,0.0,0.0
6962,0,8,  0d 01:55:53.73,  0d 00:51:14.05,1.2503,4.0852,C,07/25/2025 12:16:42 PM,0.0000,-0.0008,0.0,0.0
6963,0,8,  0d 01:55:54.73,  0d 00:51:15.05,1.2497,4.0852,C,07/25/2025 12:16:43 PM,0.0000,-0.0008,0.0,0.0
6964,0,8,  0d 01:55:55.73,  0d 00:51:16.05,1.2500,4.0855,C,07/25/2025 12:16:44 PM,0.0000,-0.0007,0.0,0.0
6965,0,8,  0d 01:55:56.73,  0d 00:51:17.05,1.2497,4.0855,C,07/25/2025 12:16:45 PM,0.0000,-0.0005,0.0,0.0
6966,0,8,  0d 01:55:57.73,  0d 00:51:18.05,1.2497,4.0856,C,07/25/2025 12:16:46 PM,0.0000,-0.0008,0.0,0.0
6967,0,8,  0d 01:55:58.73,  0d 00:51:19.05,1.2503,4.0858,C,07/25/2025 12:16:47 PM,0.0000,-0.0007,0.0,0.0
6968,0,8,  0d 01:55:59.73,  0d 00:51:20.05,1.2500,4.0860,C,07/25/2025 12:16:48 PM,0.0000,-0.0007,0.0,0.0
6969,0,8,  0d 01:56:00.73,  0d 00:51:21.05,1.2497,4.0862,C,07/25/2025 12:16:49 PM,0.0000,-0.0008,0.0,0.0
6970,0,8,  0d 01:56:01.73,  0d 00:51:22.05,1.2503,4.0864,C,07/25/2025 12:16:50 PM,0.0000,-0.0008,0.0,0.0
6971,0,8,  0d 01:56:02.73,  0d 00:51:23.05,1.2503,4.0864,C,07/25/2025 12:16:51 PM,0.0000,-0.0007,0.0,0.0
6972,0,8,  0d 01:56:03.73,  0d 00:51:24.05,1.2503,4.0866,C,07/25/2025 12:16:52 PM,0.0000,-0.0008,0.0,0.0
6973,0,8,  0d 01:56:04.73,  0d 00:51:25.05,1.2500,4.0867,C,07/25/2025 12:16:53 PM,0.0000,-0.0007,0.0,0.0
6974,0,8,  0d 01:56:05.73,  0d 00:51:26.05,1.2500,4.0869,C,07/25/2025 12:16:55 PM,0.0000,-0.0007,0.0,0.0
6975,0,8,  0d 01:56:06.73,  0d 00:51:27.05,1.2497,4.0872,C,07/25/2025 12:16:55 PM,0.0000,-0.0008,0.0,0.0
6976,0,8,  0d 01:56:07.73,  0d 00:51:28.05,1.2497,4.0874,C,07/25/2025 12:16:56 PM,0.0000,-0.0008,0.0,0.0
6977,0,8,  0d 01:56:08.73,  0d 00:51:29.05,1.2497,4.0874,C,07/25/2025 12:16:57 PM,0.0000,-0.0007,0.0,0.0
6978,0,8,  0d 01:56:09.73,  0d 00:51:30.05,1.2497,4.0875,C,07/25/2025 12:16:58 PM,0.0000,-0.0010,0.0,0.0
6979,0,8,  0d 01:56:10.73,  0d 00:51:31.05,1.2506,4.0877,C,07/25/2025 12:16:59 PM,0.0000,-0.0008,0.0,0.0
6980,0,8,  0d 01:56:11.73,  0d 00:51:32.05,1.2500,4.0880,C,07/25/2025 12:17:00 PM,0.0000,-0.0008,0.0,0.0
6981,0,8,  0d 01:56:12.73,  0d 00:51:33.05,1.2503,4.0881,C,07/25/2025 12:17:01 PM,0.0000,-0.0007,0.0,0.0
6982,0,8,  0d 01:56:13.73,  0d 00:51:34.05,1.2500,4.0882,C,07/25/2025 12:17:02 PM,0.0000,-0.0008,0.0,0.0
6983,0,8,  0d 01:56:14.73,  0d 00:51:35.05,1.2497,4.0883,C,07/25/2025 12:17:03 PM,0.0000,-0.0010,0.0,0.0
6984,0,8,  0d 01:56:15.73,  0d 00:51:36.05,1.2503,4.0886,C,07/25/2025 12:17:05 PM,0.0000,-0.0008,0.0,0.0
6985,0,8,  0d 01:56:16.73,  0d 00:51:37.05,1.2503,4.0886,C,07/25/2025 12:17:05 PM,0.0000,-0.0008,0.0,0.0
6986,0,8,  0d 01:56:17.73,  0d 00:51:38.05,1.2500,4.0888,C,07/25/2025 12:17:06 PM,0.0000,-0.0008,0.0,0.0
6987,0,8,  0d 01:56:18.73,  0d 00:51:39.05,1.2497,4.0890,C,07/25/2025 12:17:07 PM,0.0000,-0.0008,0.0,0.0
6988,0,8,  0d 01:56:19.73,  0d 00:51:40.05,1.2503,4.0891,C,07/25/2025 12:17:08 PM,0.0000,-0.0007,0.0,0.0
6989,0,8,  0d 01:56:20.73,  0d 00:51:41.05,1.2497,4.0893,C,07/25/2025 12:17:09 PM,0.0000,-0.0007,0.0,0.0
6990,0,8,  0d 01:56:21.73,  0d 00:51:42.05,1.2500,4.0895,C,07/25/2025 12:17:10 PM,0.0000,-0.0007,0.0,0.0
6991,0,8,  0d 01:56:22.73,  0d 00:51:43.05,1.2497,4.0896,C,07/25/2025 12:17:11 PM,0.0000,-0.0008,0.0,0.0
6992,0,8,  0d 01:56:23.73,  0d 00:51:44.05,1.2494,4.0898,C,07/25/2025 12:17:12 PM,0.0000,-0.0008,0.0,0.0
6993,0,8,  0d 01:56:24.73,  0d 00:51:45.05,1.2500,4.0900,C,07/25/2025 12:17:13 PM,0.0000,-0.0007,0.0,0.0
6994,0,8,  0d 01:56:25.73,  0d 00:51:46.05,1.2500,4.0900,C,07/25/2025 12:17:15 PM,0.0000,-0.0010,0.0,0.0
6995,0,8,  0d 01:56:26.73,  0d 00:51:47.05,1.2494,4.0900,C,07/25/2025 12:17:15 PM,0.0000,-0.0008,0.0,0.0
6996,0,8,  0d 01:56:27.73,  0d 00:51:48.05,1.2497,4.0903,C,07/25/2025 12:17:16 PM,0.0000,-0.0007,0.0,0.0
6997,0,8,  0d 01:56:28.73,  0d 00:51:49.05,1.2491,4.0904,C,07/25/2025 12:17:17 PM,0.0000,-0.0008,0.0,0.0
6998,0,8,  0d 01:56:29.73,  0d 00:51:50.05,1.2500,4.0906,C,07/25/2025 12:17:18 PM,0.0000,-0.0007,0.0,0.0
6999,0,8,  0d 01:56:30.73,  0d 00:51:51.05,1.2500,4.0908,C,07/25/2025 12:17:19 PM,0.0000,-0.0007,0.0,0.0
7000,0,8,  0d 01:56:31.73,  0d 00:51:52.05,1.2500,4.0910,C,07/25/2025 12:17:20 PM,0.0000,-0.0008,0.0,0.0
7001,0,8,  0d 01:56:32.73,  0d 00:51:53.05,1.2500,4.0912,C,07/25/2025 12:17:21 PM,0.0000,-0.0008,0.0,0.0
7002,0,8,  0d 01:56:33.73,  0d 00:51:54.05,1.2503,4.0912,C,07/25/2025 12:17:22 PM,0.0000,-0.0008,0.0,0.0
7003,0,8,  0d 01:56:34.73,  0d 00:51:55.05,1.2497,4.0914,C,07/25/2025 12:17:23 PM,0.0000,-0.0007,0.0,0.0
7004,0,8,  0d 01:56:35.73,  0d 00:51:56.05,1.2500,4.0916,C,07/25/2025 12:17:25 PM,0.0000,-0.0008,0.0,0.0
7005,0,8,  0d 01:56:36.73,  0d 00:51:57.05,1.2500,4.0916,C,07/25/2025 12:17:25 PM,0.0000,-0.0008,0.0,0.0
7006,0,8,  0d 01:56:37.73,  0d 00:51:58.05,1.2497,4.0918,C,07/25/2025 12:17:26 PM,0.0000,-0.0008,0.0,0.0
7007,0,8,  0d 01:56:38.73,  0d 00:51:59.05,1.2494,4.0919,C,07/25/2025 12:17:27 PM,0.0000,-0.0008,0.0,0.0
7008,0,8,  0d 01:56:39.73,  0d 00:52:00.05,1.2494,4.0920,C,07/25/2025 12:17:28 PM,0.0000,-0.0008,0.0,0.0
7009,0,8,  0d 01:56:40.73,  0d 00:52:01.05,1.2497,4.0923,C,07/25/2025 12:17:29 PM,0.0000,-0.0008,0.0,0.0
7010,0,8,  0d 01:56:41.73,  0d 00:52:02.05,1.2497,4.0924,C,07/25/2025 12:17:30 PM,0.0000,-0.0008,0.0,0.0
7011,0,8,  0d 01:56:42.73,  0d 00:52:03.05,1.2503,4.0925,C,07/25/2025 12:17:31 PM,0.0000,-0.0008,0.0,0.0
7012,0,8,  0d 01:56:43.73,  0d 00:52:04.05,1.2497,4.0927,C,07/25/2025 12:17:32 PM,0.0000,-0.0007,0.0,0.0
7013,0,8,  0d 01:56:44.73,  0d 00:52:05.05,1.2500,4.0928,C,07/25/2025 12:17:33 PM,0.0000,-0.0007,0.0,0.0
7014,0,8,  0d 01:56:45.73,  0d 00:52:06.05,1.2503,4.0931,C,07/25/2025 12:17:35 PM,0.0000,-0.0008,0.0,0.0
7015,0,8,  0d 01:56:46.73,  0d 00:52:07.05,1.2497,4.0932,C,07/25/2025 12:17:35 PM,0.0000,-0.0008,0.0,0.0
7016,0,8,  0d 01:56:47.73,  0d 00:52:08.05,1.2500,4.0933,C,07/25/2025 12:17:36 PM,0.0000,-0.0008,0.0,0.0
7017,0,8,  0d 01:56:48.73,  0d 00:52:09.05,1.2500,4.0934,C,07/25/2025 12:17:37 PM,0.0000,-0.0008,0.0,0.0
7018,0,8,  0d 01:56:49.73,  0d 00:52:10.05,1.2497,4.0935,C,07/25/2025 12:17:38 PM,0.0000,-0.0008,0.0,0.0
7019,0,8,  0d 01:56:50.73,  0d 00:52:11.05,1.2500,4.0937,C,07/25/2025 12:17:39 PM,0.0000,-0.0007,0.0,0.0
7020,0,8,  0d 01:56:51.73,  0d 00:52:12.05,1.2500,4.0939,C,07/25/2025 12:17:40 PM,0.0000,-0.0007,0.0,0.0
7021,0,8,  0d 01:56:52.73,  0d 00:52:13.05,1.2500,4.0940,C,07/25/2025 12:17:41 PM,0.0000,-0.0007,0.0,0.0
7022,0,8,  0d 01:56:53.73,  0d 00:52:14.05,1.2497,4.0943,C,07/25/2025 12:17:42 PM,0.0000,-0.0007,0.0,0.0
7023,0,8,  0d 01:56:54.73,  0d 00:52:15.05,1.2497,4.0944,C,07/25/2025 12:17:43 PM,0.0000,-0.0008,0.0,0.0
7024,0,8,  0d 01:56:55.73,  0d 00:52:16.05,1.2497,4.0946,C,07/25/2025 12:17:44 PM,0.0000,-0.0008,0.0,0.0
7025,0,8,  0d 01:56:56.73,  0d 00:52:17.05,1.2494,4.0946,C,07/25/2025 12:17:45 PM,0.0000,-0.0007,0.0,0.0
7026,0,8,  0d 01:56:57.73,  0d 00:52:18.05,1.2500,4.0948,C,07/25/2025 12:17:46 PM,0.0000,-0.0007,0.0,0.0
7027,0,8,  0d 01:56:58.73,  0d 00:52:19.05,1.2497,4.0949,C,07/25/2025 12:17:47 PM,0.0000,-0.0007,0.0,0.0
7028,0,8,  0d 01:56:59.73,  0d 00:52:20.05,1.2500,4.0951,C,07/25/2025 12:17:48 PM,0.0000,-0.0008,0.0,0.0
7029,0,8,  0d 01:57:00.73,  0d 00:52:21.05,1.2500,4.0952,C,07/25/2025 12:17:49 PM,0.0000,-0.0008,0.0,0.0
7030,0,8,  0d 01:57:01.73,  0d 00:52:22.05,1.2497,4.0954,C,07/25/2025 12:17:50 PM,0.0000,-0.0007,0.0,0.0
7031,0,8,  0d 01:57:02.73,  0d 00:52:23.05,1.2497,4.0955,C,07/25/2025 12:17:51 PM,0.0000,-0.0007,0.0,0.0
7032,0,8,  0d 01:57:03.73,  0d 00:52:24.05,1.2500,4.0958,C,07/25/2025 12:17:52 PM,0.0000,-0.0008,0.0,0.0
7033,0,8,  0d 01:57:04.73,  0d 00:52:25.05,1.2497,4.0958,C,07/25/2025 12:17:53 PM,0.0000,-0.0007,0.0,0.0
7034,0,8,  0d 01:57:05.73,  0d 00:52:26.05,1.2500,4.0960,C,07/25/2025 12:17:54 PM,0.0000,-0.0007,0.0,0.0
7035,0,8,  0d 01:57:06.73,  0d 00:52:27.05,1.2497,4.0961,C,07/25/2025 12:17:55 PM,0.0000,-0.0007,0.0,0.0
7036,0,8,  0d 01:57:07.73,  0d 00:52:28.05,1.2500,4.0962,C,07/25/2025 12:17:56 PM,0.0000,-0.0007,0.0,0.0
7037,0,8,  0d 01:57:08.73,  0d 00:52:29.05,1.2500,4.0964,C,07/25/2025 12:17:57 PM,0.0000,-0.0008,0.0,0.0
7038,0,8,  0d 01:57:09.73,  0d 00:52:30.05,1.2494,4.0965,C,07/25/2025 12:17:58 PM,0.0000,-0.0008,0.0,0.0
7039,0,8,  0d 01:57:10.73,  0d 00:52:31.05,1.2497,4.0966,C,07/25/2025 12:17:59 PM,0.0000,-0.0008,0.0,0.0
7040,0,8,  0d 01:57:11.73,  0d 00:52:32.05,1.2506,4.0969,C,07/25/2025 12:18:00 PM,0.0000,-0.0008,0.0,0.0
7041,0,8,  0d 01:57:12.73,  0d 00:52:33.05,1.2500,4.0969,C,07/25/2025 12:18:01 PM,0.0000,-0.0010,0.0,0.0
7042,0,8,  0d 01:57:13.73,  0d 00:52:34.05,1.2497,4.0970,C,07/25/2025 12:18:02 PM,0.0000,-0.0008,0.0,0.0
7043,0,8,  0d 01:57:14.73,  0d 00:52:35.05,1.2497,4.0973,C,07/25/2025 12:18:03 PM,0.0000,-0.0007,0.0,0.0
7044,0,8,  0d 01:57:15.73,  0d 00:52:36.05,1.2494,4.0974,C,07/25/2025 12:18:04 PM,0.0000,-0.0007,0.0,0.0
7045,0,8,  0d 01:57:16.73,  0d 00:52:37.05,1.2500,4.0976,C,07/25/2025 12:18:06 PM,0.0000,-0.0007,0.0,0.0
7046,0,8,  0d 01:57:17.73,  0d 00:52:38.05,1.2494,4.0977,C,07/25/2025 12:18:06 PM,0.0000,-0.0007,0.0,0.0
7047,0,8,  0d 01:57:18.73,  0d 00:52:39.05,1.2497,4.0979,C,07/25/2025 12:18:07 PM,0.0000,-0.0010,0.0,0.0
7048,0,8,  0d 01:57:19.73,  0d 00:52:40.05,1.2497,4.0979,C,07/25/2025 12:18:08 PM,0.0000,-0.0008,0.0,0.0
7049,0,8,  0d 01:57:20.73,  0d 00:52:41.05,1.2500,4.0982,C,07/25/2025 12:18:09 PM,0.0000,-0.0008,0.0,0.0
7050,0,8,  0d 01:57:21.73,  0d 00:52:42.05,1.2500,4.0983,C,07/25/2025 12:18:10 PM,0.0000,-0.0007,0.0,0.0
7051,0,8,  0d 01:57:22.73,  0d 00:52:43.05,1.2497,4.0983,C,07/25/2025 12:18:11 PM,0.0000,-0.0008,0.0,0.0
7052,0,8,  0d 01:57:23.73,  0d 00:52:44.05,1.2497,4.0986,C,07/25/2025 12:18:12 PM,0.0000,-0.0007,0.0,0.0
7053,0,8,  0d 01:57:24.73,  0d 00:52:45.05,1.2497,4.0986,C,07/25/2025 12:18:13 PM,0.0000,-0.0007,0.0,0.0
7054,0,8,  0d 01:57:25.73,  0d 00:52:46.05,1.2500,4.0988,C,07/25/2025 12:18:14 PM,0.0000,-0.0007,0.0,0.0
7055,0,8,  0d 01:57:26.73,  0d 00:52:47.05,1.2497,4.0989,C,07/25/2025 12:18:16 PM,0.0000,-0.0007,0.0,0.0
7056,0,8,  0d 01:57:27.73,  0d 00:52:48.05,1.2503,4.0991,C,07/25/2025 12:18:16 PM,0.0000,-0.0007,0.0,0.0
7057,0,8,  0d 01:57:28.73,  0d 00:52:49.05,1.2497,4.0992,C,07/25/2025 12:18:17 PM,0.0000,-0.0008,0.0,0.0
7058,0,8,  0d 01:57:29.73,  0d 00:52:50.05,1.2497,4.0993,C,07/25/2025 12:18:18 PM,0.0000,-0.0008,0.0,0.0
7059,0,8,  0d 01:57:30.73,  0d 00:52:51.05,1.2497,4.0995,C,07/25/2025 12:18:19 PM,0.0000,-0.0008,0.0,0.0
7060,0,8,  0d 01:57:31.73,  0d 00:52:52.05,1.2503,4.0996,C,07/25/2025 12:18:20 PM,0.0000,-0.0008,0.0,0.0
7061,0,8,  0d 01:57:32.73,  0d 00:52:53.05,1.2497,4.0997,C,07/25/2025 12:18:21 PM,0.0000,-0.0008,0.0,0.0
7062,0,8,  0d 01:57:33.73,  0d 00:52:54.05,1.2500,4.0999,C,07/25/2025 12:18:22 PM,0.0000,-0.0008,0.0,0.0
7063,0,8,  0d 01:57:34.73,  0d 00:52:55.05,1.2494,4.1000,C,07/25/2025 12:18:23 PM,0.0000,-0.0007,0.0,0.0
7064,0,8,  0d 01:57:35.73,  0d 00:52:56.05,1.2503,4.1002,C,07/25/2025 12:18:24 PM,0.0000,-0.0007,0.0,0.0
7065,0,8,  0d 01:57:36.73,  0d 00:52:57.05,1.2503,4.1003,C,07/25/2025 12:18:26 PM,0.0000,-0.0008,0.0,0.0
7066,0,8,  0d 01:57:37.73,  0d 00:52:58.05,1.2494,4.1005,C,07/25/2025 12:18:26 PM,0.0000,-0.0007,0.0,0.0
7067,0,8,  0d 01:57:38.73,  0d 00:52:59.05,1.2500,4.1006,C,07/25/2025 12:18:27 PM,0.0000,-0.0008,0.0,0.0
7068,0,8,  0d 01:57:39.73,  0d 00:53:00.05,1.2500,4.1009,C,07/25/2025 12:18:28 PM,0.0000,-0.0007,0.0,0.0
7069,0,8,  0d 01:57:40.73,  0d 00:53:01.05,1.2491,4.1009,C,07/25/2025 12:18:29 PM,0.0000,-0.0007,0.0,0.0
7070,0,8,  0d 01:57:41.73,  0d 00:53:02.05,1.2503,4.1010,C,07/25/2025 12:18:30 PM,0.0000,-0.0005,0.0,0.0
7071,0,8,  0d 01:57:42.73,  0d 00:53:03.05,1.2503,4.1012,C,07/25/2025 12:18:31 PM,0.0000,-0.0008,0.0,0.0
7072,0,8,  0d 01:57:43.73,  0d 00:53:04.05,1.2500,4.1014,C,07/25/2025 12:18:32 PM,0.0000,-0.0008,0.0,0.0
7073,0,8,  0d 01:57:44.73,  0d 00:53:05.05,1.2506,4.1015,C,07/25/2025 12:18:33 PM,0.0000,-0.0008,0.0,0.0
7074,0,8,  0d 01:57:45.73,  0d 00:53:06.05,1.2500,4.1015,C,07/25/2025 12:18:34 PM,0.0000,-0.0007,0.0,0.0
7075,0,8,  0d 01:57:46.73,  0d 00:53:07.05,1.2497,4.1018,C,07/25/2025 12:18:36 PM,0.0000,-0.0007,0.0,0.0
7076,0,8,  0d 01:57:47.73,  0d 00:53:08.05,1.2500,4.1019,C,07/25/2025 12:18:36 PM,0.0000,-0.0007,0.0,0.0
7077,0,8,  0d 01:57:48.73,  0d 00:53:09.05,1.2497,4.1019,C,07/25/2025 12:18:37 PM,0.0000,-0.0007,0.0,0.0
7078,0,8,  0d 01:57:49.73,  0d 00:53:10.05,1.2494,4.1020,C,07/25/2025 12:18:38 PM,0.0000,-0.0008,0.0,0.0
7079,0,8,  0d 01:57:50.73,  0d 00:53:11.05,1.2497,4.1022,C,07/25/2025 12:18:39 PM,0.0000,-0.0008,0.0,0.0
7080,0,8,  0d 01:57:51.73,  0d 00:53:12.05,1.2503,4.1025,C,07/25/2025 12:18:40 PM,0.0000,-0.0007,0.0,0.0
7081,0,8,  0d 01:57:52.73,  0d 00:53:13.05,1.2503,4.1025,C,07/25/2025 12:18:41 PM,0.0000,-0.0007,0.0,0.0
7082,0,8,  0d 01:57:53.73,  0d 00:53:14.05,1.2497,4.1026,C,07/25/2025 12:18:42 PM,0.0000,-0.0007,0.0,0.0
7083,0,8,  0d 01:57:54.73,  0d 00:53:15.05,1.2503,4.1028,C,07/25/2025 12:18:43 PM,0.0000,-0.0010,0.0,0.0
7084,0,8,  0d 01:57:55.73,  0d 00:53:16.05,1.2497,4.1030,C,07/25/2025 12:18:44 PM,0.0000,-0.0005,0.0,0.0
7085,0,8,  0d 01:57:56.73,  0d 00:53:17.05,1.2497,4.1031,C,07/25/2025 12:18:46 PM,0.0000,-0.0008,0.0,0.0
7086,0,8,  0d 01:57:57.73,  0d 00:53:18.05,1.2500,4.1032,C,07/25/2025 12:18:46 PM,0.0000,-0.0007,0.0,0.0
7087,0,8,  0d 01:57:58.73,  0d 00:53:19.05,1.2497,4.1034,C,07/25/2025 12:18:47 PM,0.0000,-0.0008,0.0,0.0
7088,0,8,  0d 01:57:59.73,  0d 00:53:20.05,1.2500,4.1035,C,07/25/2025 12:18:48 PM,0.0000,-0.0007,0.0,0.0
7089,0,8,  0d 01:58:00.73,  0d 00:53:21.05,1.2503,4.1035,C,07/25/2025 12:18:49 PM,0.0000,-0.0007,0.0,0.0
7090,0,8,  0d 01:58:01.73,  0d 00:53:22.05,1.2497,4.1037,C,07/25/2025 12:18:50 PM,0.0000,-0.0007,0.0,0.0
7091,0,8,  0d 01:58:02.73,  0d 00:53:23.05,1.2497,4.1038,C,07/25/2025 12:18:51 PM,0.0000,-0.0008,0.0,0.0
7092,0,8,  0d 01:58:03.73,  0d 00:53:24.05,1.2497,4.1041,C,07/25/2025 12:18:52 PM,0.0000,-0.0007,0.0,0.0
7093,0,8,  0d 01:58:04.73,  0d 00:53:25.05,1.2503,4.1042,C,07/25/2025 12:18:53 PM,0.0000,-0.0007,0.0,0.0
7094,0,8,  0d 01:58:05.73,  0d 00:53:26.05,1.2494,4.1044,C,07/25/2025 12:18:54 PM,0.0000,-0.0007,0.0,0.0
7095,0,8,  0d 01:58:06.73,  0d 00:53:27.05,1.2494,4.1044,C,07/25/2025 12:18:55 PM,0.0000,-0.0007,0.0,0.0
7096,0,8,  0d 01:58:07.73,  0d 00:53:28.05,1.2503,4.1045,C,07/25/2025 12:18:56 PM,0.0000,-0.0007,0.0,0.0
7097,0,8,  0d 01:58:08.73,  0d 00:53:29.05,1.2500,4.1045,C,07/25/2025 12:18:57 PM,0.0000,-0.0007,0.0,0.0
7098,0,8,  0d 01:58:09.73,  0d 00:53:30.05,1.2494,4.1048,C,07/25/2025 12:18:58 PM,0.0000,-0.0007,0.0,0.0
7099,0,8,  0d 01:58:10.73,  0d 00:53:31.05,1.2494,4.1048,C,07/25/2025 12:18:59 PM,0.0000,-0.0010,0.0,0.0
7100,0,8,  0d 01:58:11.73,  0d 00:53:32.05,1.2491,4.1049,C,07/25/2025 12:19:00 PM,0.0000,-0.0008,0.0,0.0
7101,0,8,  0d 01:58:12.73,  0d 00:53:33.05,1.2497,4.1052,C,07/25/2025 12:19:01 PM,0.0000,-0.0007,0.0,0.0
7102,0,8,  0d 01:58:13.73,  0d 00:53:34.05,1.2500,4.1053,C,07/25/2025 12:19:02 PM,0.0000,-0.0008,0.0,0.0
7103,0,8,  0d 01:58:14.73,  0d 00:53:35.05,1.2497,4.1055,C,07/25/2025 12:19:03 PM,0.0000,-0.0007,0.0,0.0
7104,0,8,  0d 01:58:15.73,  0d 00:53:36.05,1.2500,4.1055,C,07/25/2025 12:19:04 PM,0.0000,-0.0007,0.0,0.0
7105,0,8,  0d 01:58:16.73,  0d 00:53:37.05,1.2494,4.1058,C,07/25/2025 12:19:05 PM,0.0000,-0.0008,0.0,0.0
7106,0,8,  0d 01:58:17.73,  0d 00:53:38.05,1.2497,4.1058,C,07/25/2025 12:19:06 PM,0.0000,-0.0008,0.0,0.0
7107,0,8,  0d 01:58:18.73,  0d 00:53:39.05,1.2497,4.1061,C,07/25/2025 12:19:07 PM,0.0000,-0.0008,0.0,0.0
7108,0,8,  0d 01:58:19.73,  0d 00:53:40.05,1.2494,4.1061,C,07/25/2025 12:19:08 PM,0.0000,-0.0008,0.0,0.0
7109,0,8,  0d 01:58:20.73,  0d 00:53:41.05,1.2500,4.1061,C,07/25/2025 12:19:09 PM,0.0000,-0.0007,0.0,0.0
7110,0,8,  0d 01:58:21.73,  0d 00:53:42.05,1.2500,4.1064,C,07/25/2025 12:19:10 PM,0.0000,-0.0007,0.0,0.0
7111,0,8,  0d 01:58:22.73,  0d 00:53:43.05,1.2500,4.1064,C,07/25/2025 12:19:11 PM,0.0000,-0.0007,0.0,0.0
7112,0,8,  0d 01:58:23.73,  0d 00:53:44.05,1.2500,4.1066,C,07/25/2025 12:19:12 PM,0.0000,-0.0007,0.0,0.0
7113,0,8,  0d 01:58:24.73,  0d 00:53:45.05,1.2503,4.1067,C,07/25/2025 12:19:13 PM,0.0000,-0.0008,0.0,0.0
7114,0,8,  0d 01:58:25.73,  0d 00:53:46.05,1.2494,4.1067,C,07/25/2025 12:19:14 PM,0.0000,-0.0007,0.0,0.0
7115,0,8,  0d 01:58:26.73,  0d 00:53:47.05,1.2500,4.1070,C,07/25/2025 12:19:15 PM,0.0000,-0.0008,0.0,0.0
7116,0,8,  0d 01:58:27.73,  0d 00:53:48.05,1.2503,4.1070,C,07/25/2025 12:19:16 PM,0.0000,-0.0007,0.0,0.0
7117,0,8,  0d 01:58:28.73,  0d 00:53:49.05,1.2497,4.1071,C,07/25/2025 12:19:17 PM,0.0000,-0.0008,0.0,0.0
7118,0,8,  0d 01:58:29.73,  0d 00:53:50.05,1.2500,4.1074,C,07/25/2025 12:19:18 PM,0.0000,-0.0008,0.0,0.0
7119,0,8,  0d 01:58:30.73,  0d 00:53:51.05,1.2500,4.1075,C,07/25/2025 12:19:19 PM,0.0000,-0.0008,0.0,0.0
7120,0,8,  0d 01:58:31.73,  0d 00:53:52.05,1.2500,4.1077,C,07/25/2025 12:19:20 PM,0.0000,-0.0008,0.0,0.0
7121,0,8,  0d 01:58:32.73,  0d 00:53:53.05,1.2503,4.1077,C,07/25/2025 12:19:21 PM,0.0000,-0.0007,0.0,0.0
7122,0,8,  0d 01:58:33.73,  0d 00:53:54.05,1.2500,4.1078,C,07/25/2025 12:19:22 PM,0.0000,-0.0008,0.0,0.0
7123,0,8,  0d 01:58:34.73,  0d 00:53:55.05,1.2497,4.1080,C,07/25/2025 12:19:23 PM,0.0000,-0.0008,0.0,0.0
7124,0,8,  0d 01:58:35.73,  0d 00:53:56.05,1.2494,4.1081,C,07/25/2025 12:19:24 PM,0.0000,-0.0008,0.0,0.0
7125,0,8,  0d 01:58:36.73,  0d 00:53:57.05,1.2497,4.1083,C,07/25/2025 12:19:25 PM,0.0000,-0.0007,0.0,0.0
7126,0,8,  0d 01:58:37.73,  0d 00:53:58.05,1.2503,4.1083,C,07/25/2025 12:19:27 PM,0.0000,-0.0008,0.0,0.0
7127,0,8,  0d 01:58:38.73,  0d 00:53:59.05,1.2500,4.1085,C,07/25/2025 12:19:27 PM,0.0000,-0.0008,0.0,0.0
7128,0,8,  0d 01:58:39.73,  0d 00:54:00.05,1.2500,4.1086,C,07/25/2025 12:19:28 PM,0.0000,-0.0008,0.0,0.0
7129,0,8,  0d 01:58:40.73,  0d 00:54:01.05,1.2500,4.1087,C,07/25/2025 12:19:29 PM,0.0000,-0.0007,0.0,0.0
7130,0,8,  0d 01:58:41.73,  0d 00:54:02.05,1.2494,4.1088,C,07/25/2025 12:19:30 PM,0.0000,-0.0008,0.0,0.0
7131,0,8,  0d 01:58:42.73,  0d 00:54:03.05,1.2494,4.1088,C,07/25/2025 12:19:31 PM,0.0000,-0.0008,0.0,0.0
7132,0,8,  0d 01:58:43.73,  0d 00:54:04.05,1.2503,4.1090,C,07/25/2025 12:19:32 PM,0.0000,-0.0007,0.0,0.0
7133,0,8,  0d 01:58:44.73,  0d 00:54:05.05,1.2500,4.1092,C,07/25/2025 12:19:33 PM,0.0000,-0.0007,0.0,0.0
7134,0,8,  0d 01:58:45.73,  0d 00:54:06.05,1.2497,4.1093,C,07/25/2025 12:19:34 PM,0.0000,-0.0010,0.0,0.0
7135,0,8,  0d 01:58:46.73,  0d 00:54:07.05,1.2500,4.1095,C,07/25/2025 12:19:35 PM,0.0000,-0.0008,0.0,0.0
7136,0,8,  0d 01:58:47.73,  0d 00:54:08.05,1.2497,4.1095,C,07/25/2025 12:19:37 PM,0.0000,-0.0007,0.0,0.0
7137,0,8,  0d 01:58:48.73,  0d 00:54:09.05,1.2500,4.1096,C,07/25/2025 12:19:37 PM,0.0000,-0.0008,0.0,0.0
7138,0,8,  0d 01:58:49.73,  0d 00:54:10.05,1.2500,4.1097,C,07/25/2025 12:19:38 PM,0.0000,-0.0008,0.0,0.0
7139,0,8,  0d 01:58:50.73,  0d 00:54:11.05,1.2494,4.1099,C,07/25/2025 12:19:39 PM,0.0000,-0.0007,0.0,0.0
7140,0,8,  0d 01:58:51.73,  0d 00:54:12.05,1.2500,4.1099,C,07/25/2025 12:19:40 PM,0.0000,-0.0007,0.0,0.0
7141,0,8,  0d 01:58:52.73,  0d 00:54:13.05,1.2500,4.1102,C,07/25/2025 12:19:41 PM,0.0000,-0.0008,0.0,0.0
7142,0,8,  0d 01:58:53.73,  0d 00:54:14.05,1.2497,4.1103,C,07/25/2025 12:19:42 PM,0.0000,-0.0007,0.0,0.0
7143,0,8,  0d 01:58:54.73,  0d 00:54:15.05,1.2497,4.1105,C,07/25/2025 12:19:43 PM,0.0000,-0.0008,0.0,0.0
7144,0,8,  0d 01:58:55.73,  0d 00:54:16.05,1.2497,4.1105,C,07/25/2025 12:19:44 PM,0.0000,-0.0007,0.0,0.0
7145,0,8,  0d 01:58:56.73,  0d 00:54:17.05,1.2497,4.1106,C,07/25/2025 12:19:45 PM,0.0000,-0.0008,0.0,0.0
7146,0,8,  0d 01:58:57.73,  0d 00:54:18.05,1.2497,4.1108,C,07/25/2025 12:19:47 PM,0.0000,-0.0008,0.0,0.0
7147,0,8,  0d 01:58:58.73,  0d 00:54:19.05,1.2500,4.1109,C,07/25/2025 12:19:47 PM,0.0000,-0.0008,0.0,0.0
7148,0,8,  0d 01:58:59.73,  0d 00:54:20.05,1.2500,4.1109,C,07/25/2025 12:19:48 PM,0.0000,-0.0008,0.0,0.0
7149,0,8,  0d 01:59:00.73,  0d 00:54:21.05,1.2500,4.1111,C,07/25/2025 12:19:49 PM,0.0000,-0.0007,0.0,0.0
7150,0,8,  0d 01:59:01.73,  0d 00:54:22.05,1.2500,4.1112,C,07/25/2025 12:19:50 PM,0.0000,-0.0008,0.0,0.0
7151,0,8,  0d 01:59:02.73,  0d 00:54:23.05,1.2494,4.1114,C,07/25/2025 12:19:51 PM,0.0000,-0.0008,0.0,0.0
7152,0,8,  0d 01:59:03.73,  0d 00:54:24.05,1.2491,4.1114,C,07/25/2025 12:19:52 PM,0.0000,-0.0007,0.0,0.0
7153,0,8,  0d 01:59:04.73,  0d 00:54:25.05,1.2500,4.1115,C,07/25/2025 12:19:53 PM,0.0000,-0.0008,0.0,0.0
7154,0,8,  0d 01:59:05.73,  0d 00:54:26.05,1.2497,4.1116,C,07/25/2025 12:19:54 PM,0.0000,-0.0007,0.0,0.0
7155,0,8,  0d 01:59:06.73,  0d 00:54:27.05,1.2497,4.1117,C,07/25/2025 12:19:55 PM,0.0000,-0.0007,0.0,0.0
7156,0,8,  0d 01:59:07.73,  0d 00:54:28.05,1.2497,4.1118,C,07/25/2025 12:19:57 PM,0.0000,-0.0008,0.0,0.0
7157,0,8,  0d 01:59:08.73,  0d 00:54:29.05,1.2497,4.1120,C,07/25/2025 12:19:57 PM,0.0000,-0.0008,0.0,0.0
7158,0,8,  0d 01:59:09.73,  0d 00:54:30.05,1.2500,4.1120,C,07/25/2025 12:19:58 PM,0.0000,-0.0007,0.0,0.0
7159,0,8,  0d 01:59:10.73,  0d 00:54:31.05,1.2500,4.1122,C,07/25/2025 12:19:59 PM,0.0000,-0.0008,0.0,0.0
7160,0,8,  0d 01:59:11.73,  0d 00:54:32.05,1.2494,4.1123,C,07/25/2025 12:20:00 PM,0.0000,-0.0008,0.0,0.0
7161,0,8,  0d 01:59:12.73,  0d 00:54:33.05,1.2497,4.1125,C,07/25/2025 12:20:01 PM,0.0000,-0.0008,0.0,0.0
7162,0,8,  0d 01:59:13.73,  0d 00:54:34.05,1.2497,4.1125,C,07/25/2025 12:20:02 PM,0.0000,-0.0008,0.0,0.0
7163,0,8,  0d 01:59:14.73,  0d 00:54:35.05,1.2500,4.1125,C,07/25/2025 12:20:03 PM,0.0000,-0.0008,0.0,0.0
7164,0,8,  0d 01:59:15.73,  0d 00:54:36.05,1.2500,4.1127,C,07/25/2025 12:20:04 PM,0.0000,-0.0007,0.0,0.0
7165,0,8,  0d 01:59:16.73,  0d 00:54:37.05,1.2497,4.1128,C,07/25/2025 12:20:05 PM,0.0000,-0.0008,0.0,0.0
7166,0,8,  0d 01:59:17.73,  0d 00:54:38.05,1.2503,4.1130,C,07/25/2025 12:20:06 PM,0.0000,-0.0007,0.0,0.0
7167,0,8,  0d 01:59:18.73,  0d 00:54:39.05,1.2500,4.1131,C,07/25/2025 12:20:07 PM,0.0000,-0.0008,0.0,0.0
7168,0,8,  0d 01:59:19.73,  0d 00:54:40.05,1.2500,4.1132,C,07/25/2025 12:20:08 PM,0.0000,-0.0008,0.0,0.0
7169,0,8,  0d 01:59:20.73,  0d 00:54:41.05,1.2503,4.1134,C,07/25/2025 12:20:09 PM,0.0000,-0.0008,0.0,0.0
7170,0,8,  0d 01:59:21.73,  0d 00:54:42.05,1.2500,4.1133,C,07/25/2025 12:20:10 PM,0.0000,-0.0010,0.0,0.0
7171,0,8,  0d 01:59:22.73,  0d 00:54:43.05,1.2500,4.1135,C,07/25/2025 12:20:11 PM,0.0000,-0.0007,0.0,0.0
7172,0,8,  0d 01:59:23.73,  0d 00:54:44.05,1.2497,4.1136,C,07/25/2025 12:20:12 PM,0.0000,-0.0008,0.0,0.0
7173,0,8,  0d 01:59:24.73,  0d 00:54:45.05,1.2497,4.1138,C,07/25/2025 12:20:13 PM,0.0000,-0.0008,0.0,0.0
7174,0,8,  0d 01:59:25.73,  0d 00:54:46.05,1.2500,4.1139,C,07/25/2025 12:20:14 PM,0.0000,-0.0007,0.0,0.0
7175,0,8,  0d 01:59:26.73,  0d 00:54:47.05,1.2497,4.1139,C,07/25/2025 12:20:15 PM,0.0000,-0.0007,0.0,0.0
7176,0,8,  0d 01:59:27.73,  0d 00:54:48.05,1.2497,4.1141,C,07/25/2025 12:20:16 PM,0.0000,-0.0007,0.0,0.0
7177,0,8,  0d 01:59:28.73,  0d 00:54:49.05,1.2497,4.1142,C,07/25/2025 12:20:17 PM,0.0000,-0.0008,0.0,0.0
7178,0,8,  0d 01:59:29.73,  0d 00:54:50.05,1.2500,4.1143,C,07/25/2025 12:20:18 PM,0.0000,-0.0007,0.0,0.0
7179,0,8,  0d 01:59:30.73,  0d 00:54:51.05,1.2500,4.1144,C,07/25/2025 12:20:19 PM,0.0000,-0.0007,0.0,0.0
7180,0,8,  0d 01:59:31.73,  0d 00:54:52.05,1.2503,4.1147,C,07/25/2025 12:20:20 PM,0.0000,-0.0005,0.0,0.0
7181,0,8,  0d 01:59:32.73,  0d 00:54:53.05,1.2500,4.1147,C,07/25/2025 12:20:21 PM,0.0000,-0.0008,0.0,0.0
7182,0,8,  0d 01:59:33.73,  0d 00:54:54.05,1.2497,4.1147,C,07/25/2025 12:20:22 PM,0.0000,-0.0007,0.0,0.0
7183,0,8,  0d 01:59:34.73,  0d 00:54:55.05,1.2500,4.1147,C,07/25/2025 12:20:23 PM,0.0000,-0.0007,0.0,0.0
7184,0,8,  0d 01:59:35.73,  0d 00:54:56.05,1.2497,4.1151,C,07/25/2025 12:20:24 PM,0.0000,-0.0007,0.0,0.0
7185,0,8,  0d 01:59:36.73,  0d 00:54:57.05,1.2500,4.1151,C,07/25/2025 12:20:25 PM,0.0000,-0.0007,0.0,0.0
7186,0,8,  0d 01:59:37.73,  0d 00:54:58.05,1.2503,4.1151,C,07/25/2025 12:20:26 PM,0.0000,-0.0008,0.0,0.0
7187,0,8,  0d 01:59:38.73,  0d 00:54:59.05,1.2503,4.1154,C,07/25/2025 12:20:27 PM,0.0000,-0.0007,0.0,0.0
7188,0,8,  0d 01:59:39.73,  0d 00:55:00.05,1.2497,4.1154,C,07/25/2025 12:20:28 PM,0.0000,-0.0008,0.0,0.0
7189,0,8,  0d 01:59:40.73,  0d 00:55:01.05,1.2500,4.1154,C,07/25/2025 12:20:29 PM,0.0000,-0.0008,0.0,0.0
7190,0,8,  0d 01:59:41.73,  0d 00:55:02.05,1.2500,4.1157,C,07/25/2025 12:20:30 PM,0.0000,-0.0008,0.0,0.0
7191,0,8,  0d 01:59:42.73,  0d 00:55:03.05,1.2500,4.1157,C,07/25/2025 12:20:31 PM,0.0000,-0.0007,0.0,0.0
7192,0,8,  0d 01:59:43.73,  0d 00:55:04.05,1.2497,4.1156,C,07/25/2025 12:20:32 PM,0.0000,-0.0008,0.0,0.0
7193,0,8,  0d 01:59:44.73,  0d 00:55:05.05,1.2503,4.1158,C,07/25/2025 12:20:33 PM,0.0000,-0.0008,0.0,0.0
7194,0,8,  0d 01:59:45.73,  0d 00:55:06.05,1.2500,4.1160,C,07/25/2025 12:20:34 PM,0.0000,-0.0008,0.0,0.0
7195,0,8,  0d 01:59:46.73,  0d 00:55:07.05,1.2497,4.1160,C,07/25/2025 12:20:35 PM,0.0000,-0.0008,0.0,0.0
7196,0,8,  0d 01:59:47.73,  0d 00:55:08.05,1.2497,4.1161,C,07/25/2025 12:20:36 PM,0.0000,-0.0008,0.0,0.0
7197,0,8,  0d 01:59:48.73,  0d 00:55:09.05,1.2494,4.1162,C,07/25/2025 12:20:38 PM,0.0000,-0.0008,0.0,0.0
7198,0,8,  0d 01:59:49.73,  0d 00:55:10.05,1.2503,4.1164,C,07/25/2025 12:20:38 PM,0.0000,-0.0008,0.0,0.0
7199,0,8,  0d 01:59:50.73,  0d 00:55:11.05,1.2494,4.1164,C,07/25/2025 12:20:39 PM,0.0000,-0.0007,0.0,0.0
7200,0,8,  0d 01:59:51.73,  0d 00:55:12.05,1.2491,4.1167,C,07/25/2025 12:20:40 PM,0.0000,-0.0008,0.0,0.0
7201,0,8,  0d 01:59:52.73,  0d 00:55:13.05,1.2497,4.1167,C,07/25/2025 12:20:41 PM,0.0000,-0.0007,0.0,0.0
7202,0,8,  0d 01:59:53.73,  0d 00:55:14.05,1.2500,4.1169,C,07/25/2025 12:20:42 PM,0.0000,-0.0007,0.0,0.0
7203,0,8,  0d 01:59:54.73,  0d 00:55:15.05,1.2500,4.1170,C,07/25/2025 12:20:43 PM,0.0000,-0.0005,0.0,0.0
7204,0,8,  0d 01:59:55.73,  0d 00:55:16.05,1.2500,4.1171,C,07/25/2025 12:20:44 PM,0.0000,-0.0007,0.0,0.0
7205,0,8,  0d 01:59:56.73,  0d 00:55:17.05,1.2503,4.1173,C,07/25/2025 12:20:45 PM,0.0000,-0.0008,0.0,0.0
7206,0,8,  0d 01:59:57.73,  0d 00:55:18.05,1.2494,4.1173,C,07/25/2025 12:20:46 PM,0.0000,-0.0007,0.0,0.0
7207,0,8,  0d 01:59:58.73,  0d 00:55:19.05,1.2503,4.1173,C,07/25/2025 12:20:48 PM,0.0000,-0.0008,0.0,0.0
7208,0,8,  0d 01:59:59.73,  0d 00:55:20.05,1.2500,4.1174,C,07/25/2025 12:20:48 PM,0.0000,-0.0007,0.0,0.0
7209,0,8,  0d 02:00:00.73,  0d 00:55:21.05,1.2500,4.1176,C,07/25/2025 12:20:49 PM,0.0000,-0.0005,0.0,0.0
7210,0,8,  0d 02:00:01.73,  0d 00:55:22.05,1.2497,4.1176,C,07/25/2025 12:20:50 PM,0.0000,-0.0007,0.0,0.0
7211,0,8,  0d 02:00:02.73,  0d 00:55:23.05,1.2494,4.1176,C,07/25/2025 12:20:51 PM,0.0000,-0.0008,0.0,0.0
7212,0,8,  0d 02:00:03.73,  0d 00:55:24.05,1.2500,4.1178,C,07/25/2025 12:20:52 PM,0.0000,-0.0008,0.0,0.0
7213,0,8,  0d 02:00:04.73,  0d 00:55:25.05,1.2503,4.1180,C,07/25/2025 12:20:53 PM,0.0000,-0.0008,0.0,0.0
7214,0,8,  0d 02:00:05.73,  0d 00:55:26.05,1.2500,4.1180,C,07/25/2025 12:20:54 PM,0.0000,-0.0008,0.0,0.0
7215,0,8,  0d 02:00:06.73,  0d 00:55:27.05,1.2500,4.1181,C,07/25/2025 12:20:55 PM,0.0000,-0.0008,0.0,0.0
7216,0,8,  0d 02:00:07.73,  0d 00:55:28.05,1.2497,4.1181,C,07/25/2025 12:20:56 PM,0.0000,-0.0007,0.0,0.0
7217,0,8,  0d 02:00:08.73,  0d 00:55:29.05,1.2503,4.1183,C,07/25/2025 12:20:58 PM,0.0000,-0.0008,0.0,0.0
7218,0,8,  0d 02:00:09.73,  0d 00:55:30.05,1.2506,4.1184,C,07/25/2025 12:20:58 PM,0.0000,-0.0008,0.0,0.0
7219,0,8,  0d 02:00:10.73,  0d 00:55:31.05,1.2500,4.1184,C,07/25/2025 12:20:59 PM,0.0000,-0.0008,0.0,0.0
7220,0,8,  0d 02:00:11.73,  0d 00:55:32.05,1.2503,4.1186,C,07/25/2025 12:21:00 PM,0.0000,-0.0008,0.0,0.0
7221,0,8,  0d 02:00:12.73,  0d 00:55:33.05,1.2500,4.1186,C,07/25/2025 12:21:01 PM,0.0000,-0.0007,0.0,0.0
7222,0,8,  0d 02:00:13.73,  0d 00:55:34.05,1.2497,4.1187,C,07/25/2025 12:21:02 PM,0.0000,-0.0008,0.0,0.0
7223,0,8,  0d 02:00:14.73,  0d 00:55:35.05,1.2494,4.1189,C,07/25/2025 12:21:03 PM,0.0000,-0.0007,0.0,0.0
7224,0,8,  0d 02:00:15.73,  0d 00:55:36.05,1.2500,4.1189,C,07/25/2025 12:21:04 PM,0.0000,-0.0007,0.0,0.0
7225,0,8,  0d 02:00:16.73,  0d 00:55:37.05,1.2500,4.1189,C,07/25/2025 12:21:05 PM,0.0000,-0.0008,0.0,0.0
7226,0,8,  0d 02:00:17.73,  0d 00:55:38.05,1.2497,4.1190,C,07/25/2025 12:21:06 PM,0.0000,-0.0008,0.0,0.0
7227,0,8,  0d 02:00:18.73,  0d 00:55:39.05,1.2497,4.1193,C,07/25/2025 12:21:08 PM,0.0000,-0.0007,0.0,0.0
7228,0,8,  0d 02:00:19.73,  0d 00:55:40.05,1.2497,4.1192,C,07/25/2025 12:21:08 PM,0.0000,-0.0008,0.0,0.0
7229,0,8,  0d 02:00:20.73,  0d 00:55:41.05,1.2500,4.1194,C,07/25/2025 12:21:09 PM,0.0000,-0.0010,0.0,0.0
7230,0,8,  0d 02:00:21.73,  0d 00:55:42.05,1.2497,4.1194,C,07/25/2025 12:21:10 PM,0.0000,-0.0007,0.0,0.0
7231,0,8,  0d 02:00:22.73,  0d 00:55:43.05,1.2503,4.1195,C,07/25/2025 12:21:11 PM,0.0000,-0.0005,0.0,0.0
7232,0,8,  0d 02:00:23.73,  0d 00:55:44.05,1.2503,4.1198,C,07/25/2025 12:21:12 PM,0.0000,-0.0007,0.0,0.0
7233,0,8,  0d 02:00:24.73,  0d 00:55:45.05,1.2500,4.1197,C,07/25/2025 12:21:13 PM,0.0000,-0.0007,0.0,0.0
7234,0,8,  0d 02:00:25.73,  0d 00:55:46.05,1.2503,4.1199,C,07/25/2025 12:21:14 PM,0.0000,-0.0010,0.0,0.0
7235,0,8,  0d 02:00:26.73,  0d 00:55:47.05,1.2500,4.1197,C,07/25/2025 12:21:15 PM,0.0000,-0.0008,0.0,0.0
7236,0,8,  0d 02:00:27.73,  0d 00:55:48.05,1.2497,4.1200,C,07/25/2025 12:21:16 PM,0.0000,-0.0008,0.0,0.0
7237,0,8,  0d 02:00:28.73,  0d 00:55:49.05,1.2500,4.1201,C,07/25/2025 12:21:18 PM,0.0000,-0.0007,0.0,0.0
7238,0,8,  0d 02:00:29.73,  0d 00:55:50.05,1.2497,4.1200,C,07/25/2025 12:21:18 PM,0.0000,-0.0007,0.0,0.0
7239,0,8,  0d 02:00:30.73,  0d 00:55:51.05,1.2500,4.1202,C,07/25/2025 12:21:19 PM,0.0000,-0.0007,0.0,0.0
7240,0,8,  0d 02:00:31.73,  0d 00:55:52.05,1.2497,4.1202,C,07/25/2025 12:21:20 PM,0.0000,-0.0007,0.0,0.0
7241,0,8,  0d 02:00:32.73,  0d 00:55:53.05,1.2503,4.1203,C,07/25/2025 12:21:21 PM,0.0000,-0.0008,0.0,0.0
7242,0,8,  0d 02:00:33.73,  0d 00:55:54.05,1.2500,4.1205,C,07/25/2025 12:21:22 PM,0.0000,-0.0007,0.0,0.0
7243,0,8,  0d 02:00:34.73,  0d 00:55:55.05,1.2497,4.1206,C,07/25/2025 12:21:23 PM,0.0000,-0.0008,0.0,0.0
7244,0,8,  0d 02:00:35.73,  0d 00:55:56.05,1.2494,4.1205,C,07/25/2025 12:21:24 PM,0.0000,-0.0008,0.0,0.0
7245,0,8,  0d 02:00:36.73,  0d 00:55:57.05,1.2497,4.1208,C,07/25/2025 12:21:25 PM,0.0000,-0.0008,0.0,0.0
7246,0,8,  0d 02:00:37.73,  0d 00:55:58.05,1.2503,4.1209,C,07/25/2025 12:21:26 PM,0.0000,-0.0005,0.0,0.0
7247,0,8,  0d 02:00:38.73,  0d 00:55:59.05,1.2506,4.1209,C,07/25/2025 12:21:27 PM,0.0000,-0.0007,0.0,0.0
7248,0,8,  0d 02:00:39.73,  0d 00:56:00.05,1.2494,4.1209,C,07/25/2025 12:21:28 PM,0.0000,-0.0007,0.0,0.0
7249,0,8,  0d 02:00:40.73,  0d 00:56:01.05,1.2497,4.1210,C,07/25/2025 12:21:29 PM,0.0000,-0.0008,0.0,0.0
7250,0,8,  0d 02:00:41.73,  0d 00:56:02.05,1.2503,4.1210,C,07/25/2025 12:21:30 PM,0.0000,-0.0008,0.0,0.0
7251,0,8,  0d 02:00:42.73,  0d 00:56:03.05,1.2503,4.1212,C,07/25/2025 12:21:31 PM,0.0000,-0.0007,0.0,0.0
7252,0,8,  0d 02:00:43.73,  0d 00:56:04.05,1.2500,4.1214,C,07/25/2025 12:21:32 PM,0.0000,-0.0007,0.0,0.0
7253,0,8,  0d 02:00:44.73,  0d 00:56:05.05,1.2500,4.1213,C,07/25/2025 12:21:33 PM,0.0000,-0.0007,0.0,0.0
7254,0,8,  0d 02:00:45.73,  0d 00:56:06.05,1.2497,4.1215,C,07/25/2025 12:21:34 PM,0.0000,-0.0007,0.0,0.0
7255,0,8,  0d 02:00:46.73,  0d 00:56:07.05,1.2497,4.1216,C,07/25/2025 12:21:35 PM,0.0000,-0.0007,0.0,0.0
7256,0,8,  0d 02:00:47.73,  0d 00:56:08.05,1.2503,4.1217,C,07/25/2025 12:21:36 PM,0.0000,-0.0008,0.0,0.0
7257,0,8,  0d 02:00:48.73,  0d 00:56:09.05,1.2497,4.1218,C,07/25/2025 12:21:37 PM,0.0000,-0.0008,0.0,0.0
7258,0,8,  0d 02:00:49.73,  0d 00:56:10.05,1.2503,4.1218,C,07/25/2025 12:21:38 PM,0.0000,-0.0007,0.0,0.0
7259,0,8,  0d 02:00:50.73,  0d 00:56:11.05,1.2500,4.1219,C,07/25/2025 12:21:39 PM,0.0000,-0.0007,0.0,0.0
7260,0,8,  0d 02:00:51.73,  0d 00:56:12.05,1.2497,4.1218,C,07/25/2025 12:21:40 PM,0.0000,-0.0007,0.0,0.0
7261,0,8,  0d 02:00:52.73,  0d 00:56:13.05,1.2500,4.1219,C,07/25/2025 12:21:41 PM,0.0000,-0.0007,0.0,0.0
7262,0,8,  0d 02:00:53.73,  0d 00:56:14.05,1.2497,4.1221,C,07/25/2025 12:21:42 PM,0.0000,-0.0007,0.0,0.0
7263,0,8,  0d 02:00:54.73,  0d 00:56:15.05,1.2500,4.1222,C,07/25/2025 12:21:43 PM,0.0000,-0.0007,0.0,0.0
7264,0,8,  0d 02:00:55.73,  0d 00:56:16.05,1.2497,4.1222,C,07/25/2025 12:21:44 PM,0.0000,-0.0007,0.0,0.0
7265,0,8,  0d 02:00:56.73,  0d 00:56:17.05,1.2500,4.1224,C,07/25/2025 12:21:45 PM,0.0000,-0.0010,0.0,0.0
7266,0,8,  0d 02:00:57.73,  0d 00:56:18.05,1.2494,4.1223,C,07/25/2025 12:21:46 PM,0.0000,-0.0007,0.0,0.0
7267,0,8,  0d 02:00:58.73,  0d 00:56:19.05,1.2500,4.1225,C,07/25/2025 12:21:47 PM,0.0000,-0.0008,0.0,0.0
7268,0,8,  0d 02:00:59.73,  0d 00:56:20.05,1.2497,4.1225,C,07/25/2025 12:21:49 PM,0.0000,-0.0008,0.0,0.0
7269,0,8,  0d 02:01:00.73,  0d 00:56:21.05,1.2494,4.1225,C,07/25/2025 12:21:49 PM,0.0000,-0.0008,0.0,0.0
7270,0,8,  0d 02:01:01.73,  0d 00:56:22.05,1.2494,4.1227,C,07/25/2025 12:21:50 PM,0.0000,-0.0007,0.0,0.0
7271,0,8,  0d 02:01:02.73,  0d 00:56:23.05,1.2506,4.1228,C,07/25/2025 12:21:51 PM,0.0000,-0.0008,0.0,0.0
7272,0,8,  0d 02:01:03.73,  0d 00:56:24.05,1.2497,4.1228,C,07/25/2025 12:21:52 PM,0.0000,-0.0007,0.0,0.0
7273,0,8,  0d 02:01:04.73,  0d 00:56:25.05,1.2503,4.1230,C,07/25/2025 12:21:53 PM,0.0000,-0.0007,0.0,0.0
7274,0,8,  0d 02:01:05.73,  0d 00:56:26.05,1.2503,4.1231,C,07/25/2025 12:21:54 PM,0.0000,-0.0008,0.0,0.0
7275,0,8,  0d 02:01:06.73,  0d 00:56:27.05,1.2500,4.1230,C,07/25/2025 12:21:55 PM,0.0000,-0.0007,0.0,0.0
7276,0,8,  0d 02:01:07.73,  0d 00:56:28.05,1.2500,4.1231,C,07/25/2025 12:21:56 PM,0.0000,-0.0008,0.0,0.0
7277,0,8,  0d 02:01:08.73,  0d 00:56:29.05,1.2500,4.1231,C,07/25/2025 12:21:57 PM,0.0000,-0.0008,0.0,0.0
7278,0,8,  0d 02:01:09.73,  0d 00:56:30.05,1.2497,4.1231,C,07/25/2025 12:21:59 PM,0.0000,-0.0010,0.0,0.0
7279,0,8,  0d 02:01:10.73,  0d 00:56:31.05,1.2500,4.1234,C,07/25/2025 12:21:59 PM,0.0000,-0.0007,0.0,0.0
7280,0,8,  0d 02:01:11.73,  0d 00:56:32.05,1.2500,4.1234,C,07/25/2025 12:22:00 PM,0.0000,-0.0007,0.0,0.0
7281,0,8,  0d 02:01:12.73,  0d 00:56:33.05,1.2497,4.1236,C,07/25/2025 12:22:01 PM,0.0000,-0.0007,0.0,0.0
7282,0,8,  0d 02:01:13.73,  0d 00:56:34.05,1.2497,4.1236,C,07/25/2025 12:22:02 PM,0.0000,-0.0008,0.0,0.0
7283,0,8,  0d 02:01:14.73,  0d 00:56:35.05,1.2503,4.1237,C,07/25/2025 12:22:03 PM,0.0000,-0.0008,0.0,0.0
7284,0,8,  0d 02:01:15.73,  0d 00:56:36.05,1.2500,4.1238,C,07/25/2025 12:22:04 PM,0.0000,-0.0007,0.0,0.0
7285,0,8,  0d 02:01:16.73,  0d 00:56:37.05,1.2494,4.1239,C,07/25/2025 12:22:05 PM,0.0000,-0.0008,0.0,0.0
7286,0,8,  0d 02:01:17.73,  0d 00:56:38.05,1.2500,4.1238,C,07/25/2025 12:22:06 PM,0.0000,-0.0008,0.0,0.0
7287,0,8,  0d 02:01:18.73,  0d 00:56:39.05,1.2497,4.1240,C,07/25/2025 12:22:07 PM,0.0000,-0.0007,0.0,0.0
7288,0,8,  0d 02:01:19.73,  0d 00:56:40.05,1.2503,4.1240,C,07/25/2025 12:22:09 PM,0.0000,-0.0008,0.0,0.0
7289,0,8,  0d 02:01:20.73,  0d 00:56:41.05,1.2500,4.1241,C,07/25/2025 12:22:09 PM,0.0000,-0.0007,0.0,0.0
7290,0,8,  0d 02:01:21.73,  0d 00:56:42.05,1.2500,4.1241,C,07/25/2025 12:22:10 PM,0.0000,-0.0008,0.0,0.0
7291,0,8,  0d 02:01:22.73,  0d 00:56:43.05,1.2497,4.1243,C,07/25/2025 12:22:11 PM,0.0000,-0.0007,0.0,0.0
7292,0,8,  0d 02:01:23.73,  0d 00:56:44.05,1.2497,4.1242,C,07/25/2025 12:22:12 PM,0.0000,-0.0008,0.0,0.0
7293,0,8,  0d 02:01:24.73,  0d 00:56:45.05,1.2494,4.1243,C,07/25/2025 12:22:13 PM,0.0000,-0.0008,0.0,0.0
7294,0,8,  0d 02:01:25.73,  0d 00:56:46.05,1.2500,4.1244,C,07/25/2025 12:22:14 PM,0.0000,-0.0007,0.0,0.0
7295,0,8,  0d 02:01:26.73,  0d 00:56:47.05,1.2500,4.1244,C,07/25/2025 12:22:15 PM,0.0000,-0.0008,0.0,0.0
7296,0,8,  0d 02:01:27.73,  0d 00:56:48.05,1.2497,4.1245,C,07/25/2025 12:22:16 PM,0.0000,-0.0008,0.0,0.0
7297,0,8,  0d 02:01:28.73,  0d 00:56:49.05,1.2500,4.1245,C,07/25/2025 12:22:17 PM,0.0000,-0.0008,0.0,0.0
7298,0,8,  0d 02:01:29.73,  0d 00:56:50.05,1.2503,4.1247,C,07/25/2025 12:22:19 PM,0.0000,-0.0008,0.0,0.0
7299,0,8,  0d 02:01:30.73,  0d 00:56:51.05,1.2497,4.1247,C,07/25/2025 12:22:19 PM,0.0000,-0.0008,0.0,0.0
7300,0,8,  0d 02:01:31.73,  0d 00:56:52.05,1.2494,4.1248,C,07/25/2025 12:22:20 PM,0.0000,-0.0007,0.0,0.0
7301,0,8,  0d 02:01:32.73,  0d 00:56:53.05,1.2503,4.1248,C,07/25/2025 12:22:21 PM,0.0000,-0.0008,0.0,0.0
7302,0,8,  0d 02:01:33.73,  0d 00:56:54.05,1.2500,4.1249,C,07/25/2025 12:22:22 PM,0.0000,-0.0008,0.0,0.0
7303,0,8,  0d 02:01:34.73,  0d 00:56:55.05,1.2497,4.1250,C,07/25/2025 12:22:23 PM,0.0000,-0.0007,0.0,0.0
7304,0,8,  0d 02:01:35.73,  0d 00:56:56.05,1.2500,4.1250,C,07/25/2025 12:22:24 PM,0.0000,-0.0008,0.0,0.0
7305,0,8,  0d 02:01:36.73,  0d 00:56:57.05,1.2503,4.1253,C,07/25/2025 12:22:25 PM,0.0000,-0.0008,0.0,0.0
7306,0,8,  0d 02:01:37.73,  0d 00:56:58.05,1.2500,4.1253,C,07/25/2025 12:22:26 PM,0.0000,-0.0008,0.0,0.0
7307,0,8,  0d 02:01:38.73,  0d 00:56:59.05,1.2494,4.1253,C,07/25/2025 12:22:27 PM,0.0000,-0.0008,0.0,0.0
7308,0,8,  0d 02:01:39.73,  0d 00:57:00.05,1.2500,4.1254,C,07/25/2025 12:22:29 PM,0.0000,-0.0005,0.0,0.0
7309,0,8,  0d 02:01:40.73,  0d 00:57:01.05,1.2503,4.1255,C,07/25/2025 12:22:29 PM,0.0000,-0.0008,0.0,0.0
7310,0,8,  0d 02:01:41.73,  0d 00:57:02.05,1.2503,4.1256,C,07/25/2025 12:22:30 PM,0.0000,-0.0008,0.0,0.0
7311,0,8,  0d 02:01:42.73,  0d 00:57:03.05,1.2497,4.1257,C,07/25/2025 12:22:31 PM,0.0000,-0.0007,0.0,0.0
7312,0,8,  0d 02:01:43.73,  0d 00:57:04.05,1.2497,4.1256,C,07/25/2025 12:22:32 PM,0.0000,-0.0008,0.0,0.0
7313,0,8,  0d 02:01:44.73,  0d 00:57:05.05,1.2497,4.1259,C,07/25/2025 12:22:33 PM,0.0000,-0.0008,0.0,0.0
7314,0,8,  0d 02:01:45.73,  0d 00:57:06.05,1.2497,4.1257,C,07/25/2025 12:22:34 PM,0.0000,-0.0007,0.0,0.0
7315,0,8,  0d 02:01:46.73,  0d 00:57:07.05,1.2500,4.1259,C,07/25/2025 12:22:35 PM,0.0000,-0.0008,0.0,0.0
7316,0,8,  0d 02:01:47.73,  0d 00:57:08.05,1.2500,4.1259,C,07/25/2025 12:22:36 PM,0.0000,-0.0008,0.0,0.0
7317,0,8,  0d 02:01:48.73,  0d 00:57:09.05,1.2500,4.1260,C,07/25/2025 12:22:37 PM,0.0000,-0.0008,0.0,0.0
7318,0,8,  0d 02:01:49.73,  0d 00:57:10.05,1.2503,4.1260,C,07/25/2025 12:22:38 PM,0.0000,-0.0008,0.0,0.0
7319,0,8,  0d 02:01:50.73,  0d 00:57:11.05,1.2500,4.1260,C,07/25/2025 12:22:39 PM,0.0000,-0.0008,0.0,0.0
7320,0,8,  0d 02:01:51.73,  0d 00:57:12.05,1.2500,4.1260,C,07/25/2025 12:22:40 PM,0.0000,-0.0008,0.0,0.0
7321,0,8,  0d 02:01:52.73,  0d 00:57:13.05,1.2503,4.1260,C,07/25/2025 12:22:41 PM,0.0000,-0.0007,0.0,0.0
7322,0,8,  0d 02:01:53.73,  0d 00:57:14.05,1.2497,4.1262,C,07/25/2025 12:22:42 PM,0.0000,-0.0008,0.0,0.0
7323,0,8,  0d 02:01:54.73,  0d 00:57:15.05,1.2497,4.1263,C,07/25/2025 12:22:43 PM,0.0000,-0.0007,0.0,0.0
7324,0,8,  0d 02:01:55.73,  0d 00:57:16.05,1.2500,4.1263,C,07/25/2025 12:22:44 PM,0.0000,-0.0008,0.0,0.0
7325,0,8,  0d 02:01:56.73,  0d 00:57:17.05,1.2500,4.1263,C,07/25/2025 12:22:45 PM,0.0000,-0.0007,0.0,0.0
7326,0,8,  0d 02:01:57.73,  0d 00:57:18.05,1.2497,4.1264,C,07/25/2025 12:22:46 PM,0.0000,-0.0008,0.0,0.0
7327,0,8,  0d 02:01:58.73,  0d 00:57:19.05,1.2500,4.1266,C,07/25/2025 12:22:47 PM,0.0000,-0.0005,0.0,0.0
7328,0,8,  0d 02:01:59.73,  0d 00:57:20.05,1.2500,4.1266,C,07/25/2025 12:22:48 PM,0.0000,-0.0008,0.0,0.0
7329,0,8,  0d 02:02:00.73,  0d 00:57:21.05,1.2500,4.1269,C,07/25/2025 12:22:49 PM,0.0000,-0.0008,0.0,0.0
7330,0,8,  0d 02:02:01.73,  0d 00:57:22.05,1.2500,4.1268,C,07/25/2025 12:22:50 PM,0.0000,-0.0010,0.0,0.0
7331,0,8,  0d 02:02:02.73,  0d 00:57:23.05,1.2500,4.1268,C,07/25/2025 12:22:51 PM,0.0000,-0.0007,0.0,0.0
7332,0,8,  0d 02:02:03.73,  0d 00:57:24.05,1.2494,4.1270,C,07/25/2025 12:22:52 PM,0.0000,-0.0005,0.0,0.0
7333,0,8,  0d 02:02:04.73,  0d 00:57:25.05,1.2500,4.1270,C,07/25/2025 12:22:53 PM,0.0000,-0.0008,0.0,0.0
7334,0,8,  0d 02:02:05.73,  0d 00:57:26.05,1.2497,4.1270,C,07/25/2025 12:22:54 PM,0.0000,-0.0008,0.0,0.0
7335,0,8,  0d 02:02:06.73,  0d 00:57:27.05,1.2497,4.1270,C,07/25/2025 12:22:55 PM,0.0000,-0.0007,0.0,0.0
7336,0,8,  0d 02:02:07.73,  0d 00:57:28.05,1.2500,4.1273,C,07/25/2025 12:22:56 PM,0.0000,-0.0010,0.0,0.0
7337,0,8,  0d 02:02:08.73,  0d 00:57:29.05,1.2500,4.1272,C,07/25/2025 12:22:57 PM,0.0000,-0.0007,0.0,0.0
7338,0,8,  0d 02:02:09.73,  0d 00:57:30.05,1.2503,4.1271,C,07/25/2025 12:22:58 PM,0.0000,-0.0008,0.0,0.0
7339,0,8,  0d 02:02:10.73,  0d 00:57:31.05,1.2500,4.1274,C,07/25/2025 12:23:00 PM,0.0000,-0.0008,0.0,0.0
7340,0,8,  0d 02:02:11.73,  0d 00:57:32.05,1.2503,4.1274,C,07/25/2025 12:23:00 PM,0.0000,-0.0008,0.0,0.0
7341,0,8,  0d 02:02:12.73,  0d 00:57:33.05,1.2497,4.1275,C,07/25/2025 12:23:01 PM,0.0000,-0.0005,0.0,0.0
7342,0,8,  0d 02:02:13.73,  0d 00:57:34.05,1.2497,4.1275,C,07/25/2025 12:23:02 PM,0.0000,-0.0008,0.0,0.0
7343,0,8,  0d 02:02:14.73,  0d 00:57:35.05,1.2503,4.1275,C,07/25/2025 12:23:03 PM,0.0000,-0.0007,0.0,0.0
7344,0,8,  0d 02:02:15.73,  0d 00:57:36.05,1.2494,4.1276,C,07/25/2025 12:23:04 PM,0.0000,-0.0010,0.0,0.0
7345,0,8,  0d 02:02:16.73,  0d 00:57:37.05,1.2506,4.1279,C,07/25/2025 12:23:05 PM,0.0000,-0.0007,0.0,0.0
7346,0,8,  0d 02:02:17.73,  0d 00:57:38.05,1.2506,4.1277,C,07/25/2025 12:23:06 PM,0.0000,-0.0010,0.0,0.0
7347,0,8,  0d 02:02:18.73,  0d 00:57:39.05,1.2494,4.1278,C,07/25/2025 12:23:07 PM,0.0000,-0.0008,0.0,0.0
7348,0,8,  0d 02:02:19.73,  0d 00:57:40.05,1.2497,4.1278,C,07/25/2025 12:23:08 PM,0.0000,-0.0007,0.0,0.0
7349,0,8,  0d 02:02:20.73,  0d 00:57:41.05,1.2500,4.1278,C,07/25/2025 12:23:10 PM,0.0000,-0.0005,0.0,0.0
7350,0,8,  0d 02:02:21.73,  0d 00:57:42.05,1.2497,4.1280,C,07/25/2025 12:23:10 PM,0.0000,-0.0008,0.0,0.0
7351,0,8,  0d 02:02:22.73,  0d 00:57:43.05,1.2500,4.1281,C,07/25/2025 12:23:11 PM,0.0000,-0.0010,0.0,0.0
7352,0,8,  0d 02:02:23.73,  0d 00:57:44.05,1.2500,4.1279,C,07/25/2025 12:23:12 PM,0.0000,-0.0008,0.0,0.0
7353,0,8,  0d 02:02:24.73,  0d 00:57:45.05,1.2500,4.1283,C,07/25/2025 12:23:13 PM,0.0000,-0.0007,0.0,0.0
7354,0,8,  0d 02:02:25.73,  0d 00:57:46.05,1.2500,4.1282,C,07/25/2025 12:23:14 PM,0.0000,-0.0008,0.0,0.0
7355,0,8,  0d 02:02:26.73,  0d 00:57:47.05,1.2497,4.1283,C,07/25/2025 12:23:15 PM,0.0000,-0.0007,0.0,0.0
7356,0,8,  0d 02:02:27.73,  0d 00:57:48.05,1.2497,4.1281,C,07/25/2025 12:23:16 PM,0.0000,-0.0008,0.0,0.0
7357,0,8,  0d 02:02:28.73,  0d 00:57:49.05,1.2497,4.1283,C,07/25/2025 12:23:17 PM,0.0000,-0.0008,0.0,0.0
7358,0,8,  0d 02:02:29.73,  0d 00:57:50.05,1.2494,4.1284,C,07/25/2025 12:23:18 PM,0.0000,-0.0008,0.0,0.0
7359,0,8,  0d 02:02:30.73,  0d 00:57:51.05,1.2500,4.1284,C,07/25/2025 12:23:20 PM,0.0000,-0.0007,0.0,0.0
7360,0,8,  0d 02:02:31.73,  0d 00:57:52.05,1.2503,4.1285,C,07/25/2025 12:23:20 PM,0.0000,-0.0008,0.0,0.0
7361,0,8,  0d 02:02:32.73,  0d 00:57:53.05,1.2500,4.1286,C,07/25/2025 12:23:21 PM,0.0000,-0.0008,0.0,0.0
7362,0,8,  0d 02:02:33.73,  0d 00:57:54.05,1.2500,4.1286,C,07/25/2025 12:23:22 PM,0.0000,-0.0008,0.0,0.0
7363,0,8,  0d 02:02:34.73,  0d 00:57:55.05,1.2497,4.1286,C,07/25/2025 12:23:23 PM,0.0000,-0.0010,0.0,0.0
7364,0,8,  0d 02:02:35.73,  0d 00:57:56.05,1.2497,4.1288,C,07/25/2025 12:23:24 PM,0.0000,-0.0008,0.0,0.0
7365,0,8,  0d 02:02:36.73,  0d 00:57:57.05,1.2497,4.1289,C,07/25/2025 12:23:25 PM,0.0000,-0.0007,0.0,0.0
7366,0,8,  0d 02:02:37.73,  0d 00:57:58.05,1.2500,4.1288,C,07/25/2025 12:23:26 PM,0.0000,-0.0007,0.0,0.0
7367,0,8,  0d 02:02:38.73,  0d 00:57:59.05,1.2494,4.1289,C,07/25/2025 12:23:27 PM,0.0000,-0.0007,0.0,0.0
7368,0,8,  0d 02:02:39.73,  0d 00:58:00.05,1.2500,4.1290,C,07/25/2025 12:23:28 PM,0.0000,-0.0010,0.0,0.0
7369,0,8,  0d 02:02:40.73,  0d 00:58:01.05,1.2503,4.1289,C,07/25/2025 12:23:30 PM,0.0000,-0.0008,0.0,0.0
7370,0,8,  0d 02:02:41.73,  0d 00:58:02.05,1.2497,4.1289,C,07/25/2025 12:23:30 PM,0.0000,-0.0010,0.0,0.0
7371,0,8,  0d 02:02:42.73,  0d 00:58:03.05,1.2503,4.1291,C,07/25/2025 12:23:31 PM,0.0000,-0.0008,0.0,0.0
7372,0,8,  0d 02:02:43.73,  0d 00:58:04.05,1.2494,4.1290,C,07/25/2025 12:23:32 PM,0.0000,-0.0007,0.0,0.0
7373,0,8,  0d 02:02:44.73,  0d 00:58:05.05,1.2500,4.1293,C,07/25/2025 12:23:33 PM,0.0000,-0.0007,0.0,0.0
7374,0,8,  0d 02:02:45.73,  0d 00:58:06.05,1.2500,4.1294,C,07/25/2025 12:23:34 PM,0.0000,-0.0007,0.0,0.0
7375,0,8,  0d 02:02:46.73,  0d 00:58:07.05,1.2500,4.1292,C,07/25/2025 12:23:35 PM,0.0000,-0.0007,0.0,0.0
7376,0,8,  0d 02:02:47.73,  0d 00:58:08.05,1.2503,4.1295,C,07/25/2025 12:23:36 PM,0.0000,-0.0007,0.0,0.0
7377,0,8,  0d 02:02:48.73,  0d 00:58:09.05,1.2494,4.1295,C,07/25/2025 12:23:37 PM,0.0000,-0.0007,0.0,0.0
7378,0,8,  0d 02:02:49.73,  0d 00:58:10.05,1.2497,4.1294,C,07/25/2025 12:23:38 PM,0.0000,-0.0008,0.0,0.0
7379,0,8,  0d 02:02:50.73,  0d 00:58:11.05,1.2497,4.1295,C,07/25/2025 12:23:40 PM,0.0000,-0.0008,0.0,0.0
7380,0,8,  0d 02:02:51.73,  0d 00:58:12.05,1.2500,4.1296,C,07/25/2025 12:23:40 PM,0.0000,-0.0008,0.0,0.0
7381,0,8,  0d 02:02:52.73,  0d 00:58:13.05,1.2497,4.1297,C,07/25/2025 12:23:41 PM,0.0000,-0.0008,0.0,0.0
7382,0,8,  0d 02:02:53.73,  0d 00:58:14.05,1.2500,4.1298,C,07/25/2025 12:23:42 PM,0.0000,-0.0008,0.0,0.0
7383,0,8,  0d 02:02:54.73,  0d 00:58:15.05,1.2503,4.1299,C,07/25/2025 12:23:43 PM,0.0000,-0.0008,0.0,0.0
7384,0,8,  0d 02:02:55.73,  0d 00:58:16.05,1.2503,4.1299,C,07/25/2025 12:23:44 PM,0.0000,-0.0008,0.0,0.0
7385,0,8,  0d 02:02:56.73,  0d 00:58:17.05,1.2503,4.1299,C,07/25/2025 12:23:45 PM,0.0000,-0.0007,0.0,0.0
7386,0,8,  0d 02:02:57.73,  0d 00:58:18.05,1.2497,4.1300,C,07/25/2025 12:23:46 PM,0.0000,-0.0008,0.0,0.0
7387,0,8,  0d 02:02:58.73,  0d 00:58:19.05,1.2497,4.1301,C,07/25/2025 12:23:47 PM,0.0000,-0.0008,0.0,0.0
7388,0,8,  0d 02:02:59.73,  0d 00:58:20.05,1.2500,4.1300,C,07/25/2025 12:23:48 PM,0.0000,-0.0008,0.0,0.0
7389,0,8,  0d 02:03:00.73,  0d 00:58:21.05,1.2497,4.1302,C,07/25/2025 12:23:49 PM,0.0000,-0.0007,0.0,0.0
7390,0,8,  0d 02:03:01.73,  0d 00:58:22.05,1.2500,4.1302,C,07/25/2025 12:23:50 PM,0.0000,-0.0007,0.0,0.0
7391,0,8,  0d 02:03:02.73,  0d 00:58:23.05,1.2503,4.1302,C,07/25/2025 12:23:51 PM,0.0000,-0.0007,0.0,0.0
7392,0,8,  0d 02:03:03.73,  0d 00:58:24.05,1.2494,4.1302,C,07/25/2025 12:23:52 PM,0.0000,-0.0008,0.0,0.0
7393,0,8,  0d 02:03:04.73,  0d 00:58:25.05,1.2500,4.1304,C,07/25/2025 12:23:53 PM,0.0000,-0.0007,0.0,0.0
7394,0,8,  0d 02:03:05.73,  0d 00:58:26.05,1.2500,4.1305,C,07/25/2025 12:23:54 PM,0.0000,-0.0008,0.0,0.0
7395,0,8,  0d 02:03:06.73,  0d 00:58:27.05,1.2497,4.1305,C,07/25/2025 12:23:55 PM,0.0000,-0.0007,0.0,0.0
7396,0,8,  0d 02:03:07.73,  0d 00:58:28.05,1.2497,4.1305,C,07/25/2025 12:23:56 PM,0.0000,-0.0008,0.0,0.0
7397,0,8,  0d 02:03:08.73,  0d 00:58:29.05,1.2503,4.1305,C,07/25/2025 12:23:57 PM,0.0000,-0.0008,0.0,0.0
7398,0,8,  0d 02:03:09.73,  0d 00:58:30.05,1.2503,4.1307,C,07/25/2025 12:23:58 PM,0.0000,-0.0008,0.0,0.0
7399,0,8,  0d 02:03:10.73,  0d 00:58:31.05,1.2497,4.1308,C,07/25/2025 12:23:59 PM,0.0000,-0.0007,0.0,0.0
7400,0,8,  0d 02:03:11.73,  0d 00:58:32.05,1.2497,4.1307,C,07/25/2025 12:24:00 PM,0.0000,-0.0008,0.0,0.0
7401,0,8,  0d 02:03:12.73,  0d 00:58:33.05,1.2497,4.1308,C,07/25/2025 12:24:01 PM,0.0000,-0.0008,0.0,0.0
7402,0,8,  0d 02:03:13.73,  0d 00:58:34.05,1.2506,4.1308,C,07/25/2025 12:24:02 PM,0.0000,-0.0008,0.0,0.0
7403,0,8,  0d 02:03:14.73,  0d 00:58:35.05,1.2500,4.1309,C,07/25/2025 12:24:03 PM,0.0000,-0.0008,0.0,0.0
7404,0,8,  0d 02:03:15.73,  0d 00:58:36.05,1.2494,4.1309,C,07/25/2025 12:24:04 PM,0.0000,-0.0008,0.0,0.0
7405,0,8,  0d 02:03:16.73,  0d 00:58:37.05,1.2500,4.1309,C,07/25/2025 12:24:05 PM,0.0000,-0.0008,0.0,0.0
7406,0,8,  0d 02:03:17.73,  0d 00:58:38.05,1.2500,4.1310,C,07/25/2025 12:24:06 PM,0.0000,-0.0008,0.0,0.0
7407,0,8,  0d 02:03:18.73,  0d 00:58:39.05,1.2494,4.1312,C,07/25/2025 12:24:07 PM,0.0000,-0.0008,0.0,0.0
7408,0,8,  0d 02:03:19.73,  0d 00:58:40.05,1.2497,4.1312,C,07/25/2025 12:24:08 PM,0.0000,-0.0008,0.0,0.0
7409,0,8,  0d 02:03:20.73,  0d 00:58:41.05,1.2500,4.1312,C,07/25/2025 12:24:09 PM,0.0000,-0.0008,0.0,0.0
7410,0,8,  0d 02:03:21.73,  0d 00:58:42.05,1.2497,4.1313,C,07/25/2025 12:24:11 PM,0.0000,-0.0007,0.0,0.0
7411,0,8,  0d 02:03:22.73,  0d 00:58:43.05,1.2494,4.1313,C,07/25/2025 12:24:11 PM,0.0000,-0.0007,0.0,0.0
7412,0,8,  0d 02:03:23.73,  0d 00:58:44.05,1.2503,4.1312,C,07/25/2025 12:24:12 PM,0.0000,-0.0007,0.0,0.0
7413,0,8,  0d 02:03:24.73,  0d 00:58:45.05,1.2494,4.1313,C,07/25/2025 12:24:13 PM,0.0000,-0.0008,0.0,0.0
7414,0,8,  0d 02:03:25.73,  0d 00:58:46.05,1.2500,4.1313,C,07/25/2025 12:24:14 PM,0.0000,-0.0008,0.0,0.0
7415,0,8,  0d 02:03:26.73,  0d 00:58:47.05,1.2497,4.1315,C,07/25/2025 12:24:15 PM,0.0000,-0.0008,0.0,0.0
7416,0,8,  0d 02:03:27.73,  0d 00:58:48.05,1.2503,4.1315,C,07/25/2025 12:24:16 PM,0.0000,-0.0007,0.0,0.0
7417,0,8,  0d 02:03:28.73,  0d 00:58:49.05,1.2503,4.1316,C,07/25/2025 12:24:17 PM,0.0000,-0.0007,0.0,0.0
7418,0,8,  0d 02:03:29.73,  0d 00:58:50.05,1.2491,4.1316,C,07/25/2025 12:24:18 PM,0.0000,-0.0008,0.0,0.0
7419,0,8,  0d 02:03:30.73,  0d 00:58:51.05,1.2497,4.1317,C,07/25/2025 12:24:19 PM,0.0000,-0.0007,0.0,0.0
7420,0,8,  0d 02:03:31.73,  0d 00:58:52.05,1.2503,4.1317,C,07/25/2025 12:24:21 PM,0.0000,-0.0007,0.0,0.0
7421,0,8,  0d 02:03:32.73,  0d 00:58:53.05,1.2497,4.1319,C,07/25/2025 12:24:21 PM,0.0000,-0.0008,0.0,0.0
7422,0,8,  0d 02:03:33.73,  0d 00:58:54.05,1.2500,4.1318,C,07/25/2025 12:24:22 PM,0.0000,-0.0007,0.0,0.0
7423,0,8,  0d 02:03:34.73,  0d 00:58:55.05,1.2497,4.1319,C,07/25/2025 12:24:23 PM,0.0000,-0.0010,0.0,0.0
7424,0,8,  0d 02:03:35.73,  0d 00:58:56.05,1.2500,4.1318,C,07/25/2025 12:24:24 PM,0.0000,-0.0008,0.0,0.0
7425,0,8,  0d 02:03:36.73,  0d 00:58:57.05,1.2503,4.1320,C,07/25/2025 12:24:25 PM,0.0000,-0.0008,0.0,0.0
7426,0,8,  0d 02:03:37.73,  0d 00:58:58.05,1.2500,4.1320,C,07/25/2025 12:24:26 PM,0.0000,-0.0007,0.0,0.0
7427,0,8,  0d 02:03:38.73,  0d 00:58:59.05,1.2497,4.1321,C,07/25/2025 12:24:27 PM,0.0000,-0.0008,0.0,0.0
7428,0,8,  0d 02:03:39.73,  0d 00:59:00.05,1.2497,4.1321,C,07/25/2025 12:24:28 PM,0.0000,-0.0008,0.0,0.0
7429,0,8,  0d 02:03:40.73,  0d 00:59:01.05,1.2497,4.1321,C,07/25/2025 12:24:29 PM,0.0000,-0.0007,0.0,0.0
7430,0,8,  0d 02:03:41.73,  0d 00:59:02.05,1.2497,4.1322,C,07/25/2025 12:24:31 PM,0.0000,-0.0007,0.0,0.0
7431,0,8,  0d 02:03:42.73,  0d 00:59:03.05,1.2497,4.1323,C,07/25/2025 12:24:31 PM,0.0000,-0.0007,0.0,0.0
7432,0,8,  0d 02:03:43.73,  0d 00:59:04.05,1.2497,4.1323,C,07/25/2025 12:24:32 PM,0.0000,-0.0007,0.0,0.0
7433,0,8,  0d 02:03:44.73,  0d 00:59:05.05,1.2494,4.1322,C,07/25/2025 12:24:33 PM,0.0000,-0.0008,0.0,0.0
7434,0,8,  0d 02:03:45.73,  0d 00:59:06.05,1.2500,4.1323,C,07/25/2025 12:24:34 PM,0.0000,-0.0007,0.0,0.0
7435,0,8,  0d 02:03:46.73,  0d 00:59:07.05,1.2500,4.1324,C,07/25/2025 12:24:35 PM,0.0000,-0.0008,0.0,0.0
7436,0,8,  0d 02:03:47.73,  0d 00:59:08.05,1.2497,4.1324,C,07/25/2025 12:24:36 PM,0.0000,-0.0008,0.0,0.0
7437,0,8,  0d 02:03:48.73,  0d 00:59:09.05,1.2497,4.1324,C,07/25/2025 12:24:37 PM,0.0000,-0.0007,0.0,0.0
7438,0,8,  0d 02:03:49.73,  0d 00:59:10.05,1.2503,4.1325,C,07/25/2025 12:24:38 PM,0.0000,-0.0008,0.0,0.0
7439,0,8,  0d 02:03:50.73,  0d 00:59:11.05,1.2503,4.1326,C,07/25/2025 12:24:39 PM,0.0000,-0.0008,0.0,0.0
7440,0,8,  0d 02:03:51.73,  0d 00:59:12.05,1.2497,4.1327,C,07/25/2025 12:24:41 PM,0.0000,-0.0008,0.0,0.0
7441,0,8,  0d 02:03:52.73,  0d 00:59:13.05,1.2500,4.1328,C,07/25/2025 12:24:41 PM,0.0000,-0.0008,0.0,0.0
7442,0,8,  0d 02:03:53.73,  0d 00:59:14.05,1.2497,4.1328,C,07/25/2025 12:24:42 PM,0.0000,-0.0005,0.0,0.0
7443,0,8,  0d 02:03:54.73,  0d 00:59:15.05,1.2503,4.1328,C,07/25/2025 12:24:43 PM,0.0000,-0.0008,0.0,0.0
7444,0,8,  0d 02:03:55.73,  0d 00:59:16.05,1.2500,4.1329,C,07/25/2025 12:24:44 PM,0.0000,-0.0007,0.0,0.0
7445,0,8,  0d 02:03:56.73,  0d 00:59:17.05,1.2494,4.1329,C,07/25/2025 12:24:45 PM,0.0000,-0.0008,0.0,0.0
7446,0,8,  0d 02:03:57.73,  0d 00:59:18.05,1.2497,4.1330,C,07/25/2025 12:24:46 PM,0.0000,-0.0007,0.0,0.0
7447,0,8,  0d 02:03:58.73,  0d 00:59:19.05,1.2494,4.1331,C,07/25/2025 12:24:47 PM,0.0000,-0.0008,0.0,0.0
7448,0,8,  0d 02:03:59.73,  0d 00:59:20.05,1.2500,4.1331,C,07/25/2025 12:24:48 PM,0.0000,-0.0008,0.0,0.0
7449,0,8,  0d 02:04:00.73,  0d 00:59:21.05,1.2503,4.1333,C,07/25/2025 12:24:49 PM,0.0000,-0.0007,0.0,0.0
7450,0,8,  0d 02:04:01.73,  0d 00:59:22.05,1.2494,4.1332,C,07/25/2025 12:24:51 PM,0.0000,-0.0008,0.0,0.0
7451,0,8,  0d 02:04:02.73,  0d 00:59:23.05,1.2497,4.1334,C,07/25/2025 12:24:51 PM,0.0000,-0.0007,0.0,0.0
7452,0,8,  0d 02:04:03.73,  0d 00:59:24.05,1.2503,4.1334,C,07/25/2025 12:24:52 PM,0.0000,-0.0007,0.0,0.0
7453,0,8,  0d 02:04:04.73,  0d 00:59:25.05,1.2497,4.1334,C,07/25/2025 12:24:53 PM,0.0000,-0.0008,0.0,0.0
7454,0,8,  0d 02:04:05.73,  0d 00:59:26.05,1.2500,4.1335,C,07/25/2025 12:24:54 PM,0.0000,-0.0008,0.0,0.0
7455,0,8,  0d 02:04:06.73,  0d 00:59:27.05,1.2503,4.1334,C,07/25/2025 12:24:55 PM,0.0000,-0.0008,0.0,0.0
7456,0,8,  0d 02:04:07.73,  0d 00:59:28.05,1.2500,4.1335,C,07/25/2025 12:24:56 PM,0.0000,-0.0008,0.0,0.0
7457,0,8,  0d 02:04:08.73,  0d 00:59:29.05,1.2500,4.1335,C,07/25/2025 12:24:57 PM,0.0000,-0.0007,0.0,0.0
7458,0,8,  0d 02:04:09.73,  0d 00:59:30.05,1.2500,4.1336,C,07/25/2025 12:24:58 PM,0.0000,-0.0007,0.0,0.0
7459,0,8,  0d 02:04:10.73,  0d 00:59:31.05,1.2503,4.1337,C,07/25/2025 12:24:59 PM,0.0000,-0.0007,0.0,0.0
7460,0,8,  0d 02:04:11.73,  0d 00:59:32.05,1.2503,4.1337,C,07/25/2025 12:25:00 PM,0.0000,-0.0007,0.0,0.0
7461,0,8,  0d 02:04:12.73,  0d 00:59:33.05,1.2497,4.1339,C,07/25/2025 12:25:01 PM,0.0000,-0.0007,0.0,0.0
7462,0,8,  0d 02:04:13.73,  0d 00:59:34.05,1.2500,4.1339,C,07/25/2025 12:25:02 PM,0.0000,-0.0008,0.0,0.0
7463,0,8,  0d 02:04:14.73,  0d 00:59:35.05,1.2503,4.1340,C,07/25/2025 12:25:03 PM,0.0000,-0.0008,0.0,0.0
7464,0,8,  0d 02:04:15.73,  0d 00:59:36.05,1.2491,4.1339,C,07/25/2025 12:25:04 PM,0.0000,-0.0005,0.0,0.0
7465,0,8,  0d 02:04:16.73,  0d 00:59:37.05,1.2494,4.1340,C,07/25/2025 12:25:05 PM,0.0000,-0.0007,0.0,0.0
7466,0,8,  0d 02:04:17.73,  0d 00:59:38.05,1.2494,4.1340,C,07/25/2025 12:25:06 PM,0.0000,-0.0007,0.0,0.0
7467,0,8,  0d 02:04:18.73,  0d 00:59:39.05,1.2497,4.1339,C,07/25/2025 12:25:07 PM,0.0000,-0.0007,0.0,0.0
7468,0,8,  0d 02:04:19.73,  0d 00:59:40.05,1.2494,4.1341,C,07/25/2025 12:25:08 PM,0.0000,-0.0007,0.0,0.0
7469,0,8,  0d 02:04:20.73,  0d 00:59:41.05,1.2500,4.1342,C,07/25/2025 12:25:09 PM,0.0000,-0.0008,0.0,0.0
7470,0,8,  0d 02:04:21.73,  0d 00:59:42.05,1.2503,4.1343,C,07/25/2025 12:25:10 PM,0.0000,-0.0007,0.0,0.0
7471,0,8,  0d 02:04:22.73,  0d 00:59:43.05,1.2503,4.1342,C,07/25/2025 12:25:11 PM,0.0000,-0.0010,0.0,0.0
7472,0,8,  0d 02:04:23.73,  0d 00:59:44.05,1.2497,4.1344,C,07/25/2025 12:25:12 PM,0.0000,-0.0008,0.0,0.0
7473,0,8,  0d 02:04:24.73,  0d 00:59:45.05,1.2497,4.1344,C,07/25/2025 12:25:13 PM,0.0000,-0.0005,0.0,0.0
7474,0,8,  0d 02:04:25.73,  0d 00:59:46.05,1.2497,4.1343,C,07/25/2025 12:25:14 PM,0.0000,-0.0008,0.0,0.0
7475,0,8,  0d 02:04:26.73,  0d 00:59:47.05,1.2497,4.1345,C,07/25/2025 12:25:15 PM,0.0000,-0.0007,0.0,0.0
7476,0,8,  0d 02:04:27.73,  0d 00:59:48.05,1.2503,4.1345,C,07/25/2025 12:25:16 PM,0.0000,-0.0007,0.0,0.0
7477,0,8,  0d 02:04:28.73,  0d 00:59:49.05,1.2500,4.1345,C,07/25/2025 12:25:17 PM,0.0000,-0.0007,0.0,0.0
7478,0,8,  0d 02:04:29.73,  0d 00:59:50.05,1.2497,4.1345,C,07/25/2025 12:25:18 PM,0.0000,-0.0008,0.0,0.0
7479,0,8,  0d 02:04:30.73,  0d 00:59:51.05,1.2503,4.1347,C,07/25/2025 12:25:19 PM,0.0000,-0.0007,0.0,0.0
7480,0,8,  0d 02:04:31.73,  0d 00:59:52.05,1.2497,4.1347,C,07/25/2025 12:25:20 PM,0.0000,-0.0007,0.0,0.0
7481,0,8,  0d 02:04:32.73,  0d 00:59:53.05,1.2500,4.1348,C,07/25/2025 12:25:22 PM,0.0000,-0.0010,0.0,0.0
7482,0,8,  0d 02:04:33.73,  0d 00:59:54.05,1.2506,4.1348,C,07/25/2025 12:25:22 PM,0.0000,-0.0007,0.0,0.0
7483,0,8,  0d 02:04:34.73,  0d 00:59:55.05,1.2500,4.1349,C,07/25/2025 12:25:23 PM,0.0000,-0.0007,0.0,0.0
7484,0,8,  0d 02:04:35.73,  0d 00:59:56.05,1.2497,4.1349,C,07/25/2025 12:25:24 PM,0.0000,-0.0007,0.0,0.0
7485,0,8,  0d 02:04:36.73,  0d 00:59:57.05,1.2494,4.1350,C,07/25/2025 12:25:25 PM,0.0000,-0.0010,0.0,0.0
7486,0,8,  0d 02:04:37.73,  0d 00:59:58.05,1.2497,4.1350,C,07/25/2025 12:25:26 PM,0.0000,-0.0007,0.0,0.0
7487,0,8,  0d 02:04:38.73,  0d 00:59:59.05,1.2503,4.1350,C,07/25/2025 12:25:27 PM,0.0000,-0.0008,0.0,0.0
7488,0,8,  0d 02:04:39.73,  0d 01:00:00.05,1.2497,4.1351,C,07/25/2025 12:25:28 PM,0.0000,-0.0008,0.0,0.0
7489,0,8,  0d 02:04:40.73,  0d 01:00:01.05,1.2500,4.1352,C,07/25/2025 12:25:29 PM,0.0000,-0.0007,0.0,0.0
7490,0,8,  0d 02:04:41.73,  0d 01:00:02.05,1.2494,4.1353,C,07/25/2025 12:25:30 PM,0.0000,-0.0008,0.0,0.0
7491,0,8,  0d 02:04:42.73,  0d 01:00:03.05,1.2500,4.1351,C,07/25/2025 12:25:32 PM,0.0000,-0.0008,0.0,0.0
7492,0,8,  0d 02:04:43.73,  0d 01:00:04.05,1.2497,4.1351,C,07/25/2025 12:25:32 PM,0.0000,-0.0007,0.0,0.0
7493,0,8,  0d 02:04:44.73,  0d 01:00:05.05,1.2497,4.1353,C,07/25/2025 12:25:33 PM,0.0000,-0.0008,0.0,0.0
7494,0,8,  0d 02:04:45.73,  0d 01:00:06.05,1.2497,4.1352,C,07/25/2025 12:25:34 PM,0.0000,-0.0008,0.0,0.0
7495,0,8,  0d 02:04:46.73,  0d 01:00:07.05,1.2500,4.1354,C,07/25/2025 12:25:35 PM,0.0000,-0.0007,0.0,0.0
7496,0,8,  0d 02:04:47.73,  0d 01:00:08.05,1.2500,4.1354,C,07/25/2025 12:25:36 PM,0.0000,-0.0008,0.0,0.0
7497,0,8,  0d 02:04:48.73,  0d 01:00:09.05,1.2503,4.1355,C,07/25/2025 12:25:37 PM,0.0000,-0.0007,0.0,0.0
7498,0,8,  0d 02:04:49.73,  0d 01:00:10.05,1.2497,4.1356,C,07/25/2025 12:25:38 PM,0.0000,-0.0008,0.0,0.0
7499,0,8,  0d 02:04:50.73,  0d 01:00:11.05,1.2497,4.1356,C,07/25/2025 12:25:39 PM,0.0000,-0.0008,0.0,0.0
7500,0,8,  0d 02:04:51.73,  0d 01:00:12.05,1.2503,4.1357,C,07/25/2025 12:25:40 PM,0.0000,-0.0005,0.0,0.0
7501,0,8,  0d 02:04:52.73,  0d 01:00:13.05,1.2494,4.1357,C,07/25/2025 12:25:42 PM,0.0000,-0.0007,0.0,0.0
7502,0,8,  0d 02:04:53.73,  0d 01:00:14.05,1.2500,4.1359,C,07/25/2025 12:25:42 PM,0.0000,-0.0007,0.0,0.0
7503,0,8,  0d 02:04:54.73,  0d 01:00:15.05,1.2503,4.1358,C,07/25/2025 12:25:43 PM,0.0000,-0.0008,0.0,0.0
7504,0,8,  0d 02:04:55.73,  0d 01:00:16.05,1.2500,4.1357,C,07/25/2025 12:25:44 PM,0.0000,-0.0007,0.0,0.0
7505,0,8,  0d 02:04:56.73,  0d 01:00:17.05,1.2500,4.1360,C,07/25/2025 12:25:45 PM,0.0000,-0.0007,0.0,0.0
7506,0,8,  0d 02:04:57.73,  0d 01:00:18.05,1.2497,4.1360,C,07/25/2025 12:25:46 PM,0.0000,-0.0008,0.0,0.0
7507,0,8,  0d 02:04:58.73,  0d 01:00:19.05,1.2503,4.1359,C,07/25/2025 12:25:47 PM,0.0000,-0.0007,0.0,0.0
7508,0,8,  0d 02:04:59.73,  0d 01:00:20.05,1.2494,4.1360,C,07/25/2025 12:25:48 PM,0.0000,-0.0008,0.0,0.0
7509,0,8,  0d 02:05:00.73,  0d 01:00:21.05,1.2494,4.1360,C,07/25/2025 12:25:49 PM,0.0000,-0.0008,0.0,0.0
7510,0,8,  0d 02:05:01.73,  0d 01:00:22.05,1.2494,4.1361,C,07/25/2025 12:25:50 PM,0.0000,-0.0008,0.0,0.0
7511,0,8,  0d 02:05:02.73,  0d 01:00:23.05,1.2494,4.1363,C,07/25/2025 12:25:52 PM,0.0000,-0.0007,0.0,0.0
7512,0,8,  0d 02:05:03.73,  0d 01:00:24.05,1.2500,4.1363,C,07/25/2025 12:25:52 PM,0.0000,-0.0007,0.0,0.0
7513,0,8,  0d 02:05:04.73,  0d 01:00:25.05,1.2500,4.1363,C,07/25/2025 12:25:53 PM,0.0000,-0.0007,0.0,0.0
7514,0,8,  0d 02:05:05.73,  0d 01:00:26.05,1.2500,4.1364,C,07/25/2025 12:25:54 PM,0.0000,-0.0008,0.0,0.0
7515,0,8,  0d 02:05:06.73,  0d 01:00:27.05,1.2500,4.1363,C,07/25/2025 12:25:55 PM,0.0000,-0.0008,0.0,0.0
7516,0,8,  0d 02:05:07.73,  0d 01:00:28.05,1.2503,4.1364,C,07/25/2025 12:25:56 PM,0.0000,-0.0008,0.0,0.0
7517,0,8,  0d 02:05:08.73,  0d 01:00:29.05,1.2503,4.1366,C,07/25/2025 12:25:57 PM,0.0000,-0.0008,0.0,0.0
7518,0,8,  0d 02:05:09.73,  0d 01:00:30.05,1.2494,4.1365,C,07/25/2025 12:25:58 PM,0.0000,-0.0008,0.0,0.0
7519,0,8,  0d 02:05:10.73,  0d 01:00:31.05,1.2497,4.1366,C,07/25/2025 12:25:59 PM,0.0000,-0.0008,0.0,0.0
7520,0,8,  0d 02:05:11.73,  0d 01:00:32.05,1.2497,4.1366,C,07/25/2025 12:26:00 PM,0.0000,-0.0007,0.0,0.0
7521,0,8,  0d 02:05:12.73,  0d 01:00:33.05,1.2500,4.1368,C,07/25/2025 12:26:02 PM,0.0000,-0.0008,0.0,0.0
7522,0,8,  0d 02:05:13.73,  0d 01:00:34.05,1.2497,4.1368,C,07/25/2025 12:26:02 PM,0.0000,-0.0007,0.0,0.0
7523,0,8,  0d 02:05:14.73,  0d 01:00:35.05,1.2500,4.1368,C,07/25/2025 12:26:03 PM,0.0000,-0.0007,0.0,0.0
7524,0,8,  0d 02:05:15.73,  0d 01:00:36.05,1.2500,4.1369,C,07/25/2025 12:26:04 PM,0.0000,-0.0008,0.0,0.0
7525,0,8,  0d 02:05:16.73,  0d 01:00:37.05,1.2503,4.1369,C,07/25/2025 12:26:05 PM,0.0000,-0.0008,0.0,0.0
7526,0,8,  0d 02:05:17.73,  0d 01:00:38.05,1.2497,4.1369,C,07/25/2025 12:26:06 PM,0.0000,-0.0007,0.0,0.0
7527,0,8,  0d 02:05:18.73,  0d 01:00:39.05,1.2500,4.1369,C,07/25/2025 12:26:07 PM,0.0000,-0.0008,0.0,0.0
7528,0,8,  0d 02:05:19.73,  0d 01:00:40.05,1.2503,4.1372,C,07/25/2025 12:26:08 PM,0.0000,-0.0008,0.0,0.0
7529,0,8,  0d 02:05:20.73,  0d 01:00:41.05,1.2494,4.1370,C,07/25/2025 12:26:09 PM,0.0000,-0.0010,0.0,0.0
7530,0,8,  0d 02:05:21.73,  0d 01:00:42.05,1.2500,4.1371,C,07/25/2025 12:26:10 PM,0.0000,-0.0008,0.0,0.0
7531,0,8,  0d 02:05:22.73,  0d 01:00:43.05,1.2500,4.1372,C,07/25/2025 12:26:11 PM,0.0000,-0.0008,0.0,0.0
7532,0,8,  0d 02:05:23.73,  0d 01:00:44.05,1.2503,4.1373,C,07/25/2025 12:26:12 PM,0.0000,-0.0008,0.0,0.0
7533,0,8,  0d 02:05:24.73,  0d 01:00:45.05,1.2500,4.1374,C,07/25/2025 12:26:13 PM,0.0000,-0.0008,0.0,0.0
7534,0,8,  0d 02:05:25.73,  0d 01:00:46.05,1.2500,4.1373,C,07/25/2025 12:26:14 PM,0.0000,-0.0008,0.0,0.0
7535,0,8,  0d 02:05:26.73,  0d 01:00:47.05,1.2494,4.1373,C,07/25/2025 12:26:15 PM,0.0000,-0.0007,0.0,0.0
7536,0,8,  0d 02:05:27.73,  0d 01:00:48.05,1.2494,4.1374,C,07/25/2025 12:26:16 PM,0.0000,-0.0007,0.0,0.0
7537,0,8,  0d 02:05:28.73,  0d 01:00:49.05,1.2503,4.1374,C,07/25/2025 12:26:17 PM,0.0000,-0.0008,0.0,0.0
7538,0,8,  0d 02:05:29.73,  0d 01:00:50.05,1.2497,4.1374,C,07/25/2025 12:26:18 PM,0.0000,-0.0007,0.0,0.0
7539,0,8,  0d 02:05:30.73,  0d 01:00:51.05,1.2500,4.1377,C,07/25/2025 12:26:19 PM,0.0000,-0.0008,0.0,0.0
7540,0,8,  0d 02:05:31.73,  0d 01:00:52.05,1.2494,4.1376,C,07/25/2025 12:26:20 PM,0.0000,-0.0008,0.0,0.0
7541,0,8,  0d 02:05:32.73,  0d 01:00:53.05,1.2500,4.1377,C,07/25/2025 12:26:21 PM,0.0000,-0.0007,0.0,0.0
7542,0,8,  0d 02:05:33.73,  0d 01:00:54.05,1.2500,4.1378,C,07/25/2025 12:26:22 PM,0.0000,-0.0007,0.0,0.0
7543,0,8,  0d 02:05:34.73,  0d 01:00:55.05,1.2497,4.1379,C,07/25/2025 12:26:23 PM,0.0000,-0.0008,0.0,0.0
7544,0,8,  0d 02:05:35.73,  0d 01:00:56.05,1.2503,4.1379,C,07/25/2025 12:26:24 PM,0.0000,-0.0007,0.0,0.0
7545,0,8,  0d 02:05:36.73,  0d 01:00:57.05,1.2503,4.1379,C,07/25/2025 12:26:25 PM,0.0000,-0.0007,0.0,0.0
7546,0,8,  0d 02:05:37.73,  0d 01:00:58.05,1.2497,4.1378,C,07/25/2025 12:26:26 PM,0.0000,-0.0007,0.0,0.0
7547,0,8,  0d 02:05:38.73,  0d 01:00:59.05,1.2500,4.1380,C,07/25/2025 12:26:27 PM,0.0000,-0.0008,0.0,0.0
7548,0,8,  0d 02:05:39.73,  0d 01:01:00.05,1.2497,4.1380,C,07/25/2025 12:26:28 PM,0.0000,-0.0008,0.0,0.0
7549,0,8,  0d 02:05:40.73,  0d 01:01:01.05,1.2500,4.1382,C,07/25/2025 12:26:29 PM,0.0000,-0.0008,0.0,0.0
7550,0,8,  0d 02:05:41.73,  0d 01:01:02.05,1.2500,4.1382,C,07/25/2025 12:26:30 PM,0.0000,-0.0007,0.0,0.0
7551,0,8,  0d 02:05:42.73,  0d 01:01:03.05,1.2497,4.1382,C,07/25/2025 12:26:31 PM,0.0000,-0.0010,0.0,0.0
7552,0,8,  0d 02:05:43.73,  0d 01:01:04.05,1.2497,4.1382,C,07/25/2025 12:26:33 PM,0.0000,-0.0008,0.0,0.0
7553,0,8,  0d 02:05:44.73,  0d 01:01:05.05,1.2497,4.1384,C,07/25/2025 12:26:33 PM,0.0000,-0.0010,0.0,0.0
7554,0,8,  0d 02:05:45.73,  0d 01:01:06.05,1.2500,4.1384,C,07/25/2025 12:26:34 PM,0.0000,-0.0007,0.0,0.0
7555,0,8,  0d 02:05:46.73,  0d 01:01:07.05,1.2497,4.1385,C,07/25/2025 12:26:35 PM,0.0000,-0.0007,0.0,0.0
7556,0,8,  0d 02:05:47.73,  0d 01:01:08.05,1.2500,4.1385,C,07/25/2025 12:26:36 PM,0.0000,-0.0007,0.0,0.0
7557,0,8,  0d 02:05:48.73,  0d 01:01:09.05,1.2500,4.1385,C,07/25/2025 12:26:37 PM,0.0000,-0.0007,0.0,0.0
7558,0,8,  0d 02:05:49.73,  0d 01:01:10.05,1.2497,4.1385,C,07/25/2025 12:26:38 PM,0.0000,-0.0010,0.0,0.0
7559,0,8,  0d 02:05:50.73,  0d 01:01:11.05,1.2497,4.1386,C,07/25/2025 12:26:39 PM,0.0000,-0.0007,0.0,0.0
7560,0,8,  0d 02:05:51.73,  0d 01:01:12.05,1.2503,4.1386,C,07/25/2025 12:26:40 PM,0.0000,-0.0007,0.0,0.0
7561,0,8,  0d 02:05:52.73,  0d 01:01:13.05,1.2497,4.1388,C,07/25/2025 12:26:41 PM,0.0000,-0.0007,0.0,0.0
7562,0,8,  0d 02:05:53.73,  0d 01:01:14.05,1.2497,4.1386,C,07/25/2025 12:26:43 PM,0.0000,-0.0008,0.0,0.0
7563,0,8,  0d 02:05:54.73,  0d 01:01:15.05,1.2497,4.1388,C,07/25/2025 12:26:43 PM,0.0000,-0.0008,0.0,0.0
7564,0,8,  0d 02:05:55.73,  0d 01:01:16.05,1.2497,4.1389,C,07/25/2025 12:26:44 PM,0.0000,-0.0007,0.0,0.0
7565,0,8,  0d 02:05:56.73,  0d 01:01:17.05,1.2500,4.1388,C,07/25/2025 12:26:45 PM,0.0000,-0.0007,0.0,0.0
7566,0,8,  0d 02:05:57.73,  0d 01:01:18.05,1.2491,4.1389,C,07/25/2025 12:26:46 PM,0.0000,-0.0008,0.0,0.0
7567,0,8,  0d 02:05:58.73,  0d 01:01:19.05,1.2497,4.1390,C,07/25/2025 12:26:47 PM,0.0000,-0.0007,0.0,0.0
7568,0,8,  0d 02:05:59.73,  0d 01:01:20.05,1.2503,4.1390,C,07/25/2025 12:26:48 PM,0.0000,-0.0008,0.0,0.0
7569,0,8,  0d 02:06:00.73,  0d 01:01:21.05,1.2503,4.1392,C,07/25/2025 12:26:49 PM,0.0000,-0.0008,0.0,0.0
7570,0,8,  0d 02:06:01.73,  0d 01:01:22.05,1.2500,4.1392,C,07/25/2025 12:26:50 PM,0.0000,-0.0007,0.0,0.0
7571,0,8,  0d 02:06:02.73,  0d 01:01:23.05,1.2494,4.1391,C,07/25/2025 12:26:51 PM,0.0000,-0.0008,0.0,0.0
7572,0,8,  0d 02:06:03.73,  0d 01:01:24.05,1.2497,4.1392,C,07/25/2025 12:26:53 PM,0.0000,-0.0008,0.0,0.0
7573,0,8,  0d 02:06:04.73,  0d 01:01:25.05,1.2500,4.1392,C,07/25/2025 12:26:53 PM,0.0000,-0.0007,0.0,0.0
7574,0,8,  0d 02:06:05.73,  0d 01:01:26.05,1.2500,4.1393,C,07/25/2025 12:26:54 PM,0.0000,-0.0008,0.0,0.0
7575,0,8,  0d 02:06:06.73,  0d 01:01:27.05,1.2500,4.1393,C,07/25/2025 12:26:55 PM,0.0000,-0.0008,0.0,0.0
7576,0,8,  0d 02:06:07.73,  0d 01:01:28.05,1.2494,4.1394,C,07/25/2025 12:26:56 PM,0.0000,-0.0008,0.0,0.0
7577,0,8,  0d 02:06:08.73,  0d 01:01:29.05,1.2500,4.1395,C,07/25/2025 12:26:57 PM,0.0000,-0.0008,0.0,0.0
7578,0,8,  0d 02:06:09.73,  0d 01:01:30.05,1.2500,4.1396,C,07/25/2025 12:26:58 PM,0.0000,-0.0008,0.0,0.0
7579,0,8,  0d 02:06:10.73,  0d 01:01:31.05,1.2500,4.1396,C,07/25/2025 12:26:59 PM,0.0000,-0.0007,0.0,0.0
7580,0,8,  0d 02:06:11.73,  0d 01:01:32.05,1.2503,4.1396,C,07/25/2025 12:27:00 PM,0.0000,-0.0008,0.0,0.0
7581,0,8,  0d 02:06:12.73,  0d 01:01:33.05,1.2503,4.1398,C,07/25/2025 12:27:01 PM,0.0000,-0.0007,0.0,0.0
7582,0,8,  0d 02:06:13.73,  0d 01:01:34.05,1.2494,4.1398,C,07/25/2025 12:27:03 PM,0.0000,-0.0007,0.0,0.0
7583,0,8,  0d 02:06:14.73,  0d 01:01:35.05,1.2503,4.1398,C,07/25/2025 12:27:03 PM,0.0000,-0.0008,0.0,0.0
7584,0,8,  0d 02:06:15.73,  0d 01:01:36.05,1.2497,4.1398,C,07/25/2025 12:27:04 PM,0.0000,-0.0005,0.0,0.0
7585,0,8,  0d 02:06:16.73,  0d 01:01:37.05,1.2500,4.1399,C,07/25/2025 12:27:05 PM,0.0000,-0.0008,0.0,0.0
7586,0,8,  0d 02:06:17.73,  0d 01:01:38.05,1.2497,4.1401,C,07/25/2025 12:27:06 PM,0.0000,-0.0005,0.0,0.0
7587,0,8,  0d 02:06:18.73,  0d 01:01:39.05,1.2503,4.1401,C,07/25/2025 12:27:07 PM,0.0000,-0.0008,0.0,0.0
7588,0,8,  0d 02:06:19.73,  0d 01:01:40.05,1.2497,4.1400,C,07/25/2025 12:27:08 PM,0.0000,-0.0008,0.0,0.0
7589,0,8,  0d 02:06:20.73,  0d 01:01:41.05,1.2500,4.1402,C,07/25/2025 12:27:09 PM,0.0000,-0.0007,0.0,0.0
7590,0,8,  0d 02:06:21.73,  0d 01:01:42.05,1.2500,4.1402,C,07/25/2025 12:27:10 PM,0.0000,-0.0008,0.0,0.0
7591,0,8,  0d 02:06:22.73,  0d 01:01:43.05,1.2497,4.1401,C,07/25/2025 12:27:11 PM,0.0000,-0.0008,0.0,0.0
7592,0,8,  0d 02:06:23.73,  0d 01:01:44.05,1.2497,4.1402,C,07/25/2025 12:27:13 PM,0.0000,-0.0008,0.0,0.0
7593,0,8,  0d 02:06:24.73,  0d 01:01:45.05,1.2497,4.1403,C,07/25/2025 12:27:13 PM,0.0000,-0.0007,0.0,0.0
7594,0,8,  0d 02:06:25.73,  0d 01:01:46.05,1.2500,4.1403,C,07/25/2025 12:27:14 PM,0.0000,-0.0008,0.0,0.0
7595,0,8,  0d 02:06:26.73,  0d 01:01:47.05,1.2497,4.1405,C,07/25/2025 12:27:15 PM,0.0000,-0.0007,0.0,0.0
7596,0,8,  0d 02:06:27.73,  0d 01:01:48.05,1.2494,4.1405,C,07/25/2025 12:27:16 PM,0.0000,-0.0008,0.0,0.0
7597,0,8,  0d 02:06:28.73,  0d 01:01:49.05,1.2497,4.1405,C,07/25/2025 12:27:17 PM,0.0000,-0.0008,0.0,0.0
7598,0,8,  0d 02:06:29.73,  0d 01:01:50.05,1.2491,4.1405,C,07/25/2025 12:27:18 PM,0.0000,-0.0007,0.0,0.0
7599,0,8,  0d 02:06:30.73,  0d 01:01:51.05,1.2497,4.1407,C,07/25/2025 12:27:19 PM,0.0000,-0.0007,0.0,0.0
7600,0,8,  0d 02:06:31.73,  0d 01:01:52.05,1.2494,4.1408,C,07/25/2025 12:27:20 PM,0.0000,-0.0007,0.0,0.0
7601,0,8,  0d 02:06:32.73,  0d 01:01:53.05,1.2500,4.1407,C,07/25/2025 12:27:21 PM,0.0000,-0.0007,0.0,0.0
7602,0,8,  0d 02:06:33.73,  0d 01:01:54.05,1.2497,4.1407,C,07/25/2025 12:27:22 PM,0.0000,-0.0007,0.0,0.0
7603,0,8,  0d 02:06:34.73,  0d 01:01:55.05,1.2491,4.1409,C,07/25/2025 12:27:23 PM,0.0000,-0.0007,0.0,0.0
7604,0,8,  0d 02:06:35.73,  0d 01:01:56.05,1.2497,4.1408,C,07/25/2025 12:27:24 PM,0.0000,-0.0010,0.0,0.0
7605,0,8,  0d 02:06:36.73,  0d 01:01:57.05,1.2500,4.1408,C,07/25/2025 12:27:25 PM,0.0000,-0.0008,0.0,0.0
7606,0,8,  0d 02:06:37.73,  0d 01:01:58.05,1.2497,4.1409,C,07/25/2025 12:27:26 PM,0.0000,-0.0008,0.0,0.0
7607,0,8,  0d 02:06:38.73,  0d 01:01:59.05,1.2506,4.1410,C,07/25/2025 12:27:27 PM,0.0000,-0.0005,0.0,0.0
7608,0,8,  0d 02:06:39.73,  0d 01:02:00.05,1.2500,4.1411,C,07/25/2025 12:27:28 PM,0.0000,-0.0007,0.0,0.0
7609,0,8,  0d 02:06:40.73,  0d 01:02:01.05,1.2500,4.1411,C,07/25/2025 12:27:29 PM,0.0000,-0.0007,0.0,0.0
7610,0,8,  0d 02:06:41.73,  0d 01:02:02.05,1.2497,4.1412,C,07/25/2025 12:27:30 PM,0.0000,-0.0007,0.0,0.0
7611,0,8,  0d 02:06:42.73,  0d 01:02:03.05,1.2494,4.1411,C,07/25/2025 12:27:31 PM,0.0000,-0.0008,0.0,0.0
7612,0,8,  0d 02:06:43.73,  0d 01:02:04.05,1.2497,4.1413,C,07/25/2025 12:27:32 PM,0.0000,-0.0007,0.0,0.0
7613,0,8,  0d 02:06:44.73,  0d 01:02:05.05,1.2503,4.1413,C,07/25/2025 12:27:33 PM,0.0000,-0.0007,0.0,0.0
7614,0,8,  0d 02:06:45.73,  0d 01:02:06.05,1.2497,4.1413,C,07/25/2025 12:27:34 PM,0.0000,-0.0007,0.0,0.0
7615,0,8,  0d 02:06:46.73,  0d 01:02:07.05,1.2494,4.1413,C,07/25/2025 12:27:35 PM,0.0000,-0.0008,0.0,0.0
7616,0,8,  0d 02:06:47.73,  0d 01:02:08.05,1.2503,4.1413,C,07/25/2025 12:27:36 PM,0.0000,-0.0008,0.0,0.0
7617,0,8,  0d 02:06:48.73,  0d 01:02:09.05,1.2494,4.1415,C,07/25/2025 12:27:37 PM,0.0000,-0.0005,0.0,0.0
7618,0,8,  0d 02:06:49.73,  0d 01:02:10.05,1.2503,4.1417,C,07/25/2025 12:27:38 PM,0.0000,-0.0008,0.0,0.0
7619,0,8,  0d 02:06:50.73,  0d 01:02:11.05,1.2497,4.1415,C,07/25/2025 12:27:39 PM,0.0000,-0.0008,0.0,0.0
7620,0,8,  0d 02:06:51.73,  0d 01:02:12.05,1.2500,4.1417,C,07/25/2025 12:27:40 PM,0.0000,-0.0007,0.0,0.0
7621,0,8,  0d 02:06:52.73,  0d 01:02:13.05,1.2506,4.1419,C,07/25/2025 12:27:41 PM,0.0000,-0.0008,0.0,0.0
7622,0,8,  0d 02:06:53.73,  0d 01:02:14.05,1.2500,4.1416,C,07/25/2025 12:27:42 PM,0.0000,-0.0008,0.0,0.0
7623,0,8,  0d 02:06:54.73,  0d 01:02:15.05,1.2497,4.1418,C,07/25/2025 12:27:44 PM,0.0000,-0.0007,0.0,0.0
7624,0,8,  0d 02:06:55.73,  0d 01:02:16.05,1.2503,4.1420,C,07/25/2025 12:27:44 PM,0.0000,-0.0008,0.0,0.0
7625,0,8,  0d 02:06:56.73,  0d 01:02:17.05,1.2500,4.1418,C,07/25/2025 12:27:45 PM,0.0000,-0.0008,0.0,0.0
7626,0,8,  0d 02:06:57.73,  0d 01:02:18.05,1.2500,4.1421,C,07/25/2025 12:27:46 PM,0.0000,-0.0008,0.0,0.0
7627,0,8,  0d 02:06:58.73,  0d 01:02:19.05,1.2497,4.1420,C,07/25/2025 12:27:47 PM,0.0000,-0.0008,0.0,0.0
7628,0,8,  0d 02:06:59.73,  0d 01:02:20.05,1.2500,4.1420,C,07/25/2025 12:27:48 PM,0.0000,-0.0008,0.0,0.0
7629,0,8,  0d 02:07:00.73,  0d 01:02:21.05,1.2497,4.1422,C,07/25/2025 12:27:49 PM,0.0000,-0.0008,0.0,0.0
7630,0,8,  0d 02:07:01.73,  0d 01:02:22.05,1.2497,4.1422,C,07/25/2025 12:27:50 PM,0.0000,-0.0008,0.0,0.0
7631,0,8,  0d 02:07:02.73,  0d 01:02:23.05,1.2491,4.1422,C,07/25/2025 12:27:51 PM,0.0000,-0.0008,0.0,0.0
7632,0,8,  0d 02:07:03.73,  0d 01:02:24.05,1.2494,4.1423,C,07/25/2025 12:27:52 PM,0.0000,-0.0008,0.0,0.0
7633,0,8,  0d 02:07:04.73,  0d 01:02:25.05,1.2503,4.1422,C,07/25/2025 12:27:54 PM,0.0000,-0.0007,0.0,0.0
7634,0,8,  0d 02:07:05.73,  0d 01:02:26.05,1.2503,4.1423,C,07/25/2025 12:27:54 PM,0.0000,-0.0007,0.0,0.0
7635,0,8,  0d 02:07:06.73,  0d 01:02:27.05,1.2500,4.1423,C,07/25/2025 12:27:55 PM,0.0000,-0.0008,0.0,0.0
7636,0,8,  0d 02:07:07.73,  0d 01:02:28.05,1.2497,4.1424,C,07/25/2025 12:27:56 PM,0.0000,-0.0008,0.0,0.0
7637,0,8,  0d 02:07:08.73,  0d 01:02:29.05,1.2497,4.1426,C,07/25/2025 12:27:57 PM,0.0000,-0.0007,0.0,0.0
7638,0,8,  0d 02:07:09.73,  0d 01:02:30.05,1.2503,4.1427,C,07/25/2025 12:27:58 PM,0.0000,-0.0008,0.0,0.0
7639,0,8,  0d 02:07:10.73,  0d 01:02:31.05,1.2497,4.1427,C,07/25/2025 12:27:59 PM,0.0000,-0.0007,0.0,0.0
7640,0,8,  0d 02:07:11.73,  0d 01:02:32.05,1.2500,4.1428,C,07/25/2025 12:28:00 PM,0.0000,-0.0007,0.0,0.0
7641,0,8,  0d 02:07:12.73,  0d 01:02:33.05,1.2500,4.1428,C,07/25/2025 12:28:01 PM,0.0000,-0.0010,0.0,0.0
7642,0,8,  0d 02:07:13.73,  0d 01:02:34.05,1.2497,4.1428,C,07/25/2025 12:28:02 PM,0.0000,-0.0005,0.0,0.0
7643,0,8,  0d 02:07:14.73,  0d 01:02:35.05,1.2506,4.1429,C,07/25/2025 12:28:04 PM,0.0000,-0.0008,0.0,0.0
7644,0,8,  0d 02:07:15.73,  0d 01:02:36.05,1.2497,4.1431,C,07/25/2025 12:28:04 PM,0.0000,-0.0008,0.0,0.0
7645,0,8,  0d 02:07:16.73,  0d 01:02:37.05,1.2500,4.1430,C,07/25/2025 12:28:05 PM,0.0000,-0.0008,0.0,0.0
7646,0,8,  0d 02:07:17.73,  0d 01:02:38.05,1.2500,4.1431,C,07/25/2025 12:28:06 PM,0.0000,-0.0007,0.0,0.0
7647,0,8,  0d 02:07:18.73,  0d 01:02:39.05,1.2500,4.1431,C,07/25/2025 12:28:07 PM,0.0000,-0.0008,0.0,0.0
7648,0,8,  0d 02:07:19.73,  0d 01:02:40.05,1.2503,4.1432,C,07/25/2025 12:28:08 PM,0.0000,-0.0007,0.0,0.0
7649,0,8,  0d 02:07:20.73,  0d 01:02:41.05,1.2497,4.1433,C,07/25/2025 12:28:09 PM,0.0000,-0.0008,0.0,0.0
7650,0,8,  0d 02:07:21.73,  0d 01:02:42.05,1.2500,4.1434,C,07/25/2025 12:28:10 PM,0.0000,-0.0007,0.0,0.0
7651,0,8,  0d 02:07:22.73,  0d 01:02:43.05,1.2500,4.1434,C,07/25/2025 12:28:11 PM,0.0000,-0.0007,0.0,0.0
7652,0,8,  0d 02:07:23.73,  0d 01:02:44.05,1.2494,4.1434,C,07/25/2025 12:28:12 PM,0.0000,-0.0007,0.0,0.0
7653,0,8,  0d 02:07:24.73,  0d 01:02:45.05,1.2497,4.1435,C,07/25/2025 12:28:14 PM,0.0000,-0.0008,0.0,0.0
7654,0,8,  0d 02:07:25.73,  0d 01:02:46.05,1.2500,4.1434,C,07/25/2025 12:28:14 PM,0.0000,-0.0008,0.0,0.0
7655,0,8,  0d 02:07:26.73,  0d 01:02:47.05,1.2503,4.1436,C,07/25/2025 12:28:15 PM,0.0000,-0.0007,0.0,0.0
7656,0,8,  0d 02:07:27.73,  0d 01:02:48.05,1.2497,4.1437,C,07/25/2025 12:28:16 PM,0.0000,-0.0007,0.0,0.0
7657,0,8,  0d 02:07:28.73,  0d 01:02:49.05,1.2491,4.1438,C,07/25/2025 12:28:17 PM,0.0000,-0.0007,0.0,0.0
7658,0,8,  0d 02:07:29.73,  0d 01:02:50.05,1.2497,4.1437,C,07/25/2025 12:28:18 PM,0.0000,-0.0010,0.0,0.0
7659,0,8,  0d 02:07:30.73,  0d 01:02:51.05,1.2500,4.1438,C,07/25/2025 12:28:19 PM,0.0000,-0.0008,0.0,0.0
7660,0,8,  0d 02:07:31.73,  0d 01:02:52.05,1.2497,4.1437,C,07/25/2025 12:28:20 PM,0.0000,-0.0008,0.0,0.0
7661,0,8,  0d 02:07:32.73,  0d 01:02:53.05,1.2494,4.1438,C,07/25/2025 12:28:21 PM,0.0000,-0.0008,0.0,0.0
7662,0,8,  0d 02:07:33.73,  0d 01:02:54.05,1.2503,4.1440,C,07/25/2025 12:28:22 PM,0.0000,-0.0007,0.0,0.0
7663,0,8,  0d 02:07:34.73,  0d 01:02:55.05,1.2503,4.1441,C,07/25/2025 12:28:24 PM,0.0000,-0.0007,0.0,0.0
7664,0,8,  0d 02:07:35.73,  0d 01:02:56.05,1.2500,4.1441,C,07/25/2025 12:28:24 PM,0.0000,-0.0008,0.0,0.0
7665,0,8,  0d 02:07:36.73,  0d 01:02:57.05,1.2497,4.1442,C,07/25/2025 12:28:25 PM,0.0000,-0.0008,0.0,0.0
7666,0,8,  0d 02:07:37.73,  0d 01:02:58.05,1.2500,4.1440,C,07/25/2025 12:28:26 PM,0.0000,-0.0005,0.0,0.0
7667,0,8,  0d 02:07:38.73,  0d 01:02:59.05,1.2500,4.1443,C,07/25/2025 12:28:27 PM,0.0000,-0.0007,0.0,0.0
7668,0,8,  0d 02:07:39.73,  0d 01:03:00.05,1.2500,4.1443,C,07/25/2025 12:28:28 PM,0.0000,-0.0008,0.0,0.0
7669,0,8,  0d 02:07:40.73,  0d 01:03:01.05,1.2497,4.1443,C,07/25/2025 12:28:29 PM,0.0000,-0.0008,0.0,0.0
7670,0,8,  0d 02:07:41.73,  0d 01:03:02.05,1.2494,4.1444,C,07/25/2025 12:28:30 PM,0.0000,-0.0008,0.0,0.0
7671,0,8,  0d 02:07:42.73,  0d 01:03:03.05,1.2494,4.1444,C,07/25/2025 12:28:31 PM,0.0000,-0.0008,0.0,0.0
7672,0,8,  0d 02:07:43.73,  0d 01:03:04.05,1.2500,4.1445,C,07/25/2025 12:28:32 PM,0.0000,-0.0007,0.0,0.0
7673,0,8,  0d 02:07:44.73,  0d 01:03:05.05,1.2497,4.1446,C,07/25/2025 12:28:34 PM,0.0000,-0.0008,0.0,0.0
7674,0,8,  0d 02:07:45.73,  0d 01:03:06.05,1.2500,4.1445,C,07/25/2025 12:28:34 PM,0.0000,-0.0008,0.0,0.0
7675,0,8,  0d 02:07:46.73,  0d 01:03:07.05,1.2500,4.1448,C,07/25/2025 12:28:35 PM,0.0000,-0.0007,0.0,0.0
7676,0,8,  0d 02:07:47.73,  0d 01:03:08.05,1.2503,4.1447,C,07/25/2025 12:28:36 PM,0.0000,-0.0007,0.0,0.0
7677,0,8,  0d 02:07:48.73,  0d 01:03:09.05,1.2497,4.1447,C,07/25/2025 12:28:37 PM,0.0000,-0.0008,0.0,0.0
7678,0,8,  0d 02:07:49.73,  0d 01:03:10.05,1.2494,4.1447,C,07/25/2025 12:28:38 PM,0.0000,-0.0007,0.0,0.0
7679,0,8,  0d 02:07:50.73,  0d 01:03:11.05,1.2500,4.1448,C,07/25/2025 12:28:39 PM,0.0000,-0.0008,0.0,0.0
7680,0,8,  0d 02:07:51.73,  0d 01:03:12.05,1.2497,4.1449,C,07/25/2025 12:28:40 PM,0.0000,-0.0007,0.0,0.0
7681,0,8,  0d 02:07:52.73,  0d 01:03:13.05,1.2500,4.1450,C,07/25/2025 12:28:41 PM,0.0000,-0.0007,0.0,0.0
7682,0,8,  0d 02:07:53.73,  0d 01:03:14.05,1.2494,4.1451,C,07/25/2025 12:28:42 PM,0.0000,-0.0007,0.0,0.0
7683,0,8,  0d 02:07:54.73,  0d 01:03:15.05,1.2497,4.1451,C,07/25/2025 12:28:43 PM,0.0000,-0.0007,0.0,0.0
7684,0,8,  0d 02:07:55.73,  0d 01:03:16.05,1.2494,4.1451,C,07/25/2025 12:28:44 PM,0.0000,-0.0008,0.0,0.0
7685,0,8,  0d 02:07:56.73,  0d 01:03:17.05,1.2500,4.1453,C,07/25/2025 12:28:45 PM,0.0000,-0.0008,0.0,0.0
7686,0,8,  0d 02:07:57.73,  0d 01:03:18.05,1.2497,4.1452,C,07/25/2025 12:28:46 PM,0.0000,-0.0007,0.0,0.0
7687,0,8,  0d 02:07:58.73,  0d 01:03:19.05,1.2500,4.1453,C,07/25/2025 12:28:47 PM,0.0000,-0.0008,0.0,0.0
7688,0,8,  0d 02:07:59.73,  0d 01:03:20.05,1.2500,4.1455,C,07/25/2025 12:28:48 PM,0.0000,-0.0007,0.0,0.0
7689,0,8,  0d 02:08:00.73,  0d 01:03:21.05,1.2500,4.1454,C,07/25/2025 12:28:49 PM,0.0000,-0.0008,0.0,0.0
7690,0,8,  0d 02:08:01.73,  0d 01:03:22.05,1.2497,4.1456,C,07/25/2025 12:28:50 PM,0.0000,-0.0005,0.0,0.0
7691,0,8,  0d 02:08:02.73,  0d 01:03:23.05,1.2500,4.1456,C,07/25/2025 12:28:51 PM,0.0000,-0.0007,0.0,0.0
7692,0,8,  0d 02:08:03.73,  0d 01:03:24.05,1.2500,4.1456,C,07/25/2025 12:28:52 PM,0.0000,-0.0005,0.0,0.0
7693,0,8,  0d 02:08:04.73,  0d 01:03:25.05,1.2503,4.1457,C,07/25/2025 12:28:53 PM,0.0000,-0.0007,0.0,0.0
7694,0,8,  0d 02:08:05.73,  0d 01:03:26.05,1.2497,4.1457,C,07/25/2025 12:28:54 PM,0.0000,-0.0008,0.0,0.0
7695,0,8,  0d 02:08:06.73,  0d 01:03:27.05,1.2500,4.1457,C,07/25/2025 12:28:55 PM,0.0000,-0.0007,0.0,0.0
7696,0,8,  0d 02:08:07.73,  0d 01:03:28.05,1.2497,4.1460,C,07/25/2025 12:28:56 PM,0.0000,-0.0008,0.0,0.0
7697,0,8,  0d 02:08:08.73,  0d 01:03:29.05,1.2503,4.1460,C,07/25/2025 12:28:57 PM,0.0000,-0.0008,0.0,0.0
7698,0,8,  0d 02:08:09.73,  0d 01:03:30.05,1.2497,4.1460,C,07/25/2025 12:28:58 PM,0.0000,-0.0010,0.0,0.0
7699,0,8,  0d 02:08:10.73,  0d 01:03:31.05,1.2494,4.1460,C,07/25/2025 12:28:59 PM,0.0000,-0.0007,0.0,0.0
7700,0,8,  0d 02:08:11.73,  0d 01:03:32.05,1.2503,4.1461,C,07/25/2025 12:29:00 PM,0.0000,-0.0008,0.0,0.0
7701,0,8,  0d 02:08:12.73,  0d 01:03:33.05,1.2500,4.1463,C,07/25/2025 12:29:01 PM,0.0000,-0.0008,0.0,0.0
7702,0,8,  0d 02:08:13.73,  0d 01:03:34.05,1.2497,4.1463,C,07/25/2025 12:29:02 PM,0.0000,-0.0007,0.0,0.0
7703,0,8,  0d 02:08:14.73,  0d 01:03:35.05,1.2500,4.1464,C,07/25/2025 12:29:03 PM,0.0000,-0.0008,0.0,0.0
7704,0,8,  0d 02:08:15.73,  0d 01:03:36.05,1.2500,4.1464,C,07/25/2025 12:29:05 PM,0.0000,-0.0007,0.0,0.0
7705,0,8,  0d 02:08:16.73,  0d 01:03:37.05,1.2500,4.1466,C,07/25/2025 12:29:05 PM,0.0000,-0.0010,0.0,0.0
7706,0,8,  0d 02:08:17.73,  0d 01:03:38.05,1.2500,4.1466,C,07/25/2025 12:29:06 PM,0.0000,-0.0008,0.0,0.0
7707,0,8,  0d 02:08:18.73,  0d 01:03:39.05,1.2497,4.1466,C,07/25/2025 12:29:07 PM,0.0000,-0.0007,0.0,0.0
7708,0,8,  0d 02:08:19.73,  0d 01:03:40.05,1.2503,4.1466,C,07/25/2025 12:29:08 PM,0.0000,-0.0007,0.0,0.0
7709,0,8,  0d 02:08:20.73,  0d 01:03:41.05,1.2500,4.1466,C,07/25/2025 12:29:09 PM,0.0000,-0.0007,0.0,0.0
7710,0,8,  0d 02:08:21.73,  0d 01:03:42.05,1.2503,4.1467,C,07/25/2025 12:29:10 PM,0.0000,-0.0008,0.0,0.0
7711,0,8,  0d 02:08:22.73,  0d 01:03:43.05,1.2497,4.1469,C,07/25/2025 12:29:11 PM,0.0000,-0.0008,0.0,0.0
7712,0,8,  0d 02:08:23.73,  0d 01:03:44.05,1.2500,4.1469,C,07/25/2025 12:29:12 PM,0.0000,-0.0008,0.0,0.0
7713,0,8,  0d 02:08:24.73,  0d 01:03:45.05,1.2500,4.1469,C,07/25/2025 12:29:13 PM,0.0000,-0.0008,0.0,0.0
7714,0,8,  0d 02:08:25.73,  0d 01:03:46.05,1.2500,4.1469,C,07/25/2025 12:29:15 PM,0.0000,-0.0007,0.0,0.0
7715,0,8,  0d 02:08:26.73,  0d 01:03:47.05,1.2503,4.1469,C,07/25/2025 12:29:15 PM,0.0000,-0.0008,0.0,0.0
7716,0,8,  0d 02:08:27.73,  0d 01:03:48.05,1.2497,4.1471,C,07/25/2025 12:29:16 PM,0.0000,-0.0008,0.0,0.0
7717,0,8,  0d 02:08:28.73,  0d 01:03:49.05,1.2497,4.1471,C,07/25/2025 12:29:17 PM,0.0000,-0.0008,0.0,0.0
7718,0,8,  0d 02:08:29.73,  0d 01:03:50.05,1.2497,4.1472,C,07/25/2025 12:29:18 PM,0.0000,-0.0007,0.0,0.0
7719,0,8,  0d 02:08:30.73,  0d 01:03:51.05,1.2503,4.1472,C,07/25/2025 12:29:19 PM,0.0000,-0.0008,0.0,0.0
7720,0,8,  0d 02:08:31.73,  0d 01:03:52.05,1.2500,4.1473,C,07/25/2025 12:29:20 PM,0.0000,-0.0007,0.0,0.0
7721,0,8,  0d 02:08:32.73,  0d 01:03:53.05,1.2497,4.1474,C,07/25/2025 12:29:21 PM,0.0000,-0.0007,0.0,0.0
7722,0,8,  0d 02:08:33.73,  0d 01:03:54.05,1.2497,4.1475,C,07/25/2025 12:29:22 PM,0.0000,-0.0010,0.0,0.0
7723,0,8,  0d 02:08:34.73,  0d 01:03:55.05,1.2497,4.1474,C,07/25/2025 12:29:23 PM,0.0000,-0.0007,0.0,0.0
7724,0,8,  0d 02:08:35.73,  0d 01:03:56.05,1.2500,4.1476,C,07/25/2025 12:29:25 PM,0.0000,-0.0007,0.0,0.0
7725,0,8,  0d 02:08:36.73,  0d 01:03:57.05,1.2503,4.1477,C,07/25/2025 12:29:25 PM,0.0000,-0.0007,0.0,0.0
7726,0,8,  0d 02:08:37.73,  0d 01:03:58.05,1.2500,4.1478,C,07/25/2025 12:29:26 PM,0.0000,-0.0007,0.0,0.0
7727,0,8,  0d 02:08:38.73,  0d 01:03:59.05,1.2497,4.1477,C,07/25/2025 12:29:27 PM,0.0000,-0.0007,0.0,0.0
7728,0,8,  0d 02:08:39.73,  0d 01:04:00.05,1.2497,4.1477,C,07/25/2025 12:29:28 PM,0.0000,-0.0008,0.0,0.0
7729,0,8,  0d 02:08:40.73,  0d 01:04:01.05,1.2503,4.1479,C,07/25/2025 12:29:29 PM,0.0000,-0.0008,0.0,0.0
7730,0,8,  0d 02:08:41.73,  0d 01:04:02.05,1.2500,4.1478,C,07/25/2025 12:29:30 PM,0.0000,-0.0008,0.0,0.0
7731,0,8,  0d 02:08:42.73,  0d 01:04:03.05,1.2494,4.1480,C,07/25/2025 12:29:31 PM,0.0000,-0.0010,0.0,0.0
7732,0,8,  0d 02:08:43.73,  0d 01:04:04.05,1.2500,4.1481,C,07/25/2025 12:29:32 PM,0.0000,-0.0007,0.0,0.0
7733,0,8,  0d 02:08:44.73,  0d 01:04:05.05,1.2503,4.1480,C,07/25/2025 12:29:33 PM,0.0000,-0.0007,0.0,0.0
7734,0,8,  0d 02:08:45.73,  0d 01:04:06.05,1.2497,4.1482,C,07/25/2025 12:29:35 PM,0.0000,-0.0008,0.0,0.0
7735,0,8,  0d 02:08:46.73,  0d 01:04:07.05,1.2494,4.1483,C,07/25/2025 12:29:35 PM,0.0000,-0.0007,0.0,0.0
7736,0,8,  0d 02:08:47.73,  0d 01:04:08.05,1.2503,4.1482,C,07/25/2025 12:29:36 PM,0.0000,-0.0008,0.0,0.0
7737,0,8,  0d 02:08:48.73,  0d 01:04:09.05,1.2500,4.1482,C,07/25/2025 12:29:37 PM,0.0000,-0.0007,0.0,0.0
7738,0,8,  0d 02:08:49.73,  0d 01:04:10.05,1.2503,4.1484,C,07/25/2025 12:29:38 PM,0.0000,-0.0008,0.0,0.0
7739,0,8,  0d 02:08:50.73,  0d 01:04:11.05,1.2500,4.1482,C,07/25/2025 12:29:39 PM,0.0000,-0.0008,0.0,0.0
7740,0,8,  0d 02:08:51.73,  0d 01:04:12.05,1.2497,4.1485,C,07/25/2025 12:29:40 PM,0.0000,-0.0008,0.0,0.0
7741,0,8,  0d 02:08:52.73,  0d 01:04:13.05,1.2497,4.1487,C,07/25/2025 12:29:41 PM,0.0000,-0.0008,0.0,0.0
7742,0,8,  0d 02:08:53.73,  0d 01:04:14.05,1.2500,4.1486,C,07/25/2025 12:29:42 PM,0.0000,-0.0007,0.0,0.0
7743,0,8,  0d 02:08:54.73,  0d 01:04:15.05,1.2500,4.1488,C,07/25/2025 12:29:43 PM,0.0000,-0.0008,0.0,0.0
7744,0,8,  0d 02:08:55.73,  0d 01:04:16.05,1.2503,4.1486,C,07/25/2025 12:29:45 PM,0.0000,-0.0007,0.0,0.0
7745,0,8,  0d 02:08:56.73,  0d 01:04:17.05,1.2503,4.1489,C,07/25/2025 12:29:45 PM,0.0000,-0.0007,0.0,0.0
7746,0,8,  0d 02:08:57.73,  0d 01:04:18.05,1.2497,4.1488,C,07/25/2025 12:29:46 PM,0.0000,-0.0008,0.0,0.0
7747,0,8,  0d 02:08:58.73,  0d 01:04:19.05,1.2497,4.1490,C,07/25/2025 12:29:47 PM,0.0000,-0.0008,0.0,0.0
7748,0,8,  0d 02:08:59.73,  0d 01:04:20.05,1.2503,4.1489,C,07/25/2025 12:29:48 PM,0.0000,-0.0008,0.0,0.0
7749,0,8,  0d 02:09:00.73,  0d 01:04:21.05,1.2500,4.1490,C,07/25/2025 12:29:49 PM,0.0000,-0.0008,0.0,0.0
7750,0,8,  0d 02:09:01.73,  0d 01:04:22.05,1.2497,4.1492,C,07/25/2025 12:29:50 PM,0.0000,-0.0008,0.0,0.0
7751,0,8,  0d 02:09:02.73,  0d 01:04:23.05,1.2503,4.1492,C,07/25/2025 12:29:51 PM,0.0000,-0.0008,0.0,0.0
7752,0,8,  0d 02:09:03.73,  0d 01:04:24.05,1.2497,4.1492,C,07/25/2025 12:29:52 PM,0.0000,-0.0007,0.0,0.0
7753,0,8,  0d 02:09:04.73,  0d 01:04:25.05,1.2500,4.1492,C,07/25/2025 12:29:53 PM,0.0000,-0.0008,0.0,0.0
7754,0,8,  0d 02:09:05.73,  0d 01:04:26.05,1.2500,4.1494,C,07/25/2025 12:29:54 PM,0.0000,-0.0007,0.0,0.0
7755,0,8,  0d 02:09:06.73,  0d 01:04:27.05,1.2497,4.1495,C,07/25/2025 12:29:55 PM,0.0000,-0.0007,0.0,0.0
7756,0,8,  0d 02:09:07.73,  0d 01:04:28.05,1.2494,4.1493,C,07/25/2025 12:29:56 PM,0.0000,-0.0008,0.0,0.0
7757,0,8,  0d 02:09:08.73,  0d 01:04:29.05,1.2500,4.1496,C,07/25/2025 12:29:57 PM,0.0000,-0.0008,0.0,0.0
7758,0,8,  0d 02:09:09.73,  0d 01:04:30.05,1.2500,4.1497,C,07/25/2025 12:29:58 PM,0.0000,-0.0008,0.0,0.0
7759,0,8,  0d 02:09:10.73,  0d 01:04:31.05,1.2494,4.1496,C,07/25/2025 12:29:59 PM,0.0000,-0.0008,0.0,0.0
7760,0,8,  0d 02:09:11.73,  0d 01:04:32.05,1.2497,4.1498,C,07/25/2025 12:30:00 PM,0.0000,-0.0010,0.0,0.0
7761,0,8,  0d 02:09:12.73,  0d 01:04:33.05,1.2503,4.1498,C,07/25/2025 12:30:01 PM,0.0000,-0.0008,0.0,0.0
7762,0,8,  0d 02:09:13.73,  0d 01:04:34.05,1.2497,4.1498,C,07/25/2025 12:30:02 PM,0.0000,-0.0007,0.0,0.0
7763,0,8,  0d 02:09:14.73,  0d 01:04:35.05,1.2497,4.1500,C,07/25/2025 12:30:03 PM,0.0000,-0.0008,0.0,0.0
7764,0,8,  0d 02:09:15.73,  0d 01:04:36.05,1.2500,4.1501,C,07/25/2025 12:30:04 PM,0.0000,-0.0007,0.0,0.0
7765,0,8,  0d 02:09:16.73,  0d 01:04:37.05,1.2503,4.1501,C,07/25/2025 12:30:05 PM,0.0000,-0.0008,0.0,0.0
7766,0,8,  0d 02:09:17.73,  0d 01:04:38.05,1.2503,4.1502,C,07/25/2025 12:30:06 PM,0.0000,-0.0008,0.0,0.0
7767,0,8,  0d 02:09:18.73,  0d 01:04:39.05,1.2494,4.1502,C,07/25/2025 12:30:07 PM,0.0000,-0.0008,0.0,0.0
7768,0,8,  0d 02:09:19.73,  0d 01:04:40.05,1.2503,4.1502,C,07/25/2025 12:30:08 PM,0.0000,-0.0007,0.0,0.0
7769,0,8,  0d 02:09:20.73,  0d 01:04:41.05,1.2500,4.1504,C,07/25/2025 12:30:09 PM,0.0000,-0.0007,0.0,0.0
7770,0,8,  0d 02:09:21.73,  0d 01:04:42.05,1.2500,4.1505,C,07/25/2025 12:30:10 PM,0.0000,-0.0008,0.0,0.0
7771,0,8,  0d 02:09:22.73,  0d 01:04:43.05,1.2497,4.1505,C,07/25/2025 12:30:11 PM,0.0000,-0.0008,0.0,0.0
7772,0,8,  0d 02:09:23.73,  0d 01:04:44.05,1.2500,4.1506,C,07/25/2025 12:30:12 PM,0.0000,-0.0008,0.0,0.0
7773,0,8,  0d 02:09:24.73,  0d 01:04:45.05,1.2497,4.1506,C,07/25/2025 12:30:13 PM,0.0000,-0.0008,0.0,0.0
7774,0,8,  0d 02:09:25.73,  0d 01:04:46.05,1.2500,4.1506,C,07/25/2025 12:30:14 PM,0.0000,-0.0008,0.0,0.0
7775,0,8,  0d 02:09:26.73,  0d 01:04:47.05,1.2500,4.1508,C,07/25/2025 12:30:16 PM,0.0000,-0.0007,0.0,0.0
7776,0,8,  0d 02:09:27.73,  0d 01:04:48.05,1.2497,4.1508,C,07/25/2025 12:30:16 PM,0.0000,-0.0008,0.0,0.0
7777,0,8,  0d 02:09:28.73,  0d 01:04:49.05,1.2503,4.1508,C,07/25/2025 12:30:17 PM,0.0000,-0.0008,0.0,0.0
7778,0,8,  0d 02:09:29.73,  0d 01:04:50.05,1.2497,4.1508,C,07/25/2025 12:30:18 PM,0.0000,-0.0008,0.0,0.0
7779,0,8,  0d 02:09:30.73,  0d 01:04:51.05,1.2497,4.1511,C,07/25/2025 12:30:19 PM,0.0000,-0.0007,0.0,0.0
7780,0,8,  0d 02:09:31.73,  0d 01:04:52.05,1.2497,4.1511,C,07/25/2025 12:30:20 PM,0.0000,-0.0007,0.0,0.0
7781,0,8,  0d 02:09:32.73,  0d 01:04:53.05,1.2503,4.1511,C,07/25/2025 12:30:21 PM,0.0000,-0.0007,0.0,0.0
7782,0,8,  0d 02:09:33.73,  0d 01:04:54.05,1.2500,4.1512,C,07/25/2025 12:30:22 PM,0.0000,-0.0010,0.0,0.0
7783,0,8,  0d 02:09:34.73,  0d 01:04:55.05,1.2500,4.1512,C,07/25/2025 12:30:23 PM,0.0000,-0.0008,0.0,0.0
7784,0,8,  0d 02:09:35.73,  0d 01:04:56.05,1.2497,4.1514,C,07/25/2025 12:30:24 PM,0.0000,-0.0007,0.0,0.0
7785,0,8,  0d 02:09:36.73,  0d 01:04:57.05,1.2497,4.1514,C,07/25/2025 12:30:26 PM,0.0000,-0.0007,0.0,0.0
7786,0,8,  0d 02:09:37.73,  0d 01:04:58.05,1.2500,4.1515,C,07/25/2025 12:30:26 PM,0.0000,-0.0008,0.0,0.0
7787,0,8,  0d 02:09:38.73,  0d 01:04:59.05,1.2503,4.1516,C,07/25/2025 12:30:27 PM,0.0000,-0.0007,0.0,0.0
7788,0,8,  0d 02:09:39.73,  0d 01:05:00.05,1.2503,4.1516,C,07/25/2025 12:30:28 PM,0.0000,-0.0005,0.0,0.0
7789,0,8,  0d 02:09:40.73,  0d 01:05:01.05,1.2500,4.1517,C,07/25/2025 12:30:29 PM,0.0000,-0.0007,0.0,0.0
7790,0,8,  0d 02:09:41.73,  0d 01:05:02.05,1.2500,4.1517,C,07/25/2025 12:30:30 PM,0.0000,-0.0010,0.0,0.0
7791,0,8,  0d 02:09:42.73,  0d 01:05:03.05,1.2500,4.1518,C,07/25/2025 12:30:31 PM,0.0000,-0.0008,0.0,0.0
7792,0,8,  0d 02:09:43.73,  0d 01:05:04.05,1.2500,4.1519,C,07/25/2025 12:30:32 PM,0.0000,-0.0008,0.0,0.0
7793,0,8,  0d 02:09:44.73,  0d 01:05:05.05,1.2500,4.1521,C,07/25/2025 12:30:33 PM,0.0000,-0.0007,0.0,0.0
7794,0,8,  0d 02:09:45.73,  0d 01:05:06.05,1.2497,4.1521,C,07/25/2025 12:30:34 PM,0.0000,-0.0007,0.0,0.0
7795,0,8,  0d 02:09:46.73,  0d 01:05:07.05,1.2500,4.1521,C,07/25/2025 12:30:36 PM,0.0000,-0.0007,0.0,0.0
7796,0,8,  0d 02:09:47.73,  0d 01:05:08.05,1.2503,4.1521,C,07/25/2025 12:30:36 PM,0.0000,-0.0007,0.0,0.0
7797,0,8,  0d 02:09:48.73,  0d 01:05:09.05,1.2503,4.1521,C,07/25/2025 12:30:37 PM,0.0000,-0.0007,0.0,0.0
7798,0,8,  0d 02:09:49.73,  0d 01:05:10.05,1.2497,4.1522,C,07/25/2025 12:30:38 PM,0.0000,-0.0008,0.0,0.0
7799,0,8,  0d 02:09:50.73,  0d 01:05:11.05,1.2500,4.1522,C,07/25/2025 12:30:39 PM,0.0000,-0.0008,0.0,0.0
7800,0,8,  0d 02:09:51.73,  0d 01:05:12.05,1.2503,4.1524,C,07/25/2025 12:30:40 PM,0.0000,-0.0007,0.0,0.0
7801,0,8,  0d 02:09:52.73,  0d 01:05:13.05,1.2500,4.1524,C,07/25/2025 12:30:41 PM,0.0000,-0.0007,0.0,0.0
7802,0,8,  0d 02:09:53.73,  0d 01:05:14.05,1.2500,4.1526,C,07/25/2025 12:30:42 PM,0.0000,-0.0008,0.0,0.0
7803,0,8,  0d 02:09:54.73,  0d 01:05:15.05,1.2500,4.1524,C,07/25/2025 12:30:43 PM,0.0000,-0.0010,0.0,0.0
7804,0,8,  0d 02:09:55.73,  0d 01:05:16.05,1.2497,4.1527,C,07/25/2025 12:30:44 PM,0.0000,-0.0008,0.0,0.0
7805,0,8,  0d 02:09:56.73,  0d 01:05:17.05,1.2500,4.1528,C,07/25/2025 12:30:46 PM,0.0000,-0.0008,0.0,0.0
7806,0,8,  0d 02:09:57.73,  0d 01:05:18.05,1.2500,4.1529,C,07/25/2025 12:30:46 PM,0.0000,-0.0008,0.0,0.0
7807,0,8,  0d 02:09:58.73,  0d 01:05:19.05,1.2503,4.1529,C,07/25/2025 12:30:47 PM,0.0000,-0.0010,0.0,0.0
7808,0,8,  0d 02:09:59.73,  0d 01:05:20.05,1.2506,4.1530,C,07/25/2025 12:30:48 PM,0.0000,-0.0008,0.0,0.0
7809,0,8,  0d 02:10:00.73,  0d 01:05:21.05,1.2500,4.1531,C,07/25/2025 12:30:49 PM,0.0000,-0.0008,0.0,0.0
7810,0,8,  0d 02:10:01.73,  0d 01:05:22.05,1.2503,4.1532,C,07/25/2025 12:30:50 PM,0.0000,-0.0007,0.0,0.0
7811,0,8,  0d 02:10:02.73,  0d 01:05:23.05,1.2497,4.1534,C,07/25/2025 12:30:51 PM,0.0000,-0.0007,0.0,0.0
7812,0,8,  0d 02:10:03.73,  0d 01:05:24.05,1.2500,4.1533,C,07/25/2025 12:30:52 PM,0.0000,-0.0008,0.0,0.0
7813,0,8,  0d 02:10:04.73,  0d 01:05:25.05,1.2500,4.1533,C,07/25/2025 12:30:53 PM,0.0000,-0.0010,0.0,0.0
7814,0,8,  0d 02:10:05.73,  0d 01:05:26.05,1.2494,4.1535,C,07/25/2025 12:30:54 PM,0.0000,-0.0008,0.0,0.0
7815,0,8,  0d 02:10:06.73,  0d 01:05:27.05,1.2497,4.1535,C,07/25/2025 12:30:56 PM,0.0000,-0.0007,0.0,0.0
7816,0,8,  0d 02:10:07.73,  0d 01:05:28.05,1.2497,4.1536,C,07/25/2025 12:30:56 PM,0.0000,-0.0007,0.0,0.0
7817,0,8,  0d 02:10:08.73,  0d 01:05:29.05,1.2497,4.1536,C,07/25/2025 12:30:57 PM,0.0000,-0.0008,0.0,0.0
7818,0,8,  0d 02:10:09.73,  0d 01:05:30.05,1.2497,4.1537,C,07/25/2025 12:30:58 PM,0.0000,-0.0007,0.0,0.0
7819,0,8,  0d 02:10:10.73,  0d 01:05:31.05,1.2503,4.1538,C,07/25/2025 12:30:59 PM,0.0000,-0.0007,0.0,0.0
7820,0,8,  0d 02:10:11.73,  0d 01:05:32.05,1.2500,4.1538,C,07/25/2025 12:31:00 PM,0.0000,-0.0008,0.0,0.0
7821,0,8,  0d 02:10:12.73,  0d 01:05:33.05,1.2497,4.1539,C,07/25/2025 12:31:01 PM,0.0000,-0.0007,0.0,0.0
7822,0,8,  0d 02:10:13.73,  0d 01:05:34.05,1.2497,4.1540,C,07/25/2025 12:31:02 PM,0.0000,-0.0007,0.0,0.0
7823,0,8,  0d 02:10:14.73,  0d 01:05:35.05,1.2500,4.1541,C,07/25/2025 12:31:03 PM,0.0000,-0.0007,0.0,0.0
7824,0,8,  0d 02:10:15.73,  0d 01:05:36.05,1.2497,4.1541,C,07/25/2025 12:31:04 PM,0.0000,-0.0008,0.0,0.0
7825,0,8,  0d 02:10:16.73,  0d 01:05:37.05,1.2500,4.1542,C,07/25/2025 12:31:05 PM,0.0000,-0.0008,0.0,0.0
7826,0,8,  0d 02:10:17.73,  0d 01:05:38.05,1.2497,4.1543,C,07/25/2025 12:31:06 PM,0.0000,-0.0008,0.0,0.0
7827,0,8,  0d 02:10:18.73,  0d 01:05:39.05,1.2494,4.1543,C,07/25/2025 12:31:07 PM,0.0000,-0.0008,0.0,0.0
7828,0,8,  0d 02:10:19.73,  0d 01:05:40.05,1.2500,4.1544,C,07/25/2025 12:31:08 PM,0.0000,-0.0008,0.0,0.0
7829,0,8,  0d 02:10:20.73,  0d 01:05:41.05,1.2503,4.1545,C,07/25/2025 12:31:09 PM,0.0000,-0.0007,0.0,0.0
7830,0,8,  0d 02:10:21.73,  0d 01:05:42.05,1.2497,4.1547,C,07/25/2025 12:31:10 PM,0.0000,-0.0008,0.0,0.0
7831,0,8,  0d 02:10:22.73,  0d 01:05:43.05,1.2500,4.1546,C,07/25/2025 12:31:11 PM,0.0000,-0.0007,0.0,0.0
7832,0,8,  0d 02:10:23.73,  0d 01:05:44.05,1.2500,4.1547,C,07/25/2025 12:31:12 PM,0.0000,-0.0007,0.0,0.0
7833,0,8,  0d 02:10:24.73,  0d 01:05:45.05,1.2500,4.1549,C,07/25/2025 12:31:13 PM,0.0000,-0.0010,0.0,0.0
7834,0,8,  0d 02:10:25.73,  0d 01:05:46.05,1.2494,4.1548,C,07/25/2025 12:31:14 PM,0.0000,-0.0007,0.0,0.0
7835,0,8,  0d 02:10:26.73,  0d 01:05:47.05,1.2500,4.1550,C,07/25/2025 12:31:15 PM,0.0000,-0.0008,0.0,0.0
7836,0,8,  0d 02:10:27.73,  0d 01:05:48.05,1.2503,4.1550,C,07/25/2025 12:31:16 PM,0.0000,-0.0007,0.0,0.0
7837,0,8,  0d 02:10:28.73,  0d 01:05:49.05,1.2500,4.1550,C,07/25/2025 12:31:17 PM,0.0000,-0.0007,0.0,0.0
7838,0,8,  0d 02:10:29.73,  0d 01:05:50.05,1.2497,4.1553,C,07/25/2025 12:31:18 PM,0.0000,-0.0007,0.0,0.0
7839,0,8,  0d 02:10:30.73,  0d 01:05:51.05,1.2500,4.1552,C,07/25/2025 12:31:19 PM,0.0000,-0.0008,0.0,0.0
7840,0,8,  0d 02:10:31.73,  0d 01:05:52.05,1.2500,4.1553,C,07/25/2025 12:31:20 PM,0.0000,-0.0008,0.0,0.0
7841,0,8,  0d 02:10:32.73,  0d 01:05:53.05,1.2494,4.1554,C,07/25/2025 12:31:21 PM,0.0000,-0.0008,0.0,0.0
7842,0,8,  0d 02:10:33.73,  0d 01:05:54.05,1.2497,4.1554,C,07/25/2025 12:31:22 PM,0.0000,-0.0005,0.0,0.0
7843,0,8,  0d 02:10:34.73,  0d 01:05:55.05,1.2494,4.1554,C,07/25/2025 12:31:23 PM,0.0000,-0.0007,0.0,0.0
7844,0,8,  0d 02:10:35.73,  0d 01:05:56.05,1.2494,4.1556,C,07/25/2025 12:31:24 PM,0.0000,-0.0007,0.0,0.0
7845,0,8,  0d 02:10:36.73,  0d 01:05:57.05,1.2500,4.1556,C,07/25/2025 12:31:25 PM,0.0000,-0.0007,0.0,0.0
7846,0,8,  0d 02:10:37.73,  0d 01:05:58.05,1.2494,4.1557,C,07/25/2025 12:31:27 PM,0.0000,-0.0008,0.0,0.0
7847,0,8,  0d 02:10:38.73,  0d 01:05:59.05,1.2500,4.1559,C,07/25/2025 12:31:27 PM,0.0000,-0.0008,0.0,0.0
7848,0,8,  0d 02:10:39.73,  0d 01:06:00.05,1.2497,4.1559,C,07/25/2025 12:31:28 PM,0.0000,-0.0007,0.0,0.0
7849,0,8,  0d 02:10:40.73,  0d 01:06:01.05,1.2506,4.1561,C,07/25/2025 12:31:29 PM,0.0000,-0.0007,0.0,0.0
7850,0,8,  0d 02:10:41.73,  0d 01:06:02.05,1.2497,4.1561,C,07/25/2025 12:31:30 PM,0.0000,-0.0007,0.0,0.0
7851,0,8,  0d 02:10:42.73,  0d 01:06:03.05,1.2497,4.1563,C,07/25/2025 12:31:31 PM,0.0000,-0.0007,0.0,0.0
7852,0,8,  0d 02:10:43.73,  0d 01:06:04.05,1.2500,4.1563,C,07/25/2025 12:31:32 PM,0.0000,-0.0008,0.0,0.0
7853,0,8,  0d 02:10:44.73,  0d 01:06:05.05,1.2500,4.1563,C,07/25/2025 12:31:33 PM,0.0000,-0.0007,0.0,0.0
7854,0,8,  0d 02:10:45.73,  0d 01:06:06.05,1.2506,4.1566,C,07/25/2025 12:31:34 PM,0.0000,-0.0008,0.0,0.0
7855,0,8,  0d 02:10:46.73,  0d 01:06:07.05,1.2494,4.1565,C,07/25/2025 12:31:35 PM,0.0000,-0.0010,0.0,0.0
7856,0,8,  0d 02:10:47.73,  0d 01:06:08.05,1.2497,4.1566,C,07/25/2025 12:31:37 PM,0.0000,-0.0008,0.0,0.0
7857,0,8,  0d 02:10:48.73,  0d 01:06:09.05,1.2497,4.1566,C,07/25/2025 12:31:37 PM,0.0000,-0.0007,0.0,0.0
7858,0,8,  0d 02:10:49.73,  0d 01:06:10.05,1.2500,4.1568,C,07/25/2025 12:31:38 PM,0.0000,-0.0007,0.0,0.0
7859,0,8,  0d 02:10:50.73,  0d 01:06:11.05,1.2500,4.1569,C,07/25/2025 12:31:39 PM,0.0000,-0.0007,0.0,0.0
7860,0,8,  0d 02:10:51.73,  0d 01:06:12.05,1.2500,4.1569,C,07/25/2025 12:31:40 PM,0.0000,-0.0008,0.0,0.0
7861,0,8,  0d 02:10:52.73,  0d 01:06:13.05,1.2503,4.1570,C,07/25/2025 12:31:41 PM,0.0000,-0.0008,0.0,0.0
7862,0,8,  0d 02:10:53.73,  0d 01:06:14.05,1.2500,4.1570,C,07/25/2025 12:31:42 PM,0.0000,-0.0007,0.0,0.0
7863,0,8,  0d 02:10:54.73,  0d 01:06:15.05,1.2497,4.1573,C,07/25/2025 12:31:43 PM,0.0000,-0.0008,0.0,0.0
7864,0,8,  0d 02:10:55.73,  0d 01:06:16.05,1.2497,4.1572,C,07/25/2025 12:31:44 PM,0.0000,-0.0008,0.0,0.0
7865,0,8,  0d 02:10:56.73,  0d 01:06:17.05,1.2503,4.1572,C,07/25/2025 12:31:45 PM,0.0000,-0.0008,0.0,0.0
7866,0,8,  0d 02:10:57.73,  0d 01:06:18.05,1.2500,4.1573,C,07/25/2025 12:31:47 PM,0.0000,-0.0005,0.0,0.0
7867,0,8,  0d 02:10:58.73,  0d 01:06:19.05,1.2500,4.1575,C,07/25/2025 12:31:47 PM,0.0000,-0.0005,0.0,0.0
7868,0,8,  0d 02:10:59.73,  0d 01:06:20.05,1.2500,4.1575,C,07/25/2025 12:31:48 PM,0.0000,-0.0007,0.0,0.0
7869,0,8,  0d 02:11:00.73,  0d 01:06:21.05,1.2500,4.1576,C,07/25/2025 12:31:49 PM,0.0000,-0.0007,0.0,0.0
7870,0,8,  0d 02:11:01.73,  0d 01:06:22.05,1.2497,4.1576,C,07/25/2025 12:31:50 PM,0.0000,-0.0007,0.0,0.0
7871,0,8,  0d 02:11:02.73,  0d 01:06:23.05,1.2500,4.1578,C,07/25/2025 12:31:51 PM,0.0000,-0.0008,0.0,0.0
7872,0,8,  0d 02:11:03.73,  0d 01:06:24.05,1.2494,4.1578,C,07/25/2025 12:31:52 PM,0.0000,-0.0007,0.0,0.0
7873,0,8,  0d 02:11:04.73,  0d 01:06:25.05,1.2491,4.1578,C,07/25/2025 12:31:53 PM,0.0000,-0.0007,0.0,0.0
7874,0,8,  0d 02:11:05.73,  0d 01:06:26.05,1.2506,4.1581,C,07/25/2025 12:31:54 PM,0.0000,-0.0008,0.0,0.0
7875,0,8,  0d 02:11:06.73,  0d 01:06:27.05,1.2503,4.1582,C,07/25/2025 12:31:55 PM,0.0000,-0.0007,0.0,0.0
7876,0,8,  0d 02:11:07.73,  0d 01:06:28.05,1.2497,4.1582,C,07/25/2025 12:31:57 PM,0.0000,-0.0008,0.0,0.0
7877,0,8,  0d 02:11:08.73,  0d 01:06:29.05,1.2497,4.1582,C,07/25/2025 12:31:57 PM,0.0000,-0.0007,0.0,0.0
7878,0,8,  0d 02:11:09.73,  0d 01:06:30.05,1.2500,4.1583,C,07/25/2025 12:31:58 PM,0.0000,-0.0008,0.0,0.0
7879,0,8,  0d 02:11:10.73,  0d 01:06:31.05,1.2491,4.1584,C,07/25/2025 12:31:59 PM,0.0000,-0.0010,0.0,0.0
7880,0,8,  0d 02:11:11.73,  0d 01:06:32.05,1.2497,4.1586,C,07/25/2025 12:32:00 PM,0.0000,-0.0007,0.0,0.0
7881,0,8,  0d 02:11:12.73,  0d 01:06:33.05,1.2500,4.1586,C,07/25/2025 12:32:01 PM,0.0000,-0.0005,0.0,0.0
7882,0,8,  0d 02:11:13.73,  0d 01:06:34.05,1.2497,4.1587,C,07/25/2025 12:32:02 PM,0.0000,-0.0010,0.0,0.0
7883,0,8,  0d 02:11:14.73,  0d 01:06:35.05,1.2500,4.1588,C,07/25/2025 12:32:03 PM,0.0000,-0.0008,0.0,0.0
7884,0,8,  0d 02:11:15.73,  0d 01:06:36.05,1.2500,4.1588,C,07/25/2025 12:32:04 PM,0.0000,-0.0008,0.0,0.0
7885,0,8,  0d 02:11:16.73,  0d 01:06:37.05,1.2497,4.1589,C,07/25/2025 12:32:05 PM,0.0000,-0.0008,0.0,0.0
7886,0,8,  0d 02:11:17.73,  0d 01:06:38.05,1.2503,4.1592,C,07/25/2025 12:32:07 PM,0.0000,-0.0007,0.0,0.0
7887,0,8,  0d 02:11:18.73,  0d 01:06:39.05,1.2500,4.1592,C,07/25/2025 12:32:07 PM,0.0000,-0.0010,0.0,0.0
7888,0,8,  0d 02:11:19.73,  0d 01:06:40.05,1.2503,4.1592,C,07/25/2025 12:32:08 PM,0.0000,-0.0007,0.0,0.0
7889,0,8,  0d 02:11:20.73,  0d 01:06:41.05,1.2497,4.1593,C,07/25/2025 12:32:09 PM,0.0000,-0.0008,0.0,0.0
7890,0,8,  0d 02:11:21.73,  0d 01:06:42.05,1.2500,4.1594,C,07/25/2025 12:32:10 PM,0.0000,-0.0007,0.0,0.0
7891,0,8,  0d 02:11:22.73,  0d 01:06:43.05,1.2497,4.1596,C,07/25/2025 12:32:11 PM,0.0000,-0.0007,0.0,0.0
7892,0,8,  0d 02:11:23.73,  0d 01:06:44.05,1.2491,4.1597,C,07/25/2025 12:32:12 PM,0.0000,-0.0007,0.0,0.0
7893,0,8,  0d 02:11:24.73,  0d 01:06:45.05,1.2500,4.1597,C,07/25/2025 12:32:13 PM,0.0000,-0.0008,0.0,0.0
7894,0,8,  0d 02:11:25.73,  0d 01:06:46.05,1.2500,4.1598,C,07/25/2025 12:32:14 PM,0.0000,-0.0007,0.0,0.0
7895,0,8,  0d 02:11:26.73,  0d 01:06:47.05,1.2503,4.1598,C,07/25/2025 12:32:15 PM,0.0000,-0.0007,0.0,0.0
7896,0,8,  0d 02:11:27.73,  0d 01:06:48.05,1.2497,4.1598,C,07/25/2025 12:32:16 PM,0.0000,-0.0008,0.0,0.0
7897,0,8,  0d 02:11:28.73,  0d 01:06:49.05,1.2497,4.1601,C,07/25/2025 12:32:17 PM,0.0000,-0.0008,0.0,0.0
7898,0,8,  0d 02:11:29.73,  0d 01:06:50.05,1.2494,4.1601,C,07/25/2025 12:32:18 PM,0.0000,-0.0007,0.0,0.0
7899,0,8,  0d 02:11:30.73,  0d 01:06:51.05,1.2500,4.1601,C,07/25/2025 12:32:19 PM,0.0000,-0.0008,0.0,0.0
7900,0,8,  0d 02:11:31.73,  0d 01:06:52.05,1.2500,4.1603,C,07/25/2025 12:32:20 PM,0.0000,-0.0008,0.0,0.0
7901,0,8,  0d 02:11:32.73,  0d 01:06:53.05,1.2497,4.1604,C,07/25/2025 12:32:21 PM,0.0000,-0.0008,0.0,0.0
7902,0,8,  0d 02:11:33.73,  0d 01:06:54.05,1.2497,4.1604,C,07/25/2025 12:32:22 PM,0.0000,-0.0008,0.0,0.0
7903,0,8,  0d 02:11:34.73,  0d 01:06:55.05,1.2506,4.1606,C,07/25/2025 12:32:23 PM,0.0000,-0.0007,0.0,0.0
7904,0,8,  0d 02:11:35.73,  0d 01:06:56.05,1.2497,4.1605,C,07/25/2025 12:32:24 PM,0.0000,-0.0008,0.0,0.0
7905,0,8,  0d 02:11:36.73,  0d 01:06:57.05,1.2497,4.1608,C,07/25/2025 12:32:25 PM,0.0000,-0.0008,0.0,0.0
7906,0,8,  0d 02:11:37.73,  0d 01:06:58.05,1.2500,4.1608,C,07/25/2025 12:32:26 PM,0.0000,-0.0007,0.0,0.0
7907,0,8,  0d 02:11:38.73,  0d 01:06:59.05,1.2497,4.1609,C,07/25/2025 12:32:27 PM,0.0000,-0.0007,0.0,0.0
7908,0,8,  0d 02:11:39.73,  0d 01:07:00.05,1.2500,4.1610,C,07/25/2025 12:32:28 PM,0.0000,-0.0007,0.0,0.0
7909,0,8,  0d 02:11:40.73,  0d 01:07:01.05,1.2497,4.1610,C,07/25/2025 12:32:29 PM,0.0000,-0.0008,0.0,0.0
7910,0,8,  0d 02:11:41.73,  0d 01:07:02.05,1.2497,4.1611,C,07/25/2025 12:32:30 PM,0.0000,-0.0007,0.0,0.0
7911,0,8,  0d 02:11:42.73,  0d 01:07:03.05,1.2500,4.1613,C,07/25/2025 12:32:31 PM,0.0000,-0.0008,0.0,0.0
7912,0,8,  0d 02:11:43.73,  0d 01:07:04.05,1.2500,4.1614,C,07/25/2025 12:32:32 PM,0.0000,-0.0007,0.0,0.0
7913,0,8,  0d 02:11:44.73,  0d 01:07:05.05,1.2494,4.1614,C,07/25/2025 12:32:33 PM,0.0000,-0.0007,0.0,0.0
7914,0,8,  0d 02:11:45.73,  0d 01:07:06.05,1.2497,4.1614,C,07/25/2025 12:32:34 PM,0.0000,-0.0008,0.0,0.0
7915,0,8,  0d 02:11:46.73,  0d 01:07:07.05,1.2497,4.1616,C,07/25/2025 12:32:35 PM,0.0000,-0.0008,0.0,0.0
7916,0,8,  0d 02:11:47.73,  0d 01:07:08.05,1.2497,4.1617,C,07/25/2025 12:32:36 PM,0.0000,-0.0008,0.0,0.0
7917,0,8,  0d 02:11:48.73,  0d 01:07:09.05,1.2500,4.1619,C,07/25/2025 12:32:38 PM,0.0000,-0.0008,0.0,0.0
7918,0,8,  0d 02:11:49.73,  0d 01:07:10.05,1.2500,4.1619,C,07/25/2025 12:32:38 PM,0.0000,-0.0008,0.0,0.0
7919,0,8,  0d 02:11:50.73,  0d 01:07:11.05,1.2500,4.1621,C,07/25/2025 12:32:39 PM,0.0000,-0.0007,0.0,0.0
7920,0,8,  0d 02:11:51.73,  0d 01:07:12.05,1.2497,4.1621,C,07/25/2025 12:32:40 PM,0.0000,-0.0008,0.0,0.0
7921,0,8,  0d 02:11:52.73,  0d 01:07:13.05,1.2506,4.1623,C,07/25/2025 12:32:41 PM,0.0000,-0.0007,0.0,0.0
7922,0,8,  0d 02:11:53.73,  0d 01:07:14.05,1.2503,4.1624,C,07/25/2025 12:32:42 PM,0.0000,-0.0008,0.0,0.0
7923,0,8,  0d 02:11:54.73,  0d 01:07:15.05,1.2497,4.1624,C,07/25/2025 12:32:43 PM,0.0000,-0.0008,0.0,0.0
7924,0,8,  0d 02:11:55.73,  0d 01:07:16.05,1.2503,4.1624,C,07/25/2025 12:32:44 PM,0.0000,-0.0008,0.0,0.0
7925,0,8,  0d 02:11:56.73,  0d 01:07:17.05,1.2503,4.1625,C,07/25/2025 12:32:45 PM,0.0000,-0.0008,0.0,0.0
7926,0,8,  0d 02:11:57.73,  0d 01:07:18.05,1.2500,4.1627,C,07/25/2025 12:32:46 PM,0.0000,-0.0008,0.0,0.0
7927,0,8,  0d 02:11:58.73,  0d 01:07:19.05,1.2494,4.1626,C,07/25/2025 12:32:48 PM,0.0000,-0.0007,0.0,0.0
7928,0,8,  0d 02:11:59.73,  0d 01:07:20.05,1.2500,4.1630,C,07/25/2025 12:32:48 PM,0.0000,-0.0007,0.0,0.0
7929,0,8,  0d 02:12:00.73,  0d 01:07:21.05,1.2503,4.1630,C,07/25/2025 12:32:49 PM,0.0000,-0.0008,0.0,0.0
7930,0,8,  0d 02:12:01.73,  0d 01:07:22.05,1.2497,4.1630,C,07/25/2025 12:32:50 PM,0.0000,-0.0010,0.0,0.0
7931,0,8,  0d 02:12:02.73,  0d 01:07:23.05,1.2497,4.1632,C,07/25/2025 12:32:51 PM,0.0000,-0.0007,0.0,0.0
7932,0,8,  0d 02:12:03.73,  0d 01:07:24.05,1.2500,4.1633,C,07/25/2025 12:32:52 PM,0.0000,-0.0008,0.0,0.0
7933,0,8,  0d 02:12:04.73,  0d 01:07:25.05,1.2500,4.1634,C,07/25/2025 12:32:53 PM,0.0000,-0.0007,0.0,0.0
7934,0,8,  0d 02:12:05.73,  0d 01:07:26.05,1.2503,4.1635,C,07/25/2025 12:32:54 PM,0.0000,-0.0007,0.0,0.0
7935,0,8,  0d 02:12:06.73,  0d 01:07:27.05,1.2503,4.1635,C,07/25/2025 12:32:55 PM,0.0000,-0.0008,0.0,0.0
7936,0,8,  0d 02:12:07.73,  0d 01:07:28.05,1.2503,4.1637,C,07/25/2025 12:32:56 PM,0.0000,-0.0007,0.0,0.0
7937,0,8,  0d 02:12:08.73,  0d 01:07:29.05,1.2500,4.1637,C,07/25/2025 12:32:58 PM,0.0000,-0.0008,0.0,0.0
7938,0,8,  0d 02:12:09.73,  0d 01:07:30.05,1.2497,4.1639,C,07/25/2025 12:32:58 PM,0.0000,-0.0005,0.0,0.0
7939,0,8,  0d 02:12:10.73,  0d 01:07:31.05,1.2500,4.1638,C,07/25/2025 12:32:59 PM,0.0000,-0.0007,0.0,0.0
7940,0,8,  0d 02:12:11.73,  0d 01:07:32.05,1.2497,4.1640,C,07/25/2025 12:33:00 PM,0.0000,-0.0008,0.0,0.0
7941,0,8,  0d 02:12:12.73,  0d 01:07:33.05,1.2497,4.1642,C,07/25/2025 12:33:01 PM,0.0000,-0.0010,0.0,0.0
7942,0,8,  0d 02:12:13.73,  0d 01:07:34.05,1.2503,4.1641,C,07/25/2025 12:33:02 PM,0.0000,-0.0008,0.0,0.0
7943,0,8,  0d 02:12:14.73,  0d 01:07:35.05,1.2503,4.1643,C,07/25/2025 12:33:03 PM,0.0000,-0.0008,0.0,0.0
7944,0,8,  0d 02:12:15.73,  0d 01:07:36.05,1.2500,4.1643,C,07/25/2025 12:33:04 PM,0.0000,-0.0007,0.0,0.0
7945,0,8,  0d 02:12:16.73,  0d 01:07:37.05,1.2503,4.1644,C,07/25/2025 12:33:05 PM,0.0000,-0.0007,0.0,0.0
7946,0,8,  0d 02:12:17.73,  0d 01:07:38.05,1.2491,4.1646,C,07/25/2025 12:33:06 PM,0.0000,-0.0007,0.0,0.0
7947,0,8,  0d 02:12:18.73,  0d 01:07:39.05,1.2497,4.1647,C,07/25/2025 12:33:08 PM,0.0000,-0.0007,0.0,0.0
7948,0,8,  0d 02:12:19.73,  0d 01:07:40.05,1.2500,4.1648,C,07/25/2025 12:33:08 PM,0.0000,-0.0007,0.0,0.0
7949,0,8,  0d 02:12:20.73,  0d 01:07:41.05,1.2497,4.1650,C,07/25/2025 12:33:09 PM,0.0000,-0.0008,0.0,0.0
7950,0,8,  0d 02:12:21.73,  0d 01:07:42.05,1.2494,4.1650,C,07/25/2025 12:33:10 PM,0.0000,-0.0008,0.0,0.0
7951,0,8,  0d 02:12:22.73,  0d 01:07:43.05,1.2500,4.1651,C,07/25/2025 12:33:11 PM,0.0000,-0.0007,0.0,0.0
7952,0,8,  0d 02:12:23.73,  0d 01:07:44.05,1.2497,4.1653,C,07/25/2025 12:33:12 PM,0.0000,-0.0007,0.0,0.0
7953,0,8,  0d 02:12:24.73,  0d 01:07:45.05,1.2503,4.1653,C,07/25/2025 12:33:13 PM,0.0000,-0.0008,0.0,0.0
7954,0,8,  0d 02:12:25.73,  0d 01:07:46.05,1.2500,4.1654,C,07/25/2025 12:33:14 PM,0.0000,-0.0007,0.0,0.0
7955,0,8,  0d 02:12:26.73,  0d 01:07:47.05,1.2500,4.1655,C,07/25/2025 12:33:15 PM,0.0000,-0.0007,0.0,0.0
7956,0,8,  0d 02:12:27.73,  0d 01:07:48.05,1.2503,4.1656,C,07/25/2025 12:33:16 PM,0.0000,-0.0007,0.0,0.0
7957,0,8,  0d 02:12:28.73,  0d 01:07:49.05,1.2503,4.1657,C,07/25/2025 12:33:18 PM,0.0000,-0.0008,0.0,0.0
7958,0,8,  0d 02:12:29.73,  0d 01:07:50.05,1.2503,4.1661,C,07/25/2025 12:33:18 PM,0.0000,-0.0008,0.0,0.0
7959,0,8,  0d 02:12:30.73,  0d 01:07:51.05,1.2497,4.1659,C,07/25/2025 12:33:19 PM,0.0000,-0.0007,0.0,0.0
7960,0,8,  0d 02:12:31.73,  0d 01:07:52.05,1.2494,4.1661,C,07/25/2025 12:33:20 PM,0.0000,-0.0008,0.0,0.0
7961,0,8,  0d 02:12:32.73,  0d 01:07:53.05,1.2500,4.1662,C,07/25/2025 12:33:21 PM,0.0000,-0.0007,0.0,0.0
7962,0,8,  0d 02:12:33.73,  0d 01:07:54.05,1.2497,4.1662,C,07/25/2025 12:33:22 PM,0.0000,-0.0008,0.0,0.0
7963,0,8,  0d 02:12:34.73,  0d 01:07:55.05,1.2500,4.1665,C,07/25/2025 12:33:23 PM,0.0000,-0.0008,0.0,0.0
7964,0,8,  0d 02:12:35.73,  0d 01:07:56.05,1.2500,4.1665,C,07/25/2025 12:33:24 PM,0.0000,-0.0007,0.0,0.0
7965,0,8,  0d 02:12:36.73,  0d 01:07:57.05,1.2503,4.1666,C,07/25/2025 12:33:25 PM,0.0000,-0.0008,0.0,0.0
7966,0,8,  0d 02:12:37.73,  0d 01:07:58.05,1.2497,4.1666,C,07/25/2025 12:33:26 PM,0.0000,-0.0007,0.0,0.0
7967,0,8,  0d 02:12:38.73,  0d 01:07:59.05,1.2500,4.1669,C,07/25/2025 12:33:27 PM,0.0000,-0.0010,0.0,0.0
7968,0,8,  0d 02:12:39.73,  0d 01:08:00.05,1.2503,4.1669,C,07/25/2025 12:33:28 PM,0.0000,-0.0008,0.0,0.0
7969,0,8,  0d 02:12:40.73,  0d 01:08:01.05,1.2494,4.1670,C,07/25/2025 12:33:29 PM,0.0000,-0.0007,0.0,0.0
7970,0,8,  0d 02:12:41.73,  0d 01:08:02.05,1.2497,4.1672,C,07/25/2025 12:33:30 PM,0.0000,-0.0008,0.0,0.0
7971,0,8,  0d 02:12:42.73,  0d 01:08:03.05,1.2500,4.1673,C,07/25/2025 12:33:31 PM,0.0000,-0.0010,0.0,0.0
7972,0,8,  0d 02:12:43.73,  0d 01:08:04.05,1.2503,4.1673,C,07/25/2025 12:33:32 PM,0.0000,-0.0008,0.0,0.0
7973,0,8,  0d 02:12:44.73,  0d 01:08:05.05,1.2503,4.1674,C,07/25/2025 12:33:33 PM,0.0000,-0.0010,0.0,0.0
7974,0,8,  0d 02:12:45.73,  0d 01:08:06.05,1.2500,4.1676,C,07/25/2025 12:33:34 PM,0.0000,-0.0008,0.0,0.0
7975,0,8,  0d 02:12:46.73,  0d 01:08:07.05,1.2503,4.1676,C,07/25/2025 12:33:35 PM,0.0000,-0.0007,0.0,0.0
7976,0,8,  0d 02:12:47.73,  0d 01:08:08.05,1.2500,4.1678,C,07/25/2025 12:33:36 PM,0.0000,-0.0008,0.0,0.0
7977,0,8,  0d 02:12:48.73,  0d 01:08:09.05,1.2497,4.1678,C,07/25/2025 12:33:37 PM,0.0000,-0.0008,0.0,0.0
7978,0,8,  0d 02:12:49.73,  0d 01:08:10.05,1.2497,4.1679,C,07/25/2025 12:33:38 PM,0.0000,-0.0008,0.0,0.0
7979,0,8,  0d 02:12:50.73,  0d 01:08:11.05,1.2497,4.1681,C,07/25/2025 12:33:39 PM,0.0000,-0.0008,0.0,0.0
7980,0,8,  0d 02:12:51.73,  0d 01:08:12.05,1.2503,4.1681,C,07/25/2025 12:33:40 PM,0.0000,-0.0008,0.0,0.0
7981,0,8,  0d 02:12:52.73,  0d 01:08:13.05,1.2500,4.1683,C,07/25/2025 12:33:41 PM,0.0000,-0.0008,0.0,0.0
7982,0,8,  0d 02:12:53.73,  0d 01:08:14.05,1.2503,4.1683,C,07/25/2025 12:33:42 PM,0.0000,-0.0007,0.0,0.0
7983,0,8,  0d 02:12:54.73,  0d 01:08:15.05,1.2494,4.1685,C,07/25/2025 12:33:43 PM,0.0000,-0.0008,0.0,0.0
7984,0,8,  0d 02:12:55.73,  0d 01:08:16.05,1.2497,4.1685,C,07/25/2025 12:33:44 PM,0.0000,-0.0008,0.0,0.0
7985,0,8,  0d 02:12:56.73,  0d 01:08:17.05,1.2497,4.1687,C,07/25/2025 12:33:45 PM,0.0000,-0.0007,0.0,0.0
7986,0,8,  0d 02:12:57.73,  0d 01:08:18.05,1.2491,4.1688,C,07/25/2025 12:33:46 PM,0.0000,-0.0007,0.0,0.0
7987,0,8,  0d 02:12:58.73,  0d 01:08:19.05,1.2500,4.1690,C,07/25/2025 12:33:47 PM,0.0000,-0.0005,0.0,0.0
7988,0,8,  0d 02:12:59.73,  0d 01:08:20.05,1.2503,4.1691,C,07/25/2025 12:33:49 PM,0.0000,-0.0008,0.0,0.0
7989,0,8,  0d 02:13:00.73,  0d 01:08:21.05,1.2497,4.1694,C,07/25/2025 12:33:49 PM,0.0000,-0.0008,0.0,0.0
7990,0,8,  0d 02:13:01.73,  0d 01:08:22.05,1.2500,4.1693,C,07/25/2025 12:33:50 PM,0.0000,-0.0007,0.0,0.0
7991,0,8,  0d 02:13:02.73,  0d 01:08:23.05,1.2500,4.1695,C,07/25/2025 12:33:51 PM,0.0000,-0.0007,0.0,0.0
7992,0,8,  0d 02:13:03.73,  0d 01:08:24.05,1.2500,4.1696,C,07/25/2025 12:33:52 PM,0.0000,-0.0008,0.0,0.0
7993,0,8,  0d 02:13:04.73,  0d 01:08:25.05,1.2503,4.1698,C,07/25/2025 12:33:53 PM,0.0000,-0.0007,0.0,0.0
7994,0,8,  0d 02:13:05.73,  0d 01:08:26.05,1.2500,4.1698,C,07/25/2025 12:33:54 PM,0.0000,-0.0007,0.0,0.0
7995,0,8,  0d 02:13:06.73,  0d 01:08:27.05,1.2500,4.1700,C,07/25/2025 12:33:55 PM,0.0000,-0.0007,0.0,0.0
7996,0,8,  0d 02:13:07.73,  0d 01:08:28.05,1.2500,4.1701,C,07/25/2025 12:33:56 PM,0.0000,-0.0008,0.0,0.0
7997,0,8,  0d 02:13:08.73,  0d 01:08:29.05,1.2500,4.1702,C,07/25/2025 12:33:57 PM,0.0000,-0.0008,0.0,0.0
7998,0,8,  0d 02:13:09.73,  0d 01:08:30.05,1.2497,4.1702,C,07/25/2025 12:33:59 PM,0.0000,-0.0007,0.0,0.0
7999,0,8,  0d 02:13:10.73,  0d 01:08:31.05,1.2494,4.1705,C,07/25/2025 12:33:59 PM,0.0000,-0.0008,0.0,0.0
8000,0,8,  0d 02:13:11.73,  0d 01:08:32.05,1.2497,4.1704,C,07/25/2025 12:34:00 PM,0.0000,-0.0008,0.0,0.0
8001,0,8,  0d 02:13:12.73,  0d 01:08:33.05,1.2494,4.1706,C,07/25/2025 12:34:01 PM,0.0000,-0.0008,0.0,0.0
8002,0,8,  0d 02:13:13.73,  0d 01:08:34.05,1.2500,4.1707,C,07/25/2025 12:34:02 PM,0.0000,-0.0007,0.0,0.0
8003,0,8,  0d 02:13:14.73,  0d 01:08:35.05,1.2500,4.1708,C,07/25/2025 12:34:03 PM,0.0000,-0.0007,0.0,0.0
8004,0,8,  0d 02:13:15.73,  0d 01:08:36.05,1.2503,4.1710,C,07/25/2025 12:34:04 PM,0.0000,-0.0007,0.0,0.0
8005,0,8,  0d 02:13:16.73,  0d 01:08:37.05,1.2497,4.1711,C,07/25/2025 12:34:05 PM,0.0000,-0.0007,0.0,0.0
8006,0,8,  0d 02:13:17.73,  0d 01:08:38.05,1.2500,4.1712,C,07/25/2025 12:34:06 PM,0.0000,-0.0008,0.0,0.0
8007,0,8,  0d 02:13:18.73,  0d 01:08:39.05,1.2497,4.1713,C,07/25/2025 12:34:07 PM,0.0000,-0.0008,0.0,0.0
8008,0,8,  0d 02:13:19.73,  0d 01:08:40.05,1.2497,4.1714,C,07/25/2025 12:34:09 PM,0.0000,-0.0008,0.0,0.0
8009,0,8,  0d 02:13:20.73,  0d 01:08:41.05,1.2503,4.1715,C,07/25/2025 12:34:09 PM,0.0000,-0.0007,0.0,0.0
8010,0,8,  0d 02:13:21.73,  0d 01:08:42.05,1.2497,4.1717,C,07/25/2025 12:34:10 PM,0.0000,-0.0007,0.0,0.0
8011,0,8,  0d 02:13:22.73,  0d 01:08:43.05,1.2497,4.1717,C,07/25/2025 12:34:11 PM,0.0000,-0.0007,0.0,0.0
8012,0,8,  0d 02:13:23.73,  0d 01:08:44.05,1.2497,4.1720,C,07/25/2025 12:34:12 PM,0.0000,-0.0008,0.0,0.0
8013,0,8,  0d 02:13:24.73,  0d 01:08:45.05,1.2497,4.1720,C,07/25/2025 12:34:13 PM,0.0000,-0.0007,0.0,0.0
8014,0,8,  0d 02:13:25.73,  0d 01:08:46.05,1.2491,4.1722,C,07/25/2025 12:34:14 PM,0.0000,-0.0008,0.0,0.0
8015,0,8,  0d 02:13:26.73,  0d 01:08:47.05,1.2500,4.1724,C,07/25/2025 12:34:15 PM,0.0000,-0.0007,0.0,0.0
8016,0,8,  0d 02:13:27.73,  0d 01:08:48.05,1.2500,4.1725,C,07/25/2025 12:34:16 PM,0.0000,-0.0007,0.0,0.0
8017,0,8,  0d 02:13:28.73,  0d 01:08:49.05,1.2497,4.1727,C,07/25/2025 12:34:17 PM,0.0000,-0.0008,0.0,0.0
8018,0,8,  0d 02:13:29.73,  0d 01:08:50.05,1.2506,4.1728,C,07/25/2025 12:34:19 PM,0.0000,-0.0007,0.0,0.0
8019,0,8,  0d 02:13:30.73,  0d 01:08:51.05,1.2497,4.1729,C,07/25/2025 12:34:19 PM,0.0000,-0.0005,0.0,0.0
8020,0,8,  0d 02:13:31.73,  0d 01:08:52.05,1.2506,4.1730,C,07/25/2025 12:34:20 PM,0.0000,-0.0008,0.0,0.0
8021,0,8,  0d 02:13:32.73,  0d 01:08:53.05,1.2497,4.1731,C,07/25/2025 12:34:21 PM,0.0000,-0.0008,0.0,0.0
8022,0,8,  0d 02:13:33.73,  0d 01:08:54.05,1.2497,4.1732,C,07/25/2025 12:34:22 PM,0.0000,-0.0008,0.0,0.0
8023,0,8,  0d 02:13:34.73,  0d 01:08:55.05,1.2500,4.1733,C,07/25/2025 12:34:23 PM,0.0000,-0.0008,0.0,0.0
8024,0,8,  0d 02:13:35.73,  0d 01:08:56.05,1.2500,4.1734,C,07/25/2025 12:34:24 PM,0.0000,-0.0007,0.0,0.0
8025,0,8,  0d 02:13:36.73,  0d 01:08:57.05,1.2500,4.1736,C,07/25/2025 12:34:25 PM,0.0000,-0.0005,0.0,0.0
8026,0,8,  0d 02:13:37.73,  0d 01:08:58.05,1.2500,4.1736,C,07/25/2025 12:34:26 PM,0.0000,-0.0008,0.0,0.0
8027,0,8,  0d 02:13:38.73,  0d 01:08:59.05,1.2497,4.1738,C,07/25/2025 12:34:27 PM,0.0000,-0.0008,0.0,0.0
8028,0,8,  0d 02:13:39.73,  0d 01:09:00.05,1.2503,4.1739,C,07/25/2025 12:34:29 PM,0.0000,-0.0007,0.0,0.0
8029,0,8,  0d 02:13:40.73,  0d 01:09:01.05,1.2500,4.1740,C,07/25/2025 12:34:29 PM,0.0000,-0.0007,0.0,0.0
8030,0,8,  0d 02:13:41.73,  0d 01:09:02.05,1.2497,4.1742,C,07/25/2025 12:34:30 PM,0.0000,-0.0008,0.0,0.0
8031,0,8,  0d 02:13:42.73,  0d 01:09:03.05,1.2503,4.1743,C,07/25/2025 12:34:31 PM,0.0000,-0.0007,0.0,0.0
8032,0,8,  0d 02:13:43.73,  0d 01:09:04.05,1.2506,4.1745,C,07/25/2025 12:34:32 PM,0.0000,-0.0008,0.0,0.0
8033,0,8,  0d 02:13:44.73,  0d 01:09:05.05,1.2497,4.1745,C,07/25/2025 12:34:33 PM,0.0000,-0.0008,0.0,0.0
8034,0,8,  0d 02:13:45.73,  0d 01:09:06.05,1.2500,4.1747,C,07/25/2025 12:34:34 PM,0.0000,-0.0007,0.0,0.0
8035,0,8,  0d 02:13:46.73,  0d 01:09:07.05,1.2497,4.1747,C,07/25/2025 12:34:35 PM,0.0000,-0.0007,0.0,0.0
8036,0,8,  0d 02:13:47.73,  0d 01:09:08.05,1.2497,4.1751,C,07/25/2025 12:34:36 PM,0.0000,-0.0008,0.0,0.0
8037,0,8,  0d 02:13:48.73,  0d 01:09:09.05,1.2497,4.1750,C,07/25/2025 12:34:37 PM,0.0000,-0.0008,0.0,0.0
8038,0,8,  0d 02:13:49.73,  0d 01:09:10.05,1.2494,4.1752,C,07/25/2025 12:34:38 PM,0.0000,-0.0008,0.0,0.0
8039,0,8,  0d 02:13:50.73,  0d 01:09:11.05,1.2500,4.1754,C,07/25/2025 12:34:39 PM,0.0000,-0.0008,0.0,0.0
8040,0,8,  0d 02:13:51.73,  0d 01:09:12.05,1.2500,4.1756,C,07/25/2025 12:34:40 PM,0.0000,-0.0008,0.0,0.0
8041,0,8,  0d 02:13:52.73,  0d 01:09:13.05,1.2497,4.1757,C,07/25/2025 12:34:41 PM,0.0000,-0.0007,0.0,0.0
8042,0,8,  0d 02:13:53.73,  0d 01:09:14.05,1.2500,4.1759,C,07/25/2025 12:34:42 PM,0.0000,-0.0005,0.0,0.0
8043,0,8,  0d 02:13:54.73,  0d 01:09:15.05,1.2500,4.1760,C,07/25/2025 12:34:43 PM,0.0000,-0.0007,0.0,0.0
8044,0,8,  0d 02:13:55.73,  0d 01:09:16.05,1.2500,4.1761,C,07/25/2025 12:34:44 PM,0.0000,-0.0007,0.0,0.0
8045,0,8,  0d 02:13:56.73,  0d 01:09:17.05,1.2494,4.1762,C,07/25/2025 12:34:45 PM,0.0000,-0.0007,0.0,0.0
8046,0,8,  0d 02:13:57.73,  0d 01:09:18.05,1.2497,4.1763,C,07/25/2025 12:34:46 PM,0.0000,-0.0008,0.0,0.0
8047,0,8,  0d 02:13:58.73,  0d 01:09:19.05,1.2494,4.1764,C,07/25/2025 12:34:47 PM,0.0000,-0.0007,0.0,0.0
8048,0,8,  0d 02:13:59.73,  0d 01:09:20.05,1.2497,4.1766,C,07/25/2025 12:34:48 PM,0.0000,-0.0008,0.0,0.0
8049,0,8,  0d 02:14:00.73,  0d 01:09:21.05,1.2503,4.1767,C,07/25/2025 12:34:49 PM,0.0000,-0.0008,0.0,0.0
8050,0,8,  0d 02:14:01.73,  0d 01:09:22.05,1.2500,4.1769,C,07/25/2025 12:34:50 PM,0.0000,-0.0008,0.0,0.0
8051,0,8,  0d 02:14:02.73,  0d 01:09:23.05,1.2506,4.1771,C,07/25/2025 12:34:51 PM,0.0000,-0.0007,0.0,0.0
8052,0,8,  0d 02:14:03.73,  0d 01:09:24.05,1.2497,4.1771,C,07/25/2025 12:34:52 PM,0.0000,-0.0010,0.0,0.0
8053,0,8,  0d 02:14:04.73,  0d 01:09:25.05,1.2500,4.1773,C,07/25/2025 12:34:53 PM,0.0000,-0.0007,0.0,0.0
8054,0,8,  0d 02:14:05.73,  0d 01:09:26.05,1.2500,4.1774,C,07/25/2025 12:34:54 PM,0.0000,-0.0008,0.0,0.0
8055,0,8,  0d 02:14:06.73,  0d 01:09:27.05,1.2500,4.1775,C,07/25/2025 12:34:55 PM,0.0000,-0.0008,0.0,0.0
8056,0,8,  0d 02:14:07.73,  0d 01:09:28.05,1.2500,4.1775,C,07/25/2025 12:34:56 PM,0.0000,-0.0008,0.0,0.0
8057,0,8,  0d 02:14:08.73,  0d 01:09:29.05,1.2497,4.1778,C,07/25/2025 12:34:57 PM,0.0000,-0.0008,0.0,0.0
8058,0,8,  0d 02:14:09.73,  0d 01:09:30.05,1.2494,4.1781,C,07/25/2025 12:34:58 PM,0.0000,-0.0010,0.0,0.0
8059,0,8,  0d 02:14:10.73,  0d 01:09:31.05,1.2500,4.1782,C,07/25/2025 12:35:00 PM,0.0000,-0.0008,0.0,0.0
8060,0,8,  0d 02:14:11.73,  0d 01:09:32.05,1.2500,4.1783,C,07/25/2025 12:35:00 PM,0.0000,-0.0010,0.0,0.0
8061,0,8,  0d 02:14:12.73,  0d 01:09:33.05,1.2503,4.1784,C,07/25/2025 12:35:01 PM,0.0000,-0.0008,0.0,0.0
8062,0,8,  0d 02:14:13.73,  0d 01:09:34.05,1.2494,4.1787,C,07/25/2025 12:35:02 PM,0.0000,-0.0008,0.0,0.0
8063,0,8,  0d 02:14:14.73,  0d 01:09:35.05,1.2500,4.1788,C,07/25/2025 12:35:03 PM,0.0000,-0.0008,0.0,0.0
8064,0,8,  0d 02:14:15.73,  0d 01:09:36.05,1.2494,4.1788,C,07/25/2025 12:35:04 PM,0.0000,-0.0007,0.0,0.0
8065,0,8,  0d 02:14:16.73,  0d 01:09:37.05,1.2497,4.1791,C,07/25/2025 12:35:05 PM,0.0000,-0.0008,0.0,0.0
8066,0,8,  0d 02:14:17.73,  0d 01:09:38.05,1.2497,4.1792,C,07/25/2025 12:35:06 PM,0.0000,-0.0010,0.0,0.0
8067,0,8,  0d 02:14:18.73,  0d 01:09:39.05,1.2506,4.1793,C,07/25/2025 12:35:07 PM,0.0000,-0.0008,0.0,0.0
8068,0,8,  0d 02:14:19.73,  0d 01:09:40.05,1.2494,4.1795,C,07/25/2025 12:35:08 PM,0.0000,-0.0008,0.0,0.0
8069,0,8,  0d 02:14:20.73,  0d 01:09:41.05,1.2497,4.1796,C,07/25/2025 12:35:10 PM,0.0000,-0.0007,0.0,0.0
8070,0,8,  0d 02:14:21.73,  0d 01:09:42.05,1.2500,4.1798,C,07/25/2025 12:35:10 PM,0.0000,-0.0007,0.0,0.0
8071,0,8,  0d 02:14:22.73,  0d 01:09:43.05,1.2500,4.1800,C,07/25/2025 12:35:11 PM,0.0000,-0.0007,0.0,0.0
8072,0,8,  0d 02:14:23.73,  0d 01:09:44.05,1.2494,4.1801,C,07/25/2025 12:35:12 PM,0.0000,-0.0008,0.0,0.0
8073,0,8,  0d 02:14:24.73,  0d 01:09:45.05,1.2497,4.1801,C,07/25/2025 12:35:13 PM,0.0000,-0.0007,0.0,0.0
8074,0,8,  0d 02:14:25.73,  0d 01:09:46.05,1.2500,4.1804,C,07/25/2025 12:35:14 PM,0.0000,-0.0008,0.0,0.0
8075,0,8,  0d 02:14:26.73,  0d 01:09:47.05,1.2503,4.1805,C,07/25/2025 12:35:15 PM,0.0000,-0.0007,0.0,0.0
8076,0,8,  0d 02:14:27.73,  0d 01:09:48.05,1.2503,4.1807,C,07/25/2025 12:35:16 PM,0.0000,-0.0007,0.0,0.0
8077,0,8,  0d 02:14:28.73,  0d 01:09:49.05,1.2494,4.1809,C,07/25/2025 12:35:17 PM,0.0000,-0.0007,0.0,0.0
8078,0,8,  0d 02:14:29.73,  0d 01:09:50.05,1.2500,4.1809,C,07/25/2025 12:35:18 PM,0.0000,-0.0008,0.0,0.0
8079,0,8,  0d 02:14:30.73,  0d 01:09:51.05,1.2497,4.1811,C,07/25/2025 12:35:20 PM,0.0000,-0.0007,0.0,0.0
8080,0,8,  0d 02:14:31.73,  0d 01:09:52.05,1.2497,4.1812,C,07/25/2025 12:35:20 PM,0.0000,-0.0007,0.0,0.0
8081,0,8,  0d 02:14:32.73,  0d 01:09:53.05,1.2500,4.1814,C,07/25/2025 12:35:21 PM,0.0000,-0.0008,0.0,0.0
8082,0,8,  0d 02:14:33.73,  0d 01:09:54.05,1.2500,4.1816,C,07/25/2025 12:35:22 PM,0.0000,-0.0007,0.0,0.0
8083,0,8,  0d 02:14:34.73,  0d 01:09:55.05,1.2500,4.1817,C,07/25/2025 12:35:23 PM,0.0000,-0.0007,0.0,0.0
8084,0,8,  0d 02:14:35.73,  0d 01:09:56.05,1.2503,4.1820,C,07/25/2025 12:35:24 PM,0.0000,-0.0007,0.0,0.0
8085,0,8,  0d 02:14:36.73,  0d 01:09:57.05,1.2497,4.1820,C,07/25/2025 12:35:25 PM,0.0000,-0.0008,0.0,0.0
8086,0,8,  0d 02:14:37.73,  0d 01:09:58.05,1.2500,4.1823,C,07/25/2025 12:35:26 PM,0.0000,-0.0008,0.0,0.0
8087,0,8,  0d 02:14:38.73,  0d 01:09:59.05,1.2500,4.1823,C,07/25/2025 12:35:27 PM,0.0000,-0.0008,0.0,0.0
8088,0,8,  0d 02:14:39.73,  0d 01:10:00.05,1.2497,4.1824,C,07/25/2025 12:35:28 PM,0.0000,-0.0008,0.0,0.0
8089,0,8,  0d 02:14:40.73,  0d 01:10:01.05,1.2497,4.1826,C,07/25/2025 12:35:30 PM,0.0000,-0.0008,0.0,0.0
8090,0,8,  0d 02:14:41.73,  0d 01:10:02.05,1.2494,4.1830,C,07/25/2025 12:35:30 PM,0.0000,-0.0008,0.0,0.0
8091,0,8,  0d 02:14:42.73,  0d 01:10:03.05,1.2503,4.1831,C,07/25/2025 12:35:31 PM,0.0000,-0.0008,0.0,0.0
8092,0,8,  0d 02:14:43.73,  0d 01:10:04.05,1.2500,4.1832,C,07/25/2025 12:35:32 PM,0.0000,-0.0008,0.0,0.0
8093,0,8,  0d 02:14:44.73,  0d 01:10:05.05,1.2500,4.1833,C,07/25/2025 12:35:33 PM,0.0000,-0.0008,0.0,0.0
8094,0,8,  0d 02:14:45.73,  0d 01:10:06.05,1.2497,4.1836,C,07/25/2025 12:35:34 PM,0.0000,-0.0007,0.0,0.0
8095,0,8,  0d 02:14:46.73,  0d 01:10:07.05,1.2500,4.1836,C,07/25/2025 12:35:35 PM,0.0000,-0.0008,0.0,0.0
8096,0,8,  0d 02:14:47.73,  0d 01:10:08.05,1.2503,4.1837,C,07/25/2025 12:35:36 PM,0.0000,-0.0010,0.0,0.0
8097,0,8,  0d 02:14:48.73,  0d 01:10:09.05,1.2500,4.1840,C,07/25/2025 12:35:37 PM,0.0000,-0.0008,0.0,0.0
8098,0,8,  0d 02:14:49.73,  0d 01:10:10.05,1.2500,4.1839,C,07/25/2025 12:35:38 PM,0.0000,-0.0008,0.0,0.0
8099,0,8,  0d 02:14:50.73,  0d 01:10:11.05,1.2494,4.1842,C,07/25/2025 12:35:40 PM,0.0000,-0.0008,0.0,0.0
8100,0,8,  0d 02:14:51.73,  0d 01:10:12.05,1.2494,4.1844,C,07/25/2025 12:35:40 PM,0.0000,-0.0007,0.0,0.0
8101,0,8,  0d 02:14:52.73,  0d 01:10:13.05,1.2494,4.1846,C,07/25/2025 12:35:41 PM,0.0000,-0.0007,0.0,0.0
8102,0,8,  0d 02:14:53.73,  0d 01:10:14.05,1.2497,4.1847,C,07/25/2025 12:35:42 PM,0.0000,-0.0007,0.0,0.0
8103,0,8,  0d 02:14:54.73,  0d 01:10:15.05,1.2497,4.1849,C,07/25/2025 12:35:43 PM,0.0000,-0.0007,0.0,0.0
8104,0,8,  0d 02:14:55.73,  0d 01:10:16.05,1.2500,4.1850,C,07/25/2025 12:35:44 PM,0.0000,-0.0007,0.0,0.0
8105,0,8,  0d 02:14:56.73,  0d 01:10:17.05,1.2500,4.1852,C,07/25/2025 12:35:45 PM,0.0000,-0.0005,0.0,0.0
8106,0,8,  0d 02:14:57.73,  0d 01:10:18.05,1.2497,4.1854,C,07/25/2025 12:35:46 PM,0.0000,-0.0007,0.0,0.0
8107,0,8,  0d 02:14:58.73,  0d 01:10:19.05,1.2500,4.1857,C,07/25/2025 12:35:47 PM,0.0000,-0.0008,0.0,0.0
8108,0,8,  0d 02:14:59.73,  0d 01:10:20.05,1.2497,4.1858,C,07/25/2025 12:35:48 PM,0.0000,-0.0007,0.0,0.0
8109,0,8,  0d 02:15:00.73,  0d 01:10:21.05,1.2494,4.1859,C,07/25/2025 12:35:49 PM,0.0000,-0.0007,0.0,0.0
8110,0,8,  0d 02:15:01.73,  0d 01:10:22.05,1.2503,4.1862,C,07/25/2025 12:35:50 PM,0.0000,-0.0008,0.0,0.0
8111,0,8,  0d 02:15:02.73,  0d 01:10:23.05,1.2503,4.1863,C,07/25/2025 12:35:51 PM,0.0000,-0.0007,0.0,0.0
8112,0,8,  0d 02:15:03.73,  0d 01:10:24.05,1.2500,4.1865,C,07/25/2025 12:35:52 PM,0.0000,-0.0008,0.0,0.0
8113,0,8,  0d 02:15:04.73,  0d 01:10:25.05,1.2497,4.1865,C,07/25/2025 12:35:53 PM,0.0000,-0.0008,0.0,0.0
8114,0,8,  0d 02:15:05.73,  0d 01:10:26.05,1.2503,4.1867,C,07/25/2025 12:35:54 PM,0.0000,-0.0008,0.0,0.0
8115,0,8,  0d 02:15:06.73,  0d 01:10:27.05,1.2500,4.1869,C,07/25/2025 12:35:55 PM,0.0000,-0.0008,0.0,0.0
8116,0,8,  0d 02:15:07.73,  0d 01:10:28.05,1.2503,4.1872,C,07/25/2025 12:35:56 PM,0.0000,-0.0008,0.0,0.0
8117,0,8,  0d 02:15:08.73,  0d 01:10:29.05,1.2494,4.1872,C,07/25/2025 12:35:57 PM,0.0000,-0.0008,0.0,0.0
8118,0,8,  0d 02:15:09.73,  0d 01:10:30.05,1.2500,4.1875,C,07/25/2025 12:35:58 PM,0.0000,-0.0008,0.0,0.0
8119,0,8,  0d 02:15:10.73,  0d 01:10:31.05,1.2500,4.1876,C,07/25/2025 12:35:59 PM,0.0000,-0.0007,0.0,0.0
8120,0,8,  0d 02:15:11.73,  0d 01:10:32.05,1.2497,4.1878,C,07/25/2025 12:36:00 PM,0.0000,-0.0007,0.0,0.0
8121,0,8,  0d 02:15:12.73,  0d 01:10:33.05,1.2500,4.1880,C,07/25/2025 12:36:01 PM,0.0000,-0.0008,0.0,0.0
8122,0,8,  0d 02:15:13.73,  0d 01:10:34.05,1.2500,4.1881,C,07/25/2025 12:36:02 PM,0.0000,-0.0007,0.0,0.0
8123,0,8,  0d 02:15:14.73,  0d 01:10:35.05,1.2497,4.1882,C,07/25/2025 12:36:03 PM,0.0000,-0.0007,0.0,0.0
8124,0,8,  0d 02:15:15.73,  0d 01:10:36.05,1.2500,4.1885,C,07/25/2025 12:36:04 PM,0.0000,-0.0007,0.0,0.0
8125,0,8,  0d 02:15:16.73,  0d 01:10:37.05,1.2500,4.1888,C,07/25/2025 12:36:05 PM,0.0000,-0.0008,0.0,0.0
8126,0,8,  0d 02:15:17.73,  0d 01:10:38.05,1.2506,4.1890,C,07/25/2025 12:36:06 PM,0.0000,-0.0007,0.0,0.0
8127,0,8,  0d 02:15:18.73,  0d 01:10:39.05,1.2500,4.1891,C,07/25/2025 12:36:07 PM,0.0000,-0.0007,0.0,0.0
8128,0,8,  0d 02:15:19.73,  0d 01:10:40.05,1.2497,4.1892,C,07/25/2025 12:36:08 PM,0.0000,-0.0008,0.0,0.0
8129,0,8,  0d 02:15:20.73,  0d 01:10:41.05,1.2497,4.1894,C,07/25/2025 12:36:09 PM,0.0000,-0.0007,0.0,0.0
8130,0,8,  0d 02:15:21.73,  0d 01:10:42.05,1.2494,4.1897,C,07/25/2025 12:36:10 PM,0.0000,-0.0010,0.0,0.0
8131,0,8,  0d 02:15:22.73,  0d 01:10:43.05,1.2497,4.1897,C,07/25/2025 12:36:11 PM,0.0000,-0.0008,0.0,0.0
8132,0,8,  0d 02:15:23.73,  0d 01:10:44.05,1.2500,4.1900,C,07/25/2025 12:36:12 PM,0.0000,-0.0008,0.0,0.0
8133,0,8,  0d 02:15:24.73,  0d 01:10:45.05,1.2494,4.1901,C,07/25/2025 12:36:13 PM,0.0000,-0.0008,0.0,0.0
8134,0,8,  0d 02:15:25.73,  0d 01:10:46.05,1.2500,4.1904,C,07/25/2025 12:36:14 PM,0.0000,-0.0007,0.0,0.0
8135,0,8,  0d 02:15:26.73,  0d 01:10:47.05,1.2503,4.1905,C,07/25/2025 12:36:15 PM,0.0000,-0.0007,0.0,0.0
8136,0,8,  0d 02:15:27.73,  0d 01:10:48.05,1.2497,4.1907,C,07/25/2025 12:36:16 PM,0.0000,-0.0008,0.0,0.0
8137,0,8,  0d 02:15:28.73,  0d 01:10:49.05,1.2497,4.1909,C,07/25/2025 12:36:17 PM,0.0000,-0.0008,0.0,0.0
8138,0,8,  0d 02:15:29.73,  0d 01:10:50.05,1.2497,4.1910,C,07/25/2025 12:36:18 PM,0.0000,-0.0008,0.0,0.0
8139,0,8,  0d 02:15:30.73,  0d 01:10:51.05,1.2506,4.1913,C,07/25/2025 12:36:19 PM,0.0000,-0.0007,0.0,0.0
8140,0,8,  0d 02:15:31.73,  0d 01:10:52.05,1.2500,4.1915,C,07/25/2025 12:36:21 PM,0.0000,-0.0007,0.0,0.0
8141,0,8,  0d 02:15:32.73,  0d 01:10:53.05,1.2506,4.1915,C,07/25/2025 12:36:21 PM,0.0000,-0.0007,0.0,0.0
8142,0,8,  0d 02:15:33.73,  0d 01:10:54.05,1.2500,4.1917,C,07/25/2025 12:36:22 PM,0.0000,-0.0008,0.0,0.0
8143,0,8,  0d 02:15:34.73,  0d 01:10:55.05,1.2503,4.1919,C,07/25/2025 12:36:23 PM,0.0000,-0.0007,0.0,0.0
8144,0,8,  0d 02:15:35.73,  0d 01:10:56.05,1.2500,4.1922,C,07/25/2025 12:36:24 PM,0.0000,-0.0007,0.0,0.0
8145,0,8,  0d 02:15:36.73,  0d 01:10:57.05,1.2500,4.1923,C,07/25/2025 12:36:25 PM,0.0000,-0.0007,0.0,0.0
8146,0,8,  0d 02:15:37.73,  0d 01:10:58.05,1.2500,4.1923,C,07/25/2025 12:36:26 PM,0.0000,-0.0008,0.0,0.0
8147,0,8,  0d 02:15:38.73,  0d 01:10:59.05,1.2503,4.1926,C,07/25/2025 12:36:27 PM,0.0000,-0.0010,0.0,0.0
8148,0,8,  0d 02:15:39.73,  0d 01:11:00.05,1.2503,4.1929,C,07/25/2025 12:36:28 PM,0.0000,-0.0007,0.0,0.0
8149,0,8,  0d 02:15:40.73,  0d 01:11:01.05,1.2500,4.1932,C,07/25/2025 12:36:29 PM,0.0000,-0.0008,0.0,0.0
8150,0,8,  0d 02:15:41.73,  0d 01:11:02.05,1.2494,4.1933,C,07/25/2025 12:36:31 PM,0.0000,-0.0007,0.0,0.0
8151,0,8,  0d 02:15:42.73,  0d 01:11:03.05,1.2500,4.1934,C,07/25/2025 12:36:31 PM,0.0000,-0.0007,0.0,0.0
8152,0,8,  0d 02:15:43.73,  0d 01:11:04.05,1.2500,4.1936,C,07/25/2025 12:36:32 PM,0.0000,-0.0008,0.0,0.0
8153,0,8,  0d 02:15:44.73,  0d 01:11:05.05,1.2500,4.1938,C,07/25/2025 12:36:33 PM,0.0000,-0.0008,0.0,0.0
8154,0,8,  0d 02:15:45.73,  0d 01:11:06.05,1.2491,4.1939,C,07/25/2025 12:36:34 PM,0.0000,-0.0007,0.0,0.0
8155,0,8,  0d 02:15:46.73,  0d 01:11:07.05,1.2494,4.1942,C,07/25/2025 12:36:35 PM,0.0000,-0.0007,0.0,0.0
8156,0,8,  0d 02:15:47.73,  0d 01:11:08.05,1.2500,4.1946,C,07/25/2025 12:36:36 PM,0.0000,-0.0010,0.0,0.0
8157,0,8,  0d 02:15:48.73,  0d 01:11:09.05,1.2500,4.1946,C,07/25/2025 12:36:37 PM,0.0000,-0.0008,0.0,0.0
8158,0,8,  0d 02:15:49.73,  0d 01:11:10.05,1.2503,4.1949,C,07/25/2025 12:36:38 PM,0.0000,-0.0007,0.0,0.0
8159,0,8,  0d 02:15:50.73,  0d 01:11:11.05,1.2503,4.1951,C,07/25/2025 12:36:39 PM,0.0000,-0.0008,0.0,0.0
8160,0,8,  0d 02:15:51.73,  0d 01:11:12.05,1.2500,4.1953,C,07/25/2025 12:36:41 PM,0.0000,-0.0008,0.0,0.0
8161,0,8,  0d 02:15:52.73,  0d 01:11:13.05,1.2497,4.1954,C,07/25/2025 12:36:41 PM,0.0000,-0.0008,0.0,0.0
8162,0,8,  0d 02:15:53.73,  0d 01:11:14.05,1.2500,4.1958,C,07/25/2025 12:36:42 PM,0.0000,-0.0008,0.0,0.0
8163,0,8,  0d 02:15:54.73,  0d 01:11:15.05,1.2500,4.1958,C,07/25/2025 12:36:43 PM,0.0000,-0.0008,0.0,0.0
8164,0,8,  0d 02:15:55.73,  0d 01:11:16.05,1.2497,4.1961,C,07/25/2025 12:36:44 PM,0.0000,-0.0008,0.0,0.0
8165,0,8,  0d 02:15:56.73,  0d 01:11:17.05,1.2497,4.1963,C,07/25/2025 12:36:45 PM,0.0000,-0.0007,0.0,0.0
8166,0,8,  0d 02:15:57.73,  0d 01:11:18.05,1.2497,4.1964,C,07/25/2025 12:36:46 PM,0.0000,-0.0007,0.0,0.0
8167,0,8,  0d 02:15:58.73,  0d 01:11:19.05,1.2494,4.1968,C,07/25/2025 12:36:47 PM,0.0000,-0.0008,0.0,0.0
8168,0,8,  0d 02:15:59.73,  0d 01:11:20.05,1.2494,4.1968,C,07/25/2025 12:36:48 PM,0.0000,-0.0007,0.0,0.0
8169,0,8,  0d 02:16:00.73,  0d 01:11:21.05,1.2500,4.1971,C,07/25/2025 12:36:49 PM,0.0000,-0.0007,0.0,0.0
8170,0,8,  0d 02:16:01.73,  0d 01:11:22.05,1.2497,4.1973,C,07/25/2025 12:36:51 PM,0.0000,-0.0010,0.0,0.0
8171,0,8,  0d 02:16:02.73,  0d 01:11:23.05,1.2500,4.1975,C,07/25/2025 12:36:51 PM,0.0000,-0.0007,0.0,0.0
8172,0,8,  0d 02:16:03.73,  0d 01:11:24.05,1.2500,4.1978,C,07/25/2025 12:36:52 PM,0.0000,-0.0008,0.0,0.0
8173,0,8,  0d 02:16:04.73,  0d 01:11:25.05,1.2503,4.1978,C,07/25/2025 12:36:53 PM,0.0000,-0.0007,0.0,0.0
8174,0,8,  0d 02:16:05.73,  0d 01:11:26.05,1.2503,4.1981,C,07/25/2025 12:36:54 PM,0.0000,-0.0007,0.0,0.0
8175,0,8,  0d 02:16:06.73,  0d 01:11:27.05,1.2500,4.1983,C,07/25/2025 12:36:55 PM,0.0000,-0.0007,0.0,0.0
8176,0,8,  0d 02:16:07.73,  0d 01:11:28.05,1.2497,4.1986,C,07/25/2025 12:36:56 PM,0.0000,-0.0005,0.0,0.0
8177,0,8,  0d 02:16:08.73,  0d 01:11:29.05,1.2503,4.1987,C,07/25/2025 12:36:57 PM,0.0000,-0.0007,0.0,0.0
8178,0,8,  0d 02:16:09.73,  0d 01:11:30.05,1.2494,4.1991,C,07/25/2025 12:36:58 PM,0.0000,-0.0007,0.0,0.0
8179,0,8,  0d 02:16:10.73,  0d 01:11:31.05,1.2503,4.1992,C,07/25/2025 12:36:59 PM,0.0000,-0.0007,0.0,0.0
8180,0,8,  0d 02:16:11.73,  0d 01:11:32.05,1.2497,4.1994,C,07/25/2025 12:37:01 PM,0.0000,-0.0007,0.0,0.0
8181,0,8,  0d 02:16:12.73,  0d 01:11:33.05,1.2503,4.1997,C,07/25/2025 12:37:01 PM,0.0000,-0.0007,0.0,0.0
8182,0,8,  0d 02:16:13.73,  0d 01:11:34.05,1.2500,4.1999,C,07/25/2025 12:37:02 PM,0.0000,-0.0008,0.0,0.0
8183,0,8,  0d 02:16:14.73,  0d 01:11:35.05,1.2476,4.2000,C,07/25/2025 12:37:03 PM,0.0000,-0.0010,0.0,0.0
8184,0,8,  0d 02:16:15.73,  0d 01:11:36.05,1.2390,4.2002,C,07/25/2025 12:37:04 PM,0.0000,-0.0007,0.0,0.0
8185,0,8,  0d 02:16:16.73,  0d 01:11:37.05,1.2280,4.2000,C,07/25/2025 12:37:05 PM,0.0000,-0.0007,0.0,0.0
8186,0,8,  0d 02:16:17.73,  0d 01:11:38.05,1.2174,4.2000,C,07/25/2025 12:37:06 PM,0.0000,-0.0008,0.0,0.0
8187,0,8,  0d 02:16:18.73,  0d 01:11:39.05,1.2097,4.2001,C,07/25/2025 12:37:07 PM,0.0000,-0.0007,0.0,0.0
8188,0,8,  0d 02:16:19.73,  0d 01:11:40.05,1.2009,4.2000,C,07/25/2025 12:37:08 PM,0.0000,-0.0008,0.0,0.0
8189,0,8,  0d 02:16:20.73,  0d 01:11:41.05,1.1920,4.2000,C,07/25/2025 12:37:09 PM,0.0000,-0.0007,0.0,0.0
8190,0,8,  0d 02:16:21.73,  0d 01:11:42.05,1.1844,4.2000,C,07/25/2025 12:37:10 PM,0.0000,-0.0007,0.0,0.0
8191,0,8,  0d 02:16:22.73,  0d 01:11:43.05,1.1777,4.1998,C,07/25/2025 12:37:11 PM,0.0000,-0.0005,0.0,0.0
8192,0,8,  0d 02:16:23.73,  0d 01:11:44.05,1.1704,4.2000,C,07/25/2025 12:37:12 PM,0.0000,-0.0010,0.0,0.0
8193,0,8,  0d 02:16:24.73,  0d 01:11:45.05,1.1630,4.2000,C,07/25/2025 12:37:13 PM,0.0000,-0.0007,0.0,0.0
8194,0,8,  0d 02:16:25.73,  0d 01:11:46.05,1.1563,4.2000,C,07/25/2025 12:37:14 PM,0.0000,-0.0005,0.0,0.0
8195,0,8,  0d 02:16:26.73,  0d 01:11:47.05,1.1493,4.2000,C,07/25/2025 12:37:15 PM,0.0000,-0.0007,0.0,0.0
8196,0,8,  0d 02:16:27.73,  0d 01:11:48.05,1.1444,4.1999,C,07/25/2025 12:37:16 PM,0.0000,-0.0008,0.0,0.0
8197,0,8,  0d 02:16:28.73,  0d 01:11:49.05,1.1380,4.2000,C,07/25/2025 12:37:17 PM,0.0000,-0.0007,0.0,0.0
8198,0,8,  0d 02:16:29.73,  0d 01:11:50.05,1.1310,4.1999,C,07/25/2025 12:37:18 PM,0.0000,-0.0007,0.0,0.0
8199,0,8,  0d 02:16:30.73,  0d 01:11:51.05,1.1228,4.2000,C,07/25/2025 12:37:19 PM,0.0000,-0.0007,0.0,0.0
8200,0,8,  0d 02:16:31.73,  0d 01:11:52.05,1.1209,4.2000,C,07/25/2025 12:37:20 PM,0.0000,-0.0008,0.0,0.0
8201,0,8,  0d 02:16:32.73,  0d 01:11:53.05,1.1160,4.1999,C,07/25/2025 12:37:21 PM,0.0000,-0.0007,0.0,0.0
8202,0,8,  0d 02:16:33.73,  0d 01:11:54.05,1.1063,4.1999,C,07/25/2025 12:37:22 PM,0.0000,-0.0007,0.0,0.0
8203,0,8,  0d 02:16:34.73,  0d 01:11:55.05,1.1017,4.2000,C,07/25/2025 12:37:23 PM,0.0000,-0.0007,0.0,0.0
8204,0,8,  0d 02:16:35.73,  0d 01:11:56.05,1.0974,4.2000,C,07/25/2025 12:37:24 PM,0.0000,-0.0007,0.0,0.0
8205,0,8,  0d 02:16:36.73,  0d 01:11:57.05,1.0901,4.2000,C,07/25/2025 12:37:25 PM,0.0000,-0.0007,0.0,0.0
8206,0,8,  0d 02:16:37.73,  0d 01:11:58.05,1.0840,4.2000,C,07/25/2025 12:37:26 PM,0.0000,-0.0007,0.0,0.0
8207,0,8,  0d 02:16:38.73,  0d 01:11:59.05,1.0785,4.2000,C,07/25/2025 12:37:27 PM,0.0000,-0.0007,0.0,0.0
8208,0,8,  0d 02:16:39.73,  0d 01:12:00.05,1.0736,4.2000,C,07/25/2025 12:37:28 PM,0.0000,-0.0008,0.0,0.0
8209,0,8,  0d 02:16:40.73,  0d 01:12:01.05,1.0690,4.1999,C,07/25/2025 12:37:29 PM,0.0000,-0.0008,0.0,0.0
8210,0,8,  0d 02:16:41.73,  0d 01:12:02.05,1.0632,4.2000,C,07/25/2025 12:37:30 PM,0.0000,-0.0010,0.0,0.0
8211,0,8,  0d 02:16:42.73,  0d 01:12:03.05,1.0568,4.1999,C,07/25/2025 12:37:32 PM,0.0000,-0.0008,0.0,0.0
8212,0,8,  0d 02:16:43.73,  0d 01:12:04.05,1.0535,4.2000,C,07/25/2025 12:37:32 PM,0.0000,-0.0008,0.0,0.0
8213,0,8,  0d 02:16:44.73,  0d 01:12:05.05,1.0501,4.2000,C,07/25/2025 12:37:33 PM,0.0000,-0.0008,0.0,0.0
8214,0,8,  0d 02:16:45.73,  0d 01:12:06.05,1.0449,4.2000,C,07/25/2025 12:37:34 PM,0.0000,-0.0008,0.0,0.0
8215,0,8,  0d 02:16:46.73,  0d 01:12:07.05,1.0404,4.2000,C,07/25/2025 12:37:35 PM,0.0000,-0.0007,0.0,0.0
8216,0,8,  0d 02:16:47.73,  0d 01:12:08.05,1.0349,4.2000,C,07/25/2025 12:37:36 PM,0.0000,-0.0008,0.0,0.0
8217,0,8,  0d 02:16:48.73,  0d 01:12:09.05,1.0278,4.1999,C,07/25/2025 12:37:37 PM,0.0000,-0.0007,0.0,0.0
8218,0,8,  0d 02:16:49.73,  0d 01:12:10.05,1.0254,4.2000,C,07/25/2025 12:37:38 PM,0.0000,-0.0007,0.0,0.0
8219,0,8,  0d 02:16:50.73,  0d 01:12:11.05,1.0196,4.1999,C,07/25/2025 12:37:39 PM,0.0000,-0.0008,0.0,0.0
8220,0,8,  0d 02:16:51.73,  0d 01:12:12.05,1.0138,4.2000,C,07/25/2025 12:37:40 PM,0.0000,-0.0007,0.0,0.0
8221,0,8,  0d 02:16:52.73,  0d 01:12:13.05,1.0086,4.2000,C,07/25/2025 12:37:42 PM,0.0000,-0.0008,0.0,0.0
8222,0,8,  0d 02:16:53.73,  0d 01:12:14.05,1.0062,4.2000,C,07/25/2025 12:37:42 PM,0.0000,-0.0008,0.0,0.0
8223,0,8,  0d 02:16:54.73,  0d 01:12:15.05,1.0010,4.2000,C,07/25/2025 12:37:43 PM,0.0000,-0.0008,0.0,0.0
8224,0,8,  0d 02:16:55.73,  0d 01:12:16.05,0.9979,4.1999,C,07/25/2025 12:37:44 PM,0.0000,-0.0007,0.0,0.0
8225,0,8,  0d 02:16:56.73,  0d 01:12:17.05,0.9934,4.2000,C,07/25/2025 12:37:45 PM,0.0000,-0.0008,0.0,0.0
8226,0,8,  0d 02:16:57.73,  0d 01:12:18.05,0.9888,4.2000,C,07/25/2025 12:37:46 PM,0.0000,-0.0007,0.0,0.0
8227,0,8,  0d 02:16:58.73,  0d 01:12:19.05,0.9848,4.2000,C,07/25/2025 12:37:47 PM,0.0000,-0.0008,0.0,0.0
8228,0,8,  0d 02:16:59.73,  0d 01:12:20.05,0.9784,4.2000,C,07/25/2025 12:37:48 PM,0.0000,-0.0008,0.0,0.0
8229,0,8,  0d 02:17:00.73,  0d 01:12:21.05,0.9738,4.2000,C,07/25/2025 12:37:49 PM,0.0000,-0.0007,0.0,0.0
8230,0,8,  0d 02:17:01.73,  0d 01:12:22.05,0.9702,4.2000,C,07/25/2025 12:37:50 PM,0.0000,-0.0008,0.0,0.0
8231,0,8,  0d 02:17:02.73,  0d 01:12:23.05,0.9683,4.1999,C,07/25/2025 12:37:52 PM,0.0000,-0.0010,0.0,0.0
8232,0,8,  0d 02:17:03.73,  0d 01:12:24.05,0.9631,4.2000,C,07/25/2025 12:37:52 PM,0.0000,-0.0008,0.0,0.0
8233,0,8,  0d 02:17:04.73,  0d 01:12:25.05,0.9595,4.2000,C,07/25/2025 12:37:53 PM,0.0000,-0.0008,0.0,0.0
8234,0,8,  0d 02:17:05.73,  0d 01:12:26.05,0.9528,4.1999,C,07/25/2025 12:37:54 PM,0.0000,-0.0008,0.0,0.0
8235,0,8,  0d 02:17:06.73,  0d 01:12:27.05,0.9497,4.2000,C,07/25/2025 12:37:55 PM,0.0000,-0.0007,0.0,0.0
8236,0,8,  0d 02:17:07.73,  0d 01:12:28.05,0.9464,4.2000,C,07/25/2025 12:37:56 PM,0.0000,-0.0007,0.0,0.0
8237,0,8,  0d 02:17:08.73,  0d 01:12:29.05,0.9418,4.1999,C,07/25/2025 12:37:57 PM,0.0000,-0.0008,0.0,0.0
8238,0,8,  0d 02:17:09.73,  0d 01:12:30.05,0.9390,4.2000,C,07/25/2025 12:37:58 PM,0.0000,-0.0007,0.0,0.0
8239,0,8,  0d 02:17:10.73,  0d 01:12:31.05,0.9348,4.1999,C,07/25/2025 12:37:59 PM,0.0000,-0.0007,0.0,0.0
8240,0,8,  0d 02:17:11.73,  0d 01:12:32.05,0.9317,4.2000,C,07/25/2025 12:38:00 PM,0.0000,-0.0007,0.0,0.0
8241,0,8,  0d 02:17:12.73,  0d 01:12:33.05,0.9259,4.2000,C,07/25/2025 12:38:02 PM,0.0000,-0.0008,0.0,0.0
8242,0,8,  0d 02:17:13.73,  0d 01:12:34.05,0.9213,4.2000,C,07/25/2025 12:38:02 PM,0.0000,-0.0007,0.0,0.0
8243,0,8,  0d 02:17:14.73,  0d 01:12:35.05,0.9183,4.2000,C,07/25/2025 12:38:03 PM,0.0000,-0.0005,0.0,0.0
8244,0,8,  0d 02:17:15.73,  0d 01:12:36.05,0.9162,4.2000,C,07/25/2025 12:38:04 PM,0.0000,-0.0005,0.0,0.0
8245,0,8,  0d 02:17:16.73,  0d 01:12:37.05,0.9113,4.2000,C,07/25/2025 12:38:05 PM,0.0000,-0.0007,0.0,0.0
8246,0,8,  0d 02:17:17.73,  0d 01:12:38.05,0.9073,4.2000,C,07/25/2025 12:38:06 PM,0.0000,-0.0007,0.0,0.0
8247,0,8,  0d 02:17:18.73,  0d 01:12:39.05,0.9021,4.1998,C,07/25/2025 12:38:07 PM,0.0000,-0.0008,0.0,0.0
8248,0,8,  0d 02:17:19.73,  0d 01:12:40.05,0.8991,4.2000,C,07/25/2025 12:38:08 PM,0.0000,-0.0008,0.0,0.0
8249,0,8,  0d 02:17:20.73,  0d 01:12:41.05,0.8939,4.2000,C,07/25/2025 12:38:09 PM,0.0000,-0.0008,0.0,0.0
8250,0,8,  0d 02:17:21.73,  0d 01:12:42.05,0.8927,4.2000,C,07/25/2025 12:38:10 PM,0.0000,-0.0010,0.0,0.0
8251,0,8,  0d 02:17:22.73,  0d 01:12:43.05,0.8884,4.1999,C,07/25/2025 12:38:12 PM,0.0000,-0.0007,0.0,0.0
8252,0,8,  0d 02:17:23.73,  0d 01:12:44.05,0.8826,4.2000,C,07/25/2025 12:38:12 PM,0.0000,-0.0008,0.0,0.0
8253,0,8,  0d 02:17:24.73,  0d 01:12:45.05,0.8786,4.1999,C,07/25/2025 12:38:13 PM,0.0000,-0.0010,0.0,0.0
8254,0,8,  0d 02:17:25.73,  0d 01:12:46.05,0.8771,4.1998,C,07/25/2025 12:38:14 PM,0.0000,-0.0008,0.0,0.0
8255,0,8,  0d 02:17:26.73,  0d 01:12:47.05,0.8722,4.2000,C,07/25/2025 12:38:15 PM,0.0000,-0.0008,0.0,0.0
8256,0,8,  0d 02:17:27.73,  0d 01:12:48.05,0.8701,4.1999,C,07/25/2025 12:38:16 PM,0.0000,-0.0007,0.0,0.0
8257,0,8,  0d 02:17:28.73,  0d 01:12:49.05,0.8655,4.2000,C,07/25/2025 12:38:17 PM,0.0000,-0.0007,0.0,0.0
8258,0,8,  0d 02:17:29.73,  0d 01:12:50.05,0.8618,4.2000,C,07/25/2025 12:38:18 PM,0.0000,-0.0007,0.0,0.0
8259,0,8,  0d 02:17:30.73,  0d 01:12:51.05,0.8566,4.2000,C,07/25/2025 12:38:19 PM,0.0000,-0.0008,0.0,0.0
8260,0,8,  0d 02:17:31.73,  0d 01:12:52.05,0.8539,4.1999,C,07/25/2025 12:38:20 PM,0.0000,-0.0007,0.0,0.0
8261,0,8,  0d 02:17:32.73,  0d 01:12:53.05,0.8511,4.1999,C,07/25/2025 12:38:21 PM,0.0000,-0.0008,0.0,0.0
8262,0,8,  0d 02:17:33.73,  0d 01:12:54.05,0.8463,4.1998,C,07/25/2025 12:38:22 PM,0.0000,-0.0007,0.0,0.0
8263,0,8,  0d 02:17:34.73,  0d 01:12:55.05,0.8441,4.1998,C,07/25/2025 12:38:23 PM,0.0000,-0.0008,0.0,0.0
8264,0,8,  0d 02:17:35.73,  0d 01:12:56.05,0.8417,4.2000,C,07/25/2025 12:38:24 PM,0.0000,-0.0008,0.0,0.0
8265,0,8,  0d 02:17:36.73,  0d 01:12:57.05,0.8377,4.2000,C,07/25/2025 12:38:25 PM,0.0000,-0.0007,0.0,0.0
8266,0,8,  0d 02:17:37.73,  0d 01:12:58.05,0.8353,4.1999,C,07/25/2025 12:38:26 PM,0.0000,-0.0007,0.0,0.0
8267,0,8,  0d 02:17:38.73,  0d 01:12:59.05,0.8322,4.2000,C,07/25/2025 12:38:27 PM,0.0000,-0.0008,0.0,0.0
8268,0,8,  0d 02:17:39.73,  0d 01:13:00.05,0.8283,4.2000,C,07/25/2025 12:38:28 PM,0.0000,-0.0007,0.0,0.0
8269,0,8,  0d 02:17:40.73,  0d 01:13:01.05,0.8231,4.2000,C,07/25/2025 12:38:29 PM,0.0000,-0.0008,0.0,0.0
8270,0,8,  0d 02:17:41.73,  0d 01:13:02.05,0.8206,4.2000,C,07/25/2025 12:38:30 PM,0.0000,-0.0008,0.0,0.0
8271,0,8,  0d 02:17:42.73,  0d 01:13:03.05,0.8170,4.2000,C,07/25/2025 12:38:31 PM,0.0000,-0.0007,0.0,0.0
8272,0,8,  0d 02:17:43.73,  0d 01:13:04.05,0.8142,4.1999,C,07/25/2025 12:38:32 PM,0.0000,-0.0007,0.0,0.0
8273,0,8,  0d 02:17:44.73,  0d 01:13:05.05,0.8106,4.2000,C,07/25/2025 12:38:33 PM,0.0000,-0.0008,0.0,0.0
8274,0,8,  0d 02:17:45.73,  0d 01:13:06.05,0.8072,4.2000,C,07/25/2025 12:38:34 PM,0.0000,-0.0007,0.0,0.0
8275,0,8,  0d 02:17:46.73,  0d 01:13:07.05,0.8026,4.2000,C,07/25/2025 12:38:35 PM,0.0000,-0.0007,0.0,0.0
8276,0,8,  0d 02:17:47.73,  0d 01:13:08.05,0.8002,4.2001,C,07/25/2025 12:38:36 PM,0.0000,-0.0010,0.0,0.0
8277,0,8,  0d 02:17:48.73,  0d 01:13:09.05,0.7980,4.1999,C,07/25/2025 12:38:37 PM,0.0000,-0.0008,0.0,0.0
8278,0,8,  0d 02:17:49.73,  0d 01:13:10.05,0.7947,4.2000,C,07/25/2025 12:38:38 PM,0.0000,-0.0008,0.0,0.0
8279,0,8,  0d 02:17:50.73,  0d 01:13:11.05,0.7892,4.1999,C,07/25/2025 12:38:39 PM,0.0000,-0.0008,0.0,0.0
8280,0,8,  0d 02:17:51.73,  0d 01:13:12.05,0.7861,4.2000,C,07/25/2025 12:38:40 PM,0.0000,-0.0007,0.0,0.0
8281,0,8,  0d 02:17:52.73,  0d 01:13:13.05,0.7816,4.2000,C,07/25/2025 12:38:41 PM,0.0000,-0.0005,0.0,0.0
8282,0,8,  0d 02:17:53.73,  0d 01:13:14.05,0.7779,4.2000,C,07/25/2025 12:38:43 PM,0.0000,-0.0008,0.0,0.0
8283,0,8,  0d 02:17:54.73,  0d 01:13:15.05,0.7785,4.1999,C,07/25/2025 12:38:43 PM,0.0000,-0.0010,0.0,0.0
8284,0,8,  0d 02:17:55.73,  0d 01:13:16.05,0.7739,4.2000,C,07/25/2025 12:38:44 PM,0.0000,-0.0007,0.0,0.0
8285,0,8,  0d 02:17:56.73,  0d 01:13:17.05,0.7694,4.2000,C,07/25/2025 12:38:45 PM,0.0000,-0.0008,0.0,0.0
8286,0,8,  0d 02:17:57.73,  0d 01:13:18.05,0.7697,4.2000,C,07/25/2025 12:38:46 PM,0.0000,-0.0007,0.0,0.0
8287,0,8,  0d 02:17:58.73,  0d 01:13:19.05,0.7633,4.2000,C,07/25/2025 12:38:47 PM,0.0000,-0.0008,0.0,0.0
8288,0,8,  0d 02:17:59.73,  0d 01:13:20.05,0.7620,4.2000,C,07/25/2025 12:38:48 PM,0.0000,-0.0008,0.0,0.0
8289,0,8,  0d 02:18:00.73,  0d 01:13:21.05,0.7593,4.1999,C,07/25/2025 12:38:49 PM,0.0000,-0.0008,0.0,0.0
8290,0,8,  0d 02:18:01.73,  0d 01:13:22.05,0.7547,4.2000,C,07/25/2025 12:38:50 PM,0.0000,-0.0008,0.0,0.0
8291,0,8,  0d 02:18:02.73,  0d 01:13:23.05,0.7498,4.1998,C,07/25/2025 12:38:51 PM,0.0000,-0.0008,0.0,0.0
8292,0,8,  0d 02:18:03.73,  0d 01:13:24.05,0.7483,4.2000,C,07/25/2025 12:38:53 PM,0.0000,-0.0007,0.0,0.0
8293,0,8,  0d 02:18:04.73,  0d 01:13:25.05,0.7456,4.2000,C,07/25/2025 12:38:53 PM,0.0000,-0.0008,0.0,0.0
8294,0,8,  0d 02:18:05.73,  0d 01:13:26.05,0.7443,4.1999,C,07/25/2025 12:38:54 PM,0.0000,-0.0007,0.0,0.0
8295,0,8,  0d 02:18:06.73,  0d 01:13:27.05,0.7401,4.2000,C,07/25/2025 12:38:55 PM,0.0000,-0.0007,0.0,0.0
8296,0,8,  0d 02:18:07.73,  0d 01:13:28.05,0.7358,4.2000,C,07/25/2025 12:38:56 PM,0.0000,-0.0008,0.0,0.0
8297,0,8,  0d 02:18:08.73,  0d 01:13:29.05,0.7358,4.2000,C,07/25/2025 12:38:57 PM,0.0000,-0.0007,0.0,0.0
8298,0,8,  0d 02:18:09.73,  0d 01:13:30.05,0.7321,4.2000,C,07/25/2025 12:38:58 PM,0.0000,-0.0007,0.0,0.0
8299,0,8,  0d 02:18:10.73,  0d 01:13:31.05,0.7294,4.2000,C,07/25/2025 12:38:59 PM,0.0000,-0.0008,0.0,0.0
8300,0,8,  0d 02:18:11.73,  0d 01:13:32.05,0.7221,4.1998,C,07/25/2025 12:39:00 PM,0.0000,-0.0007,0.0,0.0
8301,0,8,  0d 02:18:12.73,  0d 01:13:33.05,0.7218,4.1998,C,07/25/2025 12:39:01 PM,0.0000,-0.0007,0.0,0.0
8302,0,8,  0d 02:18:13.73,  0d 01:13:34.05,0.7211,4.2000,C,07/25/2025 12:39:03 PM,0.0000,-0.0008,0.0,0.0
8303,0,8,  0d 02:18:14.73,  0d 01:13:35.05,0.7160,4.2000,C,07/25/2025 12:39:03 PM,0.0000,-0.0008,0.0,0.0
8304,0,8,  0d 02:18:15.73,  0d 01:13:36.05,0.7144,4.1999,C,07/25/2025 12:39:04 PM,0.0000,-0.0007,0.0,0.0
8305,0,8,  0d 02:18:16.73,  0d 01:13:37.05,0.7077,4.1999,C,07/25/2025 12:39:05 PM,0.0000,-0.0007,0.0,0.0
8306,0,8,  0d 02:18:17.73,  0d 01:13:38.05,0.7095,4.2000,C,07/25/2025 12:39:06 PM,0.0000,-0.0008,0.0,0.0
8307,0,8,  0d 02:18:18.73,  0d 01:13:39.05,0.7041,4.1999,C,07/25/2025 12:39:07 PM,0.0000,-0.0008,0.0,0.0
8308,0,8,  0d 02:18:19.73,  0d 01:13:40.05,0.7034,4.2000,C,07/25/2025 12:39:08 PM,0.0000,-0.0008,0.0,0.0
8309,0,8,  0d 02:18:20.73,  0d 01:13:41.05,0.7001,4.2000,C,07/25/2025 12:39:09 PM,0.0000,-0.0008,0.0,0.0
8310,0,8,  0d 02:18:21.73,  0d 01:13:42.05,0.6961,4.1999,C,07/25/2025 12:39:10 PM,0.0000,-0.0008,0.0,0.0
8311,0,8,  0d 02:18:22.73,  0d 01:13:43.05,0.6934,4.1999,C,07/25/2025 12:39:11 PM,0.0000,-0.0008,0.0,0.0
8312,0,8,  0d 02:18:23.73,  0d 01:13:44.05,0.6915,4.2000,C,07/25/2025 12:39:13 PM,0.0000,-0.0008,0.0,0.0
8313,0,8,  0d 02:18:24.73,  0d 01:13:45.05,0.6873,4.1999,C,07/25/2025 12:39:13 PM,0.0000,-0.0008,0.0,0.0
8314,0,8,  0d 02:18:25.73,  0d 01:13:46.05,0.6851,4.2000,C,07/25/2025 12:39:14 PM,0.0000,-0.0008,0.0,0.0
8315,0,8,  0d 02:18:26.73,  0d 01:13:47.05,0.6824,4.1999,C,07/25/2025 12:39:15 PM,0.0000,-0.0010,0.0,0.0
8316,0,8,  0d 02:18:27.73,  0d 01:13:48.05,0.6799,4.2000,C,07/25/2025 12:39:16 PM,0.0000,-0.0008,0.0,0.0
8317,0,8,  0d 02:18:28.73,  0d 01:13:49.05,0.6772,4.2000,C,07/25/2025 12:39:17 PM,0.0000,-0.0008,0.0,0.0
8318,0,8,  0d 02:18:29.73,  0d 01:13:50.05,0.6726,4.2000,C,07/25/2025 12:39:18 PM,0.0000,-0.0005,0.0,0.0
8319,0,8,  0d 02:18:30.73,  0d 01:13:51.05,0.6711,4.2000,C,07/25/2025 12:39:19 PM,0.0000,-0.0007,0.0,0.0
8320,0,8,  0d 02:18:31.73,  0d 01:13:52.05,0.6668,4.2000,C,07/25/2025 12:39:20 PM,0.0000,-0.0008,0.0,0.0
8321,0,8,  0d 02:18:32.73,  0d 01:13:53.05,0.6641,4.1999,C,07/25/2025 12:39:21 PM,0.0000,-0.0007,0.0,0.0
8322,0,8,  0d 02:18:33.73,  0d 01:13:54.05,0.6625,4.2000,C,07/25/2025 12:39:23 PM,0.0000,-0.0007,0.0,0.0
8323,0,8,  0d 02:18:34.73,  0d 01:13:55.05,0.6583,4.1999,C,07/25/2025 12:39:23 PM,0.0000,-0.0008,0.0,0.0
8324,0,8,  0d 02:18:35.73,  0d 01:13:56.05,0.6558,4.2000,C,07/25/2025 12:39:24 PM,0.0000,-0.0008,0.0,0.0
8325,0,8,  0d 02:18:36.73,  0d 01:13:57.05,0.6543,4.2000,C,07/25/2025 12:39:25 PM,0.0000,-0.0008,0.0,0.0
8326,0,8,  0d 02:18:37.73,  0d 01:13:58.05,0.6528,4.1999,C,07/25/2025 12:39:26 PM,0.0000,-0.0008,0.0,0.0
8327,0,8,  0d 02:18:38.73,  0d 01:13:59.05,0.6488,4.2000,C,07/25/2025 12:39:27 PM,0.0000,-0.0008,0.0,0.0
8328,0,8,  0d 02:18:39.73,  0d 01:14:00.05,0.6455,4.1998,C,07/25/2025 12:39:28 PM,0.0000,-0.0007,0.0,0.0
8329,0,8,  0d 02:18:40.73,  0d 01:14:01.05,0.6442,4.2000,C,07/25/2025 12:39:29 PM,0.0000,-0.0008,0.0,0.0
8330,0,8,  0d 02:18:41.73,  0d 01:14:02.05,0.6421,4.2000,C,07/25/2025 12:39:30 PM,0.0000,-0.0007,0.0,0.0
8331,0,8,  0d 02:18:42.73,  0d 01:14:03.05,0.6366,4.1999,C,07/25/2025 12:39:31 PM,0.0000,-0.0008,0.0,0.0
8332,0,8,  0d 02:18:43.73,  0d 01:14:04.05,0.6366,4.2000,C,07/25/2025 12:39:32 PM,0.0000,-0.0007,0.0,0.0
8333,0,8,  0d 02:18:44.73,  0d 01:14:05.05,0.6336,4.1999,C,07/25/2025 12:39:33 PM,0.0000,-0.0008,0.0,0.0
8334,0,8,  0d 02:18:45.73,  0d 01:14:06.05,0.6305,4.2000,C,07/25/2025 12:39:34 PM,0.0000,-0.0007,0.0,0.0
8335,0,8,  0d 02:18:46.73,  0d 01:14:07.05,0.6262,4.1999,C,07/25/2025 12:39:35 PM,0.0000,-0.0008,0.0,0.0
8336,0,8,  0d 02:18:47.73,  0d 01:14:08.05,0.6253,4.2000,C,07/25/2025 12:39:36 PM,0.0000,-0.0007,0.0,0.0
8337,0,8,  0d 02:18:48.73,  0d 01:14:09.05,0.6223,4.1999,C,07/25/2025 12:39:37 PM,0.0000,-0.0008,0.0,0.0
8338,0,8,  0d 02:18:49.73,  0d 01:14:10.05,0.6192,4.2000,C,07/25/2025 12:39:38 PM,0.0000,-0.0008,0.0,0.0
8339,0,8,  0d 02:18:50.73,  0d 01:14:11.05,0.6168,4.2000,C,07/25/2025 12:39:39 PM,0.0000,-0.0008,0.0,0.0
8340,0,8,  0d 02:18:51.73,  0d 01:14:12.05,0.6152,4.1999,C,07/25/2025 12:39:40 PM,0.0000,-0.0008,0.0,0.0
8341,0,8,  0d 02:18:52.73,  0d 01:14:13.05,0.6143,4.2000,C,07/25/2025 12:39:41 PM,0.0000,-0.0008,0.0,0.0
8342,0,8,  0d 02:18:53.73,  0d 01:14:14.05,0.6104,4.2000,C,07/25/2025 12:39:42 PM,0.0000,-0.0008,0.0,0.0
8343,0,8,  0d 02:18:54.73,  0d 01:14:15.05,0.6104,4.2000,C,07/25/2025 12:39:43 PM,0.0000,-0.0008,0.0,0.0
8344,0,8,  0d 02:18:55.73,  0d 01:14:16.05,0.6061,4.2000,C,07/25/2025 12:39:44 PM,0.0000,-0.0008,0.0,0.0
8345,0,8,  0d 02:18:56.73,  0d 01:14:17.05,0.6021,4.1999,C,07/25/2025 12:39:45 PM,0.0000,-0.0007,0.0,0.0
8346,0,8,  0d 02:18:57.73,  0d 01:14:18.05,0.6027,4.2000,C,07/25/2025 12:39:46 PM,0.0000,-0.0007,0.0,0.0
8347,0,8,  0d 02:18:58.73,  0d 01:14:19.05,0.5994,4.2000,C,07/25/2025 12:39:47 PM,0.0000,-0.0007,0.0,0.0
8348,0,8,  0d 02:18:59.73,  0d 01:14:20.05,0.5954,4.2000,C,07/25/2025 12:39:48 PM,0.0000,-0.0008,0.0,0.0
8349,0,8,  0d 02:19:00.73,  0d 01:14:21.05,0.5914,4.2000,C,07/25/2025 12:39:49 PM,0.0000,-0.0008,0.0,0.0
8350,0,8,  0d 02:19:01.73,  0d 01:14:22.05,0.5917,4.2000,C,07/25/2025 12:39:50 PM,0.0000,-0.0007,0.0,0.0
8351,0,8,  0d 02:19:02.73,  0d 01:14:23.05,0.5911,4.2000,C,07/25/2025 12:39:51 PM,0.0000,-0.0007,0.0,0.0
8352,0,8,  0d 02:19:03.73,  0d 01:14:24.05,0.5878,4.2000,C,07/25/2025 12:39:52 PM,0.0000,-0.0007,0.0,0.0
8353,0,8,  0d 02:19:04.73,  0d 01:14:25.05,0.5856,4.2000,C,07/25/2025 12:39:54 PM,0.0000,-0.0007,0.0,0.0
8354,0,8,  0d 02:19:05.73,  0d 01:14:26.05,0.5829,4.1999,C,07/25/2025 12:39:54 PM,0.0000,-0.0008,0.0,0.0
8355,0,8,  0d 02:19:06.73,  0d 01:14:27.05,0.5792,4.1999,C,07/25/2025 12:39:55 PM,0.0000,-0.0008,0.0,0.0
8356,0,8,  0d 02:19:07.73,  0d 01:14:28.05,0.5774,4.2000,C,07/25/2025 12:39:56 PM,0.0000,-0.0008,0.0,0.0
8357,0,8,  0d 02:19:08.73,  0d 01:14:29.05,0.5777,4.2000,C,07/25/2025 12:39:57 PM,0.0000,-0.0007,0.0,0.0
8358,0,8,  0d 02:19:09.73,  0d 01:14:30.05,0.5753,4.2000,C,07/25/2025 12:39:58 PM,0.0000,-0.0007,0.0,0.0
8359,0,8,  0d 02:19:10.73,  0d 01:14:31.05,0.5698,4.1999,C,07/25/2025 12:39:59 PM,0.0000,-0.0005,0.0,0.0
8360,0,8,  0d 02:19:11.73,  0d 01:14:32.05,0.5698,4.2000,C,07/25/2025 12:40:00 PM,0.0000,-0.0008,0.0,0.0
8361,0,8,  0d 02:19:12.73,  0d 01:14:33.05,0.5664,4.2000,C,07/25/2025 12:40:01 PM,0.0000,-0.0008,0.0,0.0
8362,0,8,  0d 02:19:13.73,  0d 01:14:34.05,0.5643,4.2000,C,07/25/2025 12:40:02 PM,0.0000,-0.0008,0.0,0.0
8363,0,8,  0d 02:19:14.73,  0d 01:14:35.05,0.5600,4.1999,C,07/25/2025 12:40:04 PM,0.0000,-0.0005,0.0,0.0
8364,0,8,  0d 02:19:15.73,  0d 01:14:36.05,0.5579,4.1998,C,07/25/2025 12:40:04 PM,0.0000,-0.0007,0.0,0.0
8365,0,8,  0d 02:19:16.73,  0d 01:14:37.05,0.5557,4.2000,C,07/25/2025 12:40:05 PM,0.0000,-0.0005,0.0,0.0
8366,0,8,  0d 02:19:17.73,  0d 01:14:38.05,0.5539,4.2000,C,07/25/2025 12:40:06 PM,0.0000,-0.0007,0.0,0.0
8367,0,8,  0d 02:19:18.73,  0d 01:14:39.05,0.5515,4.2000,C,07/25/2025 12:40:07 PM,0.0000,-0.0008,0.0,0.0
8368,0,8,  0d 02:19:19.73,  0d 01:14:40.05,0.5490,4.2000,C,07/25/2025 12:40:08 PM,0.0000,-0.0005,0.0,0.0
8369,0,8,  0d 02:19:20.73,  0d 01:14:41.05,0.5463,4.2000,C,07/25/2025 12:40:09 PM,0.0000,-0.0008,0.0,0.0
8370,0,8,  0d 02:19:21.73,  0d 01:14:42.05,0.5417,4.1999,C,07/25/2025 12:40:10 PM,0.0000,-0.0008,0.0,0.0
8371,0,8,  0d 02:19:22.73,  0d 01:14:43.05,0.5429,4.2000,C,07/25/2025 12:40:11 PM,0.0000,-0.0007,0.0,0.0
8372,0,8,  0d 02:19:23.73,  0d 01:14:44.05,0.5402,4.1999,C,07/25/2025 12:40:12 PM,0.0000,-0.0005,0.0,0.0
8373,0,8,  0d 02:19:24.73,  0d 01:14:45.05,0.5389,4.2000,C,07/25/2025 12:40:14 PM,0.0000,-0.0007,0.0,0.0
8374,0,8,  0d 02:19:25.73,  0d 01:14:46.05,0.5368,4.2000,C,07/25/2025 12:40:14 PM,0.0000,-0.0005,0.0,0.0
8375,0,8,  0d 02:19:26.73,  0d 01:14:47.05,0.5350,4.2000,C,07/25/2025 12:40:15 PM,0.0000,-0.0008,0.0,0.0
8376,0,8,  0d 02:19:27.73,  0d 01:14:48.05,0.5304,4.1999,C,07/25/2025 12:40:16 PM,0.0000,-0.0008,0.0,0.0
8377,0,8,  0d 02:19:28.73,  0d 01:14:49.05,0.5277,4.1998,C,07/25/2025 12:40:17 PM,0.0000,-0.0008,0.0,0.0
8378,0,8,  0d 02:19:29.73,  0d 01:14:50.05,0.5267,4.2000,C,07/25/2025 12:40:18 PM,0.0000,-0.0008,0.0,0.0
8379,0,8,  0d 02:19:30.73,  0d 01:14:51.05,0.5249,4.1999,C,07/25/2025 12:40:19 PM,0.0000,-0.0008,0.0,0.0
8380,0,8,  0d 02:19:31.73,  0d 01:14:52.05,0.5225,4.2000,C,07/25/2025 12:40:20 PM,0.0000,-0.0007,0.0,0.0
8381,0,8,  0d 02:19:32.73,  0d 01:14:53.05,0.5216,4.2000,C,07/25/2025 12:40:21 PM,0.0000,-0.0008,0.0,0.0
8382,0,8,  0d 02:19:33.73,  0d 01:14:54.05,0.5179,4.2000,C,07/25/2025 12:40:22 PM,0.0000,-0.0007,0.0,0.0
8383,0,8,  0d 02:19:34.73,  0d 01:14:55.05,0.5164,4.2000,C,07/25/2025 12:40:24 PM,0.0000,-0.0008,0.0,0.0
8384,0,8,  0d 02:19:35.73,  0d 01:14:56.05,0.5148,4.1999,C,07/25/2025 12:40:24 PM,0.0000,-0.0008,0.0,0.0
8385,0,8,  0d 02:19:36.73,  0d 01:14:57.05,0.5158,4.1999,C,07/25/2025 12:40:25 PM,0.0000,-0.0008,0.0,0.0
8386,0,8,  0d 02:19:37.73,  0d 01:14:58.05,0.5118,4.2000,C,07/25/2025 12:40:26 PM,0.0000,-0.0007,0.0,0.0
8387,0,8,  0d 02:19:38.73,  0d 01:14:59.05,0.5066,4.1999,C,07/25/2025 12:40:27 PM,0.0000,-0.0007,0.0,0.0
8388,0,8,  0d 02:19:39.73,  0d 01:15:00.05,0.5078,4.2000,C,07/25/2025 12:40:28 PM,0.0000,-0.0007,0.0,0.0
8389,0,8,  0d 02:19:40.73,  0d 01:15:01.05,0.5057,4.2000,C,07/25/2025 12:40:29 PM,0.0000,-0.0007,0.0,0.0
8390,0,8,  0d 02:19:41.73,  0d 01:15:02.05,0.4996,4.1999,C,07/25/2025 12:40:30 PM,0.0000,-0.0008,0.0,0.0
8391,0,8,  0d 02:19:42.73,  0d 01:15:03.05,0.5011,4.2000,C,07/25/2025 12:40:31 PM,0.0000,-0.0008,0.0,0.0
8392,0,8,  0d 02:19:43.73,  0d 01:15:04.05,0.4977,4.1999,C,07/25/2025 12:40:32 PM,0.0000,-0.0008,0.0,0.0
8393,0,8,  0d 02:19:44.73,  0d 01:15:05.05,0.4959,4.2000,C,07/25/2025 12:40:34 PM,0.0000,-0.0008,0.0,0.0
8394,0,8,  0d 02:19:45.73,  0d 01:15:06.05,0.4944,4.1999,C,07/25/2025 12:40:34 PM,0.0000,-0.0007,0.0,0.0
8395,0,8,  0d 02:19:46.73,  0d 01:15:07.05,0.4923,4.2000,C,07/25/2025 12:40:35 PM,0.0000,-0.0007,0.0,0.0
8396,0,8,  0d 02:19:47.73,  0d 01:15:08.05,0.4898,4.2000,C,07/25/2025 12:40:36 PM,0.0000,-0.0008,0.0,0.0
8397,0,8,  0d 02:19:48.73,  0d 01:15:09.05,0.4874,4.2000,C,07/25/2025 12:40:37 PM,0.0000,-0.0008,0.0,0.0
8398,0,8,  0d 02:19:49.73,  0d 01:15:10.05,0.4858,4.2000,C,07/25/2025 12:40:38 PM,0.0000,-0.0010,0.0,0.0
8399,0,8,  0d 02:19:50.73,  0d 01:15:11.05,0.4831,4.2000,C,07/25/2025 12:40:39 PM,0.0000,-0.0007,0.0,0.0
8400,0,8,  0d 02:19:51.73,  0d 01:15:12.05,0.4816,4.1999,C,07/25/2025 12:40:40 PM,0.0000,-0.0008,0.0,0.0
8401,0,8,  0d 02:19:52.73,  0d 01:15:13.05,0.4800,4.1999,C,07/25/2025 12:40:41 PM,0.0000,-0.0008,0.0,0.0
8402,0,8,  0d 02:19:53.73,  0d 01:15:14.05,0.4770,4.2000,C,07/25/2025 12:40:42 PM,0.0000,-0.0007,0.0,0.0
8403,0,8,  0d 02:19:54.73,  0d 01:15:15.05,0.4761,4.1999,C,07/25/2025 12:40:43 PM,0.0000,-0.0007,0.0,0.0
8404,0,8,  0d 02:19:55.73,  0d 01:15:16.05,0.4761,4.1999,C,07/25/2025 12:40:44 PM,0.0000,-0.0007,0.0,0.0
8405,0,8,  0d 02:19:56.73,  0d 01:15:17.05,0.4749,4.1999,C,07/25/2025 12:40:45 PM,0.0000,-0.0008,0.0,0.0
8406,0,8,  0d 02:19:57.73,  0d 01:15:18.05,0.4718,4.2000,C,07/25/2025 12:40:46 PM,0.0000,-0.0007,0.0,0.0
8407,0,8,  0d 02:19:58.73,  0d 01:15:19.05,0.4703,4.2000,C,07/25/2025 12:40:47 PM,0.0000,-0.0007,0.0,0.0
8408,0,8,  0d 02:19:59.73,  0d 01:15:20.05,0.4685,4.2000,C,07/25/2025 12:40:48 PM,0.0000,-0.0008,0.0,0.0
8409,0,8,  0d 02:20:00.73,  0d 01:15:21.05,0.4642,4.2000,C,07/25/2025 12:40:49 PM,0.0000,-0.0007,0.0,0.0
8410,0,8,  0d 02:20:01.73,  0d 01:15:22.05,0.4617,4.1998,C,07/25/2025 12:40:50 PM,0.0000,-0.0008,0.0,0.0
8411,0,8,  0d 02:20:02.73,  0d 01:15:23.05,0.4605,4.2000,C,07/25/2025 12:40:51 PM,0.0000,-0.0008,0.0,0.0
8412,0,8,  0d 02:20:03.73,  0d 01:15:24.05,0.4593,4.2000,C,07/25/2025 12:40:52 PM,0.0000,-0.0007,0.0,0.0
8413,0,8,  0d 02:20:04.73,  0d 01:15:25.05,0.4596,4.1999,C,07/25/2025 12:40:53 PM,0.0000,-0.0007,0.0,0.0
8414,0,8,  0d 02:20:05.73,  0d 01:15:26.05,0.4559,4.2000,C,07/25/2025 12:40:54 PM,0.0000,-0.0008,0.0,0.0
8415,0,8,  0d 02:20:06.73,  0d 01:15:27.05,0.4523,4.1999,C,07/25/2025 12:40:55 PM,0.0000,-0.0008,0.0,0.0
8416,0,8,  0d 02:20:07.73,  0d 01:15:28.05,0.4529,4.2000,C,07/25/2025 12:40:56 PM,0.0000,-0.0007,0.0,0.0
8417,0,8,  0d 02:20:08.73,  0d 01:15:29.05,0.4508,4.2001,C,07/25/2025 12:40:57 PM,0.0000,-0.0008,0.0,0.0
8418,0,8,  0d 02:20:09.73,  0d 01:15:30.05,0.4492,4.2000,C,07/25/2025 12:40:58 PM,0.0000,-0.0008,0.0,0.0
8419,0,8,  0d 02:20:10.73,  0d 01:15:31.05,0.4465,4.2000,C,07/25/2025 12:40:59 PM,0.0000,-0.0007,0.0,0.0
8420,0,8,  0d 02:20:11.73,  0d 01:15:32.05,0.4456,4.2000,C,07/25/2025 12:41:00 PM,0.0000,-0.0008,0.0,0.0
8421,0,8,  0d 02:20:12.73,  0d 01:15:33.05,0.4450,4.2000,C,07/25/2025 12:41:01 PM,0.0000,-0.0007,0.0,0.0
8422,0,8,  0d 02:20:13.73,  0d 01:15:34.05,0.4453,4.1999,C,07/25/2025 12:41:02 PM,0.0000,-0.0010,0.0,0.0
8423,0,8,  0d 02:20:14.73,  0d 01:15:35.05,0.4422,4.1998,C,07/25/2025 12:41:03 PM,0.0000,-0.0007,0.0,0.0
8424,0,8,  0d 02:20:15.73,  0d 01:15:36.05,0.4385,4.2000,C,07/25/2025 12:41:05 PM,0.0000,-0.0008,0.0,0.0
8425,0,8,  0d 02:20:16.73,  0d 01:15:37.05,0.4376,4.2001,C,07/25/2025 12:41:05 PM,0.0000,-0.0007,0.0,0.0
8426,0,8,  0d 02:20:17.73,  0d 01:15:38.05,0.4343,4.2000,C,07/25/2025 12:41:06 PM,0.0000,-0.0008,0.0,0.0
8427,0,8,  0d 02:20:18.73,  0d 01:15:39.05,0.4331,4.2000,C,07/25/2025 12:41:07 PM,0.0000,-0.0007,0.0,0.0
8428,0,8,  0d 02:20:19.73,  0d 01:15:40.05,0.4279,4.2000,C,07/25/2025 12:41:08 PM,0.0000,-0.0008,0.0,0.0
8429,0,8,  0d 02:20:20.73,  0d 01:15:41.05,0.4285,4.2000,C,07/25/2025 12:41:09 PM,0.0000,-0.0008,0.0,0.0
8430,0,8,  0d 02:20:21.73,  0d 01:15:42.05,0.4276,4.1999,C,07/25/2025 12:41:10 PM,0.0000,-0.0007,0.0,0.0
8431,0,8,  0d 02:20:22.73,  0d 01:15:43.05,0.4248,4.1999,C,07/25/2025 12:41:11 PM,0.0000,-0.0008,0.0,0.0
8432,0,8,  0d 02:20:23.73,  0d 01:15:44.05,0.4233,4.2000,C,07/25/2025 12:41:12 PM,0.0000,-0.0007,0.0,0.0
8433,0,8,  0d 02:20:24.73,  0d 01:15:45.05,0.4242,4.2000,C,07/25/2025 12:41:13 PM,0.0000,-0.0008,0.0,0.0
8434,0,8,  0d 02:20:25.73,  0d 01:15:46.05,0.4190,4.1999,C,07/25/2025 12:41:15 PM,0.0000,-0.0008,0.0,0.0
8435,0,8,  0d 02:20:26.73,  0d 01:15:47.05,0.4193,4.1998,C,07/25/2025 12:41:15 PM,0.0000,-0.0010,0.0,0.0
8436,0,8,  0d 02:20:27.73,  0d 01:15:48.05,0.4184,4.1999,C,07/25/2025 12:41:16 PM,0.0000,-0.0007,0.0,0.0
8437,0,8,  0d 02:20:28.73,  0d 01:15:49.05,0.4160,4.2000,C,07/25/2025 12:41:17 PM,0.0000,-0.0008,0.0,0.0
8438,0,8,  0d 02:20:29.73,  0d 01:15:50.05,0.4135,4.1998,C,07/25/2025 12:41:18 PM,0.0000,-0.0008,0.0,0.0
8439,0,8,  0d 02:20:30.73,  0d 01:15:51.05,0.4138,4.1999,C,07/25/2025 12:41:19 PM,0.0000,-0.0007,0.0,0.0
8440,0,8,  0d 02:20:31.73,  0d 01:15:52.05,0.4111,4.2000,C,07/25/2025 12:41:20 PM,0.0000,-0.0010,0.0,0.0
8441,0,8,  0d 02:20:32.73,  0d 01:15:53.05,0.4111,4.2000,C,07/25/2025 12:41:21 PM,0.0000,-0.0008,0.0,0.0
8442,0,8,  0d 02:20:33.73,  0d 01:15:54.05,0.4096,4.1999,C,07/25/2025 12:41:22 PM,0.0000,-0.0008,0.0,0.0
8443,0,8,  0d 02:20:34.73,  0d 01:15:55.05,0.4071,4.2000,C,07/25/2025 12:41:23 PM,0.0000,-0.0008,0.0,0.0
8444,0,8,  0d 02:20:35.73,  0d 01:15:56.05,0.4050,4.2000,C,07/25/2025 12:41:25 PM,0.0000,-0.0008,0.0,0.0
8445,0,8,  0d 02:20:36.73,  0d 01:15:57.05,0.4022,4.1999,C,07/25/2025 12:41:25 PM,0.0000,-0.0007,0.0,0.0
8446,0,8,  0d 02:20:37.73,  0d 01:15:58.05,0.3998,4.1999,C,07/25/2025 12:41:26 PM,0.0000,-0.0008,0.0,0.0
8447,0,8,  0d 02:20:38.73,  0d 01:15:59.05,0.4004,4.2000,C,07/25/2025 12:41:27 PM,0.0000,-0.0008,0.0,0.0
8448,0,8,  0d 02:20:39.73,  0d 01:16:00.05,0.3967,4.2000,C,07/25/2025 12:41:28 PM,0.0000,-0.0007,0.0,0.0
8449,0,8,  0d 02:20:40.73,  0d 01:16:01.05,0.3967,4.2000,C,07/25/2025 12:41:29 PM,0.0000,-0.0007,0.0,0.0
8450,0,8,  0d 02:20:41.73,  0d 01:16:02.05,0.3952,4.2000,C,07/25/2025 12:41:30 PM,0.0000,-0.0007,0.0,0.0
8451,0,8,  0d 02:20:42.73,  0d 01:16:03.05,0.3937,4.2000,C,07/25/2025 12:41:31 PM,0.0000,-0.0007,0.0,0.0
8452,0,8,  0d 02:20:43.73,  0d 01:16:04.05,0.3906,4.1999,C,07/25/2025 12:41:32 PM,0.0000,-0.0008,0.0,0.0
8453,0,8,  0d 02:20:44.73,  0d 01:16:05.05,0.3922,4.2000,C,07/25/2025 12:41:33 PM,0.0000,-0.0008,0.0,0.0
8454,0,8,  0d 02:20:45.73,  0d 01:16:06.05,0.3873,4.2000,C,07/25/2025 12:41:35 PM,0.0000,-0.0007,0.0,0.0
8455,0,8,  0d 02:20:46.73,  0d 01:16:07.05,0.3864,4.1998,C,07/25/2025 12:41:35 PM,0.0000,-0.0007,0.0,0.0
8456,0,8,  0d 02:20:47.73,  0d 01:16:08.05,0.3876,4.2000,C,07/25/2025 12:41:36 PM,0.0000,-0.0008,0.0,0.0
8457,0,8,  0d 02:20:48.73,  0d 01:16:09.05,0.3861,4.2000,C,07/25/2025 12:41:37 PM,0.0000,-0.0008,0.0,0.0
8458,0,8,  0d 02:20:49.73,  0d 01:16:10.05,0.3809,4.2000,C,07/25/2025 12:41:38 PM,0.0000,-0.0008,0.0,0.0
8459,0,8,  0d 02:20:50.73,  0d 01:16:11.05,0.3809,4.1999,C,07/25/2025 12:41:39 PM,0.0000,-0.0007,0.0,0.0
8460,0,8,  0d 02:20:51.73,  0d 01:16:12.05,0.3790,4.2000,C,07/25/2025 12:41:40 PM,0.0000,-0.0007,0.0,0.0
8461,0,8,  0d 02:20:52.73,  0d 01:16:13.05,0.3784,4.2000,C,07/25/2025 12:41:41 PM,0.0000,-0.0008,0.0,0.0
8462,0,8,  0d 02:20:53.73,  0d 01:16:14.05,0.3781,4.1999,C,07/25/2025 12:41:42 PM,0.0000,-0.0008,0.0,0.0
8463,0,8,  0d 02:20:54.73,  0d 01:16:15.05,0.3748,4.1998,C,07/25/2025 12:41:43 PM,0.0000,-0.0005,0.0,0.0
8464,0,8,  0d 02:20:55.73,  0d 01:16:16.05,0.3732,4.1999,C,07/25/2025 12:41:45 PM,0.0000,-0.0010,0.0,0.0
8465,0,8,  0d 02:20:56.73,  0d 01:16:17.05,0.3729,4.1999,C,07/25/2025 12:41:45 PM,0.0000,-0.0008,0.0,0.0
8466,0,8,  0d 02:20:57.73,  0d 01:16:18.05,0.3693,4.1999,C,07/25/2025 12:41:46 PM,0.0000,-0.0007,0.0,0.0
8467,0,8,  0d 02:20:58.73,  0d 01:16:19.05,0.3680,4.1998,C,07/25/2025 12:41:47 PM,0.0000,-0.0007,0.0,0.0
8468,0,8,  0d 02:20:59.73,  0d 01:16:20.05,0.3674,4.2000,C,07/25/2025 12:41:48 PM,0.0000,-0.0008,0.0,0.0
8469,0,8,  0d 02:21:00.73,  0d 01:16:21.05,0.3677,4.1999,C,07/25/2025 12:41:49 PM,0.0000,-0.0008,0.0,0.0
8470,0,8,  0d 02:21:01.73,  0d 01:16:22.05,0.3641,4.2000,C,07/25/2025 12:41:50 PM,0.0000,-0.0007,0.0,0.0
8471,0,8,  0d 02:21:02.73,  0d 01:16:23.05,0.3638,4.2000,C,07/25/2025 12:41:51 PM,0.0000,-0.0008,0.0,0.0
8472,0,8,  0d 02:21:03.73,  0d 01:16:24.05,0.3607,4.1999,C,07/25/2025 12:41:52 PM,0.0000,-0.0007,0.0,0.0
8473,0,8,  0d 02:21:04.73,  0d 01:16:25.05,0.3619,4.1998,C,07/25/2025 12:41:53 PM,0.0000,-0.0007,0.0,0.0
8474,0,8,  0d 02:21:05.73,  0d 01:16:26.05,0.3601,4.2000,C,07/25/2025 12:41:54 PM,0.0000,-0.0005,0.0,0.0
8475,0,8,  0d 02:21:06.73,  0d 01:16:27.05,0.3586,4.1999,C,07/25/2025 12:41:55 PM,0.0000,-0.0008,0.0,0.0
8476,0,8,  0d 02:21:07.73,  0d 01:16:28.05,0.3543,4.2000,C,07/25/2025 12:41:56 PM,0.0000,-0.0007,0.0,0.0
8477,0,8,  0d 02:21:08.73,  0d 01:16:29.05,0.3534,4.2000,C,07/25/2025 12:41:57 PM,0.0000,-0.0007,0.0,0.0
8478,0,8,  0d 02:21:09.73,  0d 01:16:30.05,0.3534,4.2000,C,07/25/2025 12:41:58 PM,0.0000,-0.0007,0.0,0.0
8479,0,8,  0d 02:21:10.73,  0d 01:16:31.05,0.3500,4.2000,C,07/25/2025 12:41:59 PM,0.0000,-0.0007,0.0,0.0
8480,0,8,  0d 02:21:11.73,  0d 01:16:32.05,0.3507,4.2000,C,07/25/2025 12:42:00 PM,0.0000,-0.0007,0.0,0.0
8481,0,8,  0d 02:21:12.73,  0d 01:16:33.05,0.3497,4.2000,C,07/25/2025 12:42:01 PM,0.0000,-0.0008,0.0,0.0
8482,0,8,  0d 02:21:13.73,  0d 01:16:34.05,0.3476,4.2000,C,07/25/2025 12:42:02 PM,0.0000,-0.0007,0.0,0.0
8483,0,8,  0d 02:21:14.73,  0d 01:16:35.05,0.3461,4.2000,C,07/25/2025 12:42:03 PM,0.0000,-0.0008,0.0,0.0
8484,0,8,  0d 02:21:15.73,  0d 01:16:36.05,0.3458,4.2000,C,07/25/2025 12:42:04 PM,0.0000,-0.0007,0.0,0.0
8485,0,8,  0d 02:21:16.73,  0d 01:16:37.05,0.3412,4.1999,C,07/25/2025 12:42:05 PM,0.0000,-0.0007,0.0,0.0
8486,0,8,  0d 02:21:17.73,  0d 01:16:38.05,0.3400,4.2000,C,07/25/2025 12:42:06 PM,0.0000,-0.0008,0.0,0.0
8487,0,8,  0d 02:21:18.73,  0d 01:16:39.05,0.3409,4.2000,C,07/25/2025 12:42:07 PM,0.0000,-0.0010,0.0,0.0
8488,0,8,  0d 02:21:19.73,  0d 01:16:40.05,0.3388,4.2000,C,07/25/2025 12:42:08 PM,0.0000,-0.0007,0.0,0.0
8489,0,8,  0d 02:21:20.73,  0d 01:16:41.05,0.3378,4.2000,C,07/25/2025 12:42:09 PM,0.0000,-0.0007,0.0,0.0
8490,0,8,  0d 02:21:21.73,  0d 01:16:42.05,0.3378,4.2000,C,07/25/2025 12:42:10 PM,0.0000,-0.0008,0.0,0.0
8491,0,8,  0d 02:21:22.73,  0d 01:16:43.05,0.3330,4.1997,C,07/25/2025 12:42:11 PM,0.0000,-0.0007,0.0,0.0
8492,0,8,  0d 02:21:23.73,  0d 01:16:44.05,0.3345,4.2000,C,07/25/2025 12:42:12 PM,0.0000,-0.0008,0.0,0.0
8493,0,8,  0d 02:21:24.73,  0d 01:16:45.05,0.3333,4.2000,C,07/25/2025 12:42:13 PM,0.0000,-0.0008,0.0,0.0
8494,0,8,  0d 02:21:25.73,  0d 01:16:46.05,0.3305,4.2000,C,07/25/2025 12:42:14 PM,0.0000,-0.0008,0.0,0.0
8495,0,8,  0d 02:21:26.73,  0d 01:16:47.05,0.3302,4.2000,C,07/25/2025 12:42:16 PM,0.0000,-0.0008,0.0,0.0
8496,0,8,  0d 02:21:27.73,  0d 01:16:48.05,0.3308,4.2000,C,07/25/2025 12:42:16 PM,0.0000,-0.0008,0.0,0.0
8497,0,8,  0d 02:21:28.73,  0d 01:16:49.05,0.3272,4.1999,C,07/25/2025 12:42:17 PM,0.0000,-0.0008,0.0,0.0
8498,0,8,  0d 02:21:29.73,  0d 01:16:50.05,0.3259,4.1999,C,07/25/2025 12:42:18 PM,0.0000,-0.0008,0.0,0.0
8499,0,8,  0d 02:21:30.73,  0d 01:16:51.05,0.3244,4.2000,C,07/25/2025 12:42:19 PM,0.0000,-0.0008,0.0,0.0
8500,0,8,  0d 02:21:31.73,  0d 01:16:52.05,0.3244,4.1999,C,07/25/2025 12:42:20 PM,0.0000,-0.0008,0.0,0.0
8501,0,8,  0d 02:21:32.73,  0d 01:16:53.05,0.3235,4.2000,C,07/25/2025 12:42:21 PM,0.0000,-0.0008,0.0,0.0
8502,0,8,  0d 02:21:33.73,  0d 01:16:54.05,0.3214,4.2000,C,07/25/2025 12:42:22 PM,0.0000,-0.0007,0.0,0.0
8503,0,8,  0d 02:21:34.73,  0d 01:16:55.05,0.3204,4.1999,C,07/25/2025 12:42:23 PM,0.0000,-0.0007,0.0,0.0
8504,0,8,  0d 02:21:35.73,  0d 01:16:56.05,0.3186,4.2000,C,07/25/2025 12:42:24 PM,0.0000,-0.0010,0.0,0.0
8505,0,8,  0d 02:21:36.73,  0d 01:16:57.05,0.3156,4.2000,C,07/25/2025 12:42:26 PM,0.0000,-0.0007,0.0,0.0
8506,0,8,  0d 02:21:37.73,  0d 01:16:58.05,0.3143,4.1999,C,07/25/2025 12:42:26 PM,0.0000,-0.0007,0.0,0.0
8507,0,8,  0d 02:21:38.73,  0d 01:16:59.05,0.3113,4.2000,C,07/25/2025 12:42:27 PM,0.0000,-0.0008,0.0,0.0
8508,0,8,  0d 02:21:39.73,  0d 01:17:00.05,0.3140,4.2000,C,07/25/2025 12:42:28 PM,0.0000,-0.0008,0.0,0.0
8509,0,8,  0d 02:21:40.73,  0d 01:17:01.05,0.3113,4.2000,C,07/25/2025 12:42:29 PM,0.0000,-0.0007,0.0,0.0
8510,0,8,  0d 02:21:41.73,  0d 01:17:02.05,0.3110,4.1999,C,07/25/2025 12:42:30 PM,0.0000,-0.0008,0.0,0.0
8511,0,8,  0d 02:21:42.73,  0d 01:17:03.05,0.3113,4.2000,C,07/25/2025 12:42:31 PM,0.0000,-0.0008,0.0,0.0
8512,0,8,  0d 02:21:43.73,  0d 01:17:04.05,0.3107,4.2000,C,07/25/2025 12:42:32 PM,0.0000,-0.0008,0.0,0.0
8513,0,8,  0d 02:21:44.73,  0d 01:17:05.05,0.3079,4.2000,C,07/25/2025 12:42:33 PM,0.0000,-0.0007,0.0,0.0
8514,0,8,  0d 02:21:45.73,  0d 01:17:06.05,0.3055,4.1999,C,07/25/2025 12:42:34 PM,0.0000,-0.0008,0.0,0.0
8515,0,8,  0d 02:21:46.73,  0d 01:17:07.05,0.3061,4.1999,C,07/25/2025 12:42:36 PM,0.0000,-0.0010,0.0,0.0
8516,0,8,  0d 02:21:47.73,  0d 01:17:08.05,0.3027,4.2000,C,07/25/2025 12:42:36 PM,0.0000,-0.0008,0.0,0.0
8517,0,8,  0d 02:21:48.73,  0d 01:17:09.05,0.3037,4.2000,C,07/25/2025 12:42:37 PM,0.0000,-0.0007,0.0,0.0
8518,0,8,  0d 02:21:49.73,  0d 01:17:10.05,0.3006,4.1999,C,07/25/2025 12:42:38 PM,0.0000,-0.0008,0.0,0.0
8519,0,8,  0d 02:21:50.73,  0d 01:17:11.05,0.3003,4.1998,C,07/25/2025 12:42:39 PM,0.0000,-0.0008,0.0,0.0
8520,0,8,  0d 02:21:51.73,  0d 01:17:12.05,0.2994,4.2000,C,07/25/2025 12:42:40 PM,0.0000,-0.0007,0.0,0.0
8521,0,8,  0d 02:21:52.73,  0d 01:17:13.05,0.2985,4.2000,C,07/25/2025 12:42:41 PM,0.0000,-0.0007,0.0,0.0
8522,0,8,  0d 02:21:53.73,  0d 01:17:14.05,0.2976,4.1999,C,07/25/2025 12:42:42 PM,0.0000,-0.0007,0.0,0.0
8523,0,8,  0d 02:21:54.73,  0d 01:17:15.05,0.2963,4.2000,C,07/25/2025 12:42:43 PM,0.0000,-0.0008,0.0,0.0
8524,0,8,  0d 02:21:55.73,  0d 01:17:16.05,0.2933,4.1999,C,07/25/2025 12:42:44 PM,0.0000,-0.0010,0.0,0.0
8525,0,8,  0d 02:21:56.73,  0d 01:17:17.05,0.2921,4.2000,C,07/25/2025 12:42:46 PM,0.0000,-0.0008,0.0,0.0
8526,0,8,  0d 02:21:57.73,  0d 01:17:18.05,0.2918,4.2000,C,07/25/2025 12:42:46 PM,0.0000,-0.0008,0.0,0.0
8527,0,8,  0d 02:21:58.73,  0d 01:17:19.05,0.2911,4.1999,C,07/25/2025 12:42:47 PM,0.0000,-0.0007,0.0,0.0
8528,0,8,  0d 02:21:59.73,  0d 01:17:20.05,0.2899,4.1999,C,07/25/2025 12:42:48 PM,0.0000,-0.0007,0.0,0.0
8529,0,8,  0d 02:22:00.73,  0d 01:17:21.05,0.2890,4.1999,C,07/25/2025 12:42:49 PM,0.0000,-0.0010,0.0,0.0
8530,0,8,  0d 02:22:01.73,  0d 01:17:22.05,0.2890,4.2000,C,07/25/2025 12:42:50 PM,0.0000,-0.0007,0.0,0.0
8531,0,8,  0d 02:22:02.73,  0d 01:17:23.05,0.2881,4.1999,C,07/25/2025 12:42:51 PM,0.0000,-0.0008,0.0,0.0
8532,0,8,  0d 02:22:03.73,  0d 01:17:24.05,0.2872,4.1998,C,07/25/2025 12:42:52 PM,0.0000,-0.0008,0.0,0.0
8533,0,8,  0d 02:22:04.73,  0d 01:17:25.05,0.2866,4.2000,C,07/25/2025 12:42:53 PM,0.0000,-0.0008,0.0,0.0
8534,0,8,  0d 02:22:05.73,  0d 01:17:26.05,0.2832,4.2000,C,07/25/2025 12:42:54 PM,0.0000,-0.0008,0.0,0.0
8535,0,8,  0d 02:22:06.73,  0d 01:17:27.05,0.2820,4.2000,C,07/25/2025 12:42:56 PM,0.0000,-0.0007,0.0,0.0
8536,0,8,  0d 02:22:07.73,  0d 01:17:28.05,0.2811,4.2000,C,07/25/2025 12:42:56 PM,0.0000,-0.0005,0.0,0.0
8537,0,8,  0d 02:22:08.73,  0d 01:17:29.05,0.2799,4.2000,C,07/25/2025 12:42:57 PM,0.0000,-0.0008,0.0,0.0
8538,0,8,  0d 02:22:09.73,  0d 01:17:30.05,0.2792,4.1998,C,07/25/2025 12:42:58 PM,0.0000,-0.0008,0.0,0.0
8539,0,8,  0d 02:22:10.73,  0d 01:17:31.05,0.2780,4.2000,C,07/25/2025 12:42:59 PM,0.0000,-0.0008,0.0,0.0
8540,0,8,  0d 02:22:11.73,  0d 01:17:32.05,0.2780,4.2000,C,07/25/2025 12:43:00 PM,0.0000,-0.0008,0.0,0.0
8541,0,8,  0d 02:22:12.73,  0d 01:17:33.05,0.2765,4.2000,C,07/25/2025 12:43:01 PM,0.0000,-0.0005,0.0,0.0
8542,0,8,  0d 02:22:13.73,  0d 01:17:34.05,0.2744,4.1999,C,07/25/2025 12:43:02 PM,0.0000,-0.0008,0.0,0.0
8543,0,8,  0d 02:22:14.73,  0d 01:17:35.05,0.2744,4.1999,C,07/25/2025 12:43:03 PM,0.0000,-0.0007,0.0,0.0
8544,0,8,  0d 02:22:15.73,  0d 01:17:36.05,0.2728,4.1999,C,07/25/2025 12:43:04 PM,0.0000,-0.0008,0.0,0.0
8545,0,8,  0d 02:22:16.73,  0d 01:17:37.05,0.2716,4.2000,C,07/25/2025 12:43:05 PM,0.0000,-0.0005,0.0,0.0
8546,0,8,  0d 02:22:17.73,  0d 01:17:38.05,0.2707,4.1999,C,07/25/2025 12:43:06 PM,0.0000,-0.0008,0.0,0.0
8547,0,8,  0d 02:22:18.73,  0d 01:17:39.05,0.2692,4.1999,C,07/25/2025 12:43:07 PM,0.0000,-0.0007,0.0,0.0
8548,0,8,  0d 02:22:19.73,  0d 01:17:40.05,0.2686,4.2000,C,07/25/2025 12:43:08 PM,0.0000,-0.0007,0.0,0.0
8549,0,8,  0d 02:22:20.73,  0d 01:17:41.05,0.2679,4.1999,C,07/25/2025 12:43:09 PM,0.0000,-0.0007,0.0,0.0
8550,0,8,  0d 02:22:21.73,  0d 01:17:42.05,0.2673,4.2000,C,07/25/2025 12:43:10 PM,0.0000,-0.0008,0.0,0.0
8551,0,8,  0d 02:22:22.73,  0d 01:17:43.05,0.2661,4.2000,C,07/25/2025 12:43:11 PM,0.0000,-0.0007,0.0,0.0
8552,0,8,  0d 02:22:23.73,  0d 01:17:44.05,0.2667,4.1999,C,07/25/2025 12:43:12 PM,0.0000,-0.0008,0.0,0.0
8553,0,8,  0d 02:22:24.73,  0d 01:17:45.05,0.2652,4.1998,C,07/25/2025 12:43:13 PM,0.0000,-0.0007,0.0,0.0
8554,0,8,  0d 02:22:25.73,  0d 01:17:46.05,0.2618,4.2000,C,07/25/2025 12:43:14 PM,0.0000,-0.0007,0.0,0.0
8555,0,8,  0d 02:22:26.73,  0d 01:17:47.05,0.2612,4.2000,C,07/25/2025 12:43:15 PM,0.0000,-0.0007,0.0,0.0
8556,0,8,  0d 02:22:27.73,  0d 01:17:48.05,0.2628,4.2001,C,07/25/2025 12:43:16 PM,0.0000,-0.0007,0.0,0.0
8557,0,8,  0d 02:22:28.73,  0d 01:17:49.05,0.2606,4.2000,C,07/25/2025 12:43:17 PM,0.0000,-0.0008,0.0,0.0
8558,0,8,  0d 02:22:29.73,  0d 01:17:50.05,0.2597,4.2000,C,07/25/2025 12:43:18 PM,0.0000,-0.0007,0.0,0.0
8559,0,8,  0d 02:22:30.73,  0d 01:17:51.05,0.2591,4.2000,C,07/25/2025 12:43:19 PM,0.0000,-0.0008,0.0,0.0
8560,0,8,  0d 02:22:31.73,  0d 01:17:52.05,0.2576,4.1999,C,07/25/2025 12:43:20 PM,0.0000,-0.0008,0.0,0.0
8561,0,8,  0d 02:22:32.73,  0d 01:17:53.05,0.2582,4.1999,C,07/25/2025 12:43:21 PM,0.0000,-0.0008,0.0,0.0
8562,0,8,  0d 02:22:33.73,  0d 01:17:54.05,0.2570,4.2000,C,07/25/2025 12:43:22 PM,0.0000,-0.0005,0.0,0.0
8563,0,8,  0d 02:22:34.73,  0d 01:17:55.05,0.2542,4.2000,C,07/25/2025 12:43:23 PM,0.0000,-0.0007,0.0,0.0
8564,0,8,  0d 02:22:35.73,  0d 01:17:56.05,0.2530,4.1999,C,07/25/2025 12:43:24 PM,0.0000,-0.0007,0.0,0.0
8565,0,8,  0d 02:22:36.73,  0d 01:17:57.05,0.2521,4.2000,C,07/25/2025 12:43:25 PM,0.0000,-0.0005,0.0,0.0
8566,0,8,  0d 02:22:37.73,  0d 01:17:58.05,0.2506,4.1999,C,07/25/2025 12:43:27 PM,0.0000,-0.0005,0.0,0.0
8567,0,8,  0d 02:22:38.73,  0d 01:17:59.05,0.2493,4.1999,C,07/25/2025 12:43:27 PM,0.0000,-0.0008,0.0,0.0
8568,0,8,  0d 02:22:39.73,  0d 01:18:00.05,0.2487,4.1999,C,07/25/2025 12:43:28 PM,0.0000,-0.0008,0.0,0.0
8569,0,8,  0d 02:22:40.73,  0d 01:18:01.05,0.2496,4.2000,C,07/25/2025 12:43:29 PM,0.0000,-0.0007,0.0,0.0
8570,0,8,  0d 02:22:41.73,  0d 01:18:02.05,0.2496,4.2000,C,07/25/2025 12:43:30 PM,0.0000,-0.0007,0.0,0.0
8571,0,8,  0d 02:22:42.73,  0d 01:18:03.05,0.2451,4.2000,C,07/25/2025 12:43:31 PM,0.0000,-0.0007,0.0,0.0
8572,0,8,  0d 02:22:43.73,  0d 01:18:04.05,0.2463,4.1999,C,07/25/2025 12:43:32 PM,0.0000,-0.0007,0.0,0.0
8573,0,8,  0d 02:22:44.73,  0d 01:18:05.05,0.2463,4.2000,C,07/25/2025 12:43:33 PM,0.0000,-0.0007,0.0,0.0
8574,0,8,  0d 02:22:45.73,  0d 01:18:06.05,0.2444,4.1998,C,07/25/2025 12:43:34 PM,0.0000,-0.0007,0.0,0.0
8575,0,8,  0d 02:22:46.73,  0d 01:18:07.05,0.2435,4.2000,C,07/25/2025 12:43:35 PM,0.0000,-0.0007,0.0,0.0
8576,0,8,  0d 02:22:47.73,  0d 01:18:08.05,0.2429,4.1999,C,07/25/2025 12:43:37 PM,0.0000,-0.0007,0.0,0.0
8577,0,8,  0d 02:22:48.73,  0d 01:18:09.05,0.2417,4.2000,C,07/25/2025 12:43:37 PM,0.0000,-0.0008,0.0,0.0
8578,0,8,  0d 02:22:49.73,  0d 01:18:10.05,0.2411,4.2000,C,07/25/2025 12:43:38 PM,0.0000,-0.0007,0.0,0.0
8579,0,8,  0d 02:22:50.73,  0d 01:18:11.05,0.2429,4.2000,C,07/25/2025 12:43:39 PM,0.0000,-0.0005,0.0,0.0
8580,0,8,  0d 02:22:51.73,  0d 01:18:12.05,0.2408,4.2000,C,07/25/2025 12:43:40 PM,0.0000,-0.0008,0.0,0.0
8581,0,8,  0d 02:22:52.73,  0d 01:18:13.05,0.2396,4.1999,C,07/25/2025 12:43:41 PM,0.0000,-0.0007,0.0,0.0
8582,0,8,  0d 02:22:53.73,  0d 01:18:14.05,0.2387,4.2000,C,07/25/2025 12:43:42 PM,0.0000,-0.0008,0.0,0.0
8583,0,8,  0d 02:22:54.73,  0d 01:18:15.05,0.2371,4.1999,C,07/25/2025 12:43:43 PM,0.0000,-0.0007,0.0,0.0
8584,0,8,  0d 02:22:55.73,  0d 01:18:16.05,0.2353,4.2000,C,07/25/2025 12:43:44 PM,0.0000,-0.0007,0.0,0.0
8585,0,8,  0d 02:22:56.73,  0d 01:18:17.05,0.2356,4.2000,C,07/25/2025 12:43:45 PM,0.0000,-0.0008,0.0,0.0
8586,0,8,  0d 02:22:57.73,  0d 01:18:18.05,0.2329,4.1999,C,07/25/2025 12:43:47 PM,0.0000,-0.0007,0.0,0.0
8587,0,8,  0d 02:22:58.73,  0d 01:18:19.05,0.2319,4.1999,C,07/25/2025 12:43:47 PM,0.0000,-0.0007,0.0,0.0
8588,0,8,  0d 02:22:59.73,  0d 01:18:20.05,0.2338,4.1998,C,07/25/2025 12:43:48 PM,0.0000,-0.0008,0.0,0.0
8589,0,8,  0d 02:23:00.73,  0d 01:18:21.05,0.2325,4.2000,C,07/25/2025 12:43:49 PM,0.0000,-0.0005,0.0,0.0
8590,0,8,  0d 02:23:01.73,  0d 01:18:22.05,0.2310,4.1999,C,07/25/2025 12:43:50 PM,0.0000,-0.0007,0.0,0.0
8591,0,8,  0d 02:23:02.73,  0d 01:18:23.05,0.2298,4.1999,C,07/25/2025 12:43:51 PM,0.0000,-0.0007,0.0,0.0
8592,0,8,  0d 02:23:03.73,  0d 01:18:24.05,0.2292,4.1999,C,07/25/2025 12:43:52 PM,0.0000,-0.0007,0.0,0.0
8593,0,8,  0d 02:23:04.73,  0d 01:18:25.05,0.2283,4.2000,C,07/25/2025 12:43:53 PM,0.0000,-0.0007,0.0,0.0
8594,0,8,  0d 02:23:05.73,  0d 01:18:26.05,0.2289,4.2000,C,07/25/2025 12:43:54 PM,0.0000,-0.0010,0.0,0.0
8595,0,8,  0d 02:23:06.73,  0d 01:18:27.05,0.2246,4.1999,C,07/25/2025 12:43:55 PM,0.0000,-0.0008,0.0,0.0
8596,0,8,  0d 02:23:07.73,  0d 01:18:28.05,0.2237,4.1999,C,07/25/2025 12:43:57 PM,0.0000,-0.0007,0.0,0.0
8597,0,8,  0d 02:23:08.73,  0d 01:18:29.05,0.2237,4.2000,C,07/25/2025 12:43:57 PM,0.0000,-0.0008,0.0,0.0
8598,0,8,  0d 02:23:09.73,  0d 01:18:30.05,0.2237,4.1998,C,07/25/2025 12:43:58 PM,0.0000,-0.0008,0.0,0.0
8599,0,8,  0d 02:23:10.73,  0d 01:18:31.05,0.2231,4.1999,C,07/25/2025 12:43:59 PM,0.0000,-0.0008,0.0,0.0
8600,0,8,  0d 02:23:11.73,  0d 01:18:32.05,0.2213,4.2000,C,07/25/2025 12:44:00 PM,0.0000,-0.0007,0.0,0.0
8601,0,8,  0d 02:23:12.73,  0d 01:18:33.05,0.2219,4.2000,C,07/25/2025 12:44:01 PM,0.0000,-0.0007,0.0,0.0
8602,0,8,  0d 02:23:13.73,  0d 01:18:34.05,0.2200,4.1999,C,07/25/2025 12:44:02 PM,0.0000,-0.0007,0.0,0.0
8603,0,8,  0d 02:23:14.73,  0d 01:18:35.05,0.2194,4.2000,C,07/25/2025 12:44:03 PM,0.0000,-0.0008,0.0,0.0
8604,0,8,  0d 02:23:15.73,  0d 01:18:36.05,0.2197,4.2000,C,07/25/2025 12:44:04 PM,0.0000,-0.0007,0.0,0.0
8605,0,8,  0d 02:23:16.73,  0d 01:18:37.05,0.2179,4.1999,C,07/25/2025 12:44:05 PM,0.0000,-0.0010,0.0,0.0
8606,0,8,  0d 02:23:17.73,  0d 01:18:38.05,0.2164,4.1999,C,07/25/2025 12:44:07 PM,0.0000,-0.0008,0.0,0.0
8607,0,8,  0d 02:23:18.73,  0d 01:18:39.05,0.2130,4.1999,C,07/25/2025 12:44:07 PM,0.0000,-0.0007,0.0,0.0
8608,0,8,  0d 02:23:19.73,  0d 01:18:40.05,0.2152,4.2000,C,07/25/2025 12:44:08 PM,0.0000,-0.0007,0.0,0.0
8609,0,8,  0d 02:23:20.73,  0d 01:18:41.05,0.2127,4.1999,C,07/25/2025 12:44:09 PM,0.0000,-0.0007,0.0,0.0
8610,0,8,  0d 02:23:21.73,  0d 01:18:42.05,0.2130,4.2000,C,07/25/2025 12:44:10 PM,0.0000,-0.0007,0.0,0.0
8611,0,8,  0d 02:23:22.73,  0d 01:18:43.05,0.2139,4.1999,C,07/25/2025 12:44:11 PM,0.0000,-0.0008,0.0,0.0
8612,0,8,  0d 02:23:23.73,  0d 01:18:44.05,0.2106,4.1999,C,07/25/2025 12:44:12 PM,0.0000,-0.0008,0.0,0.0
8613,0,8,  0d 02:23:24.73,  0d 01:18:45.05,0.2084,4.1998,C,07/25/2025 12:44:13 PM,0.0000,-0.0007,0.0,0.0
8614,0,8,  0d 02:23:25.73,  0d 01:18:46.05,0.2112,4.1999,C,07/25/2025 12:44:14 PM,0.0000,-0.0007,0.0,0.0
8615,0,8,  0d 02:23:26.73,  0d 01:18:47.05,0.2097,4.2000,C,07/25/2025 12:44:15 PM,0.0000,-0.0010,0.0,0.0
8616,0,8,  0d 02:23:27.73,  0d 01:18:48.05,0.2115,4.2001,C,07/25/2025 12:44:17 PM,0.0000,-0.0007,0.0,0.0
8617,0,8,  0d 02:23:28.73,  0d 01:18:49.05,0.2066,4.2000,C,07/25/2025 12:44:17 PM,0.0000,-0.0007,0.0,0.0
8618,0,8,  0d 02:23:29.73,  0d 01:18:50.05,0.2084,4.2000,C,07/25/2025 12:44:18 PM,0.0000,-0.0008,0.0,0.0
8619,0,8,  0d 02:23:30.73,  0d 01:18:51.05,0.2063,4.1998,C,07/25/2025 12:44:19 PM,0.0000,-0.0008,0.0,0.0
8620,0,8,  0d 02:23:31.73,  0d 01:18:52.05,0.2069,4.2000,C,07/25/2025 12:44:20 PM,0.0000,-0.0008,0.0,0.0
8621,0,8,  0d 02:23:32.73,  0d 01:18:53.05,0.2051,4.2000,C,07/25/2025 12:44:21 PM,0.0000,-0.0008,0.0,0.0
8622,0,8,  0d 02:23:33.73,  0d 01:18:54.05,0.2066,4.2000,C,07/25/2025 12:44:22 PM,0.0000,-0.0008,0.0,0.0
8623,0,8,  0d 02:23:34.73,  0d 01:18:55.05,0.2054,4.1999,C,07/25/2025 12:44:23 PM,0.0000,-0.0008,0.0,0.0
8624,0,8,  0d 02:23:35.73,  0d 01:18:56.05,0.2036,4.2000,C,07/25/2025 12:44:24 PM,0.0000,-0.0008,0.0,0.0
8625,0,8,  0d 02:23:36.73,  0d 01:18:57.05,0.2033,4.1999,C,07/25/2025 12:44:25 PM,0.0000,-0.0008,0.0,0.0
8626,0,8,  0d 02:23:37.73,  0d 01:18:58.05,0.2026,4.2000,C,07/25/2025 12:44:26 PM,0.0000,-0.0008,0.0,0.0
8627,0,8,  0d 02:23:38.73,  0d 01:18:59.05,0.2014,4.1999,C,07/25/2025 12:44:27 PM,0.0000,-0.0010,0.0,0.0
8628,0,8,  0d 02:23:39.73,  0d 01:19:00.05,0.2008,4.1999,C,07/25/2025 12:44:28 PM,0.0000,-0.0008,0.0,0.0
8629,0,8,  0d 02:23:40.73,  0d 01:19:01.05,0.2008,4.1999,C,07/25/2025 12:44:29 PM,0.0000,-0.0008,0.0,0.0
8630,0,8,  0d 02:23:41.73,  0d 01:19:02.05,0.1990,4.2000,C,07/25/2025 12:44:30 PM,0.0000,-0.0010,0.0,0.0
8631,0,8,  0d 02:23:42.73,  0d 01:19:03.05,0.1981,4.2000,C,07/25/2025 12:44:31 PM,0.0000,-0.0007,0.0,0.0
8632,0,8,  0d 02:23:43.73,  0d 01:19:04.05,0.1996,4.2000,C,07/25/2025 12:44:32 PM,0.0000,-0.0007,0.0,0.0
8633,0,8,  0d 02:23:44.73,  0d 01:19:05.05,0.1956,4.2000,C,07/25/2025 12:44:33 PM,0.0000,-0.0007,0.0,0.0
8634,0,8,  0d 02:23:45.73,  0d 01:19:06.05,0.1962,4.2000,C,07/25/2025 12:44:34 PM,0.0000,-0.0008,0.0,0.0
8635,0,8,  0d 02:23:46.73,  0d 01:19:07.05,0.1941,4.1999,C,07/25/2025 12:44:35 PM,0.0000,-0.0008,0.0,0.0
8636,0,8,  0d 02:23:47.73,  0d 01:19:08.05,0.1950,4.2000,C,07/25/2025 12:44:36 PM,0.0000,-0.0008,0.0,0.0
8637,0,8,  0d 02:23:48.73,  0d 01:19:09.05,0.1947,4.2000,C,07/25/2025 12:44:37 PM,0.0000,-0.0010,0.0,0.0
8638,0,8,  0d 02:23:49.73,  0d 01:19:10.05,0.1913,4.2000,C,07/25/2025 12:44:38 PM,0.0000,-0.0010,0.0,0.0
8639,0,8,  0d 02:23:50.73,  0d 01:19:11.05,0.1910,4.1999,C,07/25/2025 12:44:39 PM,0.0000,-0.0008,0.0,0.0
8640,0,8,  0d 02:23:51.73,  0d 01:19:12.05,0.1892,4.2000,C,07/25/2025 12:44:40 PM,0.0000,-0.0008,0.0,0.0
8641,0,8,  0d 02:23:52.73,  0d 01:19:13.05,0.1892,4.2000,C,07/25/2025 12:44:41 PM,0.0000,-0.0008,0.0,0.0
8642,0,8,  0d 02:23:53.73,  0d 01:19:14.05,0.1917,4.2000,C,07/25/2025 12:44:42 PM,0.0000,-0.0008,0.0,0.0
8643,0,8,  0d 02:23:54.73,  0d 01:19:15.05,0.1898,4.2000,C,07/25/2025 12:44:43 PM,0.0000,-0.0008,0.0,0.0
8644,0,8,  0d 02:23:55.73,  0d 01:19:16.05,0.1901,4.2001,C,07/25/2025 12:44:44 PM,0.0000,-0.0007,0.0,0.0
8645,0,8,  0d 02:23:56.73,  0d 01:19:17.05,0.1877,4.1999,C,07/25/2025 12:44:45 PM,0.0000,-0.0007,0.0,0.0
8646,0,8,  0d 02:23:57.73,  0d 01:19:18.05,0.1886,4.2000,C,07/25/2025 12:44:46 PM,0.0000,-0.0007,0.0,0.0
8647,0,8,  0d 02:23:58.73,  0d 01:19:19.05,0.1880,4.1999,C,07/25/2025 12:44:48 PM,0.0000,-0.0007,0.0,0.0
8648,0,8,  0d 02:23:59.73,  0d 01:19:20.05,0.1877,4.2000,C,07/25/2025 12:44:48 PM,0.0000,-0.0007,0.0,0.0
8649,0,8,  0d 02:24:00.73,  0d 01:19:21.05,0.1855,4.1999,C,07/25/2025 12:44:49 PM,0.0000,-0.0007,0.0,0.0
8650,0,8,  0d 02:24:01.73,  0d 01:19:22.05,0.1874,4.2000,C,07/25/2025 12:44:50 PM,0.0000,-0.0007,0.0,0.0
8651,0,8,  0d 02:24:02.73,  0d 01:19:23.05,0.1840,4.1999,C,07/25/2025 12:44:51 PM,0.0000,-0.0008,0.0,0.0
8652,0,8,  0d 02:24:03.73,  0d 01:19:24.05,0.1813,4.2000,C,07/25/2025 12:44:52 PM,0.0000,-0.0008,0.0,0.0
8653,0,8,  0d 02:24:04.73,  0d 01:19:25.05,0.1801,4.1999,C,07/25/2025 12:44:53 PM,0.0000,-0.0007,0.0,0.0
8654,0,8,  0d 02:24:05.73,  0d 01:19:26.05,0.1822,4.1998,C,07/25/2025 12:44:54 PM,0.0000,-0.0010,0.0,0.0
8655,0,8,  0d 02:24:06.73,  0d 01:19:27.05,0.1819,4.2000,C,07/25/2025 12:44:55 PM,0.0000,-0.0008,0.0,0.0
8656,0,8,  0d 02:24:07.73,  0d 01:19:28.05,0.1819,4.1999,C,07/25/2025 12:44:56 PM,0.0000,-0.0007,0.0,0.0
8657,0,8,  0d 02:24:08.73,  0d 01:19:29.05,0.1828,4.1999,C,07/25/2025 12:44:58 PM,0.0000,-0.0008,0.0,0.0
8658,0,8,  0d 02:24:09.73,  0d 01:19:30.05,0.1810,4.2000,C,07/25/2025 12:44:58 PM,0.0000,-0.0008,0.0,0.0
8659,0,8,  0d 02:24:10.73,  0d 01:19:31.05,0.1816,4.2000,C,07/25/2025 12:44:59 PM,0.0000,-0.0010,0.0,0.0
8660,0,8,  0d 02:24:11.73,  0d 01:19:32.05,0.1782,4.1998,C,07/25/2025 12:45:00 PM,0.0000,-0.0005,0.0,0.0
8661,0,8,  0d 02:24:12.73,  0d 01:19:33.05,0.1758,4.1999,C,07/25/2025 12:45:01 PM,0.0000,-0.0008,0.0,0.0
8662,0,8,  0d 02:24:13.73,  0d 01:19:34.05,0.1758,4.2000,C,07/25/2025 12:45:02 PM,0.0000,-0.0008,0.0,0.0
8663,0,8,  0d 02:24:14.73,  0d 01:19:35.05,0.1761,4.2000,C,07/25/2025 12:45:03 PM,0.0000,-0.0008,0.0,0.0
8664,0,8,  0d 02:24:15.73,  0d 01:19:36.05,0.1752,4.1999,C,07/25/2025 12:45:04 PM,0.0000,-0.0007,0.0,0.0
8665,0,8,  0d 02:24:16.73,  0d 01:19:37.05,0.1764,4.1999,C,07/25/2025 12:45:05 PM,0.0000,-0.0008,0.0,0.0
8666,0,8,  0d 02:24:17.73,  0d 01:19:38.05,0.1746,4.1999,C,07/25/2025 12:45:06 PM,0.0000,-0.0007,0.0,0.0
8667,0,8,  0d 02:24:18.73,  0d 01:19:39.05,0.1733,4.2000,C,07/25/2025 12:45:08 PM,0.0000,-0.0008,0.0,0.0
8668,0,8,  0d 02:24:19.73,  0d 01:19:40.05,0.1724,4.1998,C,07/25/2025 12:45:08 PM,0.0000,-0.0008,0.0,0.0
8669,0,8,  0d 02:24:20.73,  0d 01:19:41.05,0.1721,4.1999,C,07/25/2025 12:45:09 PM,0.0000,-0.0008,0.0,0.0
8670,0,8,  0d 02:24:21.73,  0d 01:19:42.05,0.1721,4.1999,C,07/25/2025 12:45:10 PM,0.0000,-0.0008,0.0,0.0
8671,0,8,  0d 02:24:22.73,  0d 01:19:43.05,0.1736,4.1999,C,07/25/2025 12:45:11 PM,0.0000,-0.0007,0.0,0.0
8672,0,8,  0d 02:24:23.73,  0d 01:19:44.05,0.1706,4.2000,C,07/25/2025 12:45:12 PM,0.0000,-0.0007,0.0,0.0
8673,0,8,  0d 02:24:24.73,  0d 01:19:45.05,0.1712,4.2000,C,07/25/2025 12:45:13 PM,0.0000,-0.0007,0.0,0.0
8674,0,8,  0d 02:24:25.73,  0d 01:19:46.05,0.1700,4.1999,C,07/25/2025 12:45:14 PM,0.0000,-0.0007,0.0,0.0
8675,0,8,  0d 02:24:26.73,  0d 01:19:47.05,0.1697,4.1999,C,07/25/2025 12:45:15 PM,0.0000,-0.0007,0.0,0.0
8676,0,8,  0d 02:24:27.73,  0d 01:19:48.05,0.1675,4.2000,C,07/25/2025 12:45:16 PM,0.0000,-0.0008,0.0,0.0
8677,0,8,  0d 02:24:28.73,  0d 01:19:49.05,0.1672,4.2000,C,07/25/2025 12:45:18 PM,0.0000,-0.0005,0.0,0.0
8678,0,8,  0d 02:24:29.73,  0d 01:19:50.05,0.1685,4.2000,C,07/25/2025 12:45:18 PM,0.0000,-0.0008,0.0,0.0
8679,0,8,  0d 02:24:30.73,  0d 01:19:51.05,0.1694,4.1999,C,07/25/2025 12:45:19 PM,0.0000,-0.0007,0.0,0.0
8680,0,8,  0d 02:24:31.73,  0d 01:19:52.05,0.1694,4.1999,C,07/25/2025 12:45:20 PM,0.0000,-0.0008,0.0,0.0
8681,0,8,  0d 02:24:32.73,  0d 01:19:53.05,0.1682,4.2000,C,07/25/2025 12:45:21 PM,0.0000,-0.0007,0.0,0.0
8682,0,8,  0d 02:24:33.73,  0d 01:19:54.05,0.1675,4.1999,C,07/25/2025 12:45:22 PM,0.0000,-0.0008,0.0,0.0
8683,0,8,  0d 02:24:34.73,  0d 01:19:55.05,0.1654,4.1999,C,07/25/2025 12:45:23 PM,0.0000,-0.0007,0.0,0.0
8684,0,8,  0d 02:24:35.73,  0d 01:19:56.05,0.1651,4.1999,C,07/25/2025 12:45:24 PM,0.0000,-0.0008,0.0,0.0
8685,0,8,  0d 02:24:36.73,  0d 01:19:57.05,0.1617,4.1999,C,07/25/2025 12:45:25 PM,0.0000,-0.0007,0.0,0.0
8686,0,8,  0d 02:24:37.73,  0d 01:19:58.05,0.1602,4.1999,C,07/25/2025 12:45:26 PM,0.0000,-0.0007,0.0,0.0
8687,0,8,  0d 02:24:38.73,  0d 01:19:59.05,0.1657,4.1999,C,07/25/2025 12:45:28 PM,0.0000,-0.0010,0.0,0.0
8688,0,8,  0d 02:24:39.73,  0d 01:20:00.05,0.1624,4.1998,C,07/25/2025 12:45:28 PM,0.0000,-0.0007,0.0,0.0
8689,0,8,  0d 02:24:40.73,  0d 01:20:01.05,0.1605,4.2000,C,07/25/2025 12:45:29 PM,0.0000,-0.0008,0.0,0.0
8690,0,8,  0d 02:24:41.73,  0d 01:20:02.05,0.1611,4.1999,C,07/25/2025 12:45:30 PM,0.0000,-0.0008,0.0,0.0
8691,0,8,  0d 02:24:42.73,  0d 01:20:03.05,0.1608,4.2000,C,07/25/2025 12:45:31 PM,0.0000,-0.0008,0.0,0.0
8692,0,8,  0d 02:24:43.73,  0d 01:20:04.05,0.1605,4.1998,C,07/25/2025 12:45:32 PM,0.0000,-0.0008,0.0,0.0
8693,0,8,  0d 02:24:44.73,  0d 01:20:05.05,0.1575,4.1999,C,07/25/2025 12:45:33 PM,0.0000,-0.0007,0.0,0.0
8694,0,8,  0d 02:24:45.73,  0d 01:20:06.05,0.1578,4.1998,C,07/25/2025 12:45:34 PM,0.0000,-0.0007,0.0,0.0
8695,0,8,  0d 02:24:46.73,  0d 01:20:07.05,0.1590,4.1999,C,07/25/2025 12:45:35 PM,0.0000,-0.0007,0.0,0.0
8696,0,8,  0d 02:24:47.73,  0d 01:20:08.05,0.1563,4.1999,C,07/25/2025 12:45:36 PM,0.0000,-0.0005,0.0,0.0
8697,0,8,  0d 02:24:48.73,  0d 01:20:09.05,0.1590,4.1999,C,07/25/2025 12:45:37 PM,0.0000,-0.0007,0.0,0.0
8698,0,8,  0d 02:24:49.73,  0d 01:20:10.05,0.1556,4.2000,C,07/25/2025 12:45:38 PM,0.0000,-0.0007,0.0,0.0
8699,0,8,  0d 02:24:50.73,  0d 01:20:11.05,0.1566,4.1999,C,07/25/2025 12:45:39 PM,0.0000,-0.0007,0.0,0.0
8700,0,8,  0d 02:24:51.73,  0d 01:20:12.05,0.1553,4.1999,C,07/25/2025 12:45:40 PM,0.0000,-0.0010,0.0,0.0
8701,0,8,  0d 02:24:52.73,  0d 01:20:13.05,0.1566,4.2000,C,07/25/2025 12:45:41 PM,0.0000,-0.0010,0.0,0.0
8702,0,8,  0d 02:24:53.73,  0d 01:20:14.05,0.1541,4.2000,C,07/25/2025 12:45:42 PM,0.0000,-0.0008,0.0,0.0
8703,0,8,  0d 02:24:54.73,  0d 01:20:15.05,0.1547,4.1999,C,07/25/2025 12:45:43 PM,0.0000,-0.0008,0.0,0.0
8704,0,8,  0d 02:24:55.73,  0d 01:20:16.05,0.1538,4.1999,C,07/25/2025 12:45:44 PM,0.0000,-0.0007,0.0,0.0
8705,0,8,  0d 02:24:56.73,  0d 01:20:17.05,0.1541,4.1999,C,07/25/2025 12:45:45 PM,0.0000,-0.0010,0.0,0.0
8706,0,8,  0d 02:24:57.73,  0d 01:20:18.05,0.1520,4.1999,C,07/25/2025 12:45:46 PM,0.0000,-0.0008,0.0,0.0
8707,0,8,  0d 02:24:58.73,  0d 01:20:19.05,0.1505,4.2000,C,07/25/2025 12:45:47 PM,0.0000,-0.0007,0.0,0.0
8708,0,8,  0d 02:24:59.73,  0d 01:20:20.05,0.1520,4.2000,C,07/25/2025 12:45:48 PM,0.0000,-0.0010,0.0,0.0
8709,0,8,  0d 02:25:00.73,  0d 01:20:21.05,0.1508,4.2000,C,07/25/2025 12:45:49 PM,0.0000,-0.0007,0.0,0.0
8710,0,8,  0d 02:25:01.73,  0d 01:20:22.05,0.1523,4.2000,C,07/25/2025 12:45:50 PM,0.0000,-0.0008,0.0,0.0
8711,0,8,  0d 02:25:02.73,  0d 01:20:23.05,0.1508,4.1999,C,07/25/2025 12:45:51 PM,0.0000,-0.0008,0.0,0.0
8712,0,8,  0d 02:25:03.73,  0d 01:20:24.05,0.1483,4.1999,C,07/25/2025 12:45:52 PM,0.0000,-0.0007,0.0,0.0
8713,0,8,  0d 02:25:04.73,  0d 01:20:25.05,0.1498,4.2000,C,07/25/2025 12:45:53 PM,0.0000,-0.0008,0.0,0.0
8714,0,8,  0d 02:25:05.73,  0d 01:20:26.05,0.1483,4.2000,C,07/25/2025 12:45:54 PM,0.0000,-0.0005,0.0,0.0
8715,0,8,  0d 02:25:06.73,  0d 01:20:27.05,0.1505,4.1999,C,07/25/2025 12:45:55 PM,0.0000,-0.0007,0.0,0.0
8716,0,8,  0d 02:25:07.73,  0d 01:20:28.05,0.1477,4.2000,C,07/25/2025 12:45:56 PM,0.0000,-0.0007,0.0,0.0
8717,0,8,  0d 02:25:08.73,  0d 01:20:29.05,0.1468,4.1999,C,07/25/2025 12:45:57 PM,0.0000,-0.0008,0.0,0.0
8718,0,8,  0d 02:25:09.73,  0d 01:20:30.05,0.1462,4.2000,C,07/25/2025 12:45:59 PM,0.0000,-0.0007,0.0,0.0
8719,0,8,  0d 02:25:10.73,  0d 01:20:31.05,0.1459,4.1999,C,07/25/2025 12:45:59 PM,0.0000,-0.0008,0.0,0.0
8720,0,8,  0d 02:25:11.73,  0d 01:20:32.05,0.1456,4.2000,C,07/25/2025 12:46:00 PM,0.0000,-0.0007,0.0,0.0
8721,0,8,  0d 02:25:12.73,  0d 01:20:33.05,0.1453,4.1999,C,07/25/2025 12:46:01 PM,0.0000,-0.0008,0.0,0.0
8722,0,8,  0d 02:25:13.73,  0d 01:20:34.05,0.1474,4.2000,C,07/25/2025 12:46:02 PM,0.0000,-0.0008,0.0,0.0
8723,0,8,  0d 02:25:14.73,  0d 01:20:35.05,0.1431,4.1999,C,07/25/2025 12:46:03 PM,0.0000,-0.0007,0.0,0.0
8724,0,8,  0d 02:25:15.73,  0d 01:20:36.05,0.1456,4.2000,C,07/25/2025 12:46:04 PM,0.0000,-0.0007,0.0,0.0
8725,0,8,  0d 02:25:16.73,  0d 01:20:37.05,0.1444,4.2000,C,07/25/2025 12:46:05 PM,0.0000,-0.0007,0.0,0.0
8726,0,8,  0d 02:25:17.73,  0d 01:20:38.05,0.1428,4.1999,C,07/25/2025 12:46:06 PM,0.0000,-0.0007,0.0,0.0
8727,0,8,  0d 02:25:18.73,  0d 01:20:39.05,0.1413,4.1999,C,07/25/2025 12:46:07 PM,0.0000,-0.0007,0.0,0.0
8728,0,8,  0d 02:25:19.73,  0d 01:20:40.05,0.1422,4.2000,C,07/25/2025 12:46:09 PM,0.0000,-0.0008,0.0,0.0
8729,0,8,  0d 02:25:20.73,  0d 01:20:41.05,0.1404,4.2000,C,07/25/2025 12:46:09 PM,0.0000,-0.0008,0.0,0.0
8730,0,8,  0d 02:25:21.73,  0d 01:20:42.05,0.1413,4.1998,C,07/25/2025 12:46:10 PM,0.0000,-0.0008,0.0,0.0
8731,0,8,  0d 02:25:22.73,  0d 01:20:43.05,0.1425,4.2000,C,07/25/2025 12:46:11 PM,0.0000,-0.0008,0.0,0.0
8732,0,8,  0d 02:25:23.73,  0d 01:20:44.05,0.1422,4.1999,C,07/25/2025 12:46:12 PM,0.0000,-0.0007,0.0,0.0
8733,0,8,  0d 02:25:24.73,  0d 01:20:45.05,0.1404,4.2000,C,07/25/2025 12:46:13 PM,0.0000,-0.0007,0.0,0.0
8734,0,8,  0d 02:25:25.73,  0d 01:20:46.05,0.1404,4.2000,C,07/25/2025 12:46:14 PM,0.0000,-0.0007,0.0,0.0
8735,0,8,  0d 02:25:26.73,  0d 01:20:47.05,0.1386,4.2000,C,07/25/2025 12:46:15 PM,0.0000,-0.0008,0.0,0.0
8736,0,8,  0d 02:25:27.73,  0d 01:20:48.05,0.1386,4.2000,C,07/25/2025 12:46:16 PM,0.0000,-0.0008,0.0,0.0
8737,0,8,  0d 02:25:28.73,  0d 01:20:49.05,0.1358,4.2000,C,07/25/2025 12:46:17 PM,0.0000,-0.0008,0.0,0.0
8738,0,8,  0d 02:25:29.73,  0d 01:20:50.05,0.1386,4.2000,C,07/25/2025 12:46:19 PM,0.0000,-0.0007,0.0,0.0
8739,0,8,  0d 02:25:30.73,  0d 01:20:51.05,0.1367,4.2000,C,07/25/2025 12:46:19 PM,0.0000,-0.0010,0.0,0.0
8740,0,8,  0d 02:25:31.73,  0d 01:20:52.05,0.1367,4.2000,C,07/25/2025 12:46:20 PM,0.0000,-0.0005,0.0,0.0
8741,0,8,  0d 02:25:32.73,  0d 01:20:53.05,0.1358,4.2000,C,07/25/2025 12:46:21 PM,0.0000,-0.0007,0.0,0.0
8742,0,8,  0d 02:25:33.73,  0d 01:20:54.05,0.1355,4.2000,C,07/25/2025 12:46:22 PM,0.0000,-0.0008,0.0,0.0
8743,0,8,  0d 02:25:34.73,  0d 01:20:55.05,0.1370,4.2000,C,07/25/2025 12:46:23 PM,0.0000,-0.0007,0.0,0.0
8744,0,8,  0d 02:25:35.73,  0d 01:20:56.05,0.1349,4.2000,C,07/25/2025 12:46:24 PM,0.0000,-0.0008,0.0,0.0
8745,0,8,  0d 02:25:36.73,  0d 01:20:57.05,0.1346,4.2001,C,07/25/2025 12:46:25 PM,0.0000,-0.0007,0.0,0.0
8746,0,8,  0d 02:25:37.73,  0d 01:20:58.05,0.1334,4.2000,C,07/25/2025 12:46:26 PM,0.0000,-0.0008,0.0,0.0
8747,0,8,  0d 02:25:38.73,  0d 01:20:59.05,0.1355,4.2000,C,07/25/2025 12:46:27 PM,0.0000,-0.0007,0.0,0.0
8748,0,8,  0d 02:25:39.73,  0d 01:21:00.05,0.1321,4.2000,C,07/25/2025 12:46:29 PM,0.0000,-0.0008,0.0,0.0
8749,0,8,  0d 02:25:40.73,  0d 01:21:01.05,0.1324,4.2000,C,07/25/2025 12:46:29 PM,0.0000,-0.0008,0.0,0.0
8750,0,8,  0d 02:25:41.73,  0d 01:21:02.05,0.1331,4.1999,C,07/25/2025 12:46:30 PM,0.0000,-0.0007,0.0,0.0
8751,0,8,  0d 02:25:42.73,  0d 01:21:03.05,0.1291,4.1999,C,07/25/2025 12:46:31 PM,0.0000,-0.0007,0.0,0.0
8752,0,8,  0d 02:25:43.73,  0d 01:21:04.05,0.1291,4.2000,C,07/25/2025 12:46:32 PM,0.0000,-0.0007,0.0,0.0
8753,0,8,  0d 02:25:44.73,  0d 01:21:05.05,0.1303,4.1999,C,07/25/2025 12:46:33 PM,0.0000,-0.0007,0.0,0.0
8754,0,8,  0d 02:25:45.73,  0d 01:21:06.05,0.1309,4.1999,C,07/25/2025 12:46:34 PM,0.0000,-0.0007,0.0,0.0
8755,0,8,  0d 02:25:46.73,  0d 01:21:07.05,0.1303,4.2000,C,07/25/2025 12:46:35 PM,0.0000,-0.0007,0.0,0.0
8756,0,8,  0d 02:25:47.73,  0d 01:21:08.05,0.1303,4.2000,C,07/25/2025 12:46:36 PM,0.0000,-0.0007,0.0,0.0
8757,0,8,  0d 02:25:48.73,  0d 01:21:09.05,0.1288,4.1998,C,07/25/2025 12:46:37 PM,0.0000,-0.0010,0.0,0.0
8758,0,8,  0d 02:25:49.73,  0d 01:21:10.05,0.1282,4.1999,C,07/25/2025 12:46:39 PM,0.0000,-0.0008,0.0,0.0
8759,0,8,  0d 02:25:50.73,  0d 01:21:11.05,0.1266,4.2000,C,07/25/2025 12:46:39 PM,0.0000,-0.0007,0.0,0.0
8760,0,8,  0d 02:25:51.73,  0d 01:21:12.05,0.1276,4.2000,C,07/25/2025 12:46:40 PM,0.0000,-0.0007,0.0,0.0
8761,0,8,  0d 02:25:52.73,  0d 01:21:13.05,0.1270,4.1999,C,07/25/2025 12:46:41 PM,0.0000,-0.0008,0.0,0.0
8762,0,8,  0d 02:25:53.12,  0d 01:21:13.44,0.1251,4.2000,C,07/25/2025 12:46:42 PM,0.0000,-0.0007,0.0,0.0
8763,0,9,  0d 02:25:53.12,  0d 01:21:13.44,0.0000,4.1999,O,07/25/2025 12:46:42 PM,0.0000,-0.0007,0.0,0.0
