Rec#,Cyc#,Step,TestTime,StepTime,Amps,Volts,State,DPt Time,X 1,Temp 2,Temp 3,Temp 4,EV Temp,EV Hum,
1,0,1,  0d 00:00:00.00,  0d 00:00:00.00,0.0000,4.1730,R,07/25/2025 10:20:22 AM,0.0000,28.7777,28.4344,28.6465,0.0,0.0
2,0,1,  0d 00:00:01.00,  0d 00:00:01.00,0.0000,4.1728,R,07/25/2025 10:20:23 AM,0.0000,28.7932,28.4344,28.6310,0.0,0.0
3,0,1,  0d 00:00:02.00,  0d 00:00:02.00,0.0000,4.1728,R,07/25/2025 10:20:24 AM,0.0000,28.7932,28.4188,28.6310,0.0,0.0
4,0,1,  0d 00:00:03.00,  0d 00:00:03.00,0.0000,4.1729,R,07/25/2025 10:20:25 AM,0.0000,28.7932,28.4344,28.6310,0.0,0.0
5,0,1,  0d 00:00:04.00,  0d 00:00:04.00,0.0000,4.1728,R,07/25/2025 10:20:26 AM,0.0000,28.7932,28.4344,28.6310,0.0,0.0
6,0,1,  0d 00:00:05.00,  0d 00:00:05.00,0.0000,4.1729,R,07/25/2025 10:20:27 AM,0.0000,28.7932,28.4344,28.6465,0.0,0.0
7,0,1,  0d 00:00:06.00,  0d 00:00:06.00,0.0000,4.1729,R,07/25/2025 10:20:28 AM,0.0000,28.7932,28.4344,28.6310,0.0,0.0
8,0,1,  0d 00:00:07.00,  0d 00:00:07.00,0.0000,4.1730,R,07/25/2025 10:20:29 AM,0.0000,28.7932,28.4344,28.6310,0.0,0.0
9,0,1,  0d 00:00:08.00,  0d 00:00:08.00,0.0000,4.1730,R,07/25/2025 10:20:30 AM,0.0000,28.7932,28.4188,28.6310,0.0,0.0
10,0,1,  0d 00:00:09.00,  0d 00:00:09.00,0.0000,4.1728,R,07/25/2025 10:20:31 AM,0.0000,28.7932,28.4344,28.6310,0.0,0.0
11,0,1,  0d 00:00:10.00,  0d 00:00:10.00,0.0000,4.1728,R,07/25/2025 10:20:32 AM,0.0000,28.7932,28.4344,28.6310,0.0,0.0
12,0,1,  0d 00:00:11.00,  0d 00:00:11.00,0.0000,4.1729,R,07/25/2025 10:20:33 AM,0.0000,28.7932,28.4344,28.6310,0.0,0.0
13,0,1,  0d 00:00:12.00,  0d 00:00:12.00,0.0000,4.1729,R,07/25/2025 10:20:34 AM,0.0000,28.7932,28.4344,28.6310,0.0,0.0
14,0,1,  0d 00:00:13.00,  0d 00:00:13.00,0.0000,4.1728,R,07/25/2025 10:20:35 AM,0.0000,28.7932,28.4344,28.6310,0.0,0.0
15,0,1,  0d 00:00:14.00,  0d 00:00:14.00,0.0000,4.1729,R,07/25/2025 10:20:36 AM,0.0000,28.7932,28.4344,28.6310,0.0,0.0
16,0,1,  0d 00:00:15.00,  0d 00:00:15.00,0.0000,4.1730,R,07/25/2025 10:20:37 AM,0.0000,28.7932,28.4188,28.6310,0.0,0.0
17,0,1,  0d 00:00:16.00,  0d 00:00:16.00,0.0000,4.1729,R,07/25/2025 10:20:38 AM,0.0000,28.7932,28.4188,28.6310,0.0,0.0
18,0,1,  0d 00:00:17.00,  0d 00:00:17.00,0.0000,4.1728,R,07/25/2025 10:20:39 AM,0.0000,28.7932,28.4344,28.6310,0.0,0.0
19,0,1,  0d 00:00:18.00,  0d 00:00:18.00,0.0000,4.1728,R,07/25/2025 10:20:40 AM,0.0000,28.7932,28.4344,28.6310,0.0,0.0
20,0,1,  0d 00:00:19.00,  0d 00:00:19.00,0.0000,4.1728,R,07/25/2025 10:20:41 AM,0.0000,28.7932,28.4344,28.6310,0.0,0.0
21,0,1,  0d 00:00:20.00,  0d 00:00:20.00,0.0000,4.1729,R,07/25/2025 10:20:42 AM,0.0000,28.7932,28.4344,28.6310,0.0,0.0
22,0,1,  0d 00:00:21.00,  0d 00:00:21.00,0.0000,4.1728,R,07/25/2025 10:20:43 AM,0.0000,28.7932,28.4344,28.6465,0.0,0.0
23,0,1,  0d 00:00:22.00,  0d 00:00:22.00,0.0000,4.1730,R,07/25/2025 10:20:44 AM,0.0000,28.7932,28.4344,28.6465,0.0,0.0
24,0,1,  0d 00:00:23.00,  0d 00:00:23.00,0.0000,4.1730,R,07/25/2025 10:20:45 AM,0.0000,28.7932,28.4344,28.6465,0.0,0.0
25,0,1,  0d 00:00:24.00,  0d 00:00:24.00,0.0000,4.1728,R,07/25/2025 10:20:46 AM,0.0000,28.7932,28.4344,28.6310,0.0,0.0
26,0,1,  0d 00:00:25.00,  0d 00:00:25.00,0.0000,4.1729,R,07/25/2025 10:20:47 AM,0.0000,28.7932,28.4344,28.6465,0.0,0.0
27,0,1,  0d 00:00:26.00,  0d 00:00:26.00,0.0000,4.1728,R,07/25/2025 10:20:48 AM,0.0000,28.7932,28.4188,28.6310,0.0,0.0
28,0,1,  0d 00:00:27.00,  0d 00:00:27.00,0.0000,4.1728,R,07/25/2025 10:20:49 AM,0.0000,28.7932,28.4344,28.6310,0.0,0.0
29,0,1,  0d 00:00:28.00,  0d 00:00:28.00,0.0000,4.1729,R,07/25/2025 10:20:50 AM,0.0000,28.7932,28.4344,28.6465,0.0,0.0
30,0,1,  0d 00:00:29.00,  0d 00:00:29.00,0.0000,4.1728,R,07/25/2025 10:20:51 AM,0.0000,28.7932,28.4344,28.6465,0.0,0.0
31,0,1,  0d 00:00:30.00,  0d 00:00:30.00,0.0000,4.1730,R,07/25/2025 10:20:52 AM,0.0000,28.7777,28.4344,28.6465,0.0,0.0
32,0,1,  0d 00:00:31.00,  0d 00:00:31.00,0.0000,4.1729,R,07/25/2025 10:20:53 AM,0.0000,28.7777,28.4344,28.6310,0.0,0.0
33,0,1,  0d 00:00:32.00,  0d 00:00:32.00,0.0000,4.1729,R,07/25/2025 10:20:54 AM,0.0000,28.7777,28.4188,28.6310,0.0,0.0
34,0,1,  0d 00:00:33.00,  0d 00:00:33.00,0.0000,4.1729,R,07/25/2025 10:20:55 AM,0.0000,28.7777,28.4188,28.6310,0.0,0.0
35,0,1,  0d 00:00:34.00,  0d 00:00:34.00,0.0000,4.1728,R,07/25/2025 10:20:56 AM,0.0000,28.7777,28.4188,28.6310,0.0,0.0
36,0,1,  0d 00:00:35.00,  0d 00:00:35.00,0.0000,4.1729,R,07/25/2025 10:20:57 AM,0.0000,28.7777,28.4188,28.6310,0.0,0.0
37,0,1,  0d 00:00:36.00,  0d 00:00:36.00,0.0000,4.1729,R,07/25/2025 10:20:58 AM,0.0000,28.7777,28.4188,28.6310,0.0,0.0
38,0,1,  0d 00:00:37.00,  0d 00:00:37.00,0.0000,4.1727,R,07/25/2025 10:20:59 AM,0.0000,28.7777,28.4188,28.6465,0.0,0.0
39,0,1,  0d 00:00:38.00,  0d 00:00:38.00,0.0000,4.1728,R,07/25/2025 10:21:00 AM,0.0000,28.7777,28.4188,28.6465,0.0,0.0
40,0,1,  0d 00:00:39.00,  0d 00:00:39.00,0.0000,4.1729,R,07/25/2025 10:21:01 AM,0.0000,28.7777,28.4188,28.6310,0.0,0.0
41,0,1,  0d 00:00:40.00,  0d 00:00:40.00,0.0000,4.1729,R,07/25/2025 10:21:02 AM,0.0000,28.7932,28.4344,28.6310,0.0,0.0
42,0,1,  0d 00:00:41.00,  0d 00:00:41.00,0.0000,4.1728,R,07/25/2025 10:21:03 AM,0.0000,28.7932,28.4188,28.6310,0.0,0.0
43,0,1,  0d 00:00:42.00,  0d 00:00:42.00,0.0000,4.1729,R,07/25/2025 10:21:04 AM,0.0000,28.7932,28.4188,28.6310,0.0,0.0
44,0,1,  0d 00:00:43.00,  0d 00:00:43.00,0.0000,4.1728,R,07/25/2025 10:21:05 AM,0.0000,28.7777,28.4188,28.6310,0.0,0.0
45,0,1,  0d 00:00:44.00,  0d 00:00:44.00,0.0000,4.1728,R,07/25/2025 10:21:06 AM,0.0000,28.7777,28.4188,28.6310,0.0,0.0
46,0,1,  0d 00:00:45.00,  0d 00:00:45.00,0.0000,4.1728,R,07/25/2025 10:21:07 AM,0.0000,28.7777,28.4344,28.6310,0.0,0.0
47,0,1,  0d 00:00:46.00,  0d 00:00:46.00,0.0000,4.1729,R,07/25/2025 10:21:09 AM,0.0000,28.7777,28.4188,28.6310,0.0,0.0
48,0,1,  0d 00:00:47.00,  0d 00:00:47.00,0.0000,4.1729,R,07/25/2025 10:21:09 AM,0.0000,28.7777,28.4188,28.6310,0.0,0.0
49,0,1,  0d 00:00:48.00,  0d 00:00:48.00,0.0000,4.1728,R,07/25/2025 10:21:10 AM,0.0000,28.7777,28.4188,28.6310,0.0,0.0
50,0,1,  0d 00:00:49.00,  0d 00:00:49.00,0.0000,4.1728,R,07/25/2025 10:21:11 AM,0.0000,28.7777,28.4188,28.6310,0.0,0.0
51,0,1,  0d 00:00:50.00,  0d 00:00:50.00,0.0000,4.1727,R,07/25/2025 10:21:12 AM,0.0000,28.7777,28.4188,28.6310,0.0,0.0
52,0,1,  0d 00:00:51.00,  0d 00:00:51.00,0.0000,4.1728,R,07/25/2025 10:21:13 AM,0.0000,28.7777,28.4188,28.6310,0.0,0.0
53,0,1,  0d 00:00:52.00,  0d 00:00:52.00,0.0000,4.1730,R,07/25/2025 10:21:14 AM,0.0000,28.7777,28.4188,28.6310,0.0,0.0
54,0,1,  0d 00:00:53.00,  0d 00:00:53.00,0.0000,4.1729,R,07/25/2025 10:21:15 AM,0.0000,28.7777,28.4188,28.6310,0.0,0.0
55,0,1,  0d 00:00:54.00,  0d 00:00:54.00,0.0000,4.1728,R,07/25/2025 10:21:16 AM,0.0000,28.7932,28.4188,28.6310,0.0,0.0
56,0,1,  0d 00:00:55.00,  0d 00:00:55.00,0.0000,4.1730,R,07/25/2025 10:21:17 AM,0.0000,28.7932,28.4188,28.6310,0.0,0.0
57,0,1,  0d 00:00:56.00,  0d 00:00:56.00,0.0000,4.1729,R,07/25/2025 10:21:18 AM,0.0000,28.7932,28.4188,28.6310,0.0,0.0
58,0,1,  0d 00:00:57.00,  0d 00:00:57.00,0.0000,4.1728,R,07/25/2025 10:21:19 AM,0.0000,28.7932,28.4188,28.6310,0.0,0.0
59,0,1,  0d 00:00:58.00,  0d 00:00:58.00,0.0000,4.1729,R,07/25/2025 10:21:20 AM,0.0000,28.7932,28.4344,28.6310,0.0,0.0
60,0,1,  0d 00:00:59.00,  0d 00:00:59.00,0.0000,4.1729,R,07/25/2025 10:21:21 AM,0.0000,28.7777,28.4344,28.6310,0.0,0.0
61,0,1,  0d 00:01:00.00,  0d 00:01:00.00,0.0000,4.1730,R,07/25/2025 10:21:22 AM,0.0000,28.7777,28.4344,28.6310,0.0,0.0
62,0,2,  0d 00:01:00.09,  0d 00:00:00.09,0.6665,4.1847,C,07/25/2025 10:21:22 AM,0.0000,28.7777,28.4344,28.6310,0.0,0.0
63,0,2,  0d 00:01:01.09,  0d 00:00:01.09,1.2506,4.1986,C,07/25/2025 10:21:23 AM,0.0000,28.7932,28.4344,28.6310,0.0,0.0
64,0,2,  0d 00:01:02.09,  0d 00:00:02.09,1.2430,4.2004,C,07/25/2025 10:21:24 AM,0.0000,28.7932,28.4344,28.6310,0.0,0.0
65,0,2,  0d 00:01:03.09,  0d 00:00:03.09,1.1917,4.2009,C,07/25/2025 10:21:25 AM,0.0000,28.7932,28.4344,28.6310,0.0,0.0
66,0,2,  0d 00:01:04.09,  0d 00:00:04.09,1.1270,4.2010,C,07/25/2025 10:21:26 AM,0.0000,28.7932,28.4344,28.6310,0.0,0.0
67,0,2,  0d 00:01:05.09,  0d 00:00:05.09,1.0703,4.2006,C,07/25/2025 10:21:27 AM,0.0000,28.7777,28.4344,28.6310,0.0,0.0
68,0,2,  0d 00:01:06.09,  0d 00:00:06.09,1.0236,4.2009,C,07/25/2025 10:21:29 AM,0.0000,28.7777,28.4344,28.6310,0.0,0.0
69,0,2,  0d 00:01:07.09,  0d 00:00:07.09,0.9833,4.2007,C,07/25/2025 10:21:29 AM,0.0000,28.7777,28.4344,28.6310,0.0,0.0
70,0,2,  0d 00:01:08.09,  0d 00:00:08.09,0.9485,4.2009,C,07/25/2025 10:21:30 AM,0.0000,28.7777,28.4188,28.6310,0.0,0.0
71,0,2,  0d 00:01:09.09,  0d 00:00:09.09,0.9134,4.2007,C,07/25/2025 10:21:31 AM,0.0000,28.7777,28.4188,28.6310,0.0,0.0
72,0,2,  0d 00:01:10.09,  0d 00:00:10.09,0.8832,4.2008,C,07/25/2025 10:21:32 AM,0.0000,28.7777,28.4188,28.6310,0.0,0.0
73,0,2,  0d 00:01:11.09,  0d 00:00:11.09,0.8499,4.2005,C,07/25/2025 10:21:33 AM,0.0000,28.7777,28.4188,28.6310,0.0,0.0
74,0,2,  0d 00:01:12.09,  0d 00:00:12.09,0.8197,4.2004,C,07/25/2025 10:21:34 AM,0.0000,28.7777,28.4188,28.6310,0.0,0.0
75,0,2,  0d 00:01:13.09,  0d 00:00:13.09,0.7889,4.2004,C,07/25/2025 10:21:35 AM,0.0000,28.7777,28.4188,28.6310,0.0,0.0
76,0,2,  0d 00:01:14.09,  0d 00:00:14.09,0.7599,4.2002,C,07/25/2025 10:21:36 AM,0.0000,28.7777,28.4188,28.6310,0.0,0.0
77,0,2,  0d 00:01:15.09,  0d 00:00:15.09,0.7379,4.2001,C,07/25/2025 10:21:37 AM,0.0000,28.7777,28.4188,28.6310,0.0,0.0
78,0,2,  0d 00:01:16.09,  0d 00:00:16.09,0.7221,4.2001,C,07/25/2025 10:21:39 AM,0.0000,28.7777,28.4188,28.6310,0.0,0.0
79,0,2,  0d 00:01:17.09,  0d 00:00:17.09,0.7031,4.2000,C,07/25/2025 10:21:39 AM,0.0000,28.7777,28.4344,28.6310,0.0,0.0
80,0,2,  0d 00:01:18.09,  0d 00:00:18.09,0.6860,4.2000,C,07/25/2025 10:21:40 AM,0.0000,28.7777,28.4188,28.6310,0.0,0.0
81,0,2,  0d 00:01:19.09,  0d 00:00:19.09,0.6717,4.2000,C,07/25/2025 10:21:41 AM,0.0000,28.7777,28.4188,28.6310,0.0,0.0
82,0,2,  0d 00:01:20.09,  0d 00:00:20.09,0.6561,4.2000,C,07/25/2025 10:21:42 AM,0.0000,28.7777,28.4188,28.6310,0.0,0.0
83,0,2,  0d 00:01:21.09,  0d 00:00:21.09,0.6448,4.2000,C,07/25/2025 10:21:43 AM,0.0000,28.7777,28.4188,28.6310,0.0,0.0
84,0,2,  0d 00:01:22.09,  0d 00:00:22.09,0.6290,4.2000,C,07/25/2025 10:21:44 AM,0.0000,28.7777,28.4188,28.6310,0.0,0.0
85,0,2,  0d 00:01:23.09,  0d 00:00:23.09,0.6171,4.2000,C,07/25/2025 10:21:45 AM,0.0000,28.7777,28.4188,28.6310,0.0,0.0
86,0,2,  0d 00:01:24.09,  0d 00:00:24.09,0.6036,4.2000,C,07/25/2025 10:21:46 AM,0.0000,28.7777,28.4188,28.6310,0.0,0.0
87,0,2,  0d 00:01:25.09,  0d 00:00:25.09,0.5917,4.2000,C,07/25/2025 10:21:47 AM,0.0000,28.7777,28.4188,28.6310,0.0,0.0
88,0,2,  0d 00:01:26.09,  0d 00:00:26.09,0.5792,4.2000,C,07/25/2025 10:21:49 AM,0.0000,28.7777,28.4188,28.6310,0.0,0.0
89,0,2,  0d 00:01:27.09,  0d 00:00:27.09,0.5686,4.1999,C,07/25/2025 10:21:49 AM,0.0000,28.7777,28.4188,28.6310,0.0,0.0
90,0,2,  0d 00:01:28.09,  0d 00:00:28.09,0.5588,4.1999,C,07/25/2025 10:21:50 AM,0.0000,28.7777,28.4188,28.6310,0.0,0.0
91,0,2,  0d 00:01:29.09,  0d 00:00:29.09,0.5481,4.2000,C,07/25/2025 10:21:51 AM,0.0000,28.7777,28.4188,28.6310,0.0,0.0
92,0,2,  0d 00:01:30.09,  0d 00:00:30.09,0.5374,4.2000,C,07/25/2025 10:21:52 AM,0.0000,28.7777,28.4188,28.6310,0.0,0.0
93,0,2,  0d 00:01:31.09,  0d 00:00:31.09,0.5310,4.2002,C,07/25/2025 10:21:53 AM,0.0000,28.7777,28.4188,28.6310,0.0,0.0
94,0,2,  0d 00:01:32.09,  0d 00:00:32.09,0.5197,4.2000,C,07/25/2025 10:21:54 AM,0.0000,28.7777,28.4188,28.6310,0.0,0.0
95,0,2,  0d 00:01:33.09,  0d 00:00:33.09,0.5127,4.2000,C,07/25/2025 10:21:55 AM,0.0000,28.7777,28.4188,28.6310,0.0,0.0
96,0,2,  0d 00:01:34.09,  0d 00:00:34.09,0.5039,4.1999,C,07/25/2025 10:21:56 AM,0.0000,28.7777,28.4188,28.6310,0.0,0.0
97,0,2,  0d 00:01:35.09,  0d 00:00:35.09,0.4962,4.2000,C,07/25/2025 10:21:57 AM,0.0000,28.7777,28.4188,28.6310,0.0,0.0
98,0,2,  0d 00:01:36.09,  0d 00:00:36.09,0.4871,4.2000,C,07/25/2025 10:21:58 AM,0.0000,28.7777,28.4188,28.6310,0.0,0.0
99,0,2,  0d 00:01:37.09,  0d 00:00:37.09,0.4788,4.1999,C,07/25/2025 10:21:59 AM,0.0000,28.7777,28.4188,28.6310,0.0,0.0
100,0,2,  0d 00:01:38.09,  0d 00:00:38.09,0.4691,4.1999,C,07/25/2025 10:22:00 AM,0.0000,28.7777,28.4188,28.6310,0.0,0.0
101,0,2,  0d 00:01:39.09,  0d 00:00:39.09,0.4663,4.2000,C,07/25/2025 10:22:01 AM,0.0000,28.7777,28.4188,28.6310,0.0,0.0
102,0,2,  0d 00:01:40.09,  0d 00:00:40.09,0.4556,4.2000,C,07/25/2025 10:22:02 AM,0.0000,28.7777,28.4188,28.6310,0.0,0.0
103,0,2,  0d 00:01:41.09,  0d 00:00:41.09,0.4511,4.2000,C,07/25/2025 10:22:03 AM,0.0000,28.7777,28.4188,28.6310,0.0,0.0
104,0,2,  0d 00:01:42.09,  0d 00:00:42.09,0.4440,4.2000,C,07/25/2025 10:22:04 AM,0.0000,28.7777,28.4188,28.6310,0.0,0.0
105,0,2,  0d 00:01:43.09,  0d 00:00:43.09,0.4385,4.1999,C,07/25/2025 10:22:05 AM,0.0000,28.7777,28.4188,28.6310,0.0,0.0
106,0,2,  0d 00:01:44.09,  0d 00:00:44.09,0.4291,4.2000,C,07/25/2025 10:22:06 AM,0.0000,28.7777,28.4188,28.6310,0.0,0.0
107,0,2,  0d 00:01:45.09,  0d 00:00:45.09,0.4230,4.2000,C,07/25/2025 10:22:07 AM,0.0000,28.7777,28.4188,28.6310,0.0,0.0
108,0,2,  0d 00:01:46.09,  0d 00:00:46.09,0.4175,4.2000,C,07/25/2025 10:22:08 AM,0.0000,28.7777,28.4188,28.6310,0.0,0.0
109,0,2,  0d 00:01:47.09,  0d 00:00:47.09,0.4111,4.2000,C,07/25/2025 10:22:09 AM,0.0000,28.7777,28.4188,28.6310,0.0,0.0
110,0,2,  0d 00:01:48.09,  0d 00:00:48.09,0.4071,4.2000,C,07/25/2025 10:22:10 AM,0.0000,28.7777,28.4188,28.6310,0.0,0.0
111,0,2,  0d 00:01:49.09,  0d 00:00:49.09,0.3989,4.2000,C,07/25/2025 10:22:11 AM,0.0000,28.7777,28.4188,28.6310,0.0,0.0
112,0,2,  0d 00:01:50.09,  0d 00:00:50.09,0.3937,4.1998,C,07/25/2025 10:22:12 AM,0.0000,28.7777,28.4188,28.6310,0.0,0.0
113,0,2,  0d 00:01:51.09,  0d 00:00:51.09,0.3885,4.1999,C,07/25/2025 10:22:13 AM,0.0000,28.7777,28.4188,28.6310,0.0,0.0
114,0,2,  0d 00:01:52.09,  0d 00:00:52.09,0.3836,4.2000,C,07/25/2025 10:22:14 AM,0.0000,28.7777,28.4188,28.6310,0.0,0.0
115,0,2,  0d 00:01:53.09,  0d 00:00:53.09,0.3754,4.2000,C,07/25/2025 10:22:15 AM,0.0000,28.7777,28.4188,28.6310,0.0,0.0
116,0,2,  0d 00:01:54.09,  0d 00:00:54.09,0.3714,4.2000,C,07/25/2025 10:22:16 AM,0.0000,28.7777,28.4188,28.6310,0.0,0.0
117,0,2,  0d 00:01:55.09,  0d 00:00:55.09,0.3677,4.2000,C,07/25/2025 10:22:17 AM,0.0000,28.7777,28.4188,28.6310,0.0,0.0
118,0,2,  0d 00:01:56.09,  0d 00:00:56.09,0.3604,4.1999,C,07/25/2025 10:22:18 AM,0.0000,28.7777,28.4188,28.6310,0.0,0.0
119,0,2,  0d 00:01:57.09,  0d 00:00:57.09,0.3561,4.1999,C,07/25/2025 10:22:20 AM,0.0000,28.7777,28.4188,28.6310,0.0,0.0
120,0,2,  0d 00:01:58.09,  0d 00:00:58.09,0.3540,4.2000,C,07/25/2025 10:22:20 AM,0.0000,28.7777,28.4188,28.6310,0.0,0.0
121,0,2,  0d 00:01:59.09,  0d 00:00:59.09,0.3470,4.1999,C,07/25/2025 10:22:21 AM,0.0000,28.7777,28.4188,28.6310,0.0,0.0
122,0,2,  0d 00:02:00.09,  0d 00:01:00.09,0.3449,4.2001,C,07/25/2025 10:22:22 AM,0.0000,28.7777,28.4188,28.6310,0.0,0.0
123,0,2,  0d 00:02:01.09,  0d 00:01:01.09,0.3388,4.2000,C,07/25/2025 10:22:23 AM,0.0000,28.7777,28.4188,28.6310,0.0,0.0
124,0,2,  0d 00:02:02.09,  0d 00:01:02.09,0.3333,4.1998,C,07/25/2025 10:22:24 AM,0.0000,28.7777,28.4188,28.6310,0.0,0.0
125,0,2,  0d 00:02:03.09,  0d 00:01:03.09,0.3290,4.2000,C,07/25/2025 10:22:25 AM,0.0000,28.7777,28.4188,28.6310,0.0,0.0
126,0,2,  0d 00:02:04.09,  0d 00:01:04.09,0.3272,4.2000,C,07/25/2025 10:22:26 AM,0.0000,28.7777,28.4188,28.6310,0.0,0.0
127,0,2,  0d 00:02:05.09,  0d 00:01:05.09,0.3204,4.2000,C,07/25/2025 10:22:27 AM,0.0000,28.7777,28.4188,28.6310,0.0,0.0
128,0,2,  0d 00:02:06.09,  0d 00:01:06.09,0.3189,4.1999,C,07/25/2025 10:22:28 AM,0.0000,28.7777,28.4188,28.6310,0.0,0.0
129,0,2,  0d 00:02:07.09,  0d 00:01:07.09,0.3165,4.2000,C,07/25/2025 10:22:30 AM,0.0000,28.7777,28.4188,28.6310,0.0,0.0
130,0,2,  0d 00:02:08.09,  0d 00:01:08.09,0.3128,4.2000,C,07/25/2025 10:22:30 AM,0.0000,28.7777,28.4188,28.6310,0.0,0.0
131,0,2,  0d 00:02:09.09,  0d 00:01:09.09,0.3082,4.2000,C,07/25/2025 10:22:31 AM,0.0000,28.7777,28.4188,28.6310,0.0,0.0
132,0,2,  0d 00:02:10.09,  0d 00:01:10.09,0.3033,4.2000,C,07/25/2025 10:22:32 AM,0.0000,28.7777,28.4188,28.6310,0.0,0.0
133,0,2,  0d 00:02:11.09,  0d 00:01:11.09,0.2985,4.2000,C,07/25/2025 10:22:33 AM,0.0000,28.7777,28.4188,28.6310,0.0,0.0
134,0,2,  0d 00:02:12.09,  0d 00:01:12.09,0.2966,4.2000,C,07/25/2025 10:22:34 AM,0.0000,28.7777,28.4188,28.6310,0.0,0.0
135,0,2,  0d 00:02:13.09,  0d 00:01:13.09,0.2942,4.1999,C,07/25/2025 10:22:35 AM,0.0000,28.7777,28.4188,28.6310,0.0,0.0
136,0,2,  0d 00:02:14.09,  0d 00:01:14.09,0.2893,4.2000,C,07/25/2025 10:22:36 AM,0.0000,28.7777,28.4188,28.6310,0.0,0.0
137,0,2,  0d 00:02:15.09,  0d 00:01:15.09,0.2860,4.2000,C,07/25/2025 10:22:37 AM,0.0000,28.7777,28.4188,28.6310,0.0,0.0
138,0,2,  0d 00:02:16.09,  0d 00:01:16.09,0.2826,4.2000,C,07/25/2025 10:22:38 AM,0.0000,28.7777,28.4188,28.6310,0.0,0.0
139,0,2,  0d 00:02:17.09,  0d 00:01:17.09,0.2777,4.1999,C,07/25/2025 10:22:40 AM,0.0000,28.7777,28.4188,28.6310,0.0,0.0
140,0,2,  0d 00:02:18.09,  0d 00:01:18.09,0.2777,4.2000,C,07/25/2025 10:22:40 AM,0.0000,28.7777,28.4188,28.6310,0.0,0.0
141,0,2,  0d 00:02:19.09,  0d 00:01:19.09,0.2707,4.2000,C,07/25/2025 10:22:41 AM,0.0000,28.7777,28.4188,28.6310,0.0,0.0
142,0,2,  0d 00:02:20.09,  0d 00:01:20.09,0.2676,4.1999,C,07/25/2025 10:22:42 AM,0.0000,28.7777,28.4188,28.6310,0.0,0.0
143,0,2,  0d 00:02:21.09,  0d 00:01:21.09,0.2649,4.1999,C,07/25/2025 10:22:43 AM,0.0000,28.7777,28.4188,28.6310,0.0,0.0
144,0,2,  0d 00:02:22.09,  0d 00:01:22.09,0.2628,4.2000,C,07/25/2025 10:22:44 AM,0.0000,28.7777,28.4188,28.6310,0.0,0.0
145,0,2,  0d 00:02:23.09,  0d 00:01:23.09,0.2597,4.2000,C,07/25/2025 10:22:45 AM,0.0000,28.7777,28.4344,28.6310,0.0,0.0
146,0,2,  0d 00:02:24.09,  0d 00:01:24.09,0.2579,4.2000,C,07/25/2025 10:22:46 AM,0.0000,28.7777,28.4344,28.6310,0.0,0.0
147,0,2,  0d 00:02:25.09,  0d 00:01:25.09,0.2524,4.2000,C,07/25/2025 10:22:47 AM,0.0000,28.7777,28.4344,28.6310,0.0,0.0
148,0,2,  0d 00:02:26.09,  0d 00:01:26.09,0.2487,4.2000,C,07/25/2025 10:22:48 AM,0.0000,28.7777,28.4188,28.6310,0.0,0.0
149,0,2,  0d 00:02:27.09,  0d 00:01:27.09,0.2472,4.2000,C,07/25/2025 10:22:50 AM,0.0000,28.7777,28.4188,28.6310,0.0,0.0
150,0,2,  0d 00:02:28.09,  0d 00:01:28.09,0.2441,4.2000,C,07/25/2025 10:22:50 AM,0.0000,28.7777,28.4344,28.6310,0.0,0.0
151,0,2,  0d 00:02:29.09,  0d 00:01:29.09,0.2402,4.1998,C,07/25/2025 10:22:51 AM,0.0000,28.7777,28.4344,28.6310,0.0,0.0
152,0,2,  0d 00:02:30.09,  0d 00:01:30.09,0.2377,4.2000,C,07/25/2025 10:22:52 AM,0.0000,28.7932,28.4344,28.6310,0.0,0.0
153,0,2,  0d 00:02:31.09,  0d 00:01:31.09,0.2350,4.2000,C,07/25/2025 10:22:53 AM,0.0000,28.7932,28.4344,28.6310,0.0,0.0
154,0,2,  0d 00:02:32.09,  0d 00:01:32.09,0.2344,4.2000,C,07/25/2025 10:22:54 AM,0.0000,28.7932,28.4188,28.6310,0.0,0.0
155,0,2,  0d 00:02:33.09,  0d 00:01:33.09,0.2304,4.2000,C,07/25/2025 10:22:55 AM,0.0000,28.7932,28.4344,28.6310,0.0,0.0
156,0,2,  0d 00:02:34.09,  0d 00:01:34.09,0.2298,4.1998,C,07/25/2025 10:22:56 AM,0.0000,28.7777,28.4188,28.6310,0.0,0.0
157,0,2,  0d 00:02:35.09,  0d 00:01:35.09,0.2271,4.1999,C,07/25/2025 10:22:57 AM,0.0000,28.7777,28.4188,28.6310,0.0,0.0
158,0,2,  0d 00:02:36.09,  0d 00:01:36.09,0.2258,4.1999,C,07/25/2025 10:22:58 AM,0.0000,28.7777,28.4188,28.6310,0.0,0.0
159,0,2,  0d 00:02:37.09,  0d 00:01:37.09,0.2222,4.2000,C,07/25/2025 10:23:00 AM,0.0000,28.7777,28.4188,28.6310,0.0,0.0
160,0,2,  0d 00:02:38.09,  0d 00:01:38.09,0.2200,4.2000,C,07/25/2025 10:23:00 AM,0.0000,28.7777,28.4188,28.6310,0.0,0.0
161,0,2,  0d 00:02:39.09,  0d 00:01:39.09,0.2152,4.1999,C,07/25/2025 10:23:01 AM,0.0000,28.7932,28.4188,28.6310,0.0,0.0
162,0,2,  0d 00:02:40.09,  0d 00:01:40.09,0.2142,4.1999,C,07/25/2025 10:23:02 AM,0.0000,28.7932,28.4188,28.6310,0.0,0.0
163,0,2,  0d 00:02:41.09,  0d 00:01:41.09,0.2121,4.2001,C,07/25/2025 10:23:03 AM,0.0000,28.7932,28.4188,28.6310,0.0,0.0
164,0,2,  0d 00:02:42.09,  0d 00:01:42.09,0.2084,4.1999,C,07/25/2025 10:23:04 AM,0.0000,28.7777,28.4188,28.6310,0.0,0.0
165,0,2,  0d 00:02:43.09,  0d 00:01:43.09,0.2063,4.2000,C,07/25/2025 10:23:05 AM,0.0000,28.7932,28.4188,28.6310,0.0,0.0
166,0,2,  0d 00:02:44.09,  0d 00:01:44.09,0.2063,4.1999,C,07/25/2025 10:23:06 AM,0.0000,28.7932,28.4188,28.6310,0.0,0.0
167,0,2,  0d 00:02:45.09,  0d 00:01:45.09,0.2023,4.1999,C,07/25/2025 10:23:07 AM,0.0000,28.7932,28.4188,28.6310,0.0,0.0
168,0,2,  0d 00:02:46.09,  0d 00:01:46.09,0.2026,4.2000,C,07/25/2025 10:23:08 AM,0.0000,28.7932,28.4188,28.6310,0.0,0.0
169,0,2,  0d 00:02:47.09,  0d 00:01:47.09,0.1996,4.1999,C,07/25/2025 10:23:09 AM,0.0000,28.7932,28.4188,28.6310,0.0,0.0
170,0,2,  0d 00:02:48.09,  0d 00:01:48.09,0.1965,4.1999,C,07/25/2025 10:23:10 AM,0.0000,28.7932,28.4188,28.6310,0.0,0.0
171,0,2,  0d 00:02:49.09,  0d 00:01:49.09,0.1935,4.1999,C,07/25/2025 10:23:11 AM,0.0000,28.7932,28.4344,28.6465,0.0,0.0
172,0,2,  0d 00:02:50.09,  0d 00:01:50.09,0.1947,4.2000,C,07/25/2025 10:23:12 AM,0.0000,28.7932,28.4344,28.6465,0.0,0.0
173,0,2,  0d 00:02:51.09,  0d 00:01:51.09,0.1907,4.1998,C,07/25/2025 10:23:13 AM,0.0000,28.7932,28.4344,28.6465,0.0,0.0
174,0,2,  0d 00:02:52.09,  0d 00:01:52.09,0.1889,4.2000,C,07/25/2025 10:23:14 AM,0.0000,28.7932,28.4344,28.6465,0.0,0.0
175,0,2,  0d 00:02:53.09,  0d 00:01:53.09,0.1862,4.1999,C,07/25/2025 10:23:15 AM,0.0000,28.7932,28.4344,28.6465,0.0,0.0
176,0,2,  0d 00:02:54.09,  0d 00:01:54.09,0.1852,4.1999,C,07/25/2025 10:23:16 AM,0.0000,28.7932,28.4344,28.6465,0.0,0.0
177,0,2,  0d 00:02:55.09,  0d 00:01:55.09,0.1846,4.1998,C,07/25/2025 10:23:17 AM,0.0000,28.7932,28.4344,28.6465,0.0,0.0
178,0,2,  0d 00:02:56.09,  0d 00:01:56.09,0.1834,4.2000,C,07/25/2025 10:23:18 AM,0.0000,28.7932,28.4344,28.6465,0.0,0.0
179,0,2,  0d 00:02:57.09,  0d 00:01:57.09,0.1831,4.2000,C,07/25/2025 10:23:19 AM,0.0000,28.7932,28.4344,28.6465,0.0,0.0
180,0,2,  0d 00:02:58.09,  0d 00:01:58.09,0.1791,4.2000,C,07/25/2025 10:23:20 AM,0.0000,28.7932,28.4344,28.6465,0.0,0.0
181,0,2,  0d 00:02:59.09,  0d 00:01:59.09,0.1801,4.1998,C,07/25/2025 10:23:21 AM,0.0000,28.7932,28.4344,28.6465,0.0,0.0
182,0,2,  0d 00:03:00.09,  0d 00:02:00.09,0.1758,4.2000,C,07/25/2025 10:23:22 AM,0.0000,28.7932,28.4344,28.6465,0.0,0.0
183,0,2,  0d 00:03:01.09,  0d 00:02:01.09,0.1764,4.2000,C,07/25/2025 10:23:23 AM,0.0000,28.7932,28.4344,28.6465,0.0,0.0
184,0,2,  0d 00:03:02.09,  0d 00:02:02.09,0.1724,4.2000,C,07/25/2025 10:23:24 AM,0.0000,28.7932,28.4344,28.6465,0.0,0.0
185,0,2,  0d 00:03:03.09,  0d 00:02:03.09,0.1715,4.1999,C,07/25/2025 10:23:25 AM,0.0000,28.7932,28.4344,28.6465,0.0,0.0
186,0,2,  0d 00:03:04.09,  0d 00:02:04.09,0.1703,4.1999,C,07/25/2025 10:23:26 AM,0.0000,28.7932,28.4344,28.6465,0.0,0.0
187,0,2,  0d 00:03:05.09,  0d 00:02:05.09,0.1675,4.2000,C,07/25/2025 10:23:27 AM,0.0000,28.7932,28.4344,28.6465,0.0,0.0
188,0,2,  0d 00:03:06.09,  0d 00:02:06.09,0.1654,4.2000,C,07/25/2025 10:23:28 AM,0.0000,28.7932,28.4344,28.6465,0.0,0.0
189,0,2,  0d 00:03:07.09,  0d 00:02:07.09,0.1663,4.2000,C,07/25/2025 10:23:29 AM,0.0000,28.7932,28.4344,28.6465,0.0,0.0
190,0,2,  0d 00:03:08.09,  0d 00:02:08.09,0.1648,4.2000,C,07/25/2025 10:23:31 AM,0.0000,28.7932,28.4344,28.6465,0.0,0.0
191,0,2,  0d 00:03:09.09,  0d 00:02:09.09,0.1599,4.2000,C,07/25/2025 10:23:31 AM,0.0000,28.7932,28.4344,28.6465,0.0,0.0
192,0,2,  0d 00:03:10.09,  0d 00:02:10.09,0.1608,4.2000,C,07/25/2025 10:23:32 AM,0.0000,28.7932,28.4344,28.6465,0.0,0.0
193,0,2,  0d 00:03:11.09,  0d 00:02:11.09,0.1578,4.2001,C,07/25/2025 10:23:33 AM,0.0000,28.7932,28.4344,28.6465,0.0,0.0
194,0,2,  0d 00:03:12.09,  0d 00:02:12.09,0.1590,4.1999,C,07/25/2025 10:23:34 AM,0.0000,28.7932,28.4344,28.6465,0.0,0.0
195,0,2,  0d 00:03:13.09,  0d 00:02:13.09,0.1553,4.2000,C,07/25/2025 10:23:35 AM,0.0000,28.7932,28.4344,28.6465,0.0,0.0
196,0,2,  0d 00:03:14.09,  0d 00:02:14.09,0.1578,4.2000,C,07/25/2025 10:23:36 AM,0.0000,28.7932,28.4344,28.6465,0.0,0.0
197,0,2,  0d 00:03:15.09,  0d 00:02:15.09,0.1532,4.2000,C,07/25/2025 10:23:37 AM,0.0000,28.7932,28.4344,28.6465,0.0,0.0
198,0,2,  0d 00:03:16.09,  0d 00:02:16.09,0.1511,4.1998,C,07/25/2025 10:23:38 AM,0.0000,28.7932,28.4344,28.6465,0.0,0.0
199,0,2,  0d 00:03:17.09,  0d 00:02:17.09,0.1480,4.2000,C,07/25/2025 10:23:39 AM,0.0000,28.7932,28.4344,28.6465,0.0,0.0
200,0,2,  0d 00:03:18.09,  0d 00:02:18.09,0.1486,4.2000,C,07/25/2025 10:23:41 AM,0.0000,28.7932,28.4344,28.6465,0.0,0.0
201,0,2,  0d 00:03:19.09,  0d 00:02:19.09,0.1474,4.1999,C,07/25/2025 10:23:41 AM,0.0000,28.7932,28.4344,28.6465,0.0,0.0
202,0,2,  0d 00:03:20.09,  0d 00:02:20.09,0.1453,4.1999,C,07/25/2025 10:23:42 AM,0.0000,28.7932,28.4344,28.6465,0.0,0.0
203,0,2,  0d 00:03:21.09,  0d 00:02:21.09,0.1465,4.2000,C,07/25/2025 10:23:43 AM,0.0000,28.7932,28.4344,28.6465,0.0,0.0
204,0,2,  0d 00:03:22.09,  0d 00:02:22.09,0.1444,4.2000,C,07/25/2025 10:23:44 AM,0.0000,28.7932,28.4344,28.6465,0.0,0.0
205,0,2,  0d 00:03:23.09,  0d 00:02:23.09,0.1440,4.2000,C,07/25/2025 10:23:45 AM,0.0000,28.7932,28.4344,28.6465,0.0,0.0
206,0,2,  0d 00:03:24.09,  0d 00:02:24.09,0.1428,4.1999,C,07/25/2025 10:23:46 AM,0.0000,28.7932,28.4344,28.6465,0.0,0.0
207,0,2,  0d 00:03:25.09,  0d 00:02:25.09,0.1392,4.1999,C,07/25/2025 10:23:47 AM,0.0000,28.7932,28.4344,28.6465,0.0,0.0
208,0,2,  0d 00:03:26.09,  0d 00:02:26.09,0.1413,4.2000,C,07/25/2025 10:23:48 AM,0.0000,28.7777,28.4344,28.6465,0.0,0.0
209,0,2,  0d 00:03:27.09,  0d 00:02:27.09,0.1398,4.2000,C,07/25/2025 10:23:49 AM,0.0000,28.7932,28.4344,28.6465,0.0,0.0
210,0,2,  0d 00:03:28.09,  0d 00:02:28.09,0.1370,4.2000,C,07/25/2025 10:23:51 AM,0.0000,28.7932,28.4344,28.6465,0.0,0.0
211,0,2,  0d 00:03:29.09,  0d 00:02:29.09,0.1364,4.1999,C,07/25/2025 10:23:51 AM,0.0000,28.7932,28.4344,28.6465,0.0,0.0
212,0,2,  0d 00:03:30.09,  0d 00:02:30.09,0.1361,4.2000,C,07/25/2025 10:23:52 AM,0.0000,28.7932,28.4344,28.6465,0.0,0.0
213,0,2,  0d 00:03:31.09,  0d 00:02:31.09,0.1352,4.2000,C,07/25/2025 10:23:53 AM,0.0000,28.7932,28.4344,28.6465,0.0,0.0
214,0,2,  0d 00:03:32.09,  0d 00:02:32.09,0.1337,4.2000,C,07/25/2025 10:23:54 AM,0.0000,28.7932,28.4344,28.6465,0.0,0.0
215,0,2,  0d 00:03:33.09,  0d 00:02:33.09,0.1315,4.1999,C,07/25/2025 10:23:55 AM,0.0000,28.7932,28.4344,28.6310,0.0,0.0
216,0,2,  0d 00:03:34.09,  0d 00:02:34.09,0.1285,4.2000,C,07/25/2025 10:23:56 AM,0.0000,28.7932,28.4344,28.6310,0.0,0.0
217,0,2,  0d 00:03:35.09,  0d 00:02:35.09,0.1285,4.2000,C,07/25/2025 10:23:57 AM,0.0000,28.7932,28.4344,28.6310,0.0,0.0
218,0,2,  0d 00:03:36.09,  0d 00:02:36.09,0.1282,4.2001,C,07/25/2025 10:23:58 AM,0.0000,28.7932,28.4344,28.6310,0.0,0.0
219,0,2,  0d 00:03:36.46,  0d 00:02:36.46,0.1248,4.2000,C,07/25/2025 10:23:59 AM,0.0000,28.7932,28.4344,28.6310,0.0,0.0
220,0,3,  0d 00:03:36.47,  0d 00:00:00.01,0.0000,4.1978,R,07/25/2025 10:23:59 AM,0.0000,28.7932,28.4344,28.6310,0.0,0.0
221,0,3,  0d 00:03:37.47,  0d 00:00:01.01,0.0000,4.1972,R,07/25/2025 10:24:00 AM,0.0000,28.7932,28.4344,28.6310,0.0,0.0
222,0,3,  0d 00:03:38.47,  0d 00:00:02.01,0.0000,4.1970,R,07/25/2025 10:24:01 AM,0.0000,28.7932,28.4344,28.6465,0.0,0.0
223,0,3,  0d 00:03:39.47,  0d 00:00:03.01,0.0000,4.1969,R,07/25/2025 10:24:02 AM,0.0000,28.7932,28.4344,28.6465,0.0,0.0
224,0,3,  0d 00:03:40.47,  0d 00:00:04.01,0.0000,4.1968,R,07/25/2025 10:24:03 AM,0.0000,28.7932,28.4344,28.6465,0.0,0.0
225,0,3,  0d 00:03:41.47,  0d 00:00:05.01,0.0000,4.1967,R,07/25/2025 10:24:04 AM,0.0000,28.7932,28.4344,28.6465,0.0,0.0
226,0,3,  0d 00:03:42.47,  0d 00:00:06.01,0.0000,4.1967,R,07/25/2025 10:24:05 AM,0.0000,28.7932,28.4344,28.6465,0.0,0.0
227,0,3,  0d 00:03:43.47,  0d 00:00:07.01,0.0000,4.1965,R,07/25/2025 10:24:06 AM,0.0000,28.7932,28.4344,28.6310,0.0,0.0
228,0,3,  0d 00:03:44.47,  0d 00:00:08.01,0.0000,4.1965,R,07/25/2025 10:24:07 AM,0.0000,28.7932,28.4344,28.6310,0.0,0.0
229,0,3,  0d 00:03:45.47,  0d 00:00:09.01,0.0000,4.1964,R,07/25/2025 10:24:08 AM,0.0000,28.7777,28.4344,28.6465,0.0,0.0
230,0,3,  0d 00:03:46.47,  0d 00:00:10.01,0.0000,4.1963,R,07/25/2025 10:24:09 AM,0.0000,28.7777,28.4188,28.6465,0.0,0.0
231,0,3,  0d 00:03:47.47,  0d 00:00:11.01,0.0000,4.1962,R,07/25/2025 10:24:10 AM,0.0000,28.7932,28.4344,28.6465,0.0,0.0
232,0,3,  0d 00:03:48.47,  0d 00:00:12.01,0.0000,4.1961,R,07/25/2025 10:24:11 AM,0.0000,28.7777,28.4344,28.6465,0.0,0.0
233,0,3,  0d 00:03:49.47,  0d 00:00:13.01,0.0000,4.1962,R,07/25/2025 10:24:12 AM,0.0000,28.7932,28.4344,28.6465,0.0,0.0
234,0,3,  0d 00:03:50.47,  0d 00:00:14.01,0.0000,4.1961,R,07/25/2025 10:24:13 AM,0.0000,28.7932,28.4344,28.6310,0.0,0.0
235,0,3,  0d 00:03:51.47,  0d 00:00:15.01,0.0000,4.1960,R,07/25/2025 10:24:14 AM,0.0000,28.7932,28.4344,28.6465,0.0,0.0
236,0,3,  0d 00:03:52.47,  0d 00:00:16.01,0.0000,4.1960,R,07/25/2025 10:24:15 AM,0.0000,28.7932,28.4344,28.6465,0.0,0.0
237,0,3,  0d 00:03:53.47,  0d 00:00:17.01,0.0000,4.1959,R,07/25/2025 10:24:16 AM,0.0000,28.7932,28.4344,28.6465,0.0,0.0
238,0,3,  0d 00:03:54.47,  0d 00:00:18.01,0.0000,4.1958,R,07/25/2025 10:24:17 AM,0.0000,28.7932,28.4344,28.6465,0.0,0.0
239,0,3,  0d 00:03:55.47,  0d 00:00:19.01,0.0000,4.1958,R,07/25/2025 10:24:18 AM,0.0000,28.7932,28.4344,28.6465,0.0,0.0
240,0,3,  0d 00:03:56.47,  0d 00:00:20.01,0.0000,4.1957,R,07/25/2025 10:24:19 AM,0.0000,28.7932,28.4344,28.6465,0.0,0.0
241,0,3,  0d 00:03:57.47,  0d 00:00:21.01,0.0000,4.1956,R,07/25/2025 10:24:20 AM,0.0000,28.7932,28.4344,28.6310,0.0,0.0
242,0,3,  0d 00:03:58.47,  0d 00:00:22.01,0.0000,4.1957,R,07/25/2025 10:24:21 AM,0.0000,28.7932,28.4344,28.6465,0.0,0.0
243,0,3,  0d 00:03:59.47,  0d 00:00:23.01,0.0000,4.1956,R,07/25/2025 10:24:22 AM,0.0000,28.7932,28.4344,28.6310,0.0,0.0
244,0,3,  0d 00:04:00.47,  0d 00:00:24.01,0.0000,4.1955,R,07/25/2025 10:24:23 AM,0.0000,28.7932,28.4344,28.6310,0.0,0.0
245,0,3,  0d 00:04:01.47,  0d 00:00:25.01,0.0000,4.1953,R,07/25/2025 10:24:24 AM,0.0000,28.7777,28.4344,28.6310,0.0,0.0
246,0,3,  0d 00:04:02.47,  0d 00:00:26.01,0.0000,4.1954,R,07/25/2025 10:24:25 AM,0.0000,28.7777,28.4344,28.6310,0.0,0.0
247,0,3,  0d 00:04:03.47,  0d 00:00:27.01,0.0000,4.1954,R,07/25/2025 10:24:26 AM,0.0000,28.7777,28.4344,28.6310,0.0,0.0
248,0,3,  0d 00:04:04.47,  0d 00:00:28.01,0.0000,4.1954,R,07/25/2025 10:24:27 AM,0.0000,28.7777,28.4188,28.6310,0.0,0.0
249,0,3,  0d 00:04:05.47,  0d 00:00:29.01,0.0000,4.1954,R,07/25/2025 10:24:28 AM,0.0000,28.7777,28.4188,28.6310,0.0,0.0
250,0,3,  0d 00:04:06.47,  0d 00:00:30.01,0.0000,4.1954,R,07/25/2025 10:24:29 AM,0.0000,28.7777,28.4188,28.6310,0.0,0.0
251,0,3,  0d 00:04:07.47,  0d 00:00:31.01,0.0000,4.1954,R,07/25/2025 10:24:30 AM,0.0000,28.7932,28.4188,28.6310,0.0,0.0
252,0,3,  0d 00:04:08.47,  0d 00:00:32.01,0.0000,4.1953,R,07/25/2025 10:24:31 AM,0.0000,28.7932,28.4188,28.6310,0.0,0.0
253,0,3,  0d 00:04:09.47,  0d 00:00:33.01,0.0000,4.1953,R,07/25/2025 10:24:32 AM,0.0000,28.7932,28.4188,28.6310,0.0,0.0
254,0,3,  0d 00:04:10.47,  0d 00:00:34.01,0.0000,4.1952,R,07/25/2025 10:24:33 AM,0.0000,28.7777,28.4188,28.6310,0.0,0.0
255,0,3,  0d 00:04:11.47,  0d 00:00:35.01,0.0000,4.1952,R,07/25/2025 10:24:34 AM,0.0000,28.7932,28.4188,28.6310,0.0,0.0
256,0,3,  0d 00:04:12.47,  0d 00:00:36.01,0.0000,4.1951,R,07/25/2025 10:24:35 AM,0.0000,28.7932,28.4188,28.6310,0.0,0.0
257,0,3,  0d 00:04:13.47,  0d 00:00:37.01,0.0000,4.1950,R,07/25/2025 10:24:36 AM,0.0000,28.7932,28.4188,28.6310,0.0,0.0
258,0,3,  0d 00:04:14.47,  0d 00:00:38.01,0.0000,4.1949,R,07/25/2025 10:24:37 AM,0.0000,28.7932,28.4188,28.6310,0.0,0.0
259,0,3,  0d 00:04:15.47,  0d 00:00:39.01,0.0000,4.1949,R,07/25/2025 10:24:38 AM,0.0000,28.7932,28.4188,28.6310,0.0,0.0
260,0,3,  0d 00:04:16.47,  0d 00:00:40.01,0.0000,4.1950,R,07/25/2025 10:24:39 AM,0.0000,28.7777,28.4188,28.6310,0.0,0.0
261,0,3,  0d 00:04:17.47,  0d 00:00:41.01,0.0000,4.1949,R,07/25/2025 10:24:40 AM,0.0000,28.7777,28.4344,28.6310,0.0,0.0
262,0,3,  0d 00:04:18.47,  0d 00:00:42.01,0.0000,4.1949,R,07/25/2025 10:24:42 AM,0.0000,28.7777,28.4344,28.6310,0.0,0.0
263,0,3,  0d 00:04:19.47,  0d 00:00:43.01,0.0000,4.1949,R,07/25/2025 10:24:42 AM,0.0000,28.7777,28.4344,28.6310,0.0,0.0
264,0,3,  0d 00:04:20.47,  0d 00:00:44.01,0.0000,4.1949,R,07/25/2025 10:24:43 AM,0.0000,28.7777,28.4344,28.6310,0.0,0.0
265,0,3,  0d 00:04:21.47,  0d 00:00:45.01,0.0000,4.1948,R,07/25/2025 10:24:44 AM,0.0000,28.7777,28.4344,28.6310,0.0,0.0
266,0,3,  0d 00:04:22.47,  0d 00:00:46.01,0.0000,4.1949,R,07/25/2025 10:24:45 AM,0.0000,28.7777,28.4344,28.6310,0.0,0.0
267,0,3,  0d 00:04:23.47,  0d 00:00:47.01,0.0000,4.1949,R,07/25/2025 10:24:46 AM,0.0000,28.7932,28.4344,28.6310,0.0,0.0
268,0,3,  0d 00:04:24.47,  0d 00:00:48.01,0.0000,4.1949,R,07/25/2025 10:24:47 AM,0.0000,28.7932,28.4344,28.6310,0.0,0.0
269,0,3,  0d 00:04:25.47,  0d 00:00:49.01,0.0000,4.1949,R,07/25/2025 10:24:48 AM,0.0000,28.7932,28.4344,28.6310,0.0,0.0
270,0,3,  0d 00:04:26.47,  0d 00:00:50.01,0.0000,4.1948,R,07/25/2025 10:24:49 AM,0.0000,28.7932,28.4344,28.6310,0.0,0.0
271,0,3,  0d 00:04:27.47,  0d 00:00:51.01,0.0000,4.1946,R,07/25/2025 10:24:50 AM,0.0000,28.7932,28.4344,28.6310,0.0,0.0
272,0,3,  0d 00:04:28.47,  0d 00:00:52.01,0.0000,4.1947,R,07/25/2025 10:24:52 AM,0.0000,28.7932,28.4344,28.6465,0.0,0.0
273,0,3,  0d 00:04:29.47,  0d 00:00:53.01,0.0000,4.1947,R,07/25/2025 10:24:52 AM,0.0000,28.7932,28.4344,28.6465,0.0,0.0
274,0,3,  0d 00:04:30.47,  0d 00:00:54.01,0.0000,4.1946,R,07/25/2025 10:24:53 AM,0.0000,28.7932,28.4188,28.6310,0.0,0.0
275,0,3,  0d 00:04:31.47,  0d 00:00:55.01,0.0000,4.1946,R,07/25/2025 10:24:54 AM,0.0000,28.7932,28.4188,28.6465,0.0,0.0
276,0,3,  0d 00:04:32.47,  0d 00:00:56.01,0.0000,4.1946,R,07/25/2025 10:24:55 AM,0.0000,28.7932,28.4188,28.6310,0.0,0.0
277,0,3,  0d 00:04:33.47,  0d 00:00:57.01,0.0000,4.1946,R,07/25/2025 10:24:56 AM,0.0000,28.7932,28.4188,28.6310,0.0,0.0
278,0,3,  0d 00:04:34.47,  0d 00:00:58.01,0.0000,4.1945,R,07/25/2025 10:24:57 AM,0.0000,28.7932,28.4188,28.6310,0.0,0.0
279,0,3,  0d 00:04:35.47,  0d 00:00:59.01,0.0000,4.1945,R,07/25/2025 10:24:58 AM,0.0000,28.7777,28.4188,28.6310,0.0,0.0
280,0,3,  0d 00:04:36.47,  0d 00:01:00.01,0.0000,4.1946,R,07/25/2025 10:24:59 AM,0.0000,28.7777,28.4188,28.6310,0.0,0.0
281,0,3,  0d 00:04:37.47,  0d 00:01:01.01,0.0000,4.1946,R,07/25/2025 10:25:00 AM,0.0000,28.7777,28.4344,28.6310,0.0,0.0
282,0,3,  0d 00:04:38.47,  0d 00:01:02.01,0.0000,4.1946,R,07/25/2025 10:25:01 AM,0.0000,28.7932,28.4188,28.6310,0.0,0.0
283,0,3,  0d 00:04:39.47,  0d 00:01:03.01,0.0000,4.1944,R,07/25/2025 10:25:02 AM,0.0000,28.7932,28.4188,28.6310,0.0,0.0
284,0,3,  0d 00:04:40.47,  0d 00:01:04.01,0.0000,4.1945,R,07/25/2025 10:25:03 AM,0.0000,28.7932,28.4344,28.6465,0.0,0.0
285,0,3,  0d 00:04:41.47,  0d 00:01:05.01,0.0000,4.1945,R,07/25/2025 10:25:04 AM,0.0000,28.7777,28.4344,28.6465,0.0,0.0
286,0,3,  0d 00:04:42.47,  0d 00:01:06.01,0.0000,4.1944,R,07/25/2025 10:25:05 AM,0.0000,28.7777,28.4344,28.6465,0.0,0.0
287,0,3,  0d 00:04:43.47,  0d 00:01:07.01,0.0000,4.1944,R,07/25/2025 10:25:06 AM,0.0000,28.7932,28.4344,28.6310,0.0,0.0
288,0,3,  0d 00:04:44.47,  0d 00:01:08.01,0.0000,4.1944,R,07/25/2025 10:25:07 AM,0.0000,28.7932,28.4344,28.6310,0.0,0.0
289,0,3,  0d 00:04:45.47,  0d 00:01:09.01,0.0000,4.1945,R,07/25/2025 10:25:08 AM,0.0000,28.7932,28.4344,28.6310,0.0,0.0
290,0,3,  0d 00:04:46.47,  0d 00:01:10.01,0.0000,4.1942,R,07/25/2025 10:25:09 AM,0.0000,28.7932,28.4344,28.6310,0.0,0.0
291,0,3,  0d 00:04:47.47,  0d 00:01:11.01,0.0000,4.1943,R,07/25/2025 10:25:10 AM,0.0000,28.7932,28.4344,28.6310,0.0,0.0
292,0,3,  0d 00:04:48.47,  0d 00:01:12.01,0.0000,4.1944,R,07/25/2025 10:25:11 AM,0.0000,28.7932,28.4344,28.6465,0.0,0.0
293,0,3,  0d 00:04:49.47,  0d 00:01:13.01,0.0000,4.1942,R,07/25/2025 10:25:12 AM,0.0000,28.7932,28.4344,28.6465,0.0,0.0
294,0,3,  0d 00:04:50.47,  0d 00:01:14.01,0.0000,4.1943,R,07/25/2025 10:25:13 AM,0.0000,28.7932,28.4344,28.6465,0.0,0.0
295,0,3,  0d 00:04:51.47,  0d 00:01:15.01,0.0000,4.1942,R,07/25/2025 10:25:14 AM,0.0000,28.7932,28.4344,28.6465,0.0,0.0
296,0,3,  0d 00:04:52.47,  0d 00:01:16.01,0.0000,4.1942,R,07/25/2025 10:25:15 AM,0.0000,28.7777,28.4344,28.6465,0.0,0.0
297,0,3,  0d 00:04:53.47,  0d 00:01:17.01,0.0000,4.1941,R,07/25/2025 10:25:16 AM,0.0000,28.7777,28.4344,28.6465,0.0,0.0
298,0,3,  0d 00:04:54.47,  0d 00:01:18.01,0.0000,4.1942,R,07/25/2025 10:25:17 AM,0.0000,28.7777,28.4344,28.6465,0.0,0.0
299,0,3,  0d 00:04:55.47,  0d 00:01:19.01,0.0000,4.1942,R,07/25/2025 10:25:18 AM,0.0000,28.7777,28.4344,28.6465,0.0,0.0
300,0,3,  0d 00:04:56.47,  0d 00:01:20.01,0.0000,4.1942,R,07/25/2025 10:25:19 AM,0.0000,28.7932,28.4344,28.6465,0.0,0.0
301,0,3,  0d 00:04:57.47,  0d 00:01:21.01,0.0000,4.1942,R,07/25/2025 10:25:20 AM,0.0000,28.7932,28.4344,28.6465,0.0,0.0
302,0,3,  0d 00:04:58.47,  0d 00:01:22.01,0.0000,4.1940,R,07/25/2025 10:25:21 AM,0.0000,28.7932,28.4344,28.6465,0.0,0.0
303,0,3,  0d 00:04:59.47,  0d 00:01:23.01,0.0000,4.1940,R,07/25/2025 10:25:22 AM,0.0000,28.7932,28.4344,28.6465,0.0,0.0
304,0,3,  0d 00:05:00.47,  0d 00:01:24.01,0.0000,4.1939,R,07/25/2025 10:25:23 AM,0.0000,28.7932,28.4344,28.6310,0.0,0.0
305,0,3,  0d 00:05:01.47,  0d 00:01:25.01,0.0000,4.1942,R,07/25/2025 10:25:24 AM,0.0000,28.7932,28.4344,28.6310,0.0,0.0
306,0,3,  0d 00:05:02.47,  0d 00:01:26.01,0.0000,4.1942,R,07/25/2025 10:25:25 AM,0.0000,28.7932,28.4344,28.6465,0.0,0.0
307,0,3,  0d 00:05:03.47,  0d 00:01:27.01,0.0000,4.1939,R,07/25/2025 10:25:26 AM,0.0000,28.7932,28.4344,28.6465,0.0,0.0
308,0,3,  0d 00:05:04.47,  0d 00:01:28.01,0.0000,4.1939,R,07/25/2025 10:25:27 AM,0.0000,28.7932,28.4344,28.6465,0.0,0.0
309,0,3,  0d 00:05:05.47,  0d 00:01:29.01,0.0000,4.1938,R,07/25/2025 10:25:28 AM,0.0000,28.7932,28.4344,28.6465,0.0,0.0
310,0,3,  0d 00:05:06.47,  0d 00:01:30.01,0.0000,4.1939,R,07/25/2025 10:25:29 AM,0.0000,28.7932,28.4344,28.6465,0.0,0.0
311,0,3,  0d 00:05:07.47,  0d 00:01:31.01,0.0000,4.1939,R,07/25/2025 10:25:30 AM,0.0000,28.7932,28.4344,28.6465,0.0,0.0
312,0,3,  0d 00:05:08.47,  0d 00:01:32.01,0.0000,4.1939,R,07/25/2025 10:25:31 AM,0.0000,28.7932,28.4344,28.6310,0.0,0.0
313,0,3,  0d 00:05:09.47,  0d 00:01:33.01,0.0000,4.1939,R,07/25/2025 10:25:32 AM,0.0000,28.7932,28.4344,28.6465,0.0,0.0
314,0,3,  0d 00:05:10.47,  0d 00:01:34.01,0.0000,4.1939,R,07/25/2025 10:25:33 AM,0.0000,28.7932,28.4344,28.6465,0.0,0.0
315,0,3,  0d 00:05:11.47,  0d 00:01:35.01,0.0000,4.1939,R,07/25/2025 10:25:34 AM,0.0000,28.7932,28.4344,28.6465,0.0,0.0
316,0,3,  0d 00:05:12.47,  0d 00:01:36.01,0.0000,4.1939,R,07/25/2025 10:25:35 AM,0.0000,28.7932,28.4344,28.6465,0.0,0.0
317,0,3,  0d 00:05:13.47,  0d 00:01:37.01,0.0000,4.1939,R,07/25/2025 10:25:36 AM,0.0000,28.7932,28.4344,28.6465,0.0,0.0
318,0,3,  0d 00:05:14.47,  0d 00:01:38.01,0.0000,4.1939,R,07/25/2025 10:25:37 AM,0.0000,28.7932,28.4344,28.6310,0.0,0.0
319,0,3,  0d 00:05:15.47,  0d 00:01:39.01,0.0000,4.1939,R,07/25/2025 10:25:38 AM,0.0000,28.7932,28.4344,28.6310,0.0,0.0
320,0,3,  0d 00:05:16.47,  0d 00:01:40.01,0.0000,4.1939,R,07/25/2025 10:25:39 AM,0.0000,28.7932,28.4344,28.6465,0.0,0.0
321,0,3,  0d 00:05:17.47,  0d 00:01:41.01,0.0000,4.1939,R,07/25/2025 10:25:40 AM,0.0000,28.7932,28.4344,28.6465,0.0,0.0
322,0,3,  0d 00:05:18.47,  0d 00:01:42.01,0.0000,4.1938,R,07/25/2025 10:25:41 AM,0.0000,28.7932,28.4344,28.6310,0.0,0.0
323,0,3,  0d 00:05:19.47,  0d 00:01:43.01,0.0000,4.1939,R,07/25/2025 10:25:42 AM,0.0000,28.7932,28.4344,28.6465,0.0,0.0
324,0,3,  0d 00:05:20.47,  0d 00:01:44.01,0.0000,4.1936,R,07/25/2025 10:25:43 AM,0.0000,28.7932,28.4344,28.6465,0.0,0.0
325,0,3,  0d 00:05:21.47,  0d 00:01:45.01,0.0000,4.1938,R,07/25/2025 10:25:44 AM,0.0000,28.7932,28.4344,28.6465,0.0,0.0
326,0,3,  0d 00:05:22.47,  0d 00:01:46.01,0.0000,4.1937,R,07/25/2025 10:25:45 AM,0.0000,28.7932,28.4344,28.6465,0.0,0.0
327,0,3,  0d 00:05:23.47,  0d 00:01:47.01,0.0000,4.1936,R,07/25/2025 10:25:46 AM,0.0000,28.7932,28.4344,28.6465,0.0,0.0
328,0,3,  0d 00:05:24.47,  0d 00:01:48.01,0.0000,4.1937,R,07/25/2025 10:25:47 AM,0.0000,28.7932,28.4344,28.6465,0.0,0.0
329,0,3,  0d 00:05:25.47,  0d 00:01:49.01,0.0000,4.1937,R,07/25/2025 10:25:48 AM,0.0000,28.7932,28.4344,28.6465,0.0,0.0
330,0,3,  0d 00:05:26.47,  0d 00:01:50.01,0.0000,4.1936,R,07/25/2025 10:25:49 AM,0.0000,28.7932,28.4344,28.6465,0.0,0.0
331,0,3,  0d 00:05:27.47,  0d 00:01:51.01,0.0000,4.1939,R,07/25/2025 10:25:50 AM,0.0000,28.7932,28.4344,28.6465,0.0,0.0
332,0,3,  0d 00:05:28.47,  0d 00:01:52.01,0.0000,4.1936,R,07/25/2025 10:25:51 AM,0.0000,28.8087,28.4344,28.6465,0.0,0.0
333,0,3,  0d 00:05:29.47,  0d 00:01:53.01,0.0000,4.1937,R,07/25/2025 10:25:53 AM,0.0000,28.8087,28.4344,28.6465,0.0,0.0
334,0,3,  0d 00:05:30.47,  0d 00:01:54.01,0.0000,4.1935,R,07/25/2025 10:25:53 AM,0.0000,28.8087,28.4344,28.6465,0.0,0.0
335,0,3,  0d 00:05:31.47,  0d 00:01:55.01,0.0000,4.1937,R,07/25/2025 10:25:54 AM,0.0000,28.8087,28.4499,28.6465,0.0,0.0
336,0,3,  0d 00:05:32.47,  0d 00:01:56.01,0.0000,4.1936,R,07/25/2025 10:25:55 AM,0.0000,28.8087,28.4344,28.6465,0.0,0.0
337,0,3,  0d 00:05:33.47,  0d 00:01:57.01,0.0000,4.1936,R,07/25/2025 10:25:56 AM,0.0000,28.8087,28.4499,28.6465,0.0,0.0
338,0,3,  0d 00:05:34.47,  0d 00:01:58.01,0.0000,4.1936,R,07/25/2025 10:25:57 AM,0.0000,28.7932,28.4344,28.6465,0.0,0.0
339,0,3,  0d 00:05:35.47,  0d 00:01:59.01,0.0000,4.1936,R,07/25/2025 10:25:58 AM,0.0000,28.7932,28.4499,28.6465,0.0,0.0
340,0,3,  0d 00:05:36.47,  0d 00:02:00.01,0.0000,4.1936,R,07/25/2025 10:25:59 AM,0.0000,28.7932,28.4499,28.6465,0.0,0.0
341,0,3,  0d 00:05:37.47,  0d 00:02:01.01,0.0000,4.1935,R,07/25/2025 10:26:00 AM,0.0000,28.7932,28.4499,28.6465,0.0,0.0
342,0,3,  0d 00:05:38.47,  0d 00:02:02.01,0.0000,4.1935,R,07/25/2025 10:26:01 AM,0.0000,28.7932,28.4344,28.6465,0.0,0.0
343,0,3,  0d 00:05:39.47,  0d 00:02:03.01,0.0000,4.1934,R,07/25/2025 10:26:03 AM,0.0000,28.7932,28.4344,28.6465,0.0,0.0
344,0,3,  0d 00:05:40.47,  0d 00:02:04.01,0.0000,4.1936,R,07/25/2025 10:26:03 AM,0.0000,28.7932,28.4344,28.6465,0.0,0.0
345,0,3,  0d 00:05:41.47,  0d 00:02:05.01,0.0000,4.1935,R,07/25/2025 10:26:04 AM,0.0000,28.8087,28.4344,28.6465,0.0,0.0
346,0,3,  0d 00:05:42.47,  0d 00:02:06.01,0.0000,4.1935,R,07/25/2025 10:26:05 AM,0.0000,28.8087,28.4499,28.6465,0.0,0.0
347,0,3,  0d 00:05:43.47,  0d 00:02:07.01,0.0000,4.1936,R,07/25/2025 10:26:06 AM,0.0000,28.8087,28.4499,28.6465,0.0,0.0
348,0,3,  0d 00:05:44.47,  0d 00:02:08.01,0.0000,4.1934,R,07/25/2025 10:26:07 AM,0.0000,28.8087,28.4499,28.6465,0.0,0.0
349,0,3,  0d 00:05:45.47,  0d 00:02:09.01,0.0000,4.1935,R,07/25/2025 10:26:08 AM,0.0000,28.8087,28.4499,28.6465,0.0,0.0
350,0,3,  0d 00:05:46.47,  0d 00:02:10.01,0.0000,4.1933,R,07/25/2025 10:26:09 AM,0.0000,28.7932,28.4499,28.6465,0.0,0.0
351,0,3,  0d 00:05:47.47,  0d 00:02:11.01,0.0000,4.1936,R,07/25/2025 10:26:10 AM,0.0000,28.8087,28.4344,28.6465,0.0,0.0
352,0,3,  0d 00:05:48.47,  0d 00:02:12.01,0.0000,4.1935,R,07/25/2025 10:26:11 AM,0.0000,28.8087,28.4344,28.6465,0.0,0.0
353,0,3,  0d 00:05:49.47,  0d 00:02:13.01,0.0000,4.1934,R,07/25/2025 10:26:12 AM,0.0000,28.8087,28.4344,28.6465,0.0,0.0
354,0,3,  0d 00:05:50.47,  0d 00:02:14.01,0.0000,4.1935,R,07/25/2025 10:26:13 AM,0.0000,28.8087,28.4344,28.6465,0.0,0.0
355,0,3,  0d 00:05:51.47,  0d 00:02:15.01,0.0000,4.1934,R,07/25/2025 10:26:14 AM,0.0000,28.7932,28.4344,28.6465,0.0,0.0
356,0,3,  0d 00:05:52.47,  0d 00:02:16.01,0.0000,4.1934,R,07/25/2025 10:26:15 AM,0.0000,28.7932,28.4344,28.6465,0.0,0.0
357,0,3,  0d 00:05:53.47,  0d 00:02:17.01,0.0000,4.1935,R,07/25/2025 10:26:16 AM,0.0000,28.7932,28.4344,28.6465,0.0,0.0
358,0,3,  0d 00:05:54.47,  0d 00:02:18.01,0.0000,4.1933,R,07/25/2025 10:26:17 AM,0.0000,28.7932,28.4344,28.6465,0.0,0.0
359,0,3,  0d 00:05:55.47,  0d 00:02:19.01,0.0000,4.1933,R,07/25/2025 10:26:18 AM,0.0000,28.7932,28.4344,28.6465,0.0,0.0
360,0,3,  0d 00:05:56.47,  0d 00:02:20.01,0.0000,4.1933,R,07/25/2025 10:26:19 AM,0.0000,28.7932,28.4344,28.6465,0.0,0.0
361,0,3,  0d 00:05:57.47,  0d 00:02:21.01,0.0000,4.1933,R,07/25/2025 10:26:20 AM,0.0000,28.7932,28.4344,28.6465,0.0,0.0
362,0,3,  0d 00:05:58.47,  0d 00:02:22.01,0.0000,4.1934,R,07/25/2025 10:26:21 AM,0.0000,28.7932,28.4344,28.6465,0.0,0.0
363,0,3,  0d 00:05:59.47,  0d 00:02:23.01,0.0000,4.1934,R,07/25/2025 10:26:22 AM,0.0000,28.7932,28.4344,28.6465,0.0,0.0
364,0,3,  0d 00:06:00.47,  0d 00:02:24.01,0.0000,4.1933,R,07/25/2025 10:26:23 AM,0.0000,28.7932,28.4344,28.6465,0.0,0.0
365,0,3,  0d 00:06:01.47,  0d 00:02:25.01,0.0000,4.1933,R,07/25/2025 10:26:24 AM,0.0000,28.7932,28.4344,28.6465,0.0,0.0
366,0,3,  0d 00:06:02.47,  0d 00:02:26.01,0.0000,4.1934,R,07/25/2025 10:26:25 AM,0.0000,28.7932,28.4344,28.6465,0.0,0.0
367,0,3,  0d 00:06:03.47,  0d 00:02:27.01,0.0000,4.1933,R,07/25/2025 10:26:26 AM,0.0000,28.7932,28.4344,28.6465,0.0,0.0
368,0,3,  0d 00:06:04.47,  0d 00:02:28.01,0.0000,4.1933,R,07/25/2025 10:26:27 AM,0.0000,28.7932,28.4344,28.6465,0.0,0.0
369,0,3,  0d 00:06:05.47,  0d 00:02:29.01,0.0000,4.1933,R,07/25/2025 10:26:28 AM,0.0000,28.7932,28.4344,28.6465,0.0,0.0
370,0,3,  0d 00:06:06.47,  0d 00:02:30.01,0.0000,4.1933,R,07/25/2025 10:26:29 AM,0.0000,28.7932,28.4344,28.6310,0.0,0.0
371,0,3,  0d 00:06:07.47,  0d 00:02:31.01,0.0000,4.1932,R,07/25/2025 10:26:30 AM,0.0000,28.7777,28.4344,28.6310,0.0,0.0
372,0,3,  0d 00:06:08.47,  0d 00:02:32.01,0.0000,4.1933,R,07/25/2025 10:26:31 AM,0.0000,28.7777,28.4344,28.6310,0.0,0.0
373,0,3,  0d 00:06:09.47,  0d 00:02:33.01,0.0000,4.1932,R,07/25/2025 10:26:32 AM,0.0000,28.7777,28.4344,28.6310,0.0,0.0
374,0,3,  0d 00:06:10.47,  0d 00:02:34.01,0.0000,4.1931,R,07/25/2025 10:26:33 AM,0.0000,28.7777,28.4344,28.6310,0.0,0.0
375,0,3,  0d 00:06:11.47,  0d 00:02:35.01,0.0000,4.1933,R,07/25/2025 10:26:34 AM,0.0000,28.7777,28.4188,28.6310,0.0,0.0
376,0,3,  0d 00:06:12.47,  0d 00:02:36.01,0.0000,4.1933,R,07/25/2025 10:26:35 AM,0.0000,28.7777,28.4188,28.6310,0.0,0.0
377,0,3,  0d 00:06:13.47,  0d 00:02:37.01,0.0000,4.1933,R,07/25/2025 10:26:36 AM,0.0000,28.7777,28.4188,28.6310,0.0,0.0
378,0,3,  0d 00:06:14.47,  0d 00:02:38.01,0.0000,4.1933,R,07/25/2025 10:26:37 AM,0.0000,28.7777,28.4188,28.6310,0.0,0.0
379,0,3,  0d 00:06:15.47,  0d 00:02:39.01,0.0000,4.1933,R,07/25/2025 10:26:38 AM,0.0000,28.7777,28.4344,28.6310,0.0,0.0
380,0,3,  0d 00:06:16.47,  0d 00:02:40.01,0.0000,4.1933,R,07/25/2025 10:26:39 AM,0.0000,28.7777,28.4188,28.6310,0.0,0.0
381,0,3,  0d 00:06:17.47,  0d 00:02:41.01,0.0000,4.1932,R,07/25/2025 10:26:40 AM,0.0000,28.7777,28.4188,28.6310,0.0,0.0
382,0,3,  0d 00:06:18.47,  0d 00:02:42.01,0.0000,4.1933,R,07/25/2025 10:26:41 AM,0.0000,28.7777,28.4188,28.6310,0.0,0.0
383,0,3,  0d 00:06:19.47,  0d 00:02:43.01,0.0000,4.1932,R,07/25/2025 10:26:42 AM,0.0000,28.7777,28.4188,28.6310,0.0,0.0
384,0,3,  0d 00:06:20.47,  0d 00:02:44.01,0.0000,4.1933,R,07/25/2025 10:26:43 AM,0.0000,28.7777,28.4188,28.6310,0.0,0.0
385,0,3,  0d 00:06:21.47,  0d 00:02:45.01,0.0000,4.1932,R,07/25/2025 10:26:44 AM,0.0000,28.7777,28.4188,28.6310,0.0,0.0
386,0,3,  0d 00:06:22.47,  0d 00:02:46.01,0.0000,4.1930,R,07/25/2025 10:26:45 AM,0.0000,28.7777,28.4188,28.6310,0.0,0.0
387,0,3,  0d 00:06:23.47,  0d 00:02:47.01,0.0000,4.1932,R,07/25/2025 10:26:46 AM,0.0000,28.7777,28.4188,28.6310,0.0,0.0
388,0,3,  0d 00:06:24.47,  0d 00:02:48.01,0.0000,4.1932,R,07/25/2025 10:26:47 AM,0.0000,28.7777,28.4188,28.6310,0.0,0.0
389,0,3,  0d 00:06:25.47,  0d 00:02:49.01,0.0000,4.1932,R,07/25/2025 10:26:48 AM,0.0000,28.7777,28.4188,28.6310,0.0,0.0
390,0,3,  0d 00:06:26.47,  0d 00:02:50.01,0.0000,4.1930,R,07/25/2025 10:26:49 AM,0.0000,28.7777,28.4188,28.6310,0.0,0.0
391,0,3,  0d 00:06:27.47,  0d 00:02:51.01,0.0000,4.1932,R,07/25/2025 10:26:50 AM,0.0000,28.7777,28.4188,28.6310,0.0,0.0
392,0,3,  0d 00:06:28.47,  0d 00:02:52.01,0.0000,4.1931,R,07/25/2025 10:26:51 AM,0.0000,28.7777,28.4188,28.6310,0.0,0.0
393,0,3,  0d 00:06:29.47,  0d 00:02:53.01,0.0000,4.1930,R,07/25/2025 10:26:52 AM,0.0000,28.7777,28.4188,28.6310,0.0,0.0
394,0,3,  0d 00:06:30.47,  0d 00:02:54.01,0.0000,4.1932,R,07/25/2025 10:26:53 AM,0.0000,28.7777,28.4188,28.6310,0.0,0.0
395,0,3,  0d 00:06:31.47,  0d 00:02:55.01,0.0000,4.1931,R,07/25/2025 10:26:54 AM,0.0000,28.7777,28.4188,28.6310,0.0,0.0
396,0,3,  0d 00:06:32.47,  0d 00:02:56.01,0.0000,4.1931,R,07/25/2025 10:26:55 AM,0.0000,28.7777,28.4188,28.6310,0.0,0.0
397,0,3,  0d 00:06:33.47,  0d 00:02:57.01,0.0000,4.1932,R,07/25/2025 10:26:56 AM,0.0000,28.7777,28.4188,28.6310,0.0,0.0
398,0,3,  0d 00:06:34.47,  0d 00:02:58.01,0.0000,4.1932,R,07/25/2025 10:26:57 AM,0.0000,28.7777,28.4188,28.6310,0.0,0.0
399,0,3,  0d 00:06:35.47,  0d 00:02:59.01,0.0000,4.1930,R,07/25/2025 10:26:58 AM,0.0000,28.7777,28.4188,28.6310,0.0,0.0
400,0,3,  0d 00:06:36.47,  0d 00:03:00.01,0.0000,4.1930,R,07/25/2025 10:26:59 AM,0.0000,28.7777,28.4188,28.6310,0.0,0.0
401,0,3,  0d 00:06:37.47,  0d 00:03:01.01,0.0000,4.1930,R,07/25/2025 10:27:00 AM,0.0000,28.7777,28.4188,28.6310,0.0,0.0
402,0,3,  0d 00:06:38.47,  0d 00:03:02.01,0.0000,4.1930,R,07/25/2025 10:27:01 AM,0.0000,28.7777,28.4188,28.6310,0.0,0.0
403,0,3,  0d 00:06:39.47,  0d 00:03:03.01,0.0000,4.1930,R,07/25/2025 10:27:02 AM,0.0000,28.7777,28.4188,28.6310,0.0,0.0
404,0,3,  0d 00:06:40.47,  0d 00:03:04.01,0.0000,4.1930,R,07/25/2025 10:27:03 AM,0.0000,28.7777,28.4188,28.6310,0.0,0.0
405,0,3,  0d 00:06:41.47,  0d 00:03:05.01,0.0000,4.1930,R,07/25/2025 10:27:04 AM,0.0000,28.7777,28.4188,28.6310,0.0,0.0
406,0,3,  0d 00:06:42.47,  0d 00:03:06.01,0.0000,4.1930,R,07/25/2025 10:27:05 AM,0.0000,28.7622,28.4188,28.6310,0.0,0.0
407,0,3,  0d 00:06:43.47,  0d 00:03:07.01,0.0000,4.1930,R,07/25/2025 10:27:06 AM,0.0000,28.7622,28.4188,28.6310,0.0,0.0
408,0,3,  0d 00:06:44.47,  0d 00:03:08.01,0.0000,4.1930,R,07/25/2025 10:27:07 AM,0.0000,28.7622,28.4188,28.6310,0.0,0.0
409,0,3,  0d 00:06:45.47,  0d 00:03:09.01,0.0000,4.1930,R,07/25/2025 10:27:08 AM,0.0000,28.7777,28.4188,28.6310,0.0,0.0
410,0,3,  0d 00:06:46.47,  0d 00:03:10.01,0.0000,4.1929,R,07/25/2025 10:27:09 AM,0.0000,28.7777,28.4188,28.6310,0.0,0.0
411,0,3,  0d 00:06:47.47,  0d 00:03:11.01,0.0000,4.1929,R,07/25/2025 10:27:10 AM,0.0000,28.7777,28.4188,28.6310,0.0,0.0
412,0,3,  0d 00:06:48.47,  0d 00:03:12.01,0.0000,4.1930,R,07/25/2025 10:27:11 AM,0.0000,28.7777,28.4188,28.6310,0.0,0.0
413,0,3,  0d 00:06:49.47,  0d 00:03:13.01,0.0000,4.1928,R,07/25/2025 10:27:12 AM,0.0000,28.7777,28.4188,28.6310,0.0,0.0
414,0,3,  0d 00:06:50.47,  0d 00:03:14.01,0.0000,4.1930,R,07/25/2025 10:27:14 AM,0.0000,28.7777,28.4188,28.6310,0.0,0.0
415,0,3,  0d 00:06:51.47,  0d 00:03:15.01,0.0000,4.1930,R,07/25/2025 10:27:14 AM,0.0000,28.7777,28.4188,28.6310,0.0,0.0
416,0,3,  0d 00:06:52.47,  0d 00:03:16.01,0.0000,4.1930,R,07/25/2025 10:27:15 AM,0.0000,28.7777,28.4188,28.6310,0.0,0.0
417,0,3,  0d 00:06:53.47,  0d 00:03:17.01,0.0000,4.1930,R,07/25/2025 10:27:16 AM,0.0000,28.7777,28.4188,28.6155,0.0,0.0
418,0,3,  0d 00:06:54.47,  0d 00:03:18.01,0.0000,4.1930,R,07/25/2025 10:27:17 AM,0.0000,28.7777,28.4188,28.6155,0.0,0.0
419,0,3,  0d 00:06:55.47,  0d 00:03:19.01,0.0000,4.1930,R,07/25/2025 10:27:18 AM,0.0000,28.7622,28.4033,28.6155,0.0,0.0
420,0,3,  0d 00:06:56.47,  0d 00:03:20.01,0.0000,4.1931,R,07/25/2025 10:27:19 AM,0.0000,28.7622,28.4033,28.6155,0.0,0.0
421,0,3,  0d 00:06:57.47,  0d 00:03:21.01,0.0000,4.1929,R,07/25/2025 10:27:20 AM,0.0000,28.7622,28.4033,28.6155,0.0,0.0
422,0,3,  0d 00:06:58.47,  0d 00:03:22.01,0.0000,4.1930,R,07/25/2025 10:27:21 AM,0.0000,28.7622,28.4033,28.6155,0.0,0.0
423,0,3,  0d 00:06:59.47,  0d 00:03:23.01,0.0000,4.1930,R,07/25/2025 10:27:22 AM,0.0000,28.7622,28.4033,28.6155,0.0,0.0
424,0,3,  0d 00:07:00.47,  0d 00:03:24.01,0.0000,4.1929,R,07/25/2025 10:27:23 AM,0.0000,28.7622,28.4033,28.6155,0.0,0.0
425,0,3,  0d 00:07:01.47,  0d 00:03:25.01,0.0000,4.1928,R,07/25/2025 10:27:24 AM,0.0000,28.7622,28.4033,28.6155,0.0,0.0
426,0,3,  0d 00:07:02.47,  0d 00:03:26.01,0.0000,4.1927,R,07/25/2025 10:27:25 AM,0.0000,28.7622,28.4033,28.6155,0.0,0.0
427,0,3,  0d 00:07:03.47,  0d 00:03:27.01,0.0000,4.1930,R,07/25/2025 10:27:26 AM,0.0000,28.7622,28.4033,28.6155,0.0,0.0
428,0,3,  0d 00:07:04.47,  0d 00:03:28.01,0.0000,4.1930,R,07/25/2025 10:27:27 AM,0.0000,28.7468,28.4033,28.6155,0.0,0.0
429,0,3,  0d 00:07:05.47,  0d 00:03:29.01,0.0000,4.1928,R,07/25/2025 10:27:28 AM,0.0000,28.7468,28.4033,28.6155,0.0,0.0
430,0,3,  0d 00:07:06.47,  0d 00:03:30.01,0.0000,4.1929,R,07/25/2025 10:27:29 AM,0.0000,28.7622,28.4033,28.6155,0.0,0.0
431,0,3,  0d 00:07:07.47,  0d 00:03:31.01,0.0000,4.1930,R,07/25/2025 10:27:30 AM,0.0000,28.7622,28.4033,28.6155,0.0,0.0
432,0,3,  0d 00:07:08.47,  0d 00:03:32.01,0.0000,4.1929,R,07/25/2025 10:27:31 AM,0.0000,28.7622,28.4033,28.6310,0.0,0.0
433,0,3,  0d 00:07:09.47,  0d 00:03:33.01,0.0000,4.1929,R,07/25/2025 10:27:32 AM,0.0000,28.7622,28.4033,28.6155,0.0,0.0
434,0,3,  0d 00:07:10.47,  0d 00:03:34.01,0.0000,4.1928,R,07/25/2025 10:27:33 AM,0.0000,28.7622,28.4033,28.6155,0.0,0.0
435,0,3,  0d 00:07:11.47,  0d 00:03:35.01,0.0000,4.1929,R,07/25/2025 10:27:34 AM,0.0000,28.7622,28.4033,28.6155,0.0,0.0
436,0,3,  0d 00:07:12.47,  0d 00:03:36.01,0.0000,4.1928,R,07/25/2025 10:27:35 AM,0.0000,28.7622,28.4033,28.6155,0.0,0.0
437,0,3,  0d 00:07:13.47,  0d 00:03:37.01,0.0000,4.1929,R,07/25/2025 10:27:36 AM,0.0000,28.7622,28.4033,28.6155,0.0,0.0
438,0,3,  0d 00:07:14.47,  0d 00:03:38.01,0.0000,4.1929,R,07/25/2025 10:27:37 AM,0.0000,28.7622,28.4033,28.6155,0.0,0.0
439,0,3,  0d 00:07:15.47,  0d 00:03:39.01,0.0000,4.1929,R,07/25/2025 10:27:38 AM,0.0000,28.7622,28.4033,28.6155,0.0,0.0
440,0,3,  0d 00:07:16.47,  0d 00:03:40.01,0.0000,4.1927,R,07/25/2025 10:27:39 AM,0.0000,28.7622,28.4033,28.6155,0.0,0.0
441,0,3,  0d 00:07:17.47,  0d 00:03:41.01,0.0000,4.1928,R,07/25/2025 10:27:40 AM,0.0000,28.7622,28.4033,28.6155,0.0,0.0
442,0,3,  0d 00:07:18.47,  0d 00:03:42.01,0.0000,4.1927,R,07/25/2025 10:27:41 AM,0.0000,28.7622,28.4033,28.6155,0.0,0.0
443,0,3,  0d 00:07:19.47,  0d 00:03:43.01,0.0000,4.1929,R,07/25/2025 10:27:42 AM,0.0000,28.7622,28.4033,28.6155,0.0,0.0
444,0,3,  0d 00:07:20.47,  0d 00:03:44.01,0.0000,4.1929,R,07/25/2025 10:27:43 AM,0.0000,28.7622,28.4033,28.6155,0.0,0.0
445,0,3,  0d 00:07:21.47,  0d 00:03:45.01,0.0000,4.1928,R,07/25/2025 10:27:44 AM,0.0000,28.7622,28.4033,28.6155,0.0,0.0
446,0,3,  0d 00:07:22.47,  0d 00:03:46.01,0.0000,4.1929,R,07/25/2025 10:27:45 AM,0.0000,28.7622,28.4033,28.6155,0.0,0.0
447,0,3,  0d 00:07:23.47,  0d 00:03:47.01,0.0000,4.1927,R,07/25/2025 10:27:46 AM,0.0000,28.7622,28.4033,28.6155,0.0,0.0
448,0,3,  0d 00:07:24.47,  0d 00:03:48.01,0.0000,4.1928,R,07/25/2025 10:27:47 AM,0.0000,28.7622,28.4033,28.6155,0.0,0.0
449,0,3,  0d 00:07:25.47,  0d 00:03:49.01,0.0000,4.1928,R,07/25/2025 10:27:48 AM,0.0000,28.7622,28.4033,28.6155,0.0,0.0
450,0,3,  0d 00:07:26.47,  0d 00:03:50.01,0.0000,4.1929,R,07/25/2025 10:27:49 AM,0.0000,28.7777,28.4033,28.6155,0.0,0.0
451,0,3,  0d 00:07:27.47,  0d 00:03:51.01,0.0000,4.1928,R,07/25/2025 10:27:50 AM,0.0000,28.7777,28.4033,28.6155,0.0,0.0
452,0,3,  0d 00:07:28.47,  0d 00:03:52.01,0.0000,4.1928,R,07/25/2025 10:27:51 AM,0.0000,28.7622,28.4033,28.6155,0.0,0.0
453,0,3,  0d 00:07:29.47,  0d 00:03:53.01,0.0000,4.1926,R,07/25/2025 10:27:52 AM,0.0000,28.7622,28.4033,28.6155,0.0,0.0
454,0,3,  0d 00:07:30.47,  0d 00:03:54.01,0.0000,4.1928,R,07/25/2025 10:27:53 AM,0.0000,28.7622,28.4033,28.6155,0.0,0.0
455,0,3,  0d 00:07:31.47,  0d 00:03:55.01,0.0000,4.1928,R,07/25/2025 10:27:54 AM,0.0000,28.7622,28.4033,28.6155,0.0,0.0
456,0,3,  0d 00:07:32.47,  0d 00:03:56.01,0.0000,4.1926,R,07/25/2025 10:27:55 AM,0.0000,28.7622,28.4033,28.6155,0.0,0.0
457,0,3,  0d 00:07:33.47,  0d 00:03:57.01,0.0000,4.1928,R,07/25/2025 10:27:56 AM,0.0000,28.7622,28.4033,28.6155,0.0,0.0
458,0,3,  0d 00:07:34.47,  0d 00:03:58.01,0.0000,4.1926,R,07/25/2025 10:27:57 AM,0.0000,28.7622,28.4033,28.6155,0.0,0.0
459,0,3,  0d 00:07:35.47,  0d 00:03:59.01,0.0000,4.1927,R,07/25/2025 10:27:58 AM,0.0000,28.7622,28.4033,28.6155,0.0,0.0
460,0,3,  0d 00:07:36.47,  0d 00:04:00.01,0.0000,4.1927,R,07/25/2025 10:27:59 AM,0.0000,28.7622,28.4033,28.6155,0.0,0.0
461,0,3,  0d 00:07:37.47,  0d 00:04:01.01,0.0000,4.1926,R,07/25/2025 10:28:00 AM,0.0000,28.7622,28.4033,28.6155,0.0,0.0
462,0,3,  0d 00:07:38.47,  0d 00:04:02.01,0.0000,4.1926,R,07/25/2025 10:28:01 AM,0.0000,28.7622,28.4033,28.6155,0.0,0.0
463,0,3,  0d 00:07:39.47,  0d 00:04:03.01,0.0000,4.1928,R,07/25/2025 10:28:02 AM,0.0000,28.7622,28.4033,28.6155,0.0,0.0
464,0,3,  0d 00:07:40.47,  0d 00:04:04.01,0.0000,4.1927,R,07/25/2025 10:28:03 AM,0.0000,28.7622,28.4033,28.6155,0.0,0.0
465,0,3,  0d 00:07:41.47,  0d 00:04:05.01,0.0000,4.1927,R,07/25/2025 10:28:04 AM,0.0000,28.7622,28.4033,28.6155,0.0,0.0
466,0,3,  0d 00:07:42.47,  0d 00:04:06.01,0.0000,4.1926,R,07/25/2025 10:28:05 AM,0.0000,28.7622,28.4033,28.6155,0.0,0.0
467,0,3,  0d 00:07:43.47,  0d 00:04:07.01,0.0000,4.1926,R,07/25/2025 10:28:06 AM,0.0000,28.7622,28.4033,28.6155,0.0,0.0
468,0,3,  0d 00:07:44.47,  0d 00:04:08.01,0.0000,4.1926,R,07/25/2025 10:28:07 AM,0.0000,28.7622,28.4033,28.6155,0.0,0.0
469,0,3,  0d 00:07:45.47,  0d 00:04:09.01,0.0000,4.1926,R,07/25/2025 10:28:08 AM,0.0000,28.7622,28.4033,28.6155,0.0,0.0
470,0,3,  0d 00:07:46.47,  0d 00:04:10.01,0.0000,4.1926,R,07/25/2025 10:28:09 AM,0.0000,28.7622,28.4033,28.6155,0.0,0.0
471,0,3,  0d 00:07:47.47,  0d 00:04:11.01,0.0000,4.1927,R,07/25/2025 10:28:10 AM,0.0000,28.7622,28.4033,28.6155,0.0,0.0
472,0,3,  0d 00:07:48.47,  0d 00:04:12.01,0.0000,4.1926,R,07/25/2025 10:28:11 AM,0.0000,28.7622,28.4033,28.6155,0.0,0.0
473,0,3,  0d 00:07:49.47,  0d 00:04:13.01,0.0000,4.1926,R,07/25/2025 10:28:12 AM,0.0000,28.7622,28.4033,28.6155,0.0,0.0
474,0,3,  0d 00:07:50.47,  0d 00:04:14.01,0.0000,4.1927,R,07/25/2025 10:28:13 AM,0.0000,28.7622,28.4033,28.6155,0.0,0.0
475,0,3,  0d 00:07:51.47,  0d 00:04:15.01,0.0000,4.1926,R,07/25/2025 10:28:14 AM,0.0000,28.7622,28.4033,28.6155,0.0,0.0
476,0,3,  0d 00:07:52.47,  0d 00:04:16.01,0.0000,4.1928,R,07/25/2025 10:28:15 AM,0.0000,28.7622,28.4033,28.6155,0.0,0.0
477,0,3,  0d 00:07:53.47,  0d 00:04:17.01,0.0000,4.1926,R,07/25/2025 10:28:16 AM,0.0000,28.7622,28.4033,28.6310,0.0,0.0
478,0,3,  0d 00:07:54.47,  0d 00:04:18.01,0.0000,4.1926,R,07/25/2025 10:28:17 AM,0.0000,28.7622,28.4033,28.6310,0.0,0.0
479,0,3,  0d 00:07:55.47,  0d 00:04:19.01,0.0000,4.1926,R,07/25/2025 10:28:18 AM,0.0000,28.7622,28.4033,28.6310,0.0,0.0
480,0,3,  0d 00:07:56.47,  0d 00:04:20.01,0.0000,4.1926,R,07/25/2025 10:28:19 AM,0.0000,28.7622,28.4033,28.6310,0.0,0.0
481,0,3,  0d 00:07:57.47,  0d 00:04:21.01,0.0000,4.1925,R,07/25/2025 10:28:20 AM,0.0000,28.7622,28.4033,28.6310,0.0,0.0
482,0,3,  0d 00:07:58.47,  0d 00:04:22.01,0.0000,4.1925,R,07/25/2025 10:28:21 AM,0.0000,28.7622,28.4033,28.6310,0.0,0.0
483,0,3,  0d 00:07:59.47,  0d 00:04:23.01,0.0000,4.1926,R,07/25/2025 10:28:22 AM,0.0000,28.7622,28.4033,28.6155,0.0,0.0
484,0,3,  0d 00:08:00.47,  0d 00:04:24.01,0.0000,4.1926,R,07/25/2025 10:28:23 AM,0.0000,28.7622,28.4033,28.6155,0.0,0.0
485,0,3,  0d 00:08:01.47,  0d 00:04:25.01,0.0000,4.1926,R,07/25/2025 10:28:25 AM,0.0000,28.7622,28.4033,28.6155,0.0,0.0
486,0,3,  0d 00:08:02.47,  0d 00:04:26.01,0.0000,4.1926,R,07/25/2025 10:28:25 AM,0.0000,28.7622,28.4033,28.6155,0.0,0.0
487,0,3,  0d 00:08:03.47,  0d 00:04:27.01,0.0000,4.1926,R,07/25/2025 10:28:26 AM,0.0000,28.7622,28.4033,28.6155,0.0,0.0
488,0,3,  0d 00:08:04.47,  0d 00:04:28.01,0.0000,4.1924,R,07/25/2025 10:28:27 AM,0.0000,28.7622,28.4033,28.6155,0.0,0.0
489,0,3,  0d 00:08:05.47,  0d 00:04:29.01,0.0000,4.1926,R,07/25/2025 10:28:28 AM,0.0000,28.7622,28.4033,28.6155,0.0,0.0
490,0,3,  0d 00:08:06.47,  0d 00:04:30.01,0.0000,4.1924,R,07/25/2025 10:28:29 AM,0.0000,28.7622,28.4188,28.6155,0.0,0.0
491,0,3,  0d 00:08:07.47,  0d 00:04:31.01,0.0000,4.1925,R,07/25/2025 10:28:30 AM,0.0000,28.7622,28.4188,28.6155,0.0,0.0
492,0,3,  0d 00:08:08.47,  0d 00:04:32.01,0.0000,4.1925,R,07/25/2025 10:28:31 AM,0.0000,28.7622,28.4188,28.6155,0.0,0.0
493,0,3,  0d 00:08:09.47,  0d 00:04:33.01,0.0000,4.1925,R,07/25/2025 10:28:32 AM,0.0000,28.7622,28.4188,28.6310,0.0,0.0
494,0,3,  0d 00:08:10.47,  0d 00:04:34.01,0.0000,4.1926,R,07/25/2025 10:28:33 AM,0.0000,28.7622,28.4188,28.6310,0.0,0.0
495,0,3,  0d 00:08:11.47,  0d 00:04:35.01,0.0000,4.1924,R,07/25/2025 10:28:34 AM,0.0000,28.7622,28.4188,28.6310,0.0,0.0
496,0,3,  0d 00:08:12.47,  0d 00:04:36.01,0.0000,4.1926,R,07/25/2025 10:28:35 AM,0.0000,28.7622,28.4188,28.6310,0.0,0.0
497,0,3,  0d 00:08:13.47,  0d 00:04:37.01,0.0000,4.1926,R,07/25/2025 10:28:36 AM,0.0000,28.7777,28.4033,28.6310,0.0,0.0
498,0,3,  0d 00:08:14.47,  0d 00:04:38.01,0.0000,4.1926,R,07/25/2025 10:28:37 AM,0.0000,28.7777,28.4033,28.6310,0.0,0.0
499,0,3,  0d 00:08:15.47,  0d 00:04:39.01,0.0000,4.1926,R,07/25/2025 10:28:38 AM,0.0000,28.7777,28.4033,28.6310,0.0,0.0
500,0,3,  0d 00:08:16.47,  0d 00:04:40.01,0.0000,4.1926,R,07/25/2025 10:28:39 AM,0.0000,28.7777,28.4033,28.6310,0.0,0.0
501,0,3,  0d 00:08:17.47,  0d 00:04:41.01,0.0000,4.1924,R,07/25/2025 10:28:40 AM,0.0000,28.7777,28.4188,28.6310,0.0,0.0
502,0,3,  0d 00:08:18.47,  0d 00:04:42.01,0.0000,4.1925,R,07/25/2025 10:28:41 AM,0.0000,28.7777,28.4188,28.6310,0.0,0.0
503,0,3,  0d 00:08:19.47,  0d 00:04:43.01,0.0000,4.1925,R,07/25/2025 10:28:42 AM,0.0000,28.7777,28.4188,28.6310,0.0,0.0
504,0,3,  0d 00:08:20.47,  0d 00:04:44.01,0.0000,4.1925,R,07/25/2025 10:28:43 AM,0.0000,28.7777,28.4188,28.6310,0.0,0.0
505,0,3,  0d 00:08:21.47,  0d 00:04:45.01,0.0000,4.1926,R,07/25/2025 10:28:44 AM,0.0000,28.7777,28.4188,28.6310,0.0,0.0
506,0,3,  0d 00:08:22.47,  0d 00:04:46.01,0.0000,4.1925,R,07/25/2025 10:28:45 AM,0.0000,28.7777,28.4188,28.6310,0.0,0.0
507,0,3,  0d 00:08:23.47,  0d 00:04:47.01,0.0000,4.1925,R,07/25/2025 10:28:46 AM,0.0000,28.7622,28.4188,28.6310,0.0,0.0
508,0,3,  0d 00:08:24.47,  0d 00:04:48.01,0.0000,4.1924,R,07/25/2025 10:28:47 AM,0.0000,28.7622,28.4188,28.6310,0.0,0.0
509,0,3,  0d 00:08:25.47,  0d 00:04:49.01,0.0000,4.1924,R,07/25/2025 10:28:48 AM,0.0000,28.7622,28.4188,28.6310,0.0,0.0
510,0,3,  0d 00:08:26.47,  0d 00:04:50.01,0.0000,4.1925,R,07/25/2025 10:28:49 AM,0.0000,28.7622,28.4188,28.6310,0.0,0.0
511,0,3,  0d 00:08:27.47,  0d 00:04:51.01,0.0000,4.1925,R,07/25/2025 10:28:50 AM,0.0000,28.7777,28.4188,28.6310,0.0,0.0
512,0,3,  0d 00:08:28.47,  0d 00:04:52.01,0.0000,4.1924,R,07/25/2025 10:28:51 AM,0.0000,28.7777,28.4188,28.6310,0.0,0.0
513,0,3,  0d 00:08:29.47,  0d 00:04:53.01,0.0000,4.1926,R,07/25/2025 10:28:52 AM,0.0000,28.7777,28.4188,28.6310,0.0,0.0
514,0,3,  0d 00:08:30.47,  0d 00:04:54.01,0.0000,4.1926,R,07/25/2025 10:28:53 AM,0.0000,28.7777,28.4188,28.6310,0.0,0.0
515,0,3,  0d 00:08:31.47,  0d 00:04:55.01,0.0000,4.1925,R,07/25/2025 10:28:54 AM,0.0000,28.7777,28.4188,28.6310,0.0,0.0
516,0,3,  0d 00:08:32.47,  0d 00:04:56.01,0.0000,4.1924,R,07/25/2025 10:28:55 AM,0.0000,28.7777,28.4188,28.6310,0.0,0.0
517,0,3,  0d 00:08:33.47,  0d 00:04:57.01,0.0000,4.1925,R,07/25/2025 10:28:56 AM,0.0000,28.7622,28.4188,28.6310,0.0,0.0
518,0,3,  0d 00:08:34.47,  0d 00:04:58.01,0.0000,4.1925,R,07/25/2025 10:28:57 AM,0.0000,28.7622,28.4188,28.6310,0.0,0.0
519,0,3,  0d 00:08:35.47,  0d 00:04:59.01,0.0000,4.1924,R,07/25/2025 10:28:58 AM,0.0000,28.7622,28.4188,28.6310,0.0,0.0
520,0,3,  0d 00:08:36.47,  0d 00:05:00.01,0.0000,4.1924,R,07/25/2025 10:28:59 AM,0.0000,28.7622,28.4188,28.6310,0.0,0.0
521,0,3,  0d 00:08:37.47,  0d 00:05:01.01,0.0000,4.1925,R,07/25/2025 10:29:00 AM,0.0000,28.7622,28.4188,28.6310,0.0,0.0
522,0,3,  0d 00:08:38.47,  0d 00:05:02.01,0.0000,4.1923,R,07/25/2025 10:29:01 AM,0.0000,28.7622,28.4188,28.6310,0.0,0.0
523,0,3,  0d 00:08:39.47,  0d 00:05:03.01,0.0000,4.1925,R,07/25/2025 10:29:02 AM,0.0000,28.7622,28.4188,28.6310,0.0,0.0
524,0,3,  0d 00:08:40.47,  0d 00:05:04.01,0.0000,4.1924,R,07/25/2025 10:29:03 AM,0.0000,28.7777,28.4188,28.6310,0.0,0.0
525,0,3,  0d 00:08:41.47,  0d 00:05:05.01,0.0000,4.1925,R,07/25/2025 10:29:04 AM,0.0000,28.7777,28.4033,28.6310,0.0,0.0
526,0,3,  0d 00:08:42.47,  0d 00:05:06.01,0.0000,4.1924,R,07/25/2025 10:29:05 AM,0.0000,28.7777,28.4033,28.6310,0.0,0.0
527,0,3,  0d 00:08:43.47,  0d 00:05:07.01,0.0000,4.1923,R,07/25/2025 10:29:06 AM,0.0000,28.7777,28.4033,28.6155,0.0,0.0
528,0,3,  0d 00:08:44.47,  0d 00:05:08.01,0.0000,4.1924,R,07/25/2025 10:29:07 AM,0.0000,28.7622,28.4188,28.6310,0.0,0.0
529,0,3,  0d 00:08:45.47,  0d 00:05:09.01,0.0000,4.1923,R,07/25/2025 10:29:08 AM,0.0000,28.7622,28.4188,28.6310,0.0,0.0
530,0,3,  0d 00:08:46.47,  0d 00:05:10.01,0.0000,4.1924,R,07/25/2025 10:29:09 AM,0.0000,28.7622,28.4188,28.6310,0.0,0.0
531,0,3,  0d 00:08:47.47,  0d 00:05:11.01,0.0000,4.1924,R,07/25/2025 10:29:10 AM,0.0000,28.7777,28.4033,28.6310,0.0,0.0
532,0,3,  0d 00:08:48.47,  0d 00:05:12.01,0.0000,4.1924,R,07/25/2025 10:29:11 AM,0.0000,28.7777,28.4033,28.6310,0.0,0.0
533,0,3,  0d 00:08:49.47,  0d 00:05:13.01,0.0000,4.1924,R,07/25/2025 10:29:12 AM,0.0000,28.7777,28.4188,28.6310,0.0,0.0
534,0,3,  0d 00:08:50.47,  0d 00:05:14.01,0.0000,4.1923,R,07/25/2025 10:29:13 AM,0.0000,28.7777,28.4188,28.6310,0.0,0.0
535,0,3,  0d 00:08:51.47,  0d 00:05:15.01,0.0000,4.1924,R,07/25/2025 10:29:14 AM,0.0000,28.7777,28.4188,28.6310,0.0,0.0
536,0,3,  0d 00:08:52.47,  0d 00:05:16.01,0.0000,4.1926,R,07/25/2025 10:29:15 AM,0.0000,28.7777,28.4188,28.6310,0.0,0.0
537,0,3,  0d 00:08:53.47,  0d 00:05:17.01,0.0000,4.1924,R,07/25/2025 10:29:16 AM,0.0000,28.7777,28.4188,28.6310,0.0,0.0
538,0,3,  0d 00:08:54.47,  0d 00:05:18.01,0.0000,4.1923,R,07/25/2025 10:29:17 AM,0.0000,28.7777,28.4188,28.6310,0.0,0.0
539,0,3,  0d 00:08:55.47,  0d 00:05:19.01,0.0000,4.1923,R,07/25/2025 10:29:18 AM,0.0000,28.7777,28.4188,28.6310,0.0,0.0
540,0,3,  0d 00:08:56.47,  0d 00:05:20.01,0.0000,4.1924,R,07/25/2025 10:29:19 AM,0.0000,28.7777,28.4188,28.6310,0.0,0.0
541,0,3,  0d 00:08:57.47,  0d 00:05:21.01,0.0000,4.1924,R,07/25/2025 10:29:20 AM,0.0000,28.7777,28.4188,28.6310,0.0,0.0
542,0,3,  0d 00:08:58.47,  0d 00:05:22.01,0.0000,4.1923,R,07/25/2025 10:29:21 AM,0.0000,28.7777,28.4188,28.6310,0.0,0.0
543,0,3,  0d 00:08:59.47,  0d 00:05:23.01,0.0000,4.1923,R,07/25/2025 10:29:22 AM,0.0000,28.7777,28.4188,28.6310,0.0,0.0
544,0,3,  0d 00:09:00.47,  0d 00:05:24.01,0.0000,4.1923,R,07/25/2025 10:29:23 AM,0.0000,28.7777,28.4188,28.6310,0.0,0.0
545,0,3,  0d 00:09:01.47,  0d 00:05:25.01,0.0000,4.1923,R,07/25/2025 10:29:24 AM,0.0000,28.7777,28.4188,28.6310,0.0,0.0
546,0,3,  0d 00:09:02.47,  0d 00:05:26.01,0.0000,4.1923,R,07/25/2025 10:29:25 AM,0.0000,28.7777,28.4188,28.6310,0.0,0.0
547,0,3,  0d 00:09:03.47,  0d 00:05:27.01,0.0000,4.1923,R,07/25/2025 10:29:26 AM,0.0000,28.7622,28.4188,28.6155,0.0,0.0
548,0,3,  0d 00:09:04.47,  0d 00:05:28.01,0.0000,4.1923,R,07/25/2025 10:29:27 AM,0.0000,28.7622,28.4188,28.6155,0.0,0.0
549,0,3,  0d 00:09:05.47,  0d 00:05:29.01,0.0000,4.1923,R,07/25/2025 10:29:28 AM,0.0000,28.7622,28.4188,28.6155,0.0,0.0
550,0,3,  0d 00:09:06.47,  0d 00:05:30.01,0.0000,4.1923,R,07/25/2025 10:29:29 AM,0.0000,28.7622,28.4188,28.6155,0.0,0.0
551,0,3,  0d 00:09:07.47,  0d 00:05:31.01,0.0000,4.1924,R,07/25/2025 10:29:30 AM,0.0000,28.7622,28.4033,28.6310,0.0,0.0
552,0,3,  0d 00:09:08.47,  0d 00:05:32.01,0.0000,4.1923,R,07/25/2025 10:29:31 AM,0.0000,28.7622,28.4033,28.6310,0.0,0.0
553,0,3,  0d 00:09:09.47,  0d 00:05:33.01,0.0000,4.1923,R,07/25/2025 10:29:32 AM,0.0000,28.7622,28.4033,28.6310,0.0,0.0
554,0,3,  0d 00:09:10.47,  0d 00:05:34.01,0.0000,4.1923,R,07/25/2025 10:29:33 AM,0.0000,28.7622,28.4033,28.6310,0.0,0.0
555,0,3,  0d 00:09:11.47,  0d 00:05:35.01,0.0000,4.1923,R,07/25/2025 10:29:34 AM,0.0000,28.7622,28.4033,28.6310,0.0,0.0
556,0,3,  0d 00:09:12.47,  0d 00:05:36.01,0.0000,4.1924,R,07/25/2025 10:29:36 AM,0.0000,28.7622,28.4033,28.6310,0.0,0.0
557,0,3,  0d 00:09:13.47,  0d 00:05:37.01,0.0000,4.1922,R,07/25/2025 10:29:36 AM,0.0000,28.7622,28.4033,28.6310,0.0,0.0
558,0,3,  0d 00:09:14.47,  0d 00:05:38.01,0.0000,4.1923,R,07/25/2025 10:29:37 AM,0.0000,28.7622,28.4033,28.6310,0.0,0.0
559,0,3,  0d 00:09:15.47,  0d 00:05:39.01,0.0000,4.1924,R,07/25/2025 10:29:38 AM,0.0000,28.7622,28.4033,28.6310,0.0,0.0
560,0,3,  0d 00:09:16.47,  0d 00:05:40.01,0.0000,4.1923,R,07/25/2025 10:29:39 AM,0.0000,28.7622,28.4033,28.6310,0.0,0.0
561,0,3,  0d 00:09:17.47,  0d 00:05:41.01,0.0000,4.1922,R,07/25/2025 10:29:40 AM,0.0000,28.7622,28.4033,28.6155,0.0,0.0
562,0,3,  0d 00:09:18.47,  0d 00:05:42.01,0.0000,4.1922,R,07/25/2025 10:29:41 AM,0.0000,28.7622,28.4033,28.6155,0.0,0.0
563,0,3,  0d 00:09:19.47,  0d 00:05:43.01,0.0000,4.1923,R,07/25/2025 10:29:42 AM,0.0000,28.7622,28.4033,28.6155,0.0,0.0
564,0,3,  0d 00:09:20.47,  0d 00:05:44.01,0.0000,4.1923,R,07/25/2025 10:29:43 AM,0.0000,28.7622,28.4033,28.6310,0.0,0.0
565,0,3,  0d 00:09:21.47,  0d 00:05:45.01,0.0000,4.1923,R,07/25/2025 10:29:44 AM,0.0000,28.7622,28.4033,28.6310,0.0,0.0
566,0,3,  0d 00:09:22.47,  0d 00:05:46.01,0.0000,4.1923,R,07/25/2025 10:29:45 AM,0.0000,28.7622,28.4033,28.6310,0.0,0.0
567,0,3,  0d 00:09:23.47,  0d 00:05:47.01,0.0000,4.1923,R,07/25/2025 10:29:46 AM,0.0000,28.7622,28.4033,28.6310,0.0,0.0
568,0,3,  0d 00:09:24.47,  0d 00:05:48.01,0.0000,4.1923,R,07/25/2025 10:29:47 AM,0.0000,28.7622,28.4033,28.6155,0.0,0.0
569,0,3,  0d 00:09:25.47,  0d 00:05:49.01,0.0000,4.1923,R,07/25/2025 10:29:48 AM,0.0000,28.7622,28.4033,28.6155,0.0,0.0
570,0,3,  0d 00:09:26.47,  0d 00:05:50.01,0.0000,4.1923,R,07/25/2025 10:29:49 AM,0.0000,28.7622,28.4033,28.6155,0.0,0.0
571,0,3,  0d 00:09:27.47,  0d 00:05:51.01,0.0000,4.1923,R,07/25/2025 10:29:50 AM,0.0000,28.7622,28.4033,28.6155,0.0,0.0
572,0,3,  0d 00:09:28.47,  0d 00:05:52.01,0.0000,4.1923,R,07/25/2025 10:29:51 AM,0.0000,28.7622,28.4033,28.6155,0.0,0.0
573,0,3,  0d 00:09:29.47,  0d 00:05:53.01,0.0000,4.1923,R,07/25/2025 10:29:52 AM,0.0000,28.7622,28.4033,28.6155,0.0,0.0
574,0,3,  0d 00:09:30.47,  0d 00:05:54.01,0.0000,4.1922,R,07/25/2025 10:29:53 AM,0.0000,28.7622,28.4033,28.6310,0.0,0.0
575,0,3,  0d 00:09:31.47,  0d 00:05:55.01,0.0000,4.1923,R,07/25/2025 10:29:54 AM,0.0000,28.7622,28.4033,28.6310,0.0,0.0
576,0,3,  0d 00:09:32.47,  0d 00:05:56.01,0.0000,4.1921,R,07/25/2025 10:29:55 AM,0.0000,28.7622,28.4033,28.6310,0.0,0.0
577,0,3,  0d 00:09:33.47,  0d 00:05:57.01,0.0000,4.1923,R,07/25/2025 10:29:56 AM,0.0000,28.7622,28.4033,28.6310,0.0,0.0
578,0,3,  0d 00:09:34.47,  0d 00:05:58.01,0.0000,4.1923,R,07/25/2025 10:29:57 AM,0.0000,28.7622,28.4033,28.6310,0.0,0.0
579,0,3,  0d 00:09:35.47,  0d 00:05:59.01,0.0000,4.1922,R,07/25/2025 10:29:58 AM,0.0000,28.7622,28.4033,28.6310,0.0,0.0
580,0,3,  0d 00:09:36.47,  0d 00:06:00.01,0.0000,4.1923,R,07/25/2025 10:29:59 AM,0.0000,28.7622,28.4033,28.6310,0.0,0.0
581,0,3,  0d 00:09:37.47,  0d 00:06:01.01,0.0000,4.1922,R,07/25/2025 10:30:00 AM,0.0000,28.7622,28.4033,28.6310,0.0,0.0
582,0,3,  0d 00:09:38.47,  0d 00:06:02.01,0.0000,4.1922,R,07/25/2025 10:30:01 AM,0.0000,28.7622,28.4033,28.6310,0.0,0.0
583,0,3,  0d 00:09:39.47,  0d 00:06:03.01,0.0000,4.1923,R,07/25/2025 10:30:02 AM,0.0000,28.7777,28.4033,28.6310,0.0,0.0
584,0,3,  0d 00:09:40.47,  0d 00:06:04.01,0.0000,4.1922,R,07/25/2025 10:30:03 AM,0.0000,28.7777,28.4033,28.6310,0.0,0.0
585,0,3,  0d 00:09:41.47,  0d 00:06:05.01,0.0000,4.1923,R,07/25/2025 10:30:04 AM,0.0000,28.7777,28.4033,28.6310,0.0,0.0
586,0,3,  0d 00:09:42.47,  0d 00:06:06.01,0.0000,4.1921,R,07/25/2025 10:30:05 AM,0.0000,28.7622,28.4033,28.6310,0.0,0.0
587,0,3,  0d 00:09:43.47,  0d 00:06:07.01,0.0000,4.1921,R,07/25/2025 10:30:06 AM,0.0000,28.7622,28.4033,28.6310,0.0,0.0
588,0,3,  0d 00:09:44.47,  0d 00:06:08.01,0.0000,4.1922,R,07/25/2025 10:30:07 AM,0.0000,28.7622,28.4033,28.6310,0.0,0.0
589,0,3,  0d 00:09:45.47,  0d 00:06:09.01,0.0000,4.1923,R,07/25/2025 10:30:08 AM,0.0000,28.7622,28.4033,28.6310,0.0,0.0
590,0,3,  0d 00:09:46.47,  0d 00:06:10.01,0.0000,4.1923,R,07/25/2025 10:30:09 AM,0.0000,28.7622,28.4033,28.6310,0.0,0.0
591,0,3,  0d 00:09:47.47,  0d 00:06:11.01,0.0000,4.1922,R,07/25/2025 10:30:10 AM,0.0000,28.7622,28.4033,28.6310,0.0,0.0
592,0,3,  0d 00:09:48.47,  0d 00:06:12.01,0.0000,4.1921,R,07/25/2025 10:30:11 AM,0.0000,28.7622,28.4033,28.6155,0.0,0.0
593,0,3,  0d 00:09:49.47,  0d 00:06:13.01,0.0000,4.1921,R,07/25/2025 10:30:12 AM,0.0000,28.7622,28.4033,28.6155,0.0,0.0
594,0,3,  0d 00:09:50.47,  0d 00:06:14.01,0.0000,4.1923,R,07/25/2025 10:30:13 AM,0.0000,28.7622,28.4033,28.6310,0.0,0.0
595,0,3,  0d 00:09:51.47,  0d 00:06:15.01,0.0000,4.1922,R,07/25/2025 10:30:14 AM,0.0000,28.7622,28.4033,28.6155,0.0,0.0
596,0,3,  0d 00:09:52.47,  0d 00:06:16.01,0.0000,4.1922,R,07/25/2025 10:30:15 AM,0.0000,28.7622,28.4033,28.6155,0.0,0.0
597,0,3,  0d 00:09:53.47,  0d 00:06:17.01,0.0000,4.1921,R,07/25/2025 10:30:16 AM,0.0000,28.7622,28.4033,28.6155,0.0,0.0
598,0,3,  0d 00:09:54.47,  0d 00:06:18.01,0.0000,4.1922,R,07/25/2025 10:30:17 AM,0.0000,28.7622,28.4033,28.6310,0.0,0.0
599,0,3,  0d 00:09:55.47,  0d 00:06:19.01,0.0000,4.1921,R,07/25/2025 10:30:18 AM,0.0000,28.7622,28.4033,28.6310,0.0,0.0
600,0,3,  0d 00:09:56.47,  0d 00:06:20.01,0.0000,4.1923,R,07/25/2025 10:30:19 AM,0.0000,28.7622,28.4033,28.6310,0.0,0.0
601,0,3,  0d 00:09:57.47,  0d 00:06:21.01,0.0000,4.1921,R,07/25/2025 10:30:20 AM,0.0000,28.7622,28.4033,28.6310,0.0,0.0
602,0,3,  0d 00:09:58.47,  0d 00:06:22.01,0.0000,4.1922,R,07/25/2025 10:30:21 AM,0.0000,28.7622,28.4033,28.6310,0.0,0.0
603,0,3,  0d 00:09:59.47,  0d 00:06:23.01,0.0000,4.1922,R,07/25/2025 10:30:22 AM,0.0000,28.7622,28.4033,28.6310,0.0,0.0
604,0,3,  0d 00:10:00.47,  0d 00:06:24.01,0.0000,4.1921,R,07/25/2025 10:30:23 AM,0.0000,28.7777,28.4033,28.6310,0.0,0.0
605,0,3,  0d 00:10:01.47,  0d 00:06:25.01,0.0000,4.1921,R,07/25/2025 10:30:24 AM,0.0000,28.7777,28.4033,28.6310,0.0,0.0
606,0,3,  0d 00:10:02.47,  0d 00:06:26.01,0.0000,4.1921,R,07/25/2025 10:30:25 AM,0.0000,28.7777,28.4188,28.6310,0.0,0.0
607,0,3,  0d 00:10:03.47,  0d 00:06:27.01,0.0000,4.1921,R,07/25/2025 10:30:26 AM,0.0000,28.7777,28.4188,28.6310,0.0,0.0
608,0,3,  0d 00:10:04.47,  0d 00:06:28.01,0.0000,4.1921,R,07/25/2025 10:30:27 AM,0.0000,28.7777,28.4188,28.6310,0.0,0.0
609,0,3,  0d 00:10:05.47,  0d 00:06:29.01,0.0000,4.1922,R,07/25/2025 10:30:28 AM,0.0000,28.7777,28.4188,28.6310,0.0,0.0
610,0,3,  0d 00:10:06.47,  0d 00:06:30.01,0.0000,4.1921,R,07/25/2025 10:30:29 AM,0.0000,28.7777,28.4188,28.6310,0.0,0.0
611,0,3,  0d 00:10:07.47,  0d 00:06:31.01,0.0000,4.1922,R,07/25/2025 10:30:30 AM,0.0000,28.7777,28.4188,28.6310,0.0,0.0
612,0,3,  0d 00:10:08.47,  0d 00:06:32.01,0.0000,4.1921,R,07/25/2025 10:30:31 AM,0.0000,28.7777,28.4188,28.6310,0.0,0.0
613,0,3,  0d 00:10:09.47,  0d 00:06:33.01,0.0000,4.1923,R,07/25/2025 10:30:32 AM,0.0000,28.7777,28.4188,28.6310,0.0,0.0
614,0,3,  0d 00:10:10.47,  0d 00:06:34.01,0.0000,4.1922,R,07/25/2025 10:30:33 AM,0.0000,28.7777,28.4188,28.6310,0.0,0.0
615,0,3,  0d 00:10:11.47,  0d 00:06:35.01,0.0000,4.1920,R,07/25/2025 10:30:34 AM,0.0000,28.7777,28.4188,28.6310,0.0,0.0
616,0,3,  0d 00:10:12.47,  0d 00:06:36.01,0.0000,4.1920,R,07/25/2025 10:30:35 AM,0.0000,28.7777,28.4188,28.6310,0.0,0.0
617,0,3,  0d 00:10:13.47,  0d 00:06:37.01,0.0000,4.1921,R,07/25/2025 10:30:36 AM,0.0000,28.7777,28.4188,28.6310,0.0,0.0
618,0,3,  0d 00:10:14.47,  0d 00:06:38.01,0.0000,4.1921,R,07/25/2025 10:30:37 AM,0.0000,28.7777,28.4188,28.6310,0.0,0.0
619,0,3,  0d 00:10:15.47,  0d 00:06:39.01,0.0000,4.1921,R,07/25/2025 10:30:38 AM,0.0000,28.7777,28.4188,28.6310,0.0,0.0
620,0,3,  0d 00:10:16.47,  0d 00:06:40.01,0.0000,4.1920,R,07/25/2025 10:30:39 AM,0.0000,28.7777,28.4188,28.6310,0.0,0.0
621,0,3,  0d 00:10:17.47,  0d 00:06:41.01,0.0000,4.1920,R,07/25/2025 10:30:40 AM,0.0000,28.7777,28.4188,28.6310,0.0,0.0
622,0,3,  0d 00:10:18.47,  0d 00:06:42.01,0.0000,4.1921,R,07/25/2025 10:30:41 AM,0.0000,28.7777,28.4188,28.6310,0.0,0.0
623,0,3,  0d 00:10:19.47,  0d 00:06:43.01,0.0000,4.1921,R,07/25/2025 10:30:42 AM,0.0000,28.7777,28.4188,28.6310,0.0,0.0
624,0,3,  0d 00:10:20.47,  0d 00:06:44.01,0.0000,4.1922,R,07/25/2025 10:30:43 AM,0.0000,28.7777,28.4188,28.6310,0.0,0.0
625,0,3,  0d 00:10:21.47,  0d 00:06:45.01,0.0000,4.1920,R,07/25/2025 10:30:44 AM,0.0000,28.7777,28.4188,28.6310,0.0,0.0
626,0,3,  0d 00:10:22.47,  0d 00:06:46.01,0.0000,4.1920,R,07/25/2025 10:30:45 AM,0.0000,28.7777,28.4188,28.6310,0.0,0.0
627,0,3,  0d 00:10:23.47,  0d 00:06:47.01,0.0000,4.1920,R,07/25/2025 10:30:47 AM,0.0000,28.7777,28.4188,28.6310,0.0,0.0
628,0,3,  0d 00:10:24.47,  0d 00:06:48.01,0.0000,4.1920,R,07/25/2025 10:30:47 AM,0.0000,28.7777,28.4188,28.6310,0.0,0.0
629,0,3,  0d 00:10:25.47,  0d 00:06:49.01,0.0000,4.1920,R,07/25/2025 10:30:48 AM,0.0000,28.7777,28.4188,28.6310,0.0,0.0
630,0,3,  0d 00:10:26.47,  0d 00:06:50.01,0.0000,4.1921,R,07/25/2025 10:30:49 AM,0.0000,28.7777,28.4188,28.6310,0.0,0.0
631,0,3,  0d 00:10:27.47,  0d 00:06:51.01,0.0000,4.1920,R,07/25/2025 10:30:50 AM,0.0000,28.7777,28.4344,28.6310,0.0,0.0
632,0,3,  0d 00:10:28.47,  0d 00:06:52.01,0.0000,4.1921,R,07/25/2025 10:30:51 AM,0.0000,28.7777,28.4188,28.6310,0.0,0.0
633,0,3,  0d 00:10:29.47,  0d 00:06:53.01,0.0000,4.1920,R,07/25/2025 10:30:52 AM,0.0000,28.7777,28.4188,28.6465,0.0,0.0
634,0,3,  0d 00:10:30.47,  0d 00:06:54.01,0.0000,4.1920,R,07/25/2025 10:30:53 AM,0.0000,28.7777,28.4188,28.6465,0.0,0.0
635,0,3,  0d 00:10:31.47,  0d 00:06:55.01,0.0000,4.1920,R,07/25/2025 10:30:54 AM,0.0000,28.7777,28.4188,28.6465,0.0,0.0
636,0,3,  0d 00:10:32.47,  0d 00:06:56.01,0.0000,4.1921,R,07/25/2025 10:30:55 AM,0.0000,28.7777,28.4344,28.6465,0.0,0.0
637,0,3,  0d 00:10:33.47,  0d 00:06:57.01,0.0000,4.1922,R,07/25/2025 10:30:56 AM,0.0000,28.7777,28.4344,28.6465,0.0,0.0
638,0,3,  0d 00:10:34.47,  0d 00:06:58.01,0.0000,4.1920,R,07/25/2025 10:30:57 AM,0.0000,28.7777,28.4344,28.6465,0.0,0.0
639,0,3,  0d 00:10:35.47,  0d 00:06:59.01,0.0000,4.1920,R,07/25/2025 10:30:58 AM,0.0000,28.7777,28.4344,28.6465,0.0,0.0
640,0,3,  0d 00:10:36.47,  0d 00:07:00.01,0.0000,4.1920,R,07/25/2025 10:30:59 AM,0.0000,28.7932,28.4344,28.6465,0.0,0.0
641,0,3,  0d 00:10:37.47,  0d 00:07:01.01,0.0000,4.1921,R,07/25/2025 10:31:00 AM,0.0000,28.7932,28.4344,28.6465,0.0,0.0
642,0,3,  0d 00:10:38.47,  0d 00:07:02.01,0.0000,4.1920,R,07/25/2025 10:31:01 AM,0.0000,28.7932,28.4344,28.6465,0.0,0.0
643,0,3,  0d 00:10:39.47,  0d 00:07:03.01,0.0000,4.1920,R,07/25/2025 10:31:02 AM,0.0000,28.7932,28.4344,28.6465,0.0,0.0
644,0,3,  0d 00:10:40.47,  0d 00:07:04.01,0.0000,4.1920,R,07/25/2025 10:31:03 AM,0.0000,28.7932,28.4344,28.6465,0.0,0.0
645,0,3,  0d 00:10:41.47,  0d 00:07:05.01,0.0000,4.1921,R,07/25/2025 10:31:04 AM,0.0000,28.7932,28.4344,28.6465,0.0,0.0
646,0,3,  0d 00:10:42.47,  0d 00:07:06.01,0.0000,4.1920,R,07/25/2025 10:31:05 AM,0.0000,28.7777,28.4344,28.6465,0.0,0.0
647,0,3,  0d 00:10:43.47,  0d 00:07:07.01,0.0000,4.1920,R,07/25/2025 10:31:06 AM,0.0000,28.7777,28.4344,28.6465,0.0,0.0
648,0,3,  0d 00:10:44.47,  0d 00:07:08.01,0.0000,4.1920,R,07/25/2025 10:31:07 AM,0.0000,28.7932,28.4344,28.6465,0.0,0.0
649,0,3,  0d 00:10:45.47,  0d 00:07:09.01,0.0000,4.1920,R,07/25/2025 10:31:08 AM,0.0000,28.7777,28.4344,28.6465,0.0,0.0
650,0,3,  0d 00:10:46.47,  0d 00:07:10.01,0.0000,4.1920,R,07/25/2025 10:31:09 AM,0.0000,28.7777,28.4344,28.6465,0.0,0.0
651,0,3,  0d 00:10:47.47,  0d 00:07:11.01,0.0000,4.1920,R,07/25/2025 10:31:10 AM,0.0000,28.7777,28.4344,28.6465,0.0,0.0
652,0,3,  0d 00:10:48.47,  0d 00:07:12.01,0.0000,4.1920,R,07/25/2025 10:31:11 AM,0.0000,28.7777,28.4344,28.6465,0.0,0.0
653,0,3,  0d 00:10:49.47,  0d 00:07:13.01,0.0000,4.1920,R,07/25/2025 10:31:12 AM,0.0000,28.7777,28.4344,28.6465,0.0,0.0
654,0,3,  0d 00:10:50.47,  0d 00:07:14.01,0.0000,4.1920,R,07/25/2025 10:31:13 AM,0.0000,28.7777,28.4188,28.6465,0.0,0.0
655,0,3,  0d 00:10:51.47,  0d 00:07:15.01,0.0000,4.1919,R,07/25/2025 10:31:14 AM,0.0000,28.7777,28.4188,28.6310,0.0,0.0
656,0,3,  0d 00:10:52.47,  0d 00:07:16.01,0.0000,4.1920,R,07/25/2025 10:31:15 AM,0.0000,28.7777,28.4188,28.6310,0.0,0.0
657,0,3,  0d 00:10:53.47,  0d 00:07:17.01,0.0000,4.1921,R,07/25/2025 10:31:16 AM,0.0000,28.7777,28.4188,28.6310,0.0,0.0
658,0,3,  0d 00:10:54.47,  0d 00:07:18.01,0.0000,4.1920,R,07/25/2025 10:31:17 AM,0.0000,28.7777,28.4188,28.6310,0.0,0.0
659,0,3,  0d 00:10:55.47,  0d 00:07:19.01,0.0000,4.1920,R,07/25/2025 10:31:18 AM,0.0000,28.7777,28.4188,28.6465,0.0,0.0
660,0,3,  0d 00:10:56.47,  0d 00:07:20.01,0.0000,4.1920,R,07/25/2025 10:31:19 AM,0.0000,28.7777,28.4188,28.6310,0.0,0.0
661,0,3,  0d 00:10:57.47,  0d 00:07:21.01,0.0000,4.1918,R,07/25/2025 10:31:20 AM,0.0000,28.7777,28.4188,28.6465,0.0,0.0
662,0,3,  0d 00:10:58.47,  0d 00:07:22.01,0.0000,4.1921,R,07/25/2025 10:31:21 AM,0.0000,28.7777,28.4188,28.6310,0.0,0.0
663,0,3,  0d 00:10:59.47,  0d 00:07:23.01,0.0000,4.1920,R,07/25/2025 10:31:22 AM,0.0000,28.7777,28.4188,28.6310,0.0,0.0
664,0,3,  0d 00:11:00.47,  0d 00:07:24.01,0.0000,4.1921,R,07/25/2025 10:31:23 AM,0.0000,28.7777,28.4188,28.6310,0.0,0.0
665,0,3,  0d 00:11:01.47,  0d 00:07:25.01,0.0000,4.1920,R,07/25/2025 10:31:24 AM,0.0000,28.7777,28.4188,28.6310,0.0,0.0
666,0,3,  0d 00:11:02.47,  0d 00:07:26.01,0.0000,4.1919,R,07/25/2025 10:31:25 AM,0.0000,28.7777,28.4188,28.6310,0.0,0.0
667,0,3,  0d 00:11:03.47,  0d 00:07:27.01,0.0000,4.1920,R,07/25/2025 10:31:26 AM,0.0000,28.7777,28.4188,28.6310,0.0,0.0
668,0,3,  0d 00:11:04.47,  0d 00:07:28.01,0.0000,4.1920,R,07/25/2025 10:31:27 AM,0.0000,28.7777,28.4188,28.6310,0.0,0.0
669,0,3,  0d 00:11:05.47,  0d 00:07:29.01,0.0000,4.1920,R,07/25/2025 10:31:28 AM,0.0000,28.7777,28.4188,28.6310,0.0,0.0
670,0,3,  0d 00:11:06.47,  0d 00:07:30.01,0.0000,4.1920,R,07/25/2025 10:31:29 AM,0.0000,28.7777,28.4188,28.6310,0.0,0.0
671,0,3,  0d 00:11:07.47,  0d 00:07:31.01,0.0000,4.1920,R,07/25/2025 10:31:30 AM,0.0000,28.7777,28.4188,28.6310,0.0,0.0
672,0,3,  0d 00:11:08.47,  0d 00:07:32.01,0.0000,4.1918,R,07/25/2025 10:31:31 AM,0.0000,28.7777,28.4188,28.6310,0.0,0.0
673,0,3,  0d 00:11:09.47,  0d 00:07:33.01,0.0000,4.1919,R,07/25/2025 10:31:32 AM,0.0000,28.7777,28.4188,28.6310,0.0,0.0
674,0,3,  0d 00:11:10.47,  0d 00:07:34.01,0.0000,4.1919,R,07/25/2025 10:31:33 AM,0.0000,28.7777,28.4188,28.6310,0.0,0.0
675,0,3,  0d 00:11:11.47,  0d 00:07:35.01,0.0000,4.1920,R,07/25/2025 10:31:34 AM,0.0000,28.7777,28.4188,28.6310,0.0,0.0
676,0,3,  0d 00:11:12.47,  0d 00:07:36.01,0.0000,4.1920,R,07/25/2025 10:31:35 AM,0.0000,28.7777,28.4188,28.6310,0.0,0.0
677,0,3,  0d 00:11:13.47,  0d 00:07:37.01,0.0000,4.1918,R,07/25/2025 10:31:36 AM,0.0000,28.7777,28.4188,28.6310,0.0,0.0
678,0,3,  0d 00:11:14.47,  0d 00:07:38.01,0.0000,4.1920,R,07/25/2025 10:31:37 AM,0.0000,28.7777,28.4188,28.6310,0.0,0.0
679,0,3,  0d 00:11:15.47,  0d 00:07:39.01,0.0000,4.1920,R,07/25/2025 10:31:38 AM,0.0000,28.7777,28.4188,28.6310,0.0,0.0
680,0,3,  0d 00:11:16.47,  0d 00:07:40.01,0.0000,4.1919,R,07/25/2025 10:31:39 AM,0.0000,28.7777,28.4344,28.6310,0.0,0.0
681,0,3,  0d 00:11:17.47,  0d 00:07:41.01,0.0000,4.1920,R,07/25/2025 10:31:40 AM,0.0000,28.7932,28.4344,28.6310,0.0,0.0
682,0,3,  0d 00:11:18.47,  0d 00:07:42.01,0.0000,4.1919,R,07/25/2025 10:31:41 AM,0.0000,28.7932,28.4344,28.6465,0.0,0.0
683,0,3,  0d 00:11:19.47,  0d 00:07:43.01,0.0000,4.1920,R,07/25/2025 10:31:42 AM,0.0000,28.7932,28.4188,28.6310,0.0,0.0
684,0,3,  0d 00:11:20.47,  0d 00:07:44.01,0.0000,4.1920,R,07/25/2025 10:31:43 AM,0.0000,28.7932,28.4188,28.6310,0.0,0.0
685,0,3,  0d 00:11:21.47,  0d 00:07:45.01,0.0000,4.1918,R,07/25/2025 10:31:44 AM,0.0000,28.7932,28.4188,28.6310,0.0,0.0
686,0,3,  0d 00:11:22.47,  0d 00:07:46.01,0.0000,4.1920,R,07/25/2025 10:31:45 AM,0.0000,28.7932,28.4188,28.6310,0.0,0.0
687,0,3,  0d 00:11:23.47,  0d 00:07:47.01,0.0000,4.1920,R,07/25/2025 10:31:46 AM,0.0000,28.7777,28.4188,28.6310,0.0,0.0
688,0,3,  0d 00:11:24.47,  0d 00:07:48.01,0.0000,4.1918,R,07/25/2025 10:31:47 AM,0.0000,28.7777,28.4188,28.6310,0.0,0.0
689,0,3,  0d 00:11:25.47,  0d 00:07:49.01,0.0000,4.1920,R,07/25/2025 10:31:48 AM,0.0000,28.7777,28.4344,28.6465,0.0,0.0
690,0,3,  0d 00:11:26.47,  0d 00:07:50.01,0.0000,4.1920,R,07/25/2025 10:31:49 AM,0.0000,28.7777,28.4344,28.6465,0.0,0.0
691,0,3,  0d 00:11:27.47,  0d 00:07:51.01,0.0000,4.1920,R,07/25/2025 10:31:50 AM,0.0000,28.7777,28.4344,28.6465,0.0,0.0
692,0,3,  0d 00:11:28.47,  0d 00:07:52.01,0.0000,4.1919,R,07/25/2025 10:31:51 AM,0.0000,28.7777,28.4188,28.6465,0.0,0.0
693,0,3,  0d 00:11:29.47,  0d 00:07:53.01,0.0000,4.1920,R,07/25/2025 10:31:52 AM,0.0000,28.7777,28.4188,28.6465,0.0,0.0
694,0,3,  0d 00:11:30.47,  0d 00:07:54.01,0.0000,4.1918,R,07/25/2025 10:31:53 AM,0.0000,28.7777,28.4188,28.6310,0.0,0.0
695,0,3,  0d 00:11:31.47,  0d 00:07:55.01,0.0000,4.1920,R,07/25/2025 10:31:54 AM,0.0000,28.7932,28.4188,28.6310,0.0,0.0
696,0,3,  0d 00:11:32.47,  0d 00:07:56.01,0.0000,4.1920,R,07/25/2025 10:31:55 AM,0.0000,28.7932,28.4344,28.6310,0.0,0.0
697,0,3,  0d 00:11:33.47,  0d 00:07:57.01,0.0000,4.1919,R,07/25/2025 10:31:56 AM,0.0000,28.7932,28.4188,28.6310,0.0,0.0
698,0,3,  0d 00:11:34.47,  0d 00:07:58.01,0.0000,4.1918,R,07/25/2025 10:31:58 AM,0.0000,28.7932,28.4188,28.6310,0.0,0.0
699,0,3,  0d 00:11:35.47,  0d 00:07:59.01,0.0000,4.1919,R,07/25/2025 10:31:58 AM,0.0000,28.7932,28.4188,28.6465,0.0,0.0
700,0,3,  0d 00:11:36.47,  0d 00:08:00.01,0.0000,4.1917,R,07/25/2025 10:31:59 AM,0.0000,28.7932,28.4188,28.6465,0.0,0.0
701,0,3,  0d 00:11:37.47,  0d 00:08:01.01,0.0000,4.1919,R,07/25/2025 10:32:00 AM,0.0000,28.7932,28.4344,28.6465,0.0,0.0
702,0,3,  0d 00:11:38.47,  0d 00:08:02.01,0.0000,4.1919,R,07/25/2025 10:32:01 AM,0.0000,28.7932,28.4344,28.6465,0.0,0.0
703,0,3,  0d 00:11:39.47,  0d 00:08:03.01,0.0000,4.1920,R,07/25/2025 10:32:02 AM,0.0000,28.7932,28.4188,28.6465,0.0,0.0
704,0,3,  0d 00:11:40.47,  0d 00:08:04.01,0.0000,4.1919,R,07/25/2025 10:32:03 AM,0.0000,28.7777,28.4188,28.6465,0.0,0.0
705,0,3,  0d 00:11:41.47,  0d 00:08:05.01,0.0000,4.1920,R,07/25/2025 10:32:04 AM,0.0000,28.7777,28.4188,28.6465,0.0,0.0
706,0,3,  0d 00:11:42.47,  0d 00:08:06.01,0.0000,4.1920,R,07/25/2025 10:32:05 AM,0.0000,28.7777,28.4188,28.6310,0.0,0.0
707,0,3,  0d 00:11:43.47,  0d 00:08:07.01,0.0000,4.1919,R,07/25/2025 10:32:06 AM,0.0000,28.7777,28.4188,28.6465,0.0,0.0
708,0,3,  0d 00:11:44.47,  0d 00:08:08.01,0.0000,4.1918,R,07/25/2025 10:32:07 AM,0.0000,28.7777,28.4188,28.6310,0.0,0.0
709,0,3,  0d 00:11:45.47,  0d 00:08:09.01,0.0000,4.1919,R,07/25/2025 10:32:08 AM,0.0000,28.7777,28.4188,28.6310,0.0,0.0
710,0,3,  0d 00:11:46.47,  0d 00:08:10.01,0.0000,4.1918,R,07/25/2025 10:32:09 AM,0.0000,28.7777,28.4344,28.6465,0.0,0.0
711,0,3,  0d 00:11:47.47,  0d 00:08:11.01,0.0000,4.1918,R,07/25/2025 10:32:10 AM,0.0000,28.7777,28.4344,28.6465,0.0,0.0
712,0,3,  0d 00:11:48.47,  0d 00:08:12.01,0.0000,4.1918,R,07/25/2025 10:32:11 AM,0.0000,28.7777,28.4344,28.6310,0.0,0.0
713,0,3,  0d 00:11:49.47,  0d 00:08:13.01,0.0000,4.1917,R,07/25/2025 10:32:12 AM,0.0000,28.7777,28.4188,28.6310,0.0,0.0
714,0,3,  0d 00:11:50.47,  0d 00:08:14.01,0.0000,4.1919,R,07/25/2025 10:32:13 AM,0.0000,28.7777,28.4188,28.6310,0.0,0.0
715,0,3,  0d 00:11:51.47,  0d 00:08:15.01,0.0000,4.1918,R,07/25/2025 10:32:14 AM,0.0000,28.7777,28.4188,28.6310,0.0,0.0
716,0,3,  0d 00:11:52.47,  0d 00:08:16.01,0.0000,4.1920,R,07/25/2025 10:32:15 AM,0.0000,28.7777,28.4188,28.6310,0.0,0.0
717,0,3,  0d 00:11:53.47,  0d 00:08:17.01,0.0000,4.1918,R,07/25/2025 10:32:16 AM,0.0000,28.7777,28.4188,28.6310,0.0,0.0
718,0,3,  0d 00:11:54.47,  0d 00:08:18.01,0.0000,4.1919,R,07/25/2025 10:32:17 AM,0.0000,28.7932,28.4188,28.6310,0.0,0.0
719,0,3,  0d 00:11:55.47,  0d 00:08:19.01,0.0000,4.1918,R,07/25/2025 10:32:18 AM,0.0000,28.7932,28.4188,28.6310,0.0,0.0
720,0,3,  0d 00:11:56.47,  0d 00:08:20.01,0.0000,4.1917,R,07/25/2025 10:32:19 AM,0.0000,28.7932,28.4188,28.6310,0.0,0.0
721,0,3,  0d 00:11:57.47,  0d 00:08:21.01,0.0000,4.1918,R,07/25/2025 10:32:20 AM,0.0000,28.7777,28.4188,28.6310,0.0,0.0
722,0,3,  0d 00:11:58.47,  0d 00:08:22.01,0.0000,4.1917,R,07/25/2025 10:32:21 AM,0.0000,28.7777,28.4188,28.6310,0.0,0.0
723,0,3,  0d 00:11:59.47,  0d 00:08:23.01,0.0000,4.1918,R,07/25/2025 10:32:22 AM,0.0000,28.7777,28.4188,28.6310,0.0,0.0
724,0,3,  0d 00:12:00.47,  0d 00:08:24.01,0.0000,4.1918,R,07/25/2025 10:32:23 AM,0.0000,28.7777,28.4188,28.6310,0.0,0.0
725,0,3,  0d 00:12:01.47,  0d 00:08:25.01,0.0000,4.1919,R,07/25/2025 10:32:24 AM,0.0000,28.7777,28.4188,28.6310,0.0,0.0
726,0,3,  0d 00:12:02.47,  0d 00:08:26.01,0.0000,4.1918,R,07/25/2025 10:32:25 AM,0.0000,28.7777,28.4188,28.6310,0.0,0.0
727,0,3,  0d 00:12:03.47,  0d 00:08:27.01,0.0000,4.1918,R,07/25/2025 10:32:26 AM,0.0000,28.7777,28.4188,28.6310,0.0,0.0
728,0,3,  0d 00:12:04.47,  0d 00:08:28.01,0.0000,4.1919,R,07/25/2025 10:32:27 AM,0.0000,28.7777,28.4188,28.6310,0.0,0.0
729,0,3,  0d 00:12:05.47,  0d 00:08:29.01,0.0000,4.1918,R,07/25/2025 10:32:28 AM,0.0000,28.7777,28.4188,28.6310,0.0,0.0
730,0,3,  0d 00:12:06.47,  0d 00:08:30.01,0.0000,4.1919,R,07/25/2025 10:32:29 AM,0.0000,28.7777,28.4188,28.6310,0.0,0.0
731,0,3,  0d 00:12:07.47,  0d 00:08:31.01,0.0000,4.1918,R,07/25/2025 10:32:30 AM,0.0000,28.7777,28.4188,28.6310,0.0,0.0
732,0,3,  0d 00:12:08.47,  0d 00:08:32.01,0.0000,4.1918,R,07/25/2025 10:32:31 AM,0.0000,28.7932,28.4188,28.6310,0.0,0.0
733,0,3,  0d 00:12:09.47,  0d 00:08:33.01,0.0000,4.1918,R,07/25/2025 10:32:32 AM,0.0000,28.7932,28.4188,28.6310,0.0,0.0
734,0,3,  0d 00:12:10.47,  0d 00:08:34.01,0.0000,4.1918,R,07/25/2025 10:32:33 AM,0.0000,28.7932,28.4188,28.6310,0.0,0.0
735,0,3,  0d 00:12:11.47,  0d 00:08:35.01,0.0000,4.1917,R,07/25/2025 10:32:34 AM,0.0000,28.7932,28.4188,28.6310,0.0,0.0
736,0,3,  0d 00:12:12.47,  0d 00:08:36.01,0.0000,4.1917,R,07/25/2025 10:32:35 AM,0.0000,28.7932,28.4188,28.6310,0.0,0.0
737,0,3,  0d 00:12:13.47,  0d 00:08:37.01,0.0000,4.1917,R,07/25/2025 10:32:36 AM,0.0000,28.7932,28.4344,28.6310,0.0,0.0
738,0,3,  0d 00:12:14.47,  0d 00:08:38.01,0.0000,4.1917,R,07/25/2025 10:32:37 AM,0.0000,28.7932,28.4188,28.6310,0.0,0.0
739,0,3,  0d 00:12:15.47,  0d 00:08:39.01,0.0000,4.1918,R,07/25/2025 10:32:38 AM,0.0000,28.7932,28.4188,28.6310,0.0,0.0
740,0,3,  0d 00:12:16.47,  0d 00:08:40.01,0.0000,4.1918,R,07/25/2025 10:32:39 AM,0.0000,28.7932,28.4344,28.6310,0.0,0.0
741,0,3,  0d 00:12:17.47,  0d 00:08:41.01,0.0000,4.1918,R,07/25/2025 10:32:40 AM,0.0000,28.7932,28.4344,28.6310,0.0,0.0
742,0,3,  0d 00:12:18.47,  0d 00:08:42.01,0.0000,4.1918,R,07/25/2025 10:32:41 AM,0.0000,28.7932,28.4344,28.6310,0.0,0.0
743,0,3,  0d 00:12:19.47,  0d 00:08:43.01,0.0000,4.1918,R,07/25/2025 10:32:42 AM,0.0000,28.7777,28.4344,28.6310,0.0,0.0
744,0,3,  0d 00:12:20.47,  0d 00:08:44.01,0.0000,4.1917,R,07/25/2025 10:32:43 AM,0.0000,28.7777,28.4344,28.6310,0.0,0.0
745,0,3,  0d 00:12:21.47,  0d 00:08:45.01,0.0000,4.1918,R,07/25/2025 10:32:44 AM,0.0000,28.7932,28.4344,28.6310,0.0,0.0
746,0,3,  0d 00:12:22.47,  0d 00:08:46.01,0.0000,4.1918,R,07/25/2025 10:32:45 AM,0.0000,28.7932,28.4188,28.6465,0.0,0.0
747,0,3,  0d 00:12:23.47,  0d 00:08:47.01,0.0000,4.1917,R,07/25/2025 10:32:46 AM,0.0000,28.7932,28.4188,28.6310,0.0,0.0
748,0,3,  0d 00:12:24.47,  0d 00:08:48.01,0.0000,4.1917,R,07/25/2025 10:32:47 AM,0.0000,28.7932,28.4188,28.6465,0.0,0.0
749,0,3,  0d 00:12:25.47,  0d 00:08:49.01,0.0000,4.1918,R,07/25/2025 10:32:48 AM,0.0000,28.7932,28.4188,28.6465,0.0,0.0
750,0,3,  0d 00:12:26.47,  0d 00:08:50.01,0.0000,4.1917,R,07/25/2025 10:32:49 AM,0.0000,28.7777,28.4344,28.6310,0.0,0.0
751,0,3,  0d 00:12:27.47,  0d 00:08:51.01,0.0000,4.1918,R,07/25/2025 10:32:50 AM,0.0000,28.7777,28.4188,28.6310,0.0,0.0
752,0,3,  0d 00:12:28.47,  0d 00:08:52.01,0.0000,4.1919,R,07/25/2025 10:32:51 AM,0.0000,28.7622,28.4188,28.6310,0.0,0.0
753,0,3,  0d 00:12:29.47,  0d 00:08:53.01,0.0000,4.1917,R,07/25/2025 10:32:52 AM,0.0000,28.7622,28.4188,28.6310,0.0,0.0
754,0,3,  0d 00:12:30.47,  0d 00:08:54.01,0.0000,4.1917,R,07/25/2025 10:32:53 AM,0.0000,28.7622,28.4188,28.6310,0.0,0.0
755,0,3,  0d 00:12:31.47,  0d 00:08:55.01,0.0000,4.1918,R,07/25/2025 10:32:54 AM,0.0000,28.7622,28.4188,28.6310,0.0,0.0
756,0,3,  0d 00:12:32.47,  0d 00:08:56.01,0.0000,4.1917,R,07/25/2025 10:32:55 AM,0.0000,28.7622,28.4188,28.6310,0.0,0.0
757,0,3,  0d 00:12:33.47,  0d 00:08:57.01,0.0000,4.1918,R,07/25/2025 10:32:56 AM,0.0000,28.7777,28.4188,28.6310,0.0,0.0
758,0,3,  0d 00:12:34.47,  0d 00:08:58.01,0.0000,4.1918,R,07/25/2025 10:32:57 AM,0.0000,28.7777,28.4188,28.6310,0.0,0.0
759,0,3,  0d 00:12:35.47,  0d 00:08:59.01,0.0000,4.1918,R,07/25/2025 10:32:58 AM,0.0000,28.7777,28.4188,28.6310,0.0,0.0
760,0,3,  0d 00:12:36.47,  0d 00:09:00.01,0.0000,4.1918,R,07/25/2025 10:32:59 AM,0.0000,28.7777,28.4188,28.6310,0.0,0.0
761,0,3,  0d 00:12:37.47,  0d 00:09:01.01,0.0000,4.1918,R,07/25/2025 10:33:00 AM,0.0000,28.7777,28.4188,28.6310,0.0,0.0
762,0,3,  0d 00:12:38.47,  0d 00:09:02.01,0.0000,4.1917,R,07/25/2025 10:33:01 AM,0.0000,28.7777,28.4188,28.6310,0.0,0.0
763,0,3,  0d 00:12:39.47,  0d 00:09:03.01,0.0000,4.1917,R,07/25/2025 10:33:02 AM,0.0000,28.7777,28.4188,28.6310,0.0,0.0
764,0,3,  0d 00:12:40.47,  0d 00:09:04.01,0.0000,4.1917,R,07/25/2025 10:33:03 AM,0.0000,28.7777,28.4188,28.6310,0.0,0.0
765,0,3,  0d 00:12:41.47,  0d 00:09:05.01,0.0000,4.1919,R,07/25/2025 10:33:04 AM,0.0000,28.7777,28.4188,28.6310,0.0,0.0
766,0,3,  0d 00:12:42.47,  0d 00:09:06.01,0.0000,4.1917,R,07/25/2025 10:33:05 AM,0.0000,28.7777,28.4188,28.6310,0.0,0.0
767,0,3,  0d 00:12:43.47,  0d 00:09:07.01,0.0000,4.1917,R,07/25/2025 10:33:06 AM,0.0000,28.7777,28.4188,28.6310,0.0,0.0
768,0,3,  0d 00:12:44.47,  0d 00:09:08.01,0.0000,4.1918,R,07/25/2025 10:33:07 AM,0.0000,28.7777,28.4188,28.6310,0.0,0.0
769,0,3,  0d 00:12:45.47,  0d 00:09:09.01,0.0000,4.1917,R,07/25/2025 10:33:09 AM,0.0000,28.7777,28.4188,28.6310,0.0,0.0
770,0,3,  0d 00:12:46.47,  0d 00:09:10.01,0.0000,4.1917,R,07/25/2025 10:33:09 AM,0.0000,28.7777,28.4188,28.6310,0.0,0.0
771,0,3,  0d 00:12:47.47,  0d 00:09:11.01,0.0000,4.1917,R,07/25/2025 10:33:10 AM,0.0000,28.7777,28.4188,28.6310,0.0,0.0
772,0,3,  0d 00:12:48.47,  0d 00:09:12.01,0.0000,4.1917,R,07/25/2025 10:33:11 AM,0.0000,28.7932,28.4188,28.6310,0.0,0.0
773,0,3,  0d 00:12:49.47,  0d 00:09:13.01,0.0000,4.1918,R,07/25/2025 10:33:12 AM,0.0000,28.7777,28.4188,28.6310,0.0,0.0
774,0,3,  0d 00:12:50.47,  0d 00:09:14.01,0.0000,4.1917,R,07/25/2025 10:33:13 AM,0.0000,28.7777,28.4188,28.6310,0.0,0.0
775,0,3,  0d 00:12:51.47,  0d 00:09:15.01,0.0000,4.1917,R,07/25/2025 10:33:14 AM,0.0000,28.7777,28.4188,28.6310,0.0,0.0
776,0,3,  0d 00:12:52.47,  0d 00:09:16.01,0.0000,4.1917,R,07/25/2025 10:33:15 AM,0.0000,28.7777,28.4188,28.6310,0.0,0.0
777,0,3,  0d 00:12:53.47,  0d 00:09:17.01,0.0000,4.1917,R,07/25/2025 10:33:16 AM,0.0000,28.7777,28.4188,28.6310,0.0,0.0
778,0,3,  0d 00:12:54.47,  0d 00:09:18.01,0.0000,4.1917,R,07/25/2025 10:33:17 AM,0.0000,28.7777,28.4344,28.6310,0.0,0.0
779,0,3,  0d 00:12:55.47,  0d 00:09:19.01,0.0000,4.1917,R,07/25/2025 10:33:19 AM,0.0000,28.7777,28.4344,28.6310,0.0,0.0
780,0,3,  0d 00:12:56.47,  0d 00:09:20.01,0.0000,4.1918,R,07/25/2025 10:33:19 AM,0.0000,28.7777,28.4344,28.6310,0.0,0.0
781,0,3,  0d 00:12:57.47,  0d 00:09:21.01,0.0000,4.1918,R,07/25/2025 10:33:20 AM,0.0000,28.7777,28.4344,28.6465,0.0,0.0
782,0,3,  0d 00:12:58.47,  0d 00:09:22.01,0.0000,4.1917,R,07/25/2025 10:33:21 AM,0.0000,28.7777,28.4344,28.6465,0.0,0.0
783,0,3,  0d 00:12:59.47,  0d 00:09:23.01,0.0000,4.1918,R,07/25/2025 10:33:22 AM,0.0000,28.7777,28.4188,28.6465,0.0,0.0
784,0,3,  0d 00:13:00.47,  0d 00:09:24.01,0.0000,4.1917,R,07/25/2025 10:33:23 AM,0.0000,28.7932,28.4188,28.6465,0.0,0.0
785,0,3,  0d 00:13:01.47,  0d 00:09:25.01,0.0000,4.1917,R,07/25/2025 10:33:24 AM,0.0000,28.7932,28.4188,28.6310,0.0,0.0
786,0,3,  0d 00:13:02.47,  0d 00:09:26.01,0.0000,4.1917,R,07/25/2025 10:33:25 AM,0.0000,28.7932,28.4188,28.6310,0.0,0.0
787,0,3,  0d 00:13:03.47,  0d 00:09:27.01,0.0000,4.1918,R,07/25/2025 10:33:26 AM,0.0000,28.7932,28.4344,28.6310,0.0,0.0
788,0,3,  0d 00:13:04.47,  0d 00:09:28.01,0.0000,4.1917,R,07/25/2025 10:33:27 AM,0.0000,28.7932,28.4188,28.6310,0.0,0.0
789,0,3,  0d 00:13:05.47,  0d 00:09:29.01,0.0000,4.1918,R,07/25/2025 10:33:28 AM,0.0000,28.7777,28.4344,28.6310,0.0,0.0
790,0,3,  0d 00:13:06.47,  0d 00:09:30.01,0.0000,4.1917,R,07/25/2025 10:33:29 AM,0.0000,28.7777,28.4344,28.6310,0.0,0.0
791,0,3,  0d 00:13:07.47,  0d 00:09:31.01,0.0000,4.1917,R,07/25/2025 10:33:30 AM,0.0000,28.7777,28.4344,28.6310,0.0,0.0
792,0,3,  0d 00:13:08.47,  0d 00:09:32.01,0.0000,4.1917,R,07/25/2025 10:33:31 AM,0.0000,28.7777,28.4344,28.6310,0.0,0.0
793,0,3,  0d 00:13:09.47,  0d 00:09:33.01,0.0000,4.1918,R,07/25/2025 10:33:32 AM,0.0000,28.7777,28.4344,28.6310,0.0,0.0
794,0,3,  0d 00:13:10.47,  0d 00:09:34.01,0.0000,4.1917,R,07/25/2025 10:33:33 AM,0.0000,28.7932,28.4344,28.6310,0.0,0.0
795,0,3,  0d 00:13:11.47,  0d 00:09:35.01,0.0000,4.1916,R,07/25/2025 10:33:34 AM,0.0000,28.7932,28.4188,28.6310,0.0,0.0
796,0,3,  0d 00:13:12.47,  0d 00:09:36.01,0.0000,4.1917,R,07/25/2025 10:33:35 AM,0.0000,28.7932,28.4188,28.6310,0.0,0.0
797,0,3,  0d 00:13:13.47,  0d 00:09:37.01,0.0000,4.1917,R,07/25/2025 10:33:36 AM,0.0000,28.7932,28.4188,28.6310,0.0,0.0
798,0,3,  0d 00:13:14.47,  0d 00:09:38.01,0.0000,4.1918,R,07/25/2025 10:33:37 AM,0.0000,28.7777,28.4188,28.6310,0.0,0.0
799,0,3,  0d 00:13:15.47,  0d 00:09:39.01,0.0000,4.1917,R,07/25/2025 10:33:38 AM,0.0000,28.7777,28.4188,28.6310,0.0,0.0
800,0,3,  0d 00:13:16.47,  0d 00:09:40.01,0.0000,4.1917,R,07/25/2025 10:33:39 AM,0.0000,28.7777,28.4344,28.6310,0.0,0.0
801,0,3,  0d 00:13:17.47,  0d 00:09:41.01,0.0000,4.1918,R,07/25/2025 10:33:40 AM,0.0000,28.7932,28.4344,28.6310,0.0,0.0
802,0,3,  0d 00:13:18.47,  0d 00:09:42.01,0.0000,4.1917,R,07/25/2025 10:33:41 AM,0.0000,28.7932,28.4188,28.6310,0.0,0.0
803,0,3,  0d 00:13:19.47,  0d 00:09:43.01,0.0000,4.1917,R,07/25/2025 10:33:42 AM,0.0000,28.7777,28.4188,28.6310,0.0,0.0
804,0,3,  0d 00:13:20.47,  0d 00:09:44.01,0.0000,4.1917,R,07/25/2025 10:33:43 AM,0.0000,28.7777,28.4188,28.6310,0.0,0.0
805,0,3,  0d 00:13:21.47,  0d 00:09:45.01,0.0000,4.1917,R,07/25/2025 10:33:44 AM,0.0000,28.7777,28.4188,28.6310,0.0,0.0
806,0,3,  0d 00:13:22.47,  0d 00:09:46.01,0.0000,4.1916,R,07/25/2025 10:33:45 AM,0.0000,28.7622,28.4188,28.6310,0.0,0.0
807,0,3,  0d 00:13:23.47,  0d 00:09:47.01,0.0000,4.1916,R,07/25/2025 10:33:46 AM,0.0000,28.7777,28.4188,28.6310,0.0,0.0
808,0,3,  0d 00:13:24.47,  0d 00:09:48.01,0.0000,4.1916,R,07/25/2025 10:33:47 AM,0.0000,28.7777,28.4188,28.6310,0.0,0.0
809,0,3,  0d 00:13:25.47,  0d 00:09:49.01,0.0000,4.1917,R,07/25/2025 10:33:48 AM,0.0000,28.7777,28.4188,28.6310,0.0,0.0
810,0,3,  0d 00:13:26.47,  0d 00:09:50.01,0.0000,4.1917,R,07/25/2025 10:33:49 AM,0.0000,28.7777,28.4188,28.6310,0.0,0.0
811,0,3,  0d 00:13:27.47,  0d 00:09:51.01,0.0000,4.1916,R,07/25/2025 10:33:50 AM,0.0000,28.7777,28.4188,28.6310,0.0,0.0
812,0,3,  0d 00:13:28.47,  0d 00:09:52.01,0.0000,4.1918,R,07/25/2025 10:33:51 AM,0.0000,28.7777,28.4188,28.6310,0.0,0.0
813,0,3,  0d 00:13:29.47,  0d 00:09:53.01,0.0000,4.1917,R,07/25/2025 10:33:52 AM,0.0000,28.7777,28.4188,28.6310,0.0,0.0
814,0,3,  0d 00:13:30.47,  0d 00:09:54.01,0.0000,4.1917,R,07/25/2025 10:33:53 AM,0.0000,28.7777,28.4188,28.6310,0.0,0.0
815,0,3,  0d 00:13:31.47,  0d 00:09:55.01,0.0000,4.1917,R,07/25/2025 10:33:54 AM,0.0000,28.7777,28.4188,28.6310,0.0,0.0
816,0,3,  0d 00:13:32.47,  0d 00:09:56.01,0.0000,4.1917,R,07/25/2025 10:33:55 AM,0.0000,28.7622,28.4188,28.6310,0.0,0.0
817,0,3,  0d 00:13:33.47,  0d 00:09:57.01,0.0000,4.1917,R,07/25/2025 10:33:56 AM,0.0000,28.7622,28.4188,28.6310,0.0,0.0
818,0,3,  0d 00:13:34.47,  0d 00:09:58.01,0.0000,4.1918,R,07/25/2025 10:33:57 AM,0.0000,28.7622,28.4188,28.6310,0.0,0.0
819,0,3,  0d 00:13:35.47,  0d 00:09:59.01,0.0000,4.1917,R,07/25/2025 10:33:58 AM,0.0000,28.7622,28.4188,28.6310,0.0,0.0
820,0,3,  0d 00:13:36.46,  0d 00:10:00.00,0.0000,4.1917,R,07/25/2025 10:33:59 AM,0.0000,28.7622,28.4188,28.6310,0.0,0.0
821,0,4,  0d 00:13:36.50,  0d 00:00:00.04,1.2540,4.1693,D,07/25/2025 10:33:59 AM,0.0000,28.7622,28.4188,28.6310,0.0,0.0
822,0,4,  0d 00:13:37.50,  0d 00:00:01.04,1.2500,4.1656,D,07/25/2025 10:34:00 AM,0.0000,28.7777,28.4033,28.6310,0.0,0.0
823,0,4,  0d 00:13:38.50,  0d 00:00:02.04,1.2500,4.1636,D,07/25/2025 10:34:01 AM,0.0000,28.7777,28.4033,28.6310,0.0,0.0
824,0,4,  0d 00:13:39.50,  0d 00:00:03.04,1.2500,4.1620,D,07/25/2025 10:34:02 AM,0.0000,28.7777,28.4033,28.6310,0.0,0.0
825,0,4,  0d 00:13:40.50,  0d 00:00:04.04,1.2497,4.1607,D,07/25/2025 10:34:03 AM,0.0000,28.7777,28.4188,28.6310,0.0,0.0
826,0,4,  0d 00:13:41.50,  0d 00:00:05.04,1.2500,4.1592,D,07/25/2025 10:34:04 AM,0.0000,28.7777,28.4188,28.6310,0.0,0.0
827,0,4,  0d 00:13:42.50,  0d 00:00:06.04,1.2503,4.1581,D,07/25/2025 10:34:05 AM,0.0000,28.7777,28.4188,28.6310,0.0,0.0
828,0,4,  0d 00:13:43.50,  0d 00:00:07.04,1.2497,4.1571,D,07/25/2025 10:34:06 AM,0.0000,28.7777,28.4188,28.6310,0.0,0.0
829,0,4,  0d 00:13:44.50,  0d 00:00:08.04,1.2500,4.1560,D,07/25/2025 10:34:07 AM,0.0000,28.7777,28.4188,28.6310,0.0,0.0
830,0,4,  0d 00:13:45.50,  0d 00:00:09.04,1.2494,4.1550,D,07/25/2025 10:34:08 AM,0.0000,28.7777,28.4188,28.6310,0.0,0.0
831,0,4,  0d 00:13:46.50,  0d 00:00:10.04,1.2503,4.1541,D,07/25/2025 10:34:09 AM,0.0000,28.7777,28.4188,28.6310,0.0,0.0
832,0,4,  0d 00:13:47.50,  0d 00:00:11.04,1.2497,4.1532,D,07/25/2025 10:34:10 AM,0.0000,28.7777,28.4188,28.6310,0.0,0.0
833,0,4,  0d 00:13:48.50,  0d 00:00:12.04,1.2500,4.1524,D,07/25/2025 10:34:11 AM,0.0000,28.7777,28.4188,28.6310,0.0,0.0
834,0,4,  0d 00:13:49.50,  0d 00:00:13.04,1.2494,4.1514,D,07/25/2025 10:34:12 AM,0.0000,28.7777,28.4188,28.6310,0.0,0.0
835,0,4,  0d 00:13:50.50,  0d 00:00:14.04,1.2503,4.1507,D,07/25/2025 10:34:13 AM,0.0000,28.7622,28.4188,28.6310,0.0,0.0
836,0,4,  0d 00:13:51.50,  0d 00:00:15.04,1.2500,4.1498,D,07/25/2025 10:34:14 AM,0.0000,28.7777,28.4188,28.6310,0.0,0.0
837,0,4,  0d 00:13:52.50,  0d 00:00:16.04,1.2506,4.1492,D,07/25/2025 10:34:15 AM,0.0000,28.7777,28.4188,28.6310,0.0,0.0
838,0,4,  0d 00:13:53.50,  0d 00:00:17.04,1.2500,4.1482,D,07/25/2025 10:34:16 AM,0.0000,28.7777,28.4188,28.6310,0.0,0.0
839,0,4,  0d 00:13:54.50,  0d 00:00:18.04,1.2497,4.1477,D,07/25/2025 10:34:17 AM,0.0000,28.7777,28.4188,28.6310,0.0,0.0
840,0,4,  0d 00:13:55.50,  0d 00:00:19.04,1.2500,4.1471,D,07/25/2025 10:34:18 AM,0.0000,28.7777,28.4188,28.6310,0.0,0.0
841,0,4,  0d 00:13:56.50,  0d 00:00:20.04,1.2500,4.1463,D,07/25/2025 10:34:20 AM,0.0000,28.7777,28.4188,28.6310,0.0,0.0
842,0,4,  0d 00:13:57.50,  0d 00:00:21.04,1.2500,4.1456,D,07/25/2025 10:34:20 AM,0.0000,28.7777,28.4188,28.6310,0.0,0.0
843,0,4,  0d 00:13:58.50,  0d 00:00:22.04,1.2500,4.1449,D,07/25/2025 10:34:21 AM,0.0000,28.7777,28.4188,28.6310,0.0,0.0
844,0,4,  0d 00:13:59.50,  0d 00:00:23.04,1.2500,4.1442,D,07/25/2025 10:34:22 AM,0.0000,28.7777,28.4188,28.6310,0.0,0.0
845,0,4,  0d 00:14:00.50,  0d 00:00:24.04,1.2497,4.1436,D,07/25/2025 10:34:23 AM,0.0000,28.7777,28.4188,28.6310,0.0,0.0
846,0,4,  0d 00:14:01.50,  0d 00:00:25.04,1.2500,4.1431,D,07/25/2025 10:34:24 AM,0.0000,28.7777,28.4188,28.6310,0.0,0.0
847,0,4,  0d 00:14:02.50,  0d 00:00:26.04,1.2497,4.1423,D,07/25/2025 10:34:25 AM,0.0000,28.7777,28.4188,28.6310,0.0,0.0
848,0,4,  0d 00:14:03.50,  0d 00:00:27.04,1.2494,4.1417,D,07/25/2025 10:34:26 AM,0.0000,28.7777,28.4188,28.6310,0.0,0.0
849,0,4,  0d 00:14:04.50,  0d 00:00:28.04,1.2503,4.1411,D,07/25/2025 10:34:27 AM,0.0000,28.7777,28.4188,28.6310,0.0,0.0
850,0,4,  0d 00:14:05.50,  0d 00:00:29.04,1.2500,4.1405,D,07/25/2025 10:34:28 AM,0.0000,28.7777,28.4188,28.6310,0.0,0.0
851,0,4,  0d 00:14:06.50,  0d 00:00:30.04,1.2497,4.1400,D,07/25/2025 10:34:30 AM,0.0000,28.7777,28.4188,28.6310,0.0,0.0
852,0,4,  0d 00:14:07.50,  0d 00:00:31.04,1.2497,4.1395,D,07/25/2025 10:34:30 AM,0.0000,28.7777,28.4188,28.6310,0.0,0.0
853,0,4,  0d 00:14:08.50,  0d 00:00:32.04,1.2500,4.1389,D,07/25/2025 10:34:31 AM,0.0000,28.7777,28.4188,28.6310,0.0,0.0
854,0,4,  0d 00:14:09.50,  0d 00:00:33.04,1.2497,4.1383,D,07/25/2025 10:34:32 AM,0.0000,28.7777,28.4188,28.6310,0.0,0.0
855,0,4,  0d 00:14:10.50,  0d 00:00:34.04,1.2500,4.1377,D,07/25/2025 10:34:33 AM,0.0000,28.7777,28.4188,28.6310,0.0,0.0
856,0,4,  0d 00:14:11.50,  0d 00:00:35.04,1.2503,4.1373,D,07/25/2025 10:34:34 AM,0.0000,28.7777,28.4188,28.6310,0.0,0.0
857,0,4,  0d 00:14:12.50,  0d 00:00:36.04,1.2500,4.1368,D,07/25/2025 10:34:35 AM,0.0000,28.7777,28.4188,28.6310,0.0,0.0
858,0,4,  0d 00:14:13.50,  0d 00:00:37.04,1.2497,4.1361,D,07/25/2025 10:34:36 AM,0.0000,28.7777,28.4188,28.6310,0.0,0.0
859,0,4,  0d 00:14:14.50,  0d 00:00:38.04,1.2497,4.1357,D,07/25/2025 10:34:37 AM,0.0000,28.7777,28.4188,28.6310,0.0,0.0
860,0,4,  0d 00:14:15.50,  0d 00:00:39.04,1.2500,4.1352,D,07/25/2025 10:34:38 AM,0.0000,28.7777,28.4188,28.6310,0.0,0.0
861,0,4,  0d 00:14:16.50,  0d 00:00:40.04,1.2497,4.1347,D,07/25/2025 10:34:40 AM,0.0000,28.7777,28.4188,28.6310,0.0,0.0
862,0,4,  0d 00:14:17.50,  0d 00:00:41.04,1.2497,4.1341,D,07/25/2025 10:34:40 AM,0.0000,28.7622,28.4188,28.6310,0.0,0.0
863,0,4,  0d 00:14:18.50,  0d 00:00:42.04,1.2500,4.1337,D,07/25/2025 10:34:41 AM,0.0000,28.7622,28.4188,28.6310,0.0,0.0
864,0,4,  0d 00:14:19.50,  0d 00:00:43.04,1.2497,4.1333,D,07/25/2025 10:34:42 AM,0.0000,28.7622,28.4188,28.6310,0.0,0.0
865,0,4,  0d 00:14:20.50,  0d 00:00:44.04,1.2500,4.1328,D,07/25/2025 10:34:43 AM,0.0000,28.7622,28.4188,28.6310,0.0,0.0
866,0,4,  0d 00:14:21.50,  0d 00:00:45.04,1.2500,4.1322,D,07/25/2025 10:34:44 AM,0.0000,28.7622,28.4188,28.6310,0.0,0.0
867,0,4,  0d 00:14:22.50,  0d 00:00:46.04,1.2497,4.1317,D,07/25/2025 10:34:45 AM,0.0000,28.7622,28.4188,28.6310,0.0,0.0
868,0,4,  0d 00:14:23.50,  0d 00:00:47.04,1.2503,4.1312,D,07/25/2025 10:34:46 AM,0.0000,28.7622,28.4188,28.6310,0.0,0.0
869,0,4,  0d 00:14:24.50,  0d 00:00:48.04,1.2494,4.1308,D,07/25/2025 10:34:47 AM,0.0000,28.7777,28.4188,28.6310,0.0,0.0
870,0,4,  0d 00:14:25.50,  0d 00:00:49.04,1.2500,4.1303,D,07/25/2025 10:34:48 AM,0.0000,28.7622,28.4188,28.6310,0.0,0.0
871,0,4,  0d 00:14:26.50,  0d 00:00:50.04,1.2497,4.1299,D,07/25/2025 10:34:50 AM,0.0000,28.7622,28.4188,28.6310,0.0,0.0
872,0,4,  0d 00:14:27.50,  0d 00:00:51.04,1.2497,4.1295,D,07/25/2025 10:34:50 AM,0.0000,28.7622,28.4188,28.6310,0.0,0.0
873,0,4,  0d 00:14:28.50,  0d 00:00:52.04,1.2503,4.1289,D,07/25/2025 10:34:51 AM,0.0000,28.7622,28.4188,28.6310,0.0,0.0
874,0,4,  0d 00:14:29.50,  0d 00:00:53.04,1.2497,4.1285,D,07/25/2025 10:34:52 AM,0.0000,28.7622,28.4188,28.6310,0.0,0.0
875,0,4,  0d 00:14:30.50,  0d 00:00:54.04,1.2500,4.1280,D,07/25/2025 10:34:53 AM,0.0000,28.7622,28.4188,28.6310,0.0,0.0
876,0,4,  0d 00:14:31.50,  0d 00:00:55.04,1.2497,4.1276,D,07/25/2025 10:34:54 AM,0.0000,28.7622,28.4188,28.6310,0.0,0.0
877,0,4,  0d 00:14:32.50,  0d 00:00:56.04,1.2500,4.1271,D,07/25/2025 10:34:55 AM,0.0000,28.7622,28.4188,28.6310,0.0,0.0
878,0,4,  0d 00:14:33.50,  0d 00:00:57.04,1.2500,4.1268,D,07/25/2025 10:34:56 AM,0.0000,28.7622,28.4188,28.6310,0.0,0.0
879,0,4,  0d 00:14:34.50,  0d 00:00:58.04,1.2500,4.1264,D,07/25/2025 10:34:57 AM,0.0000,28.7622,28.4188,28.6310,0.0,0.0
880,0,4,  0d 00:14:35.50,  0d 00:00:59.04,1.2497,4.1258,D,07/25/2025 10:34:58 AM,0.0000,28.7622,28.4188,28.6310,0.0,0.0
881,0,4,  0d 00:14:36.50,  0d 00:01:00.04,1.2497,4.1254,D,07/25/2025 10:35:00 AM,0.0000,28.7777,28.4188,28.6310,0.0,0.0
882,0,4,  0d 00:14:37.50,  0d 00:01:01.04,1.2503,4.1249,D,07/25/2025 10:35:00 AM,0.0000,28.7777,28.4188,28.6155,0.0,0.0
883,0,4,  0d 00:14:38.50,  0d 00:01:02.04,1.2494,4.1246,D,07/25/2025 10:35:01 AM,0.0000,28.7777,28.4188,28.6155,0.0,0.0
884,0,4,  0d 00:14:39.50,  0d 00:01:03.04,1.2497,4.1242,D,07/25/2025 10:35:02 AM,0.0000,28.7777,28.4188,28.6155,0.0,0.0
885,0,4,  0d 00:14:40.50,  0d 00:01:04.04,1.2500,4.1238,D,07/25/2025 10:35:03 AM,0.0000,28.7777,28.4188,28.6155,0.0,0.0
886,0,4,  0d 00:14:41.50,  0d 00:01:05.04,1.2503,4.1235,D,07/25/2025 10:35:04 AM,0.0000,28.7777,28.4188,28.6155,0.0,0.0
887,0,4,  0d 00:14:42.50,  0d 00:01:06.04,1.2500,4.1230,D,07/25/2025 10:35:05 AM,0.0000,28.7777,28.4188,28.6155,0.0,0.0
888,0,4,  0d 00:14:43.50,  0d 00:01:07.04,1.2497,4.1225,D,07/25/2025 10:35:06 AM,0.0000,28.7777,28.4188,28.6310,0.0,0.0
889,0,4,  0d 00:14:44.50,  0d 00:01:08.04,1.2497,4.1221,D,07/25/2025 10:35:07 AM,0.0000,28.7777,28.4188,28.6310,0.0,0.0
890,0,4,  0d 00:14:45.50,  0d 00:01:09.04,1.2500,4.1218,D,07/25/2025 10:35:08 AM,0.0000,28.7777,28.4188,28.6310,0.0,0.0
891,0,4,  0d 00:14:46.50,  0d 00:01:10.04,1.2503,4.1214,D,07/25/2025 10:35:09 AM,0.0000,28.7777,28.4188,28.6310,0.0,0.0
892,0,4,  0d 00:14:47.50,  0d 00:01:11.04,1.2500,4.1209,D,07/25/2025 10:35:10 AM,0.0000,28.7777,28.4188,28.6310,0.0,0.0
893,0,4,  0d 00:14:48.50,  0d 00:01:12.04,1.2500,4.1206,D,07/25/2025 10:35:11 AM,0.0000,28.7777,28.4188,28.6310,0.0,0.0
894,0,4,  0d 00:14:49.50,  0d 00:01:13.04,1.2497,4.1204,D,07/25/2025 10:35:12 AM,0.0000,28.7777,28.4188,28.6310,0.0,0.0
895,0,4,  0d 00:14:50.50,  0d 00:01:14.04,1.2500,4.1198,D,07/25/2025 10:35:13 AM,0.0000,28.7777,28.4188,28.6310,0.0,0.0
896,0,4,  0d 00:14:51.50,  0d 00:01:15.04,1.2500,4.1196,D,07/25/2025 10:35:14 AM,0.0000,28.7777,28.4188,28.6310,0.0,0.0
897,0,4,  0d 00:14:52.50,  0d 00:01:16.04,1.2497,4.1191,D,07/25/2025 10:35:15 AM,0.0000,28.7777,28.4188,28.6310,0.0,0.0
898,0,4,  0d 00:14:53.50,  0d 00:01:17.04,1.2497,4.1187,D,07/25/2025 10:35:16 AM,0.0000,28.7777,28.4188,28.6310,0.0,0.0
899,0,4,  0d 00:14:54.50,  0d 00:01:18.04,1.2497,4.1183,D,07/25/2025 10:35:17 AM,0.0000,28.7777,28.4188,28.6310,0.0,0.0
900,0,4,  0d 00:14:55.50,  0d 00:01:19.04,1.2500,4.1180,D,07/25/2025 10:35:18 AM,0.0000,28.7777,28.4188,28.6310,0.0,0.0
901,0,4,  0d 00:14:56.50,  0d 00:01:20.04,1.2500,4.1176,D,07/25/2025 10:35:19 AM,0.0000,28.7777,28.4188,28.6310,0.0,0.0
902,0,4,  0d 00:14:57.50,  0d 00:01:21.04,1.2500,4.1173,D,07/25/2025 10:35:20 AM,0.0000,28.7777,28.4188,28.6310,0.0,0.0
903,0,4,  0d 00:14:58.50,  0d 00:01:22.04,1.2494,4.1169,D,07/25/2025 10:35:21 AM,0.0000,28.7777,28.4188,28.6310,0.0,0.0
904,0,4,  0d 00:14:59.50,  0d 00:01:23.04,1.2500,4.1167,D,07/25/2025 10:35:22 AM,0.0000,28.7777,28.4033,28.6310,0.0,0.0
905,0,4,  0d 00:15:00.50,  0d 00:01:24.04,1.2500,4.1162,D,07/25/2025 10:35:23 AM,0.0000,28.7777,28.4033,28.6310,0.0,0.0
906,0,4,  0d 00:15:01.50,  0d 00:01:25.04,1.2500,4.1157,D,07/25/2025 10:35:24 AM,0.0000,28.7777,28.4188,28.6310,0.0,0.0
907,0,4,  0d 00:15:02.50,  0d 00:01:26.04,1.2494,4.1154,D,07/25/2025 10:35:25 AM,0.0000,28.7777,28.4188,28.6310,0.0,0.0
908,0,4,  0d 00:15:03.50,  0d 00:01:27.04,1.2500,4.1151,D,07/25/2025 10:35:26 AM,0.0000,28.7777,28.4188,28.6310,0.0,0.0
909,0,4,  0d 00:15:04.50,  0d 00:01:28.04,1.2494,4.1147,D,07/25/2025 10:35:27 AM,0.0000,28.7777,28.4188,28.6310,0.0,0.0
910,0,4,  0d 00:15:05.50,  0d 00:01:29.04,1.2497,4.1144,D,07/25/2025 10:35:28 AM,0.0000,28.7777,28.4188,28.6310,0.0,0.0
911,0,4,  0d 00:15:06.50,  0d 00:01:30.04,1.2494,4.1140,D,07/25/2025 10:35:29 AM,0.0000,28.7777,28.4188,28.6310,0.0,0.0
912,0,4,  0d 00:15:07.50,  0d 00:01:31.04,1.2494,4.1138,D,07/25/2025 10:35:31 AM,0.0000,28.7777,28.4188,28.6310,0.0,0.0
913,0,4,  0d 00:15:08.50,  0d 00:01:32.04,1.2503,4.1135,D,07/25/2025 10:35:31 AM,0.0000,28.7777,28.4188,28.6310,0.0,0.0
914,0,4,  0d 00:15:09.50,  0d 00:01:33.04,1.2497,4.1130,D,07/25/2025 10:35:32 AM,0.0000,28.7777,28.4188,28.6310,0.0,0.0
915,0,4,  0d 00:15:10.50,  0d 00:01:34.04,1.2497,4.1126,D,07/25/2025 10:35:33 AM,0.0000,28.7777,28.4188,28.6310,0.0,0.0
916,0,4,  0d 00:15:11.50,  0d 00:01:35.04,1.2494,4.1125,D,07/25/2025 10:35:34 AM,0.0000,28.7777,28.4188,28.6310,0.0,0.0
917,0,4,  0d 00:15:12.50,  0d 00:01:36.04,1.2497,4.1120,D,07/25/2025 10:35:35 AM,0.0000,28.7777,28.4188,28.6310,0.0,0.0
918,0,4,  0d 00:15:13.50,  0d 00:01:37.04,1.2500,4.1117,D,07/25/2025 10:35:36 AM,0.0000,28.7777,28.4188,28.6310,0.0,0.0
919,0,4,  0d 00:15:14.50,  0d 00:01:38.04,1.2500,4.1114,D,07/25/2025 10:35:37 AM,0.0000,28.7932,28.4188,28.6310,0.0,0.0
920,0,4,  0d 00:15:15.50,  0d 00:01:39.04,1.2497,4.1111,D,07/25/2025 10:35:38 AM,0.0000,28.7777,28.4188,28.6465,0.0,0.0
921,0,4,  0d 00:15:16.50,  0d 00:01:40.04,1.2491,4.1107,D,07/25/2025 10:35:39 AM,0.0000,28.7777,28.4188,28.6465,0.0,0.0
922,0,4,  0d 00:15:17.50,  0d 00:01:41.04,1.2500,4.1104,D,07/25/2025 10:35:41 AM,0.0000,28.7777,28.4188,28.6310,0.0,0.0
923,0,4,  0d 00:15:18.50,  0d 00:01:42.04,1.2500,4.1102,D,07/25/2025 10:35:41 AM,0.0000,28.7777,28.4188,28.6465,0.0,0.0
924,0,4,  0d 00:15:19.50,  0d 00:01:43.04,1.2491,4.1096,D,07/25/2025 10:35:42 AM,0.0000,28.7777,28.4188,28.6465,0.0,0.0
925,0,4,  0d 00:15:20.50,  0d 00:01:44.04,1.2497,4.1094,D,07/25/2025 10:35:43 AM,0.0000,28.7932,28.4188,28.6465,0.0,0.0
926,0,4,  0d 00:15:21.50,  0d 00:01:45.04,1.2494,4.1093,D,07/25/2025 10:35:44 AM,0.0000,28.7932,28.4188,28.6465,0.0,0.0
927,0,4,  0d 00:15:22.50,  0d 00:01:46.04,1.2497,4.1087,D,07/25/2025 10:35:45 AM,0.0000,28.7777,28.4188,28.6310,0.0,0.0
928,0,4,  0d 00:15:23.50,  0d 00:01:47.04,1.2500,4.1084,D,07/25/2025 10:35:46 AM,0.0000,28.7777,28.4188,28.6310,0.0,0.0
929,0,4,  0d 00:15:24.50,  0d 00:01:48.04,1.2497,4.1082,D,07/25/2025 10:35:47 AM,0.0000,28.7777,28.4188,28.6465,0.0,0.0
930,0,4,  0d 00:15:25.50,  0d 00:01:49.04,1.2500,4.1080,D,07/25/2025 10:35:48 AM,0.0000,28.7777,28.4344,28.6465,0.0,0.0
931,0,4,  0d 00:15:26.50,  0d 00:01:50.04,1.2506,4.1076,D,07/25/2025 10:35:49 AM,0.0000,28.7777,28.4344,28.6465,0.0,0.0
932,0,4,  0d 00:15:27.50,  0d 00:01:51.04,1.2497,4.1073,D,07/25/2025 10:35:51 AM,0.0000,28.7777,28.4344,28.6465,0.0,0.0
933,0,4,  0d 00:15:28.50,  0d 00:01:52.04,1.2500,4.1070,D,07/25/2025 10:35:51 AM,0.0000,28.7777,28.4188,28.6310,0.0,0.0
934,0,4,  0d 00:15:29.50,  0d 00:01:53.04,1.2500,4.1067,D,07/25/2025 10:35:52 AM,0.0000,28.7622,28.4188,28.6310,0.0,0.0
935,0,4,  0d 00:15:30.50,  0d 00:01:54.04,1.2503,4.1064,D,07/25/2025 10:35:53 AM,0.0000,28.7777,28.4188,28.6310,0.0,0.0
936,0,4,  0d 00:15:31.50,  0d 00:01:55.04,1.2503,4.1061,D,07/25/2025 10:35:54 AM,0.0000,28.7777,28.4188,28.6310,0.0,0.0
937,0,4,  0d 00:15:32.50,  0d 00:01:56.04,1.2497,4.1058,D,07/25/2025 10:35:55 AM,0.0000,28.7777,28.4188,28.6310,0.0,0.0
938,0,4,  0d 00:15:33.50,  0d 00:01:57.04,1.2500,4.1054,D,07/25/2025 10:35:56 AM,0.0000,28.7777,28.4188,28.6310,0.0,0.0
939,0,4,  0d 00:15:34.50,  0d 00:01:58.04,1.2503,4.1051,D,07/25/2025 10:35:57 AM,0.0000,28.7777,28.4188,28.6310,0.0,0.0
940,0,4,  0d 00:15:35.50,  0d 00:01:59.04,1.2500,4.1048,D,07/25/2025 10:35:58 AM,0.0000,28.7777,28.4188,28.6310,0.0,0.0
941,0,4,  0d 00:15:36.50,  0d 00:02:00.04,1.2503,4.1044,D,07/25/2025 10:35:59 AM,0.0000,28.7777,28.4188,28.6310,0.0,0.0
942,0,4,  0d 00:15:37.50,  0d 00:02:01.04,1.2494,4.1044,D,07/25/2025 10:36:01 AM,0.0000,28.7777,28.4188,28.6310,0.0,0.0
943,0,4,  0d 00:15:38.50,  0d 00:02:02.04,1.2500,4.1041,D,07/25/2025 10:36:01 AM,0.0000,28.7777,28.4188,28.6310,0.0,0.0
944,0,4,  0d 00:15:39.50,  0d 00:02:03.04,1.2503,4.1038,D,07/25/2025 10:36:02 AM,0.0000,28.7777,28.4188,28.6310,0.0,0.0
945,0,4,  0d 00:15:40.50,  0d 00:02:04.04,1.2500,4.1035,D,07/25/2025 10:36:03 AM,0.0000,28.7622,28.4188,28.6310,0.0,0.0
946,0,4,  0d 00:15:41.50,  0d 00:02:05.04,1.2497,4.1030,D,07/25/2025 10:36:04 AM,0.0000,28.7622,28.4188,28.6310,0.0,0.0
947,0,4,  0d 00:15:42.50,  0d 00:02:06.04,1.2500,4.1028,D,07/25/2025 10:36:05 AM,0.0000,28.7622,28.4188,28.6310,0.0,0.0
948,0,4,  0d 00:15:43.50,  0d 00:02:07.04,1.2497,4.1025,D,07/25/2025 10:36:06 AM,0.0000,28.7622,28.4188,28.6310,0.0,0.0
949,0,4,  0d 00:15:44.50,  0d 00:02:08.04,1.2506,4.1022,D,07/25/2025 10:36:07 AM,0.0000,28.7622,28.4188,28.6310,0.0,0.0
950,0,4,  0d 00:15:45.50,  0d 00:02:09.04,1.2500,4.1019,D,07/25/2025 10:36:08 AM,0.0000,28.7622,28.4188,28.6310,0.0,0.0
951,0,4,  0d 00:15:46.50,  0d 00:02:10.04,1.2503,4.1017,D,07/25/2025 10:36:09 AM,0.0000,28.7777,28.4188,28.6310,0.0,0.0
952,0,4,  0d 00:15:47.50,  0d 00:02:11.04,1.2497,4.1015,D,07/25/2025 10:36:11 AM,0.0000,28.7777,28.4188,28.6310,0.0,0.0
953,0,4,  0d 00:15:48.50,  0d 00:02:12.04,1.2503,4.1013,D,07/25/2025 10:36:11 AM,0.0000,28.7777,28.4188,28.6310,0.0,0.0
954,0,4,  0d 00:15:49.50,  0d 00:02:13.04,1.2497,4.1008,D,07/25/2025 10:36:12 AM,0.0000,28.7777,28.4188,28.6310,0.0,0.0
955,0,4,  0d 00:15:50.50,  0d 00:02:14.04,1.2500,4.1007,D,07/25/2025 10:36:13 AM,0.0000,28.7777,28.4188,28.6310,0.0,0.0
956,0,4,  0d 00:15:51.50,  0d 00:02:15.04,1.2497,4.1006,D,07/25/2025 10:36:14 AM,0.0000,28.7777,28.4188,28.6310,0.0,0.0
957,0,4,  0d 00:15:52.50,  0d 00:02:16.04,1.2500,4.1000,D,07/25/2025 10:36:15 AM,0.0000,28.7777,28.4188,28.6310,0.0,0.0
958,0,4,  0d 00:15:53.50,  0d 00:02:17.04,1.2500,4.0998,D,07/25/2025 10:36:16 AM,0.0000,28.7777,28.4188,28.6310,0.0,0.0
959,0,4,  0d 00:15:54.50,  0d 00:02:18.04,1.2497,4.0996,D,07/25/2025 10:36:17 AM,0.0000,28.7777,28.4188,28.6310,0.0,0.0
960,0,4,  0d 00:15:55.50,  0d 00:02:19.04,1.2503,4.0993,D,07/25/2025 10:36:18 AM,0.0000,28.7777,28.4188,28.6310,0.0,0.0
961,0,4,  0d 00:15:56.50,  0d 00:02:20.04,1.2503,4.0990,D,07/25/2025 10:36:19 AM,0.0000,28.7777,28.4188,28.6310,0.0,0.0
962,0,4,  0d 00:15:57.50,  0d 00:02:21.04,1.2500,4.0988,D,07/25/2025 10:36:20 AM,0.0000,28.7777,28.4188,28.6310,0.0,0.0
963,0,4,  0d 00:15:58.50,  0d 00:02:22.04,1.2497,4.0986,D,07/25/2025 10:36:21 AM,0.0000,28.7777,28.4188,28.6310,0.0,0.0
964,0,4,  0d 00:15:59.50,  0d 00:02:23.04,1.2497,4.0983,D,07/25/2025 10:36:22 AM,0.0000,28.7777,28.4188,28.6310,0.0,0.0
965,0,4,  0d 00:16:00.50,  0d 00:02:24.04,1.2497,4.0981,D,07/25/2025 10:36:23 AM,0.0000,28.7777,28.4188,28.6310,0.0,0.0
966,0,4,  0d 00:16:01.50,  0d 00:02:25.04,1.2503,4.0977,D,07/25/2025 10:36:24 AM,0.0000,28.7777,28.4188,28.6310,0.0,0.0
967,0,4,  0d 00:16:02.50,  0d 00:02:26.04,1.2500,4.0976,D,07/25/2025 10:36:25 AM,0.0000,28.7777,28.4188,28.6310,0.0,0.0
968,0,4,  0d 00:16:03.50,  0d 00:02:27.04,1.2497,4.0972,D,07/25/2025 10:36:26 AM,0.0000,28.7777,28.4188,28.6310,0.0,0.0
969,0,4,  0d 00:16:04.50,  0d 00:02:28.04,1.2500,4.0970,D,07/25/2025 10:36:27 AM,0.0000,28.7777,28.4188,28.6310,0.0,0.0
970,0,4,  0d 00:16:05.50,  0d 00:02:29.04,1.2500,4.0968,D,07/25/2025 10:36:28 AM,0.0000,28.7777,28.4188,28.6310,0.0,0.0
971,0,4,  0d 00:16:06.50,  0d 00:02:30.04,1.2497,4.0964,D,07/25/2025 10:36:29 AM,0.0000,28.7777,28.4188,28.6310,0.0,0.0
972,0,4,  0d 00:16:07.50,  0d 00:02:31.04,1.2497,4.0961,D,07/25/2025 10:36:30 AM,0.0000,28.7777,28.4188,28.6310,0.0,0.0
973,0,4,  0d 00:16:08.50,  0d 00:02:32.04,1.2500,4.0960,D,07/25/2025 10:36:31 AM,0.0000,28.7777,28.4188,28.6310,0.0,0.0
974,0,4,  0d 00:16:09.50,  0d 00:02:33.04,1.2500,4.0957,D,07/25/2025 10:36:32 AM,0.0000,28.7777,28.4188,28.6310,0.0,0.0
975,0,4,  0d 00:16:10.50,  0d 00:02:34.04,1.2500,4.0954,D,07/25/2025 10:36:33 AM,0.0000,28.7777,28.4188,28.6310,0.0,0.0
976,0,4,  0d 00:16:11.50,  0d 00:02:35.04,1.2497,4.0952,D,07/25/2025 10:36:34 AM,0.0000,28.7622,28.4033,28.6310,0.0,0.0
977,0,4,  0d 00:16:12.50,  0d 00:02:36.04,1.2500,4.0950,D,07/25/2025 10:36:35 AM,0.0000,28.7622,28.4033,28.6310,0.0,0.0
978,0,4,  0d 00:16:13.50,  0d 00:02:37.04,1.2500,4.0948,D,07/25/2025 10:36:36 AM,0.0000,28.7622,28.4188,28.6310,0.0,0.0
979,0,4,  0d 00:16:14.50,  0d 00:02:38.04,1.2500,4.0945,D,07/25/2025 10:36:37 AM,0.0000,28.7622,28.4188,28.6310,0.0,0.0
980,0,4,  0d 00:16:15.50,  0d 00:02:39.04,1.2497,4.0943,D,07/25/2025 10:36:38 AM,0.0000,28.7777,28.4188,28.6310,0.0,0.0
981,0,4,  0d 00:16:16.50,  0d 00:02:40.04,1.2500,4.0939,D,07/25/2025 10:36:39 AM,0.0000,28.7777,28.4188,28.6310,0.0,0.0
982,0,4,  0d 00:16:17.50,  0d 00:02:41.04,1.2500,4.0938,D,07/25/2025 10:36:40 AM,0.0000,28.7777,28.4188,28.6310,0.0,0.0
983,0,4,  0d 00:16:18.50,  0d 00:02:42.04,1.2497,4.0935,D,07/25/2025 10:36:41 AM,0.0000,28.7777,28.4188,28.6310,0.0,0.0
984,0,4,  0d 00:16:19.50,  0d 00:02:43.04,1.2500,4.0932,D,07/25/2025 10:36:42 AM,0.0000,28.7777,28.4188,28.6310,0.0,0.0
985,0,4,  0d 00:16:20.50,  0d 00:02:44.04,1.2500,4.0929,D,07/25/2025 10:36:43 AM,0.0000,28.7777,28.4188,28.6310,0.0,0.0
986,0,4,  0d 00:16:21.50,  0d 00:02:45.04,1.2494,4.0927,D,07/25/2025 10:36:44 AM,0.0000,28.7777,28.4188,28.6310,0.0,0.0
987,0,4,  0d 00:16:22.50,  0d 00:02:46.04,1.2500,4.0926,D,07/25/2025 10:36:45 AM,0.0000,28.7777,28.4188,28.6310,0.0,0.0
988,0,4,  0d 00:16:23.50,  0d 00:02:47.04,1.2497,4.0922,D,07/25/2025 10:36:46 AM,0.0000,28.7777,28.4188,28.6310,0.0,0.0
989,0,4,  0d 00:16:24.50,  0d 00:02:48.04,1.2500,4.0921,D,07/25/2025 10:36:47 AM,0.0000,28.7777,28.4188,28.6310,0.0,0.0
990,0,4,  0d 00:16:25.50,  0d 00:02:49.04,1.2500,4.0919,D,07/25/2025 10:36:48 AM,0.0000,28.7777,28.4188,28.6310,0.0,0.0
991,0,4,  0d 00:16:26.50,  0d 00:02:50.04,1.2503,4.0916,D,07/25/2025 10:36:49 AM,0.0000,28.7777,28.4188,28.6310,0.0,0.0
992,0,4,  0d 00:16:27.50,  0d 00:02:51.04,1.2497,4.0914,D,07/25/2025 10:36:50 AM,0.0000,28.7777,28.4188,28.6310,0.0,0.0
993,0,4,  0d 00:16:28.50,  0d 00:02:52.04,1.2500,4.0912,D,07/25/2025 10:36:52 AM,0.0000,28.7777,28.4188,28.6310,0.0,0.0
994,0,4,  0d 00:16:29.50,  0d 00:02:53.04,1.2494,4.0910,D,07/25/2025 10:36:52 AM,0.0000,28.7777,28.4188,28.6310,0.0,0.0
995,0,4,  0d 00:16:30.50,  0d 00:02:54.04,1.2497,4.0907,D,07/25/2025 10:36:53 AM,0.0000,28.7777,28.4188,28.6310,0.0,0.0
996,0,4,  0d 00:16:31.50,  0d 00:02:55.04,1.2500,4.0905,D,07/25/2025 10:36:54 AM,0.0000,28.7777,28.4188,28.6310,0.0,0.0
997,0,4,  0d 00:16:32.50,  0d 00:02:56.04,1.2497,4.0904,D,07/25/2025 10:36:55 AM,0.0000,28.7777,28.4188,28.6310,0.0,0.0
998,0,4,  0d 00:16:33.50,  0d 00:02:57.04,1.2503,4.0901,D,07/25/2025 10:36:56 AM,0.0000,28.7777,28.4188,28.6310,0.0,0.0
999,0,4,  0d 00:16:34.50,  0d 00:02:58.04,1.2491,4.0900,D,07/25/2025 10:36:57 AM,0.0000,28.7777,28.4188,28.6310,0.0,0.0
1000,0,4,  0d 00:16:35.50,  0d 00:02:59.04,1.2500,4.0896,D,07/25/2025 10:36:58 AM,0.0000,28.7777,28.4188,28.6310,0.0,0.0
1001,0,4,  0d 00:16:36.50,  0d 00:03:00.04,1.2497,4.0894,D,07/25/2025 10:36:59 AM,0.0000,28.7777,28.4188,28.6310,0.0,0.0
1002,0,4,  0d 00:16:37.50,  0d 00:03:01.04,1.2500,4.0893,D,07/25/2025 10:37:00 AM,0.0000,28.7777,28.4188,28.6310,0.0,0.0
1003,0,4,  0d 00:16:38.50,  0d 00:03:02.04,1.2500,4.0890,D,07/25/2025 10:37:02 AM,0.0000,28.7777,28.4188,28.6310,0.0,0.0
1004,0,4,  0d 00:16:39.50,  0d 00:03:03.04,1.2497,4.0888,D,07/25/2025 10:37:02 AM,0.0000,28.7777,28.4188,28.6310,0.0,0.0
1005,0,4,  0d 00:16:40.50,  0d 00:03:04.04,1.2500,4.0886,D,07/25/2025 10:37:03 AM,0.0000,28.7777,28.4188,28.6310,0.0,0.0
1006,0,4,  0d 00:16:41.50,  0d 00:03:05.04,1.2500,4.0883,D,07/25/2025 10:37:04 AM,0.0000,28.7777,28.4188,28.6310,0.0,0.0
1007,0,4,  0d 00:16:42.50,  0d 00:03:06.04,1.2503,4.0880,D,07/25/2025 10:37:05 AM,0.0000,28.7777,28.4188,28.6310,0.0,0.0
1008,0,4,  0d 00:16:43.50,  0d 00:03:07.04,1.2503,4.0879,D,07/25/2025 10:37:06 AM,0.0000,28.7777,28.4188,28.6310,0.0,0.0
1009,0,4,  0d 00:16:44.50,  0d 00:03:08.04,1.2503,4.0878,D,07/25/2025 10:37:07 AM,0.0000,28.7777,28.4188,28.6310,0.0,0.0
1010,0,4,  0d 00:16:45.50,  0d 00:03:09.04,1.2503,4.0875,D,07/25/2025 10:37:08 AM,0.0000,28.7777,28.4188,28.6310,0.0,0.0
1011,0,4,  0d 00:16:46.50,  0d 00:03:10.04,1.2503,4.0874,D,07/25/2025 10:37:09 AM,0.0000,28.7777,28.4188,28.6310,0.0,0.0
1012,0,4,  0d 00:16:47.50,  0d 00:03:11.04,1.2497,4.0871,D,07/25/2025 10:37:10 AM,0.0000,28.7777,28.4188,28.6310,0.0,0.0
1013,0,4,  0d 00:16:48.50,  0d 00:03:12.04,1.2506,4.0869,D,07/25/2025 10:37:12 AM,0.0000,28.7777,28.4188,28.6310,0.0,0.0
1014,0,4,  0d 00:16:49.50,  0d 00:03:13.04,1.2497,4.0866,D,07/25/2025 10:37:12 AM,0.0000,28.7777,28.4188,28.6310,0.0,0.0
1015,0,4,  0d 00:16:50.50,  0d 00:03:14.04,1.2500,4.0865,D,07/25/2025 10:37:13 AM,0.0000,28.7777,28.4188,28.6310,0.0,0.0
1016,0,4,  0d 00:16:51.50,  0d 00:03:15.04,1.2500,4.0862,D,07/25/2025 10:37:14 AM,0.0000,28.7777,28.4188,28.6310,0.0,0.0
1017,0,4,  0d 00:16:52.50,  0d 00:03:16.04,1.2500,4.0859,D,07/25/2025 10:37:15 AM,0.0000,28.7777,28.4188,28.6310,0.0,0.0
1018,0,4,  0d 00:16:53.50,  0d 00:03:17.04,1.2500,4.0858,D,07/25/2025 10:37:16 AM,0.0000,28.7777,28.4188,28.6310,0.0,0.0
1019,0,4,  0d 00:16:54.50,  0d 00:03:18.04,1.2503,4.0856,D,07/25/2025 10:37:17 AM,0.0000,28.7777,28.4188,28.6310,0.0,0.0
1020,0,4,  0d 00:16:55.50,  0d 00:03:19.04,1.2500,4.0855,D,07/25/2025 10:37:18 AM,0.0000,28.7777,28.4188,28.6310,0.0,0.0
1021,0,4,  0d 00:16:56.50,  0d 00:03:20.04,1.2500,4.0853,D,07/25/2025 10:37:19 AM,0.0000,28.7777,28.4188,28.6310,0.0,0.0
1022,0,4,  0d 00:16:57.50,  0d 00:03:21.04,1.2494,4.0850,D,07/25/2025 10:37:20 AM,0.0000,28.7777,28.4188,28.6310,0.0,0.0
1023,0,4,  0d 00:16:58.50,  0d 00:03:22.04,1.2497,4.0848,D,07/25/2025 10:37:22 AM,0.0000,28.7777,28.4188,28.6310,0.0,0.0
1024,0,4,  0d 00:16:59.50,  0d 00:03:23.04,1.2503,4.0847,D,07/25/2025 10:37:22 AM,0.0000,28.7777,28.4188,28.6310,0.0,0.0
1025,0,4,  0d 00:17:00.50,  0d 00:03:24.04,1.2497,4.0845,D,07/25/2025 10:37:23 AM,0.0000,28.7777,28.4188,28.6310,0.0,0.0
1026,0,4,  0d 00:17:01.50,  0d 00:03:25.04,1.2497,4.0842,D,07/25/2025 10:37:24 AM,0.0000,28.7622,28.4188,28.6310,0.0,0.0
1027,0,4,  0d 00:17:02.50,  0d 00:03:26.04,1.2500,4.0841,D,07/25/2025 10:37:25 AM,0.0000,28.7622,28.4188,28.6310,0.0,0.0
1028,0,4,  0d 00:17:03.50,  0d 00:03:27.04,1.2506,4.0838,D,07/25/2025 10:37:26 AM,0.0000,28.7777,28.4188,28.6310,0.0,0.0
1029,0,4,  0d 00:17:04.50,  0d 00:03:28.04,1.2500,4.0835,D,07/25/2025 10:37:27 AM,0.0000,28.7777,28.4188,28.6310,0.0,0.0
1030,0,4,  0d 00:17:05.50,  0d 00:03:29.04,1.2503,4.0834,D,07/25/2025 10:37:28 AM,0.0000,28.7777,28.4188,28.6310,0.0,0.0
1031,0,4,  0d 00:17:06.50,  0d 00:03:30.04,1.2500,4.0832,D,07/25/2025 10:37:29 AM,0.0000,28.7777,28.4188,28.6310,0.0,0.0
1032,0,4,  0d 00:17:07.50,  0d 00:03:31.04,1.2500,4.0829,D,07/25/2025 10:37:30 AM,0.0000,28.7777,28.4188,28.6310,0.0,0.0
1033,0,4,  0d 00:17:08.50,  0d 00:03:32.04,1.2500,4.0829,D,07/25/2025 10:37:32 AM,0.0000,28.7777,28.4188,28.6310,0.0,0.0
1034,0,4,  0d 00:17:09.50,  0d 00:03:33.04,1.2500,4.0826,D,07/25/2025 10:37:32 AM,0.0000,28.7777,28.4188,28.6310,0.0,0.0
1035,0,4,  0d 00:17:10.50,  0d 00:03:34.04,1.2497,4.0826,D,07/25/2025 10:37:33 AM,0.0000,28.7777,28.4188,28.6310,0.0,0.0
1036,0,4,  0d 00:17:11.50,  0d 00:03:35.04,1.2497,4.0823,D,07/25/2025 10:37:34 AM,0.0000,28.7777,28.4188,28.6310,0.0,0.0
1037,0,4,  0d 00:17:12.50,  0d 00:03:36.04,1.2497,4.0821,D,07/25/2025 10:37:35 AM,0.0000,28.7777,28.4188,28.6310,0.0,0.0
1038,0,4,  0d 00:17:13.50,  0d 00:03:37.04,1.2503,4.0818,D,07/25/2025 10:37:36 AM,0.0000,28.7777,28.4188,28.6310,0.0,0.0
1039,0,4,  0d 00:17:14.50,  0d 00:03:38.04,1.2503,4.0816,D,07/25/2025 10:37:37 AM,0.0000,28.7777,28.4188,28.6310,0.0,0.0
1040,0,4,  0d 00:17:15.50,  0d 00:03:39.04,1.2503,4.0816,D,07/25/2025 10:37:38 AM,0.0000,28.7777,28.4188,28.6310,0.0,0.0
1041,0,4,  0d 00:17:16.50,  0d 00:03:40.04,1.2497,4.0815,D,07/25/2025 10:37:39 AM,0.0000,28.7777,28.4188,28.6310,0.0,0.0
1042,0,4,  0d 00:17:17.50,  0d 00:03:41.04,1.2503,4.0812,D,07/25/2025 10:37:40 AM,0.0000,28.7777,28.4188,28.6310,0.0,0.0
1043,0,4,  0d 00:17:18.50,  0d 00:03:42.04,1.2503,4.0810,D,07/25/2025 10:37:41 AM,0.0000,28.7777,28.4188,28.6310,0.0,0.0
1044,0,4,  0d 00:17:19.50,  0d 00:03:43.04,1.2500,4.0809,D,07/25/2025 10:37:42 AM,0.0000,28.7777,28.4188,28.6310,0.0,0.0
1045,0,4,  0d 00:17:20.50,  0d 00:03:44.04,1.2500,4.0807,D,07/25/2025 10:37:43 AM,0.0000,28.7777,28.4188,28.6310,0.0,0.0
1046,0,4,  0d 00:17:21.50,  0d 00:03:45.04,1.2503,4.0804,D,07/25/2025 10:37:44 AM,0.0000,28.7777,28.4188,28.6310,0.0,0.0
1047,0,4,  0d 00:17:22.50,  0d 00:03:46.04,1.2506,4.0803,D,07/25/2025 10:37:45 AM,0.0000,28.7777,28.4188,28.6310,0.0,0.0
1048,0,4,  0d 00:17:23.50,  0d 00:03:47.04,1.2497,4.0800,D,07/25/2025 10:37:46 AM,0.0000,28.7777,28.4188,28.6310,0.0,0.0
1049,0,4,  0d 00:17:24.50,  0d 00:03:48.04,1.2497,4.0798,D,07/25/2025 10:37:47 AM,0.0000,28.7777,28.4188,28.6310,0.0,0.0
1050,0,4,  0d 00:17:25.50,  0d 00:03:49.04,1.2497,4.0797,D,07/25/2025 10:37:48 AM,0.0000,28.7777,28.4188,28.6310,0.0,0.0
1051,0,4,  0d 00:17:26.50,  0d 00:03:50.04,1.2491,4.0795,D,07/25/2025 10:37:49 AM,0.0000,28.7622,28.4188,28.6310,0.0,0.0
1052,0,4,  0d 00:17:27.50,  0d 00:03:51.04,1.2497,4.0793,D,07/25/2025 10:37:50 AM,0.0000,28.7622,28.4188,28.6310,0.0,0.0
1053,0,4,  0d 00:17:28.50,  0d 00:03:52.04,1.2494,4.0791,D,07/25/2025 10:37:51 AM,0.0000,28.7622,28.4188,28.6310,0.0,0.0
1054,0,4,  0d 00:17:29.50,  0d 00:03:53.04,1.2503,4.0790,D,07/25/2025 10:37:52 AM,0.0000,28.7622,28.4188,28.6310,0.0,0.0
1055,0,4,  0d 00:17:30.50,  0d 00:03:54.04,1.2503,4.0787,D,07/25/2025 10:37:53 AM,0.0000,28.7622,28.4188,28.6310,0.0,0.0
1056,0,4,  0d 00:17:31.50,  0d 00:03:55.04,1.2494,4.0787,D,07/25/2025 10:37:54 AM,0.0000,28.7777,28.4188,28.6310,0.0,0.0
1057,0,4,  0d 00:17:32.50,  0d 00:03:56.04,1.2500,4.0784,D,07/25/2025 10:37:55 AM,0.0000,28.7777,28.4188,28.6310,0.0,0.0
1058,0,4,  0d 00:17:33.50,  0d 00:03:57.04,1.2497,4.0784,D,07/25/2025 10:37:56 AM,0.0000,28.7777,28.4188,28.6310,0.0,0.0
1059,0,4,  0d 00:17:34.50,  0d 00:03:58.04,1.2500,4.0781,D,07/25/2025 10:37:57 AM,0.0000,28.7777,28.4188,28.6310,0.0,0.0
1060,0,4,  0d 00:17:35.50,  0d 00:03:59.04,1.2497,4.0780,D,07/25/2025 10:37:58 AM,0.0000,28.7777,28.4188,28.6310,0.0,0.0
1061,0,4,  0d 00:17:36.50,  0d 00:04:00.04,1.2500,4.0780,D,07/25/2025 10:37:59 AM,0.0000,28.7777,28.4188,28.6310,0.0,0.0
1062,0,4,  0d 00:17:37.50,  0d 00:04:01.04,1.2500,4.0777,D,07/25/2025 10:38:00 AM,0.0000,28.7777,28.4188,28.6310,0.0,0.0
1063,0,4,  0d 00:17:38.50,  0d 00:04:02.04,1.2500,4.0776,D,07/25/2025 10:38:01 AM,0.0000,28.7777,28.4188,28.6310,0.0,0.0
1064,0,4,  0d 00:17:39.50,  0d 00:04:03.04,1.2497,4.0773,D,07/25/2025 10:38:03 AM,0.0000,28.7777,28.4188,28.6310,0.0,0.0
1065,0,4,  0d 00:17:40.50,  0d 00:04:04.04,1.2500,4.0771,D,07/25/2025 10:38:03 AM,0.0000,28.7777,28.4188,28.6310,0.0,0.0
1066,0,4,  0d 00:17:41.50,  0d 00:04:05.04,1.2494,4.0769,D,07/25/2025 10:38:04 AM,0.0000,28.7777,28.4188,28.6310,0.0,0.0
1067,0,4,  0d 00:17:42.50,  0d 00:04:06.04,1.2500,4.0768,D,07/25/2025 10:38:05 AM,0.0000,28.7777,28.4188,28.6310,0.0,0.0
1068,0,4,  0d 00:17:43.50,  0d 00:04:07.04,1.2497,4.0768,D,07/25/2025 10:38:06 AM,0.0000,28.7777,28.4188,28.6310,0.0,0.0
1069,0,4,  0d 00:17:44.50,  0d 00:04:08.04,1.2503,4.0765,D,07/25/2025 10:38:07 AM,0.0000,28.7777,28.4188,28.6310,0.0,0.0
1070,0,4,  0d 00:17:45.50,  0d 00:04:09.04,1.2500,4.0762,D,07/25/2025 10:38:08 AM,0.0000,28.7777,28.4188,28.6310,0.0,0.0
1071,0,4,  0d 00:17:46.50,  0d 00:04:10.04,1.2497,4.0761,D,07/25/2025 10:38:09 AM,0.0000,28.7777,28.4188,28.6310,0.0,0.0
1072,0,4,  0d 00:17:47.50,  0d 00:04:11.04,1.2500,4.0760,D,07/25/2025 10:38:10 AM,0.0000,28.7777,28.4188,28.6310,0.0,0.0
1073,0,4,  0d 00:17:48.50,  0d 00:04:12.04,1.2500,4.0758,D,07/25/2025 10:38:11 AM,0.0000,28.7777,28.4188,28.6310,0.0,0.0
1074,0,4,  0d 00:17:49.50,  0d 00:04:13.04,1.2503,4.0756,D,07/25/2025 10:38:13 AM,0.0000,28.7777,28.4188,28.6310,0.0,0.0
1075,0,4,  0d 00:17:50.50,  0d 00:04:14.04,1.2497,4.0754,D,07/25/2025 10:38:13 AM,0.0000,28.7622,28.4188,28.6310,0.0,0.0
1076,0,4,  0d 00:17:51.50,  0d 00:04:15.04,1.2503,4.0753,D,07/25/2025 10:38:14 AM,0.0000,28.7622,28.4188,28.6310,0.0,0.0
1077,0,4,  0d 00:17:52.50,  0d 00:04:16.04,1.2500,4.0752,D,07/25/2025 10:38:15 AM,0.0000,28.7622,28.4188,28.6310,0.0,0.0
1078,0,4,  0d 00:17:53.50,  0d 00:04:17.04,1.2500,4.0750,D,07/25/2025 10:38:16 AM,0.0000,28.7777,28.4188,28.6310,0.0,0.0
1079,0,4,  0d 00:17:54.50,  0d 00:04:18.04,1.2500,4.0749,D,07/25/2025 10:38:17 AM,0.0000,28.7777,28.4188,28.6310,0.0,0.0
1080,0,4,  0d 00:17:55.50,  0d 00:04:19.04,1.2497,4.0748,D,07/25/2025 10:38:18 AM,0.0000,28.7777,28.4188,28.6310,0.0,0.0
1081,0,4,  0d 00:17:56.50,  0d 00:04:20.04,1.2500,4.0746,D,07/25/2025 10:38:19 AM,0.0000,28.7777,28.4188,28.6310,0.0,0.0
1082,0,4,  0d 00:17:57.50,  0d 00:04:21.04,1.2500,4.0745,D,07/25/2025 10:38:20 AM,0.0000,28.7777,28.4188,28.6310,0.0,0.0
1083,0,4,  0d 00:17:58.50,  0d 00:04:22.04,1.2503,4.0744,D,07/25/2025 10:38:21 AM,0.0000,28.7777,28.4188,28.6310,0.0,0.0
1084,0,4,  0d 00:17:59.50,  0d 00:04:23.04,1.2497,4.0742,D,07/25/2025 10:38:23 AM,0.0000,28.7777,28.4188,28.6310,0.0,0.0
1085,0,4,  0d 00:18:00.50,  0d 00:04:24.04,1.2500,4.0740,D,07/25/2025 10:38:23 AM,0.0000,28.7777,28.4188,28.6155,0.0,0.0
1086,0,4,  0d 00:18:01.50,  0d 00:04:25.04,1.2500,4.0737,D,07/25/2025 10:38:24 AM,0.0000,28.7777,28.4188,28.6310,0.0,0.0
1087,0,4,  0d 00:18:02.50,  0d 00:04:26.04,1.2497,4.0736,D,07/25/2025 10:38:25 AM,0.0000,28.7622,28.4033,28.6310,0.0,0.0
1088,0,4,  0d 00:18:03.50,  0d 00:04:27.04,1.2500,4.0735,D,07/25/2025 10:38:26 AM,0.0000,28.7622,28.4188,28.6310,0.0,0.0
1089,0,4,  0d 00:18:04.50,  0d 00:04:28.04,1.2497,4.0733,D,07/25/2025 10:38:27 AM,0.0000,28.7622,28.4033,28.6310,0.0,0.0
1090,0,4,  0d 00:18:05.50,  0d 00:04:29.04,1.2497,4.0731,D,07/25/2025 10:38:28 AM,0.0000,28.7622,28.4033,28.6310,0.0,0.0
1091,0,4,  0d 00:18:06.50,  0d 00:04:30.04,1.2503,4.0730,D,07/25/2025 10:38:29 AM,0.0000,28.7622,28.4033,28.6310,0.0,0.0
1092,0,4,  0d 00:18:07.50,  0d 00:04:31.04,1.2497,4.0729,D,07/25/2025 10:38:30 AM,0.0000,28.7622,28.4033,28.6310,0.0,0.0
1093,0,4,  0d 00:18:08.50,  0d 00:04:32.04,1.2503,4.0728,D,07/25/2025 10:38:31 AM,0.0000,28.7622,28.4033,28.6310,0.0,0.0
1094,0,4,  0d 00:18:09.50,  0d 00:04:33.04,1.2497,4.0726,D,07/25/2025 10:38:33 AM,0.0000,28.7622,28.4033,28.6310,0.0,0.0
1095,0,4,  0d 00:18:10.50,  0d 00:04:34.04,1.2497,4.0723,D,07/25/2025 10:38:33 AM,0.0000,28.7622,28.4033,28.6155,0.0,0.0
1096,0,4,  0d 00:18:11.50,  0d 00:04:35.04,1.2500,4.0725,D,07/25/2025 10:38:34 AM,0.0000,28.7622,28.4033,28.6155,0.0,0.0
1097,0,4,  0d 00:18:12.50,  0d 00:04:36.04,1.2497,4.0722,D,07/25/2025 10:38:35 AM,0.0000,28.7622,28.4033,28.6155,0.0,0.0
1098,0,4,  0d 00:18:13.50,  0d 00:04:37.04,1.2500,4.0720,D,07/25/2025 10:38:36 AM,0.0000,28.7622,28.4033,28.6155,0.0,0.0
1099,0,4,  0d 00:18:14.50,  0d 00:04:38.04,1.2500,4.0719,D,07/25/2025 10:38:37 AM,0.0000,28.7622,28.4033,28.6155,0.0,0.0
1100,0,4,  0d 00:18:15.50,  0d 00:04:39.04,1.2497,4.0718,D,07/25/2025 10:38:38 AM,0.0000,28.7622,28.4033,28.6155,0.0,0.0
1101,0,4,  0d 00:18:16.50,  0d 00:04:40.04,1.2497,4.0718,D,07/25/2025 10:38:39 AM,0.0000,28.7622,28.4033,28.6155,0.0,0.0
1102,0,4,  0d 00:18:17.50,  0d 00:04:41.04,1.2500,4.0715,D,07/25/2025 10:38:40 AM,0.0000,28.7468,28.4033,28.6155,0.0,0.0
1103,0,4,  0d 00:18:18.50,  0d 00:04:42.04,1.2500,4.0713,D,07/25/2025 10:38:41 AM,0.0000,28.7468,28.4033,28.6155,0.0,0.0
1104,0,4,  0d 00:18:19.50,  0d 00:04:43.04,1.2494,4.0711,D,07/25/2025 10:38:43 AM,0.0000,28.7468,28.4033,28.6155,0.0,0.0
1105,0,4,  0d 00:18:20.50,  0d 00:04:44.04,1.2500,4.0710,D,07/25/2025 10:38:43 AM,0.0000,28.7468,28.4033,28.6155,0.0,0.0
1106,0,4,  0d 00:18:21.50,  0d 00:04:45.04,1.2500,4.0708,D,07/25/2025 10:38:44 AM,0.0000,28.7622,28.4033,28.6155,0.0,0.0
1107,0,4,  0d 00:18:22.50,  0d 00:04:46.04,1.2500,4.0706,D,07/25/2025 10:38:45 AM,0.0000,28.7622,28.4033,28.6155,0.0,0.0
1108,0,4,  0d 00:18:23.50,  0d 00:04:47.04,1.2500,4.0705,D,07/25/2025 10:38:46 AM,0.0000,28.7622,28.4033,28.6155,0.0,0.0
1109,0,4,  0d 00:18:24.50,  0d 00:04:48.04,1.2497,4.0704,D,07/25/2025 10:38:47 AM,0.0000,28.7622,28.4033,28.6155,0.0,0.0
1110,0,4,  0d 00:18:25.50,  0d 00:04:49.04,1.2497,4.0702,D,07/25/2025 10:38:48 AM,0.0000,28.7622,28.4033,28.6155,0.0,0.0
1111,0,4,  0d 00:18:26.50,  0d 00:04:50.04,1.2497,4.0702,D,07/25/2025 10:38:49 AM,0.0000,28.7622,28.4033,28.6155,0.0,0.0
1112,0,4,  0d 00:18:27.50,  0d 00:04:51.04,1.2497,4.0700,D,07/25/2025 10:38:50 AM,0.0000,28.7622,28.4033,28.6155,0.0,0.0
1113,0,4,  0d 00:18:28.50,  0d 00:04:52.04,1.2503,4.0698,D,07/25/2025 10:38:51 AM,0.0000,28.7622,28.4033,28.6155,0.0,0.0
1114,0,4,  0d 00:18:29.50,  0d 00:04:53.04,1.2494,4.0697,D,07/25/2025 10:38:52 AM,0.0000,28.7622,28.4033,28.6155,0.0,0.0
1115,0,4,  0d 00:18:30.50,  0d 00:04:54.04,1.2500,4.0697,D,07/25/2025 10:38:53 AM,0.0000,28.7622,28.4033,28.6155,0.0,0.0
1116,0,4,  0d 00:18:31.50,  0d 00:04:55.04,1.2500,4.0695,D,07/25/2025 10:38:54 AM,0.0000,28.7622,28.4033,28.6155,0.0,0.0
1117,0,4,  0d 00:18:32.50,  0d 00:04:56.04,1.2503,4.0694,D,07/25/2025 10:38:55 AM,0.0000,28.7622,28.4033,28.6155,0.0,0.0
1118,0,4,  0d 00:18:33.50,  0d 00:04:57.04,1.2500,4.0693,D,07/25/2025 10:38:56 AM,0.0000,28.7622,28.4033,28.6155,0.0,0.0
1119,0,4,  0d 00:18:34.50,  0d 00:04:58.04,1.2500,4.0691,D,07/25/2025 10:38:57 AM,0.0000,28.7622,28.4033,28.6155,0.0,0.0
1120,0,4,  0d 00:18:35.50,  0d 00:04:59.04,1.2500,4.0689,D,07/25/2025 10:38:58 AM,0.0000,28.7622,28.4033,28.6155,0.0,0.0
1121,0,4,  0d 00:18:36.50,  0d 00:05:00.04,1.2500,4.0689,D,07/25/2025 10:38:59 AM,0.0000,28.7622,28.4033,28.6155,0.0,0.0
1122,0,4,  0d 00:18:37.50,  0d 00:05:01.04,1.2494,4.0687,D,07/25/2025 10:39:00 AM,0.0000,28.7622,28.4033,28.6155,0.0,0.0
1123,0,4,  0d 00:18:38.50,  0d 00:05:02.04,1.2503,4.0686,D,07/25/2025 10:39:01 AM,0.0000,28.7622,28.4033,28.6155,0.0,0.0
1124,0,4,  0d 00:18:39.50,  0d 00:05:03.04,1.2497,4.0685,D,07/25/2025 10:39:02 AM,0.0000,28.7622,28.4033,28.6155,0.0,0.0
1125,0,4,  0d 00:18:40.50,  0d 00:05:04.04,1.2500,4.0684,D,07/25/2025 10:39:03 AM,0.0000,28.7622,28.4033,28.6155,0.0,0.0
1126,0,4,  0d 00:18:41.50,  0d 00:05:05.04,1.2506,4.0682,D,07/25/2025 10:39:04 AM,0.0000,28.7622,28.4033,28.6310,0.0,0.0
1127,0,4,  0d 00:18:42.50,  0d 00:05:06.04,1.2497,4.0681,D,07/25/2025 10:39:05 AM,0.0000,28.7622,28.4033,28.6155,0.0,0.0
1128,0,4,  0d 00:18:43.50,  0d 00:05:07.04,1.2503,4.0681,D,07/25/2025 10:39:06 AM,0.0000,28.7622,28.4033,28.6310,0.0,0.0
1129,0,4,  0d 00:18:44.50,  0d 00:05:08.04,1.2500,4.0678,D,07/25/2025 10:39:07 AM,0.0000,28.7622,28.4033,28.6310,0.0,0.0
1130,0,4,  0d 00:18:45.50,  0d 00:05:09.04,1.2497,4.0678,D,07/25/2025 10:39:08 AM,0.0000,28.7622,28.4033,28.6155,0.0,0.0
1131,0,4,  0d 00:18:46.50,  0d 00:05:10.04,1.2503,4.0674,D,07/25/2025 10:39:09 AM,0.0000,28.7622,28.4033,28.6310,0.0,0.0
1132,0,4,  0d 00:18:47.50,  0d 00:05:11.04,1.2497,4.0674,D,07/25/2025 10:39:10 AM,0.0000,28.7622,28.4188,28.6310,0.0,0.0
1133,0,4,  0d 00:18:48.50,  0d 00:05:12.04,1.2497,4.0672,D,07/25/2025 10:39:11 AM,0.0000,28.7622,28.4033,28.6310,0.0,0.0
1134,0,4,  0d 00:18:49.50,  0d 00:05:13.04,1.2497,4.0671,D,07/25/2025 10:39:12 AM,0.0000,28.7622,28.4033,28.6310,0.0,0.0
1135,0,4,  0d 00:18:50.50,  0d 00:05:14.04,1.2500,4.0669,D,07/25/2025 10:39:14 AM,0.0000,28.7622,28.4033,28.6155,0.0,0.0
1136,0,4,  0d 00:18:51.50,  0d 00:05:15.04,1.2497,4.0668,D,07/25/2025 10:39:14 AM,0.0000,28.7622,28.4188,28.6155,0.0,0.0
1137,0,4,  0d 00:18:52.50,  0d 00:05:16.04,1.2503,4.0668,D,07/25/2025 10:39:15 AM,0.0000,28.7622,28.4188,28.6155,0.0,0.0
1138,0,4,  0d 00:18:53.50,  0d 00:05:17.04,1.2497,4.0665,D,07/25/2025 10:39:16 AM,0.0000,28.7622,28.4188,28.6155,0.0,0.0
1139,0,4,  0d 00:18:54.50,  0d 00:05:18.04,1.2500,4.0666,D,07/25/2025 10:39:17 AM,0.0000,28.7622,28.4188,28.6310,0.0,0.0
1140,0,4,  0d 00:18:55.50,  0d 00:05:19.04,1.2500,4.0663,D,07/25/2025 10:39:18 AM,0.0000,28.7622,28.4033,28.6310,0.0,0.0
1141,0,4,  0d 00:18:56.50,  0d 00:05:20.04,1.2494,4.0663,D,07/25/2025 10:39:19 AM,0.0000,28.7622,28.4033,28.6155,0.0,0.0
1142,0,4,  0d 00:18:57.50,  0d 00:05:21.04,1.2497,4.0662,D,07/25/2025 10:39:20 AM,0.0000,28.7622,28.4033,28.6155,0.0,0.0
1143,0,4,  0d 00:18:58.50,  0d 00:05:22.04,1.2500,4.0660,D,07/25/2025 10:39:21 AM,0.0000,28.7622,28.4033,28.6155,0.0,0.0
1144,0,4,  0d 00:18:59.50,  0d 00:05:23.04,1.2497,4.0658,D,07/25/2025 10:39:22 AM,0.0000,28.7622,28.4033,28.6155,0.0,0.0
1145,0,4,  0d 00:19:00.50,  0d 00:05:24.04,1.2503,4.0657,D,07/25/2025 10:39:24 AM,0.0000,28.7622,28.4033,28.6155,0.0,0.0
1146,0,4,  0d 00:19:01.50,  0d 00:05:25.04,1.2500,4.0656,D,07/25/2025 10:39:24 AM,0.0000,28.7622,28.4033,28.6155,0.0,0.0
1147,0,4,  0d 00:19:02.50,  0d 00:05:26.04,1.2503,4.0655,D,07/25/2025 10:39:25 AM,0.0000,28.7622,28.4033,28.6155,0.0,0.0
1148,0,4,  0d 00:19:03.50,  0d 00:05:27.04,1.2506,4.0655,D,07/25/2025 10:39:26 AM,0.0000,28.7622,28.4033,28.6155,0.0,0.0
1149,0,4,  0d 00:19:04.50,  0d 00:05:28.04,1.2494,4.0652,D,07/25/2025 10:39:27 AM,0.0000,28.7622,28.4033,28.6155,0.0,0.0
1150,0,4,  0d 00:19:05.50,  0d 00:05:29.04,1.2500,4.0652,D,07/25/2025 10:39:28 AM,0.0000,28.7622,28.4033,28.6155,0.0,0.0
1151,0,4,  0d 00:19:06.50,  0d 00:05:30.04,1.2497,4.0651,D,07/25/2025 10:39:29 AM,0.0000,28.7622,28.4033,28.6155,0.0,0.0
1152,0,4,  0d 00:19:07.50,  0d 00:05:31.04,1.2500,4.0650,D,07/25/2025 10:39:30 AM,0.0000,28.7622,28.4033,28.6155,0.0,0.0
1153,0,4,  0d 00:19:08.50,  0d 00:05:32.04,1.2503,4.0648,D,07/25/2025 10:39:31 AM,0.0000,28.7622,28.4033,28.6155,0.0,0.0
1154,0,4,  0d 00:19:09.50,  0d 00:05:33.04,1.2497,4.0649,D,07/25/2025 10:39:32 AM,0.0000,28.7622,28.4033,28.6155,0.0,0.0
1155,0,4,  0d 00:19:10.50,  0d 00:05:34.04,1.2497,4.0646,D,07/25/2025 10:39:34 AM,0.0000,28.7622,28.4033,28.6155,0.0,0.0
1156,0,4,  0d 00:19:11.50,  0d 00:05:35.04,1.2500,4.0644,D,07/25/2025 10:39:34 AM,0.0000,28.7622,28.4033,28.6310,0.0,0.0
1157,0,4,  0d 00:19:12.50,  0d 00:05:36.04,1.2503,4.0644,D,07/25/2025 10:39:35 AM,0.0000,28.7622,28.4033,28.6310,0.0,0.0
1158,0,4,  0d 00:19:13.50,  0d 00:05:37.04,1.2503,4.0642,D,07/25/2025 10:39:36 AM,0.0000,28.7622,28.4033,28.6155,0.0,0.0
1159,0,4,  0d 00:19:14.50,  0d 00:05:38.04,1.2494,4.0642,D,07/25/2025 10:39:37 AM,0.0000,28.7622,28.4033,28.6155,0.0,0.0
1160,0,4,  0d 00:19:15.50,  0d 00:05:39.04,1.2494,4.0641,D,07/25/2025 10:39:38 AM,0.0000,28.7622,28.4033,28.6155,0.0,0.0
1161,0,4,  0d 00:19:16.50,  0d 00:05:40.04,1.2494,4.0639,D,07/25/2025 10:39:39 AM,0.0000,28.7622,28.4033,28.6155,0.0,0.0
1162,0,4,  0d 00:19:17.50,  0d 00:05:41.04,1.2500,4.0637,D,07/25/2025 10:39:40 AM,0.0000,28.7622,28.4033,28.6155,0.0,0.0
1163,0,4,  0d 00:19:18.50,  0d 00:05:42.04,1.2500,4.0637,D,07/25/2025 10:39:41 AM,0.0000,28.7622,28.4033,28.6155,0.0,0.0
1164,0,4,  0d 00:19:19.50,  0d 00:05:43.04,1.2497,4.0636,D,07/25/2025 10:39:42 AM,0.0000,28.7622,28.4033,28.6155,0.0,0.0
1165,0,4,  0d 00:19:20.50,  0d 00:05:44.04,1.2500,4.0633,D,07/25/2025 10:39:44 AM,0.0000,28.7622,28.4033,28.6155,0.0,0.0
1166,0,4,  0d 00:19:21.50,  0d 00:05:45.04,1.2500,4.0632,D,07/25/2025 10:39:44 AM,0.0000,28.7622,28.4188,28.6155,0.0,0.0
1167,0,4,  0d 00:19:22.50,  0d 00:05:46.04,1.2497,4.0631,D,07/25/2025 10:39:45 AM,0.0000,28.7622,28.4188,28.6155,0.0,0.0
1168,0,4,  0d 00:19:23.50,  0d 00:05:47.04,1.2494,4.0631,D,07/25/2025 10:39:46 AM,0.0000,28.7622,28.4188,28.6155,0.0,0.0
1169,0,4,  0d 00:19:24.50,  0d 00:05:48.04,1.2500,4.0629,D,07/25/2025 10:39:47 AM,0.0000,28.7622,28.4033,28.6310,0.0,0.0
1170,0,4,  0d 00:19:25.50,  0d 00:05:49.04,1.2500,4.0629,D,07/25/2025 10:39:48 AM,0.0000,28.7622,28.4033,28.6310,0.0,0.0
1171,0,4,  0d 00:19:26.50,  0d 00:05:50.04,1.2497,4.0629,D,07/25/2025 10:39:49 AM,0.0000,28.7622,28.4033,28.6310,0.0,0.0
1172,0,4,  0d 00:19:27.50,  0d 00:05:51.04,1.2497,4.0628,D,07/25/2025 10:39:50 AM,0.0000,28.7622,28.4033,28.6310,0.0,0.0
1173,0,4,  0d 00:19:28.50,  0d 00:05:52.04,1.2500,4.0626,D,07/25/2025 10:39:51 AM,0.0000,28.7622,28.4033,28.6155,0.0,0.0
1174,0,4,  0d 00:19:29.50,  0d 00:05:53.04,1.2500,4.0624,D,07/25/2025 10:39:52 AM,0.0000,28.7622,28.4033,28.6155,0.0,0.0
1175,0,4,  0d 00:19:30.50,  0d 00:05:54.04,1.2500,4.0623,D,07/25/2025 10:39:54 AM,0.0000,28.7622,28.4033,28.6155,0.0,0.0
1176,0,4,  0d 00:19:31.50,  0d 00:05:55.04,1.2497,4.0622,D,07/25/2025 10:39:54 AM,0.0000,28.7622,28.4033,28.6155,0.0,0.0
1177,0,4,  0d 00:19:32.50,  0d 00:05:56.04,1.2497,4.0620,D,07/25/2025 10:39:55 AM,0.0000,28.7622,28.4033,28.6155,0.0,0.0
1178,0,4,  0d 00:19:33.50,  0d 00:05:57.04,1.2494,4.0619,D,07/25/2025 10:39:56 AM,0.0000,28.7622,28.4033,28.6155,0.0,0.0
1179,0,4,  0d 00:19:34.50,  0d 00:05:58.04,1.2497,4.0619,D,07/25/2025 10:39:57 AM,0.0000,28.7622,28.4033,28.6155,0.0,0.0
1180,0,4,  0d 00:19:35.50,  0d 00:05:59.04,1.2494,4.0617,D,07/25/2025 10:39:58 AM,0.0000,28.7622,28.4033,28.6155,0.0,0.0
1181,0,4,  0d 00:19:36.50,  0d 00:06:00.04,1.2497,4.0616,D,07/25/2025 10:39:59 AM,0.0000,28.7622,28.4033,28.6155,0.0,0.0
1182,0,4,  0d 00:19:37.50,  0d 00:06:01.04,1.2500,4.0615,D,07/25/2025 10:40:00 AM,0.0000,28.7622,28.4033,28.6155,0.0,0.0
1183,0,4,  0d 00:19:38.50,  0d 00:06:02.04,1.2500,4.0615,D,07/25/2025 10:40:01 AM,0.0000,28.7622,28.4033,28.6155,0.0,0.0
1184,0,4,  0d 00:19:39.50,  0d 00:06:03.04,1.2494,4.0614,D,07/25/2025 10:40:02 AM,0.0000,28.7622,28.4033,28.6155,0.0,0.0
1185,0,4,  0d 00:19:40.50,  0d 00:06:04.04,1.2497,4.0612,D,07/25/2025 10:40:03 AM,0.0000,28.7622,28.4033,28.6310,0.0,0.0
1186,0,4,  0d 00:19:41.50,  0d 00:06:05.04,1.2503,4.0612,D,07/25/2025 10:40:04 AM,0.0000,28.7622,28.4033,28.6310,0.0,0.0
1187,0,4,  0d 00:19:42.50,  0d 00:06:06.04,1.2500,4.0609,D,07/25/2025 10:40:05 AM,0.0000,28.7777,28.4033,28.6310,0.0,0.0
1188,0,4,  0d 00:19:43.50,  0d 00:06:07.04,1.2497,4.0610,D,07/25/2025 10:40:06 AM,0.0000,28.7777,28.4033,28.6155,0.0,0.0
1189,0,4,  0d 00:19:44.50,  0d 00:06:08.04,1.2506,4.0608,D,07/25/2025 10:40:07 AM,0.0000,28.7777,28.4033,28.6155,0.0,0.0
1190,0,4,  0d 00:19:45.50,  0d 00:06:09.04,1.2500,4.0607,D,07/25/2025 10:40:08 AM,0.0000,28.7777,28.4033,28.6155,0.0,0.0
1191,0,4,  0d 00:19:46.50,  0d 00:06:10.04,1.2500,4.0606,D,07/25/2025 10:40:09 AM,0.0000,28.7777,28.4188,28.6155,0.0,0.0
1192,0,4,  0d 00:19:47.50,  0d 00:06:11.04,1.2500,4.0606,D,07/25/2025 10:40:10 AM,0.0000,28.7622,28.4188,28.6310,0.0,0.0
1193,0,4,  0d 00:19:48.50,  0d 00:06:12.04,1.2497,4.0603,D,07/25/2025 10:40:11 AM,0.0000,28.7622,28.4188,28.6310,0.0,0.0
1194,0,4,  0d 00:19:49.50,  0d 00:06:13.04,1.2497,4.0602,D,07/25/2025 10:40:12 AM,0.0000,28.7622,28.4188,28.6310,0.0,0.0
1195,0,4,  0d 00:19:50.50,  0d 00:06:14.04,1.2500,4.0603,D,07/25/2025 10:40:13 AM,0.0000,28.7777,28.4188,28.6310,0.0,0.0
1196,0,4,  0d 00:19:51.50,  0d 00:06:15.04,1.2488,4.0602,D,07/25/2025 10:40:14 AM,0.0000,28.7777,28.4188,28.6310,0.0,0.0
1197,0,4,  0d 00:19:52.50,  0d 00:06:16.04,1.2494,4.0600,D,07/25/2025 10:40:15 AM,0.0000,28.7777,28.4188,28.6310,0.0,0.0
1198,0,4,  0d 00:19:53.50,  0d 00:06:17.04,1.2500,4.0598,D,07/25/2025 10:40:16 AM,0.0000,28.7777,28.4188,28.6310,0.0,0.0
1199,0,4,  0d 00:19:54.50,  0d 00:06:18.04,1.2500,4.0599,D,07/25/2025 10:40:17 AM,0.0000,28.7777,28.4033,28.6310,0.0,0.0
1200,0,4,  0d 00:19:55.50,  0d 00:06:19.04,1.2500,4.0597,D,07/25/2025 10:40:18 AM,0.0000,28.7777,28.4188,28.6310,0.0,0.0
1201,0,4,  0d 00:19:56.50,  0d 00:06:20.04,1.2500,4.0597,D,07/25/2025 10:40:19 AM,0.0000,28.7777,28.4188,28.6310,0.0,0.0
1202,0,4,  0d 00:19:57.50,  0d 00:06:21.04,1.2500,4.0595,D,07/25/2025 10:40:20 AM,0.0000,28.7777,28.4188,28.6310,0.0,0.0
1203,0,4,  0d 00:19:58.50,  0d 00:06:22.04,1.2503,4.0594,D,07/25/2025 10:40:21 AM,0.0000,28.7777,28.4188,28.6310,0.0,0.0
1204,0,4,  0d 00:19:59.50,  0d 00:06:23.04,1.2494,4.0594,D,07/25/2025 10:40:22 AM,0.0000,28.7777,28.4188,28.6310,0.0,0.0
1205,0,4,  0d 00:20:00.50,  0d 00:06:24.04,1.2500,4.0591,D,07/25/2025 10:40:23 AM,0.0000,28.7777,28.4188,28.6310,0.0,0.0
1206,0,4,  0d 00:20:01.50,  0d 00:06:25.04,1.2500,4.0592,D,07/25/2025 10:40:25 AM,0.0000,28.7777,28.4188,28.6310,0.0,0.0
1207,0,4,  0d 00:20:02.50,  0d 00:06:26.04,1.2497,4.0591,D,07/25/2025 10:40:25 AM,0.0000,28.7622,28.4188,28.6465,0.0,0.0
1208,0,4,  0d 00:20:03.50,  0d 00:06:27.04,1.2500,4.0590,D,07/25/2025 10:40:26 AM,0.0000,28.7622,28.4188,28.6465,0.0,0.0
1209,0,4,  0d 00:20:04.50,  0d 00:06:28.04,1.2500,4.0590,D,07/25/2025 10:40:27 AM,0.0000,28.7622,28.4188,28.6310,0.0,0.0
1210,0,4,  0d 00:20:05.50,  0d 00:06:29.04,1.2500,4.0588,D,07/25/2025 10:40:28 AM,0.0000,28.7777,28.4188,28.6310,0.0,0.0
1211,0,4,  0d 00:20:06.50,  0d 00:06:30.04,1.2503,4.0586,D,07/25/2025 10:40:29 AM,0.0000,28.7777,28.4188,28.6310,0.0,0.0
1212,0,4,  0d 00:20:07.50,  0d 00:06:31.04,1.2500,4.0585,D,07/25/2025 10:40:30 AM,0.0000,28.7777,28.4188,28.6310,0.0,0.0
1213,0,4,  0d 00:20:08.50,  0d 00:06:32.04,1.2503,4.0584,D,07/25/2025 10:40:31 AM,0.0000,28.7777,28.4188,28.6310,0.0,0.0
1214,0,4,  0d 00:20:09.50,  0d 00:06:33.04,1.2500,4.0585,D,07/25/2025 10:40:32 AM,0.0000,28.7777,28.4188,28.6310,0.0,0.0
1215,0,4,  0d 00:20:10.50,  0d 00:06:34.04,1.2500,4.0583,D,07/25/2025 10:40:33 AM,0.0000,28.7777,28.4188,28.6310,0.0,0.0
1216,0,4,  0d 00:20:11.50,  0d 00:06:35.04,1.2506,4.0581,D,07/25/2025 10:40:35 AM,0.0000,28.7777,28.4188,28.6310,0.0,0.0
1217,0,4,  0d 00:20:12.50,  0d 00:06:36.04,1.2500,4.0581,D,07/25/2025 10:40:35 AM,0.0000,28.7777,28.4188,28.6310,0.0,0.0
1218,0,4,  0d 00:20:13.50,  0d 00:06:37.04,1.2497,4.0581,D,07/25/2025 10:40:36 AM,0.0000,28.7777,28.4188,28.6310,0.0,0.0
1219,0,4,  0d 00:20:14.50,  0d 00:06:38.04,1.2494,4.0579,D,07/25/2025 10:40:37 AM,0.0000,28.7777,28.4188,28.6310,0.0,0.0
1220,0,4,  0d 00:20:15.50,  0d 00:06:39.04,1.2500,4.0578,D,07/25/2025 10:40:38 AM,0.0000,28.7777,28.4188,28.6465,0.0,0.0
1221,0,4,  0d 00:20:16.50,  0d 00:06:40.04,1.2497,4.0577,D,07/25/2025 10:40:39 AM,0.0000,28.7777,28.4188,28.6465,0.0,0.0
1222,0,4,  0d 00:20:17.50,  0d 00:06:41.04,1.2494,4.0576,D,07/25/2025 10:40:40 AM,0.0000,28.7777,28.4188,28.6310,0.0,0.0
1223,0,4,  0d 00:20:18.50,  0d 00:06:42.04,1.2497,4.0576,D,07/25/2025 10:40:41 AM,0.0000,28.7777,28.4188,28.6310,0.0,0.0
1224,0,4,  0d 00:20:19.50,  0d 00:06:43.04,1.2500,4.0575,D,07/25/2025 10:40:42 AM,0.0000,28.7777,28.4188,28.6310,0.0,0.0
1225,0,4,  0d 00:20:20.50,  0d 00:06:44.04,1.2497,4.0574,D,07/25/2025 10:40:43 AM,0.0000,28.7777,28.4188,28.6310,0.0,0.0
1226,0,4,  0d 00:20:21.50,  0d 00:06:45.04,1.2500,4.0571,D,07/25/2025 10:40:45 AM,0.0000,28.7932,28.4188,28.6310,0.0,0.0
1227,0,4,  0d 00:20:22.50,  0d 00:06:46.04,1.2503,4.0571,D,07/25/2025 10:40:45 AM,0.0000,28.7777,28.4188,28.6310,0.0,0.0
1228,0,4,  0d 00:20:23.50,  0d 00:06:47.04,1.2500,4.0571,D,07/25/2025 10:40:46 AM,0.0000,28.7777,28.4188,28.6310,0.0,0.0
1229,0,4,  0d 00:20:24.50,  0d 00:06:48.04,1.2500,4.0569,D,07/25/2025 10:40:47 AM,0.0000,28.7777,28.4188,28.6310,0.0,0.0
1230,0,4,  0d 00:20:25.50,  0d 00:06:49.04,1.2494,4.0570,D,07/25/2025 10:40:48 AM,0.0000,28.7777,28.4188,28.6310,0.0,0.0
1231,0,4,  0d 00:20:26.50,  0d 00:06:50.04,1.2503,4.0568,D,07/25/2025 10:40:49 AM,0.0000,28.7777,28.4188,28.6310,0.0,0.0
1232,0,4,  0d 00:20:27.50,  0d 00:06:51.04,1.2497,4.0567,D,07/25/2025 10:40:50 AM,0.0000,28.7777,28.4188,28.6310,0.0,0.0
1233,0,4,  0d 00:20:28.50,  0d 00:06:52.04,1.2497,4.0567,D,07/25/2025 10:40:51 AM,0.0000,28.7777,28.4188,28.6310,0.0,0.0
1234,0,4,  0d 00:20:29.50,  0d 00:06:53.04,1.2503,4.0565,D,07/25/2025 10:40:52 AM,0.0000,28.7777,28.4188,28.6310,0.0,0.0
1235,0,4,  0d 00:20:30.50,  0d 00:06:54.04,1.2497,4.0564,D,07/25/2025 10:40:53 AM,0.0000,28.7777,28.4188,28.6310,0.0,0.0
1236,0,4,  0d 00:20:31.50,  0d 00:06:55.04,1.2497,4.0564,D,07/25/2025 10:40:55 AM,0.0000,28.7777,28.4188,28.6310,0.0,0.0
1237,0,4,  0d 00:20:32.50,  0d 00:06:56.04,1.2500,4.0563,D,07/25/2025 10:40:55 AM,0.0000,28.7777,28.4188,28.6310,0.0,0.0
1238,0,4,  0d 00:20:33.50,  0d 00:06:57.04,1.2494,4.0562,D,07/25/2025 10:40:56 AM,0.0000,28.7777,28.4188,28.6310,0.0,0.0
1239,0,4,  0d 00:20:34.50,  0d 00:06:58.04,1.2500,4.0560,D,07/25/2025 10:40:57 AM,0.0000,28.7777,28.4188,28.6310,0.0,0.0
1240,0,4,  0d 00:20:35.50,  0d 00:06:59.04,1.2500,4.0561,D,07/25/2025 10:40:58 AM,0.0000,28.7777,28.4188,28.6310,0.0,0.0
1241,0,4,  0d 00:20:36.50,  0d 00:07:00.04,1.2497,4.0559,D,07/25/2025 10:40:59 AM,0.0000,28.7777,28.4188,28.6310,0.0,0.0
1242,0,4,  0d 00:20:37.50,  0d 00:07:01.04,1.2497,4.0558,D,07/25/2025 10:41:00 AM,0.0000,28.7777,28.4188,28.6310,0.0,0.0
1243,0,4,  0d 00:20:38.50,  0d 00:07:02.04,1.2497,4.0557,D,07/25/2025 10:41:01 AM,0.0000,28.7777,28.4188,28.6310,0.0,0.0
1244,0,4,  0d 00:20:39.50,  0d 00:07:03.04,1.2500,4.0556,D,07/25/2025 10:41:02 AM,0.0000,28.7777,28.4188,28.6310,0.0,0.0
1245,0,4,  0d 00:20:40.50,  0d 00:07:04.04,1.2497,4.0556,D,07/25/2025 10:41:03 AM,0.0000,28.7777,28.4188,28.6310,0.0,0.0
1246,0,4,  0d 00:20:41.50,  0d 00:07:05.04,1.2500,4.0555,D,07/25/2025 10:41:05 AM,0.0000,28.7777,28.4188,28.6310,0.0,0.0
1247,0,4,  0d 00:20:42.50,  0d 00:07:06.04,1.2500,4.0555,D,07/25/2025 10:41:05 AM,0.0000,28.7932,28.4188,28.6310,0.0,0.0
1248,0,4,  0d 00:20:43.50,  0d 00:07:07.04,1.2500,4.0553,D,07/25/2025 10:41:06 AM,0.0000,28.7932,28.4188,28.6310,0.0,0.0
1249,0,4,  0d 00:20:44.50,  0d 00:07:08.04,1.2494,4.0552,D,07/25/2025 10:41:07 AM,0.0000,28.7777,28.4188,28.6310,0.0,0.0
1250,0,4,  0d 00:20:45.50,  0d 00:07:09.04,1.2494,4.0552,D,07/25/2025 10:41:08 AM,0.0000,28.7777,28.4188,28.6310,0.0,0.0
1251,0,4,  0d 00:20:46.50,  0d 00:07:10.04,1.2506,4.0552,D,07/25/2025 10:41:09 AM,0.0000,28.7777,28.4188,28.6310,0.0,0.0
1252,0,4,  0d 00:20:47.50,  0d 00:07:11.04,1.2497,4.0550,D,07/25/2025 10:41:10 AM,0.0000,28.7777,28.4188,28.6310,0.0,0.0
1253,0,4,  0d 00:20:48.50,  0d 00:07:12.04,1.2503,4.0549,D,07/25/2025 10:41:11 AM,0.0000,28.7932,28.4188,28.6310,0.0,0.0
1254,0,4,  0d 00:20:49.50,  0d 00:07:13.04,1.2497,4.0547,D,07/25/2025 10:41:12 AM,0.0000,28.7932,28.4188,28.6310,0.0,0.0
1255,0,4,  0d 00:20:50.50,  0d 00:07:14.04,1.2500,4.0546,D,07/25/2025 10:41:13 AM,0.0000,28.7777,28.4188,28.6310,0.0,0.0
1256,0,4,  0d 00:20:51.50,  0d 00:07:15.04,1.2494,4.0547,D,07/25/2025 10:41:14 AM,0.0000,28.7777,28.4188,28.6310,0.0,0.0
1257,0,4,  0d 00:20:52.50,  0d 00:07:16.04,1.2500,4.0546,D,07/25/2025 10:41:15 AM,0.0000,28.7777,28.4188,28.6310,0.0,0.0
1258,0,4,  0d 00:20:53.50,  0d 00:07:17.04,1.2497,4.0546,D,07/25/2025 10:41:16 AM,0.0000,28.7777,28.4188,28.6310,0.0,0.0
1259,0,4,  0d 00:20:54.50,  0d 00:07:18.04,1.2500,4.0544,D,07/25/2025 10:41:17 AM,0.0000,28.7777,28.4188,28.6310,0.0,0.0
1260,0,4,  0d 00:20:55.50,  0d 00:07:19.04,1.2497,4.0542,D,07/25/2025 10:41:18 AM,0.0000,28.7777,28.4188,28.6310,0.0,0.0
1261,0,4,  0d 00:20:56.50,  0d 00:07:20.04,1.2503,4.0542,D,07/25/2025 10:41:19 AM,0.0000,28.7777,28.4188,28.6310,0.0,0.0
1262,0,4,  0d 00:20:57.50,  0d 00:07:21.04,1.2497,4.0540,D,07/25/2025 10:41:20 AM,0.0000,28.7777,28.4188,28.6310,0.0,0.0
1263,0,4,  0d 00:20:58.50,  0d 00:07:22.04,1.2497,4.0540,D,07/25/2025 10:41:21 AM,0.0000,28.7777,28.4188,28.6465,0.0,0.0
1264,0,4,  0d 00:20:59.50,  0d 00:07:23.04,1.2503,4.0539,D,07/25/2025 10:41:22 AM,0.0000,28.7777,28.4188,28.6465,0.0,0.0
1265,0,4,  0d 00:21:00.50,  0d 00:07:24.04,1.2503,4.0538,D,07/25/2025 10:41:23 AM,0.0000,28.7777,28.4188,28.6465,0.0,0.0
1266,0,4,  0d 00:21:01.50,  0d 00:07:25.04,1.2497,4.0538,D,07/25/2025 10:41:24 AM,0.0000,28.7777,28.4344,28.6465,0.0,0.0
1267,0,4,  0d 00:21:02.50,  0d 00:07:26.04,1.2497,4.0538,D,07/25/2025 10:41:25 AM,0.0000,28.7777,28.4344,28.6465,0.0,0.0
1268,0,4,  0d 00:21:03.50,  0d 00:07:27.04,1.2500,4.0536,D,07/25/2025 10:41:26 AM,0.0000,28.7777,28.4188,28.6465,0.0,0.0
1269,0,4,  0d 00:21:04.50,  0d 00:07:28.04,1.2497,4.0534,D,07/25/2025 10:41:27 AM,0.0000,28.7777,28.4188,28.6465,0.0,0.0
1270,0,4,  0d 00:21:05.50,  0d 00:07:29.04,1.2497,4.0534,D,07/25/2025 10:41:28 AM,0.0000,28.7777,28.4188,28.6465,0.0,0.0
1271,0,4,  0d 00:21:06.50,  0d 00:07:30.04,1.2500,4.0533,D,07/25/2025 10:41:29 AM,0.0000,28.7777,28.4188,28.6310,0.0,0.0
1272,0,4,  0d 00:21:07.50,  0d 00:07:31.04,1.2491,4.0533,D,07/25/2025 10:41:30 AM,0.0000,28.7777,28.4188,28.6310,0.0,0.0
1273,0,4,  0d 00:21:08.50,  0d 00:07:32.04,1.2497,4.0531,D,07/25/2025 10:41:31 AM,0.0000,28.7777,28.4188,28.6310,0.0,0.0
1274,0,4,  0d 00:21:09.50,  0d 00:07:33.04,1.2503,4.0533,D,07/25/2025 10:41:32 AM,0.0000,28.7777,28.4188,28.6310,0.0,0.0
1275,0,4,  0d 00:21:10.50,  0d 00:07:34.04,1.2494,4.0529,D,07/25/2025 10:41:33 AM,0.0000,28.7777,28.4188,28.6310,0.0,0.0
1276,0,4,  0d 00:21:11.50,  0d 00:07:35.04,1.2500,4.0530,D,07/25/2025 10:41:34 AM,0.0000,28.7777,28.4188,28.6310,0.0,0.0
1277,0,4,  0d 00:21:12.50,  0d 00:07:36.04,1.2497,4.0529,D,07/25/2025 10:41:36 AM,0.0000,28.7777,28.4188,28.6310,0.0,0.0
1278,0,4,  0d 00:21:13.50,  0d 00:07:37.04,1.2503,4.0529,D,07/25/2025 10:41:36 AM,0.0000,28.7777,28.4188,28.6465,0.0,0.0
1279,0,4,  0d 00:21:14.50,  0d 00:07:38.04,1.2497,4.0528,D,07/25/2025 10:41:37 AM,0.0000,28.7777,28.4188,28.6310,0.0,0.0
1280,0,4,  0d 00:21:15.50,  0d 00:07:39.04,1.2503,4.0526,D,07/25/2025 10:41:38 AM,0.0000,28.7777,28.4188,28.6310,0.0,0.0
1281,0,4,  0d 00:21:16.50,  0d 00:07:40.04,1.2500,4.0526,D,07/25/2025 10:41:39 AM,0.0000,28.7777,28.4188,28.6310,0.0,0.0
1282,0,4,  0d 00:21:17.50,  0d 00:07:41.04,1.2497,4.0526,D,07/25/2025 10:41:40 AM,0.0000,28.7932,28.4188,28.6310,0.0,0.0
1283,0,4,  0d 00:21:18.50,  0d 00:07:42.04,1.2497,4.0524,D,07/25/2025 10:41:41 AM,0.0000,28.7777,28.4188,28.6310,0.0,0.0
1284,0,4,  0d 00:21:19.50,  0d 00:07:43.04,1.2497,4.0523,D,07/25/2025 10:41:42 AM,0.0000,28.7777,28.4188,28.6310,0.0,0.0
1285,0,4,  0d 00:21:20.50,  0d 00:07:44.04,1.2500,4.0523,D,07/25/2025 10:41:43 AM,0.0000,28.7777,28.4188,28.6310,0.0,0.0
1286,0,4,  0d 00:21:21.50,  0d 00:07:45.04,1.2500,4.0523,D,07/25/2025 10:41:44 AM,0.0000,28.7777,28.4188,28.6310,0.0,0.0
1287,0,4,  0d 00:21:22.50,  0d 00:07:46.04,1.2494,4.0521,D,07/25/2025 10:41:46 AM,0.0000,28.7777,28.4188,28.6465,0.0,0.0
1288,0,4,  0d 00:21:23.50,  0d 00:07:47.04,1.2500,4.0520,D,07/25/2025 10:41:46 AM,0.0000,28.7777,28.4188,28.6465,0.0,0.0
1289,0,4,  0d 00:21:24.50,  0d 00:07:48.04,1.2500,4.0520,D,07/25/2025 10:41:47 AM,0.0000,28.7777,28.4188,28.6465,0.0,0.0
1290,0,4,  0d 00:21:25.50,  0d 00:07:49.04,1.2500,4.0520,D,07/25/2025 10:41:48 AM,0.0000,28.7777,28.4188,28.6465,0.0,0.0
1291,0,4,  0d 00:21:26.50,  0d 00:07:50.04,1.2500,4.0520,D,07/25/2025 10:41:49 AM,0.0000,28.7777,28.4188,28.6310,0.0,0.0
1292,0,4,  0d 00:21:27.50,  0d 00:07:51.04,1.2497,4.0518,D,07/25/2025 10:41:50 AM,0.0000,28.7777,28.4188,28.6310,0.0,0.0
1293,0,4,  0d 00:21:28.50,  0d 00:07:52.04,1.2494,4.0518,D,07/25/2025 10:41:51 AM,0.0000,28.7777,28.4188,28.6310,0.0,0.0
1294,0,4,  0d 00:21:29.50,  0d 00:07:53.04,1.2494,4.0517,D,07/25/2025 10:41:52 AM,0.0000,28.7932,28.4188,28.6310,0.0,0.0
1295,0,4,  0d 00:21:30.50,  0d 00:07:54.04,1.2500,4.0517,D,07/25/2025 10:41:53 AM,0.0000,28.7932,28.4188,28.6310,0.0,0.0
1296,0,4,  0d 00:21:31.50,  0d 00:07:55.04,1.2500,4.0515,D,07/25/2025 10:41:54 AM,0.0000,28.7932,28.4188,28.6465,0.0,0.0
1297,0,4,  0d 00:21:32.50,  0d 00:07:56.04,1.2500,4.0513,D,07/25/2025 10:41:56 AM,0.0000,28.7932,28.4344,28.6465,0.0,0.0
1298,0,4,  0d 00:21:33.50,  0d 00:07:57.04,1.2497,4.0513,D,07/25/2025 10:41:56 AM,0.0000,28.7932,28.4344,28.6465,0.0,0.0
1299,0,4,  0d 00:21:34.50,  0d 00:07:58.04,1.2500,4.0512,D,07/25/2025 10:41:57 AM,0.0000,28.7932,28.4344,28.6465,0.0,0.0
1300,0,4,  0d 00:21:35.50,  0d 00:07:59.04,1.2497,4.0512,D,07/25/2025 10:41:58 AM,0.0000,28.7932,28.4344,28.6465,0.0,0.0
1301,0,4,  0d 00:21:36.50,  0d 00:08:00.04,1.2497,4.0510,D,07/25/2025 10:41:59 AM,0.0000,28.7932,28.4344,28.6465,0.0,0.0
1302,0,4,  0d 00:21:37.50,  0d 00:08:01.04,1.2497,4.0510,D,07/25/2025 10:42:00 AM,0.0000,28.7932,28.4344,28.6465,0.0,0.0
1303,0,4,  0d 00:21:38.50,  0d 00:08:02.04,1.2506,4.0509,D,07/25/2025 10:42:01 AM,0.0000,28.7932,28.4344,28.6465,0.0,0.0
1304,0,4,  0d 00:21:39.50,  0d 00:08:03.04,1.2500,4.0508,D,07/25/2025 10:42:02 AM,0.0000,28.7777,28.4344,28.6310,0.0,0.0
1305,0,4,  0d 00:21:40.50,  0d 00:08:04.04,1.2497,4.0507,D,07/25/2025 10:42:03 AM,0.0000,28.7777,28.4188,28.6310,0.0,0.0
1306,0,4,  0d 00:21:41.50,  0d 00:08:05.04,1.2494,4.0507,D,07/25/2025 10:42:04 AM,0.0000,28.7777,28.4188,28.6310,0.0,0.0
1307,0,4,  0d 00:21:42.50,  0d 00:08:06.04,1.2497,4.0507,D,07/25/2025 10:42:06 AM,0.0000,28.7777,28.4188,28.6310,0.0,0.0
1308,0,4,  0d 00:21:43.50,  0d 00:08:07.04,1.2500,4.0505,D,07/25/2025 10:42:06 AM,0.0000,28.7777,28.4188,28.6310,0.0,0.0
1309,0,4,  0d 00:21:44.50,  0d 00:08:08.04,1.2500,4.0505,D,07/25/2025 10:42:07 AM,0.0000,28.7777,28.4188,28.6310,0.0,0.0
1310,0,4,  0d 00:21:45.50,  0d 00:08:09.04,1.2503,4.0504,D,07/25/2025 10:42:08 AM,0.0000,28.7777,28.4188,28.6310,0.0,0.0
1311,0,4,  0d 00:21:46.50,  0d 00:08:10.04,1.2500,4.0504,D,07/25/2025 10:42:09 AM,0.0000,28.7777,28.4188,28.6310,0.0,0.0
1312,0,4,  0d 00:21:47.50,  0d 00:08:11.04,1.2497,4.0503,D,07/25/2025 10:42:10 AM,0.0000,28.7777,28.4188,28.6310,0.0,0.0
1313,0,4,  0d 00:21:48.50,  0d 00:08:12.04,1.2497,4.0502,D,07/25/2025 10:42:11 AM,0.0000,28.7777,28.4188,28.6310,0.0,0.0
1314,0,4,  0d 00:21:49.50,  0d 00:08:13.04,1.2497,4.0500,D,07/25/2025 10:42:12 AM,0.0000,28.7932,28.4188,28.6310,0.0,0.0
1315,0,4,  0d 00:21:50.50,  0d 00:08:14.04,1.2497,4.0501,D,07/25/2025 10:42:13 AM,0.0000,28.7777,28.4188,28.6310,0.0,0.0
1316,0,4,  0d 00:21:51.50,  0d 00:08:15.04,1.2497,4.0499,D,07/25/2025 10:42:14 AM,0.0000,28.7777,28.4188,28.6465,0.0,0.0
1317,0,4,  0d 00:21:52.50,  0d 00:08:16.04,1.2503,4.0499,D,07/25/2025 10:42:16 AM,0.0000,28.7932,28.4344,28.6465,0.0,0.0
1318,0,4,  0d 00:21:53.50,  0d 00:08:17.04,1.2500,4.0499,D,07/25/2025 10:42:16 AM,0.0000,28.7932,28.4344,28.6465,0.0,0.0
1319,0,4,  0d 00:21:54.50,  0d 00:08:18.04,1.2497,4.0499,D,07/25/2025 10:42:17 AM,0.0000,28.7932,28.4344,28.6465,0.0,0.0
1320,0,4,  0d 00:21:55.50,  0d 00:08:19.04,1.2497,4.0498,D,07/25/2025 10:42:18 AM,0.0000,28.7932,28.4344,28.6310,0.0,0.0
1321,0,4,  0d 00:21:56.50,  0d 00:08:20.04,1.2494,4.0496,D,07/25/2025 10:42:19 AM,0.0000,28.7932,28.4344,28.6310,0.0,0.0
1322,0,4,  0d 00:21:57.50,  0d 00:08:21.04,1.2500,4.0496,D,07/25/2025 10:42:20 AM,0.0000,28.7932,28.4188,28.6310,0.0,0.0
1323,0,4,  0d 00:21:58.50,  0d 00:08:22.04,1.2503,4.0495,D,07/25/2025 10:42:21 AM,0.0000,28.7777,28.4344,28.6310,0.0,0.0
1324,0,4,  0d 00:21:59.50,  0d 00:08:23.04,1.2494,4.0494,D,07/25/2025 10:42:22 AM,0.0000,28.7777,28.4188,28.6310,0.0,0.0
1325,0,4,  0d 00:22:00.50,  0d 00:08:24.04,1.2494,4.0493,D,07/25/2025 10:42:23 AM,0.0000,28.7777,28.4344,28.6465,0.0,0.0
1326,0,4,  0d 00:22:01.50,  0d 00:08:25.04,1.2500,4.0493,D,07/25/2025 10:42:24 AM,0.0000,28.7622,28.4344,28.6465,0.0,0.0
1327,0,4,  0d 00:22:02.50,  0d 00:08:26.04,1.2497,4.0492,D,07/25/2025 10:42:25 AM,0.0000,28.7622,28.4344,28.6465,0.0,0.0
1328,0,4,  0d 00:22:03.50,  0d 00:08:27.04,1.2497,4.0491,D,07/25/2025 10:42:26 AM,0.0000,28.7622,28.4344,28.6465,0.0,0.0
1329,0,4,  0d 00:22:04.50,  0d 00:08:28.04,1.2497,4.0491,D,07/25/2025 10:42:27 AM,0.0000,28.7777,28.4344,28.6310,0.0,0.0
1330,0,4,  0d 00:22:05.50,  0d 00:08:29.04,1.2500,4.0491,D,07/25/2025 10:42:28 AM,0.0000,28.7777,28.4344,28.6310,0.0,0.0
1331,0,4,  0d 00:22:06.50,  0d 00:08:30.04,1.2500,4.0491,D,07/25/2025 10:42:29 AM,0.0000,28.7777,28.4344,28.6310,0.0,0.0
1332,0,4,  0d 00:22:07.50,  0d 00:08:31.04,1.2500,4.0488,D,07/25/2025 10:42:30 AM,0.0000,28.7777,28.4344,28.6310,0.0,0.0
1333,0,4,  0d 00:22:08.50,  0d 00:08:32.04,1.2503,4.0489,D,07/25/2025 10:42:31 AM,0.0000,28.7932,28.4344,28.6310,0.0,0.0
1334,0,4,  0d 00:22:09.50,  0d 00:08:33.04,1.2494,4.0486,D,07/25/2025 10:42:32 AM,0.0000,28.7932,28.4344,28.6465,0.0,0.0
1335,0,4,  0d 00:22:10.50,  0d 00:08:34.04,1.2500,4.0488,D,07/25/2025 10:42:33 AM,0.0000,28.7932,28.4344,28.6465,0.0,0.0
1336,0,4,  0d 00:22:11.50,  0d 00:08:35.04,1.2500,4.0485,D,07/25/2025 10:42:34 AM,0.0000,28.7932,28.4344,28.6465,0.0,0.0
1337,0,4,  0d 00:22:12.50,  0d 00:08:36.04,1.2500,4.0485,D,07/25/2025 10:42:35 AM,0.0000,28.7932,28.4188,28.6465,0.0,0.0
1338,0,4,  0d 00:22:13.50,  0d 00:08:37.04,1.2497,4.0486,D,07/25/2025 10:42:36 AM,0.0000,28.7932,28.4188,28.6465,0.0,0.0
1339,0,4,  0d 00:22:14.50,  0d 00:08:38.04,1.2500,4.0484,D,07/25/2025 10:42:37 AM,0.0000,28.7932,28.4344,28.6465,0.0,0.0
1340,0,4,  0d 00:22:15.50,  0d 00:08:39.04,1.2497,4.0484,D,07/25/2025 10:42:38 AM,0.0000,28.7932,28.4344,28.6465,0.0,0.0
1341,0,4,  0d 00:22:16.50,  0d 00:08:40.04,1.2500,4.0482,D,07/25/2025 10:42:39 AM,0.0000,28.7932,28.4344,28.6465,0.0,0.0
1342,0,4,  0d 00:22:17.50,  0d 00:08:41.04,1.2503,4.0481,D,07/25/2025 10:42:40 AM,0.0000,28.7932,28.4344,28.6465,0.0,0.0
1343,0,4,  0d 00:22:18.50,  0d 00:08:42.04,1.2497,4.0483,D,07/25/2025 10:42:41 AM,0.0000,28.7932,28.4344,28.6465,0.0,0.0
1344,0,4,  0d 00:22:19.50,  0d 00:08:43.04,1.2503,4.0481,D,07/25/2025 10:42:42 AM,0.0000,28.7932,28.4344,28.6465,0.0,0.0
1345,0,4,  0d 00:22:20.50,  0d 00:08:44.04,1.2497,4.0479,D,07/25/2025 10:42:43 AM,0.0000,28.7932,28.4344,28.6465,0.0,0.0
1346,0,4,  0d 00:22:21.50,  0d 00:08:45.04,1.2500,4.0480,D,07/25/2025 10:42:44 AM,0.0000,28.7932,28.4344,28.6465,0.0,0.0
1347,0,4,  0d 00:22:22.50,  0d 00:08:46.04,1.2497,4.0478,D,07/25/2025 10:42:45 AM,0.0000,28.7932,28.4344,28.6465,0.0,0.0
1348,0,4,  0d 00:22:23.50,  0d 00:08:47.04,1.2497,4.0478,D,07/25/2025 10:42:47 AM,0.0000,28.7932,28.4344,28.6465,0.0,0.0
1349,0,4,  0d 00:22:24.50,  0d 00:08:48.04,1.2494,4.0478,D,07/25/2025 10:42:47 AM,0.0000,28.7777,28.4344,28.6465,0.0,0.0
1350,0,4,  0d 00:22:25.50,  0d 00:08:49.04,1.2500,4.0477,D,07/25/2025 10:42:48 AM,0.0000,28.7777,28.4344,28.6465,0.0,0.0
1351,0,4,  0d 00:22:26.50,  0d 00:08:50.04,1.2497,4.0477,D,07/25/2025 10:42:49 AM,0.0000,28.7932,28.4344,28.6465,0.0,0.0
1352,0,4,  0d 00:22:27.50,  0d 00:08:51.04,1.2500,4.0476,D,07/25/2025 10:42:50 AM,0.0000,28.7932,28.4344,28.6465,0.0,0.0
1353,0,4,  0d 00:22:28.50,  0d 00:08:52.04,1.2500,4.0475,D,07/25/2025 10:42:51 AM,0.0000,28.7932,28.4344,28.6465,0.0,0.0
1354,0,4,  0d 00:22:29.50,  0d 00:08:53.04,1.2500,4.0474,D,07/25/2025 10:42:52 AM,0.0000,28.7932,28.4344,28.6465,0.0,0.0
1355,0,4,  0d 00:22:30.50,  0d 00:08:54.04,1.2497,4.0474,D,07/25/2025 10:42:53 AM,0.0000,28.7932,28.4344,28.6465,0.0,0.0
1356,0,4,  0d 00:22:31.50,  0d 00:08:55.04,1.2500,4.0472,D,07/25/2025 10:42:54 AM,0.0000,28.7932,28.4344,28.6465,0.0,0.0
1357,0,4,  0d 00:22:32.50,  0d 00:08:56.04,1.2497,4.0473,D,07/25/2025 10:42:55 AM,0.0000,28.7932,28.4344,28.6465,0.0,0.0
1358,0,4,  0d 00:22:33.50,  0d 00:08:57.04,1.2503,4.0472,D,07/25/2025 10:42:57 AM,0.0000,28.7932,28.4344,28.6465,0.0,0.0
1359,0,4,  0d 00:22:34.50,  0d 00:08:58.04,1.2500,4.0471,D,07/25/2025 10:42:57 AM,0.0000,28.7932,28.4344,28.6465,0.0,0.0
1360,0,4,  0d 00:22:35.50,  0d 00:08:59.04,1.2503,4.0471,D,07/25/2025 10:42:58 AM,0.0000,28.7932,28.4344,28.6465,0.0,0.0
1361,0,4,  0d 00:22:36.50,  0d 00:09:00.04,1.2503,4.0470,D,07/25/2025 10:42:59 AM,0.0000,28.7932,28.4344,28.6465,0.0,0.0
1362,0,4,  0d 00:22:37.50,  0d 00:09:01.04,1.2500,4.0469,D,07/25/2025 10:43:00 AM,0.0000,28.7932,28.4344,28.6465,0.0,0.0
1363,0,4,  0d 00:22:38.50,  0d 00:09:02.04,1.2500,4.0469,D,07/25/2025 10:43:01 AM,0.0000,28.7932,28.4344,28.6465,0.0,0.0
1364,0,4,  0d 00:22:39.50,  0d 00:09:03.04,1.2506,4.0468,D,07/25/2025 10:43:02 AM,0.0000,28.7932,28.4344,28.6465,0.0,0.0
1365,0,4,  0d 00:22:40.50,  0d 00:09:04.04,1.2503,4.0467,D,07/25/2025 10:43:03 AM,0.0000,28.7932,28.4344,28.6465,0.0,0.0
1366,0,4,  0d 00:22:41.50,  0d 00:09:05.04,1.2497,4.0468,D,07/25/2025 10:43:04 AM,0.0000,28.7932,28.4344,28.6465,0.0,0.0
1367,0,4,  0d 00:22:42.50,  0d 00:09:06.04,1.2494,4.0468,D,07/25/2025 10:43:05 AM,0.0000,28.7932,28.4344,28.6465,0.0,0.0
1368,0,4,  0d 00:22:43.50,  0d 00:09:07.04,1.2500,4.0466,D,07/25/2025 10:43:07 AM,0.0000,28.7932,28.4344,28.6465,0.0,0.0
1369,0,4,  0d 00:22:44.50,  0d 00:09:08.04,1.2497,4.0465,D,07/25/2025 10:43:07 AM,0.0000,28.7932,28.4344,28.6465,0.0,0.0
1370,0,4,  0d 00:22:45.50,  0d 00:09:09.04,1.2500,4.0465,D,07/25/2025 10:43:08 AM,0.0000,28.7932,28.4344,28.6465,0.0,0.0
1371,0,4,  0d 00:22:46.50,  0d 00:09:10.04,1.2497,4.0465,D,07/25/2025 10:43:09 AM,0.0000,28.7932,28.4344,28.6465,0.0,0.0
1372,0,4,  0d 00:22:47.50,  0d 00:09:11.04,1.2500,4.0464,D,07/25/2025 10:43:10 AM,0.0000,28.7932,28.4344,28.6465,0.0,0.0
1373,0,4,  0d 00:22:48.50,  0d 00:09:12.04,1.2500,4.0463,D,07/25/2025 10:43:11 AM,0.0000,28.7932,28.4344,28.6465,0.0,0.0
1374,0,4,  0d 00:22:49.50,  0d 00:09:13.04,1.2497,4.0463,D,07/25/2025 10:43:12 AM,0.0000,28.7932,28.4344,28.6465,0.0,0.0
1375,0,4,  0d 00:22:50.50,  0d 00:09:14.04,1.2500,4.0462,D,07/25/2025 10:43:13 AM,0.0000,28.7932,28.4344,28.6465,0.0,0.0
1376,0,4,  0d 00:22:51.50,  0d 00:09:15.04,1.2503,4.0462,D,07/25/2025 10:43:14 AM,0.0000,28.7932,28.4344,28.6465,0.0,0.0
1377,0,4,  0d 00:22:52.50,  0d 00:09:16.04,1.2494,4.0459,D,07/25/2025 10:43:15 AM,0.0000,28.7932,28.4344,28.6465,0.0,0.0
1378,0,4,  0d 00:22:53.50,  0d 00:09:17.04,1.2497,4.0460,D,07/25/2025 10:43:17 AM,0.0000,28.7932,28.4344,28.6465,0.0,0.0
1379,0,4,  0d 00:22:54.50,  0d 00:09:18.04,1.2494,4.0460,D,07/25/2025 10:43:17 AM,0.0000,28.7932,28.4344,28.6465,0.0,0.0
1380,0,4,  0d 00:22:55.50,  0d 00:09:19.04,1.2500,4.0459,D,07/25/2025 10:43:18 AM,0.0000,28.7932,28.4344,28.6465,0.0,0.0
1381,0,4,  0d 00:22:56.50,  0d 00:09:20.04,1.2500,4.0459,D,07/25/2025 10:43:19 AM,0.0000,28.7932,28.4344,28.6465,0.0,0.0
1382,0,4,  0d 00:22:57.50,  0d 00:09:21.04,1.2506,4.0458,D,07/25/2025 10:43:20 AM,0.0000,28.7932,28.4344,28.6465,0.0,0.0
1383,0,4,  0d 00:22:58.50,  0d 00:09:22.04,1.2500,4.0457,D,07/25/2025 10:43:21 AM,0.0000,28.7932,28.4344,28.6465,0.0,0.0
1384,0,4,  0d 00:22:59.50,  0d 00:09:23.04,1.2497,4.0456,D,07/25/2025 10:43:22 AM,0.0000,28.7932,28.4344,28.6465,0.0,0.0
1385,0,4,  0d 00:23:00.50,  0d 00:09:24.04,1.2500,4.0454,D,07/25/2025 10:43:23 AM,0.0000,28.7932,28.4344,28.6465,0.0,0.0
1386,0,4,  0d 00:23:01.50,  0d 00:09:25.04,1.2494,4.0457,D,07/25/2025 10:43:24 AM,0.0000,28.7932,28.4344,28.6465,0.0,0.0
1387,0,4,  0d 00:23:02.50,  0d 00:09:26.04,1.2497,4.0454,D,07/25/2025 10:43:25 AM,0.0000,28.7932,28.4344,28.6465,0.0,0.0
1388,0,4,  0d 00:23:03.50,  0d 00:09:27.04,1.2503,4.0455,D,07/25/2025 10:43:27 AM,0.0000,28.7932,28.4344,28.6465,0.0,0.0
1389,0,4,  0d 00:23:04.50,  0d 00:09:28.04,1.2500,4.0453,D,07/25/2025 10:43:27 AM,0.0000,28.7932,28.4344,28.6465,0.0,0.0
1390,0,4,  0d 00:23:05.50,  0d 00:09:29.04,1.2497,4.0452,D,07/25/2025 10:43:28 AM,0.0000,28.7932,28.4344,28.6465,0.0,0.0
1391,0,4,  0d 00:23:06.50,  0d 00:09:30.04,1.2503,4.0452,D,07/25/2025 10:43:29 AM,0.0000,28.7932,28.4344,28.6465,0.0,0.0
1392,0,4,  0d 00:23:07.50,  0d 00:09:31.04,1.2497,4.0453,D,07/25/2025 10:43:30 AM,0.0000,28.7932,28.4344,28.6465,0.0,0.0
1393,0,4,  0d 00:23:08.50,  0d 00:09:32.04,1.2500,4.0452,D,07/25/2025 10:43:31 AM,0.0000,28.7932,28.4344,28.6465,0.0,0.0
1394,0,4,  0d 00:23:09.50,  0d 00:09:33.04,1.2503,4.0452,D,07/25/2025 10:43:32 AM,0.0000,28.7932,28.4344,28.6465,0.0,0.0
1395,0,4,  0d 00:23:10.50,  0d 00:09:34.04,1.2497,4.0451,D,07/25/2025 10:43:33 AM,0.0000,28.7932,28.4344,28.6465,0.0,0.0
1396,0,4,  0d 00:23:11.50,  0d 00:09:35.04,1.2494,4.0449,D,07/25/2025 10:43:34 AM,0.0000,28.7932,28.4344,28.6465,0.0,0.0
1397,0,4,  0d 00:23:12.50,  0d 00:09:36.04,1.2500,4.0449,D,07/25/2025 10:43:35 AM,0.0000,28.7932,28.4344,28.6465,0.0,0.0
1398,0,4,  0d 00:23:13.50,  0d 00:09:37.04,1.2497,4.0448,D,07/25/2025 10:43:36 AM,0.0000,28.7777,28.4344,28.6465,0.0,0.0
1399,0,4,  0d 00:23:14.50,  0d 00:09:38.04,1.2497,4.0447,D,07/25/2025 10:43:37 AM,0.0000,28.7777,28.4344,28.6465,0.0,0.0
1400,0,4,  0d 00:23:15.50,  0d 00:09:39.04,1.2497,4.0447,D,07/25/2025 10:43:38 AM,0.0000,28.7932,28.4344,28.6310,0.0,0.0
1401,0,4,  0d 00:23:16.50,  0d 00:09:40.04,1.2500,4.0446,D,07/25/2025 10:43:39 AM,0.0000,28.7777,28.4344,28.6310,0.0,0.0
1402,0,4,  0d 00:23:17.50,  0d 00:09:41.04,1.2494,4.0446,D,07/25/2025 10:43:40 AM,0.0000,28.7777,28.4344,28.6310,0.0,0.0
1403,0,4,  0d 00:23:18.50,  0d 00:09:42.04,1.2500,4.0444,D,07/25/2025 10:43:41 AM,0.0000,28.7932,28.4344,28.6310,0.0,0.0
1404,0,4,  0d 00:23:19.50,  0d 00:09:43.04,1.2503,4.0445,D,07/25/2025 10:43:42 AM,0.0000,28.7932,28.4344,28.6310,0.0,0.0
1405,0,4,  0d 00:23:20.50,  0d 00:09:44.04,1.2494,4.0444,D,07/25/2025 10:43:43 AM,0.0000,28.7932,28.4188,28.6310,0.0,0.0
1406,0,4,  0d 00:23:21.50,  0d 00:09:45.04,1.2494,4.0443,D,07/25/2025 10:43:44 AM,0.0000,28.7932,28.4188,28.6310,0.0,0.0
1407,0,4,  0d 00:23:22.50,  0d 00:09:46.04,1.2500,4.0443,D,07/25/2025 10:43:45 AM,0.0000,28.7932,28.4188,28.6465,0.0,0.0
1408,0,4,  0d 00:23:23.50,  0d 00:09:47.04,1.2503,4.0443,D,07/25/2025 10:43:46 AM,0.0000,28.7777,28.4188,28.6465,0.0,0.0
1409,0,4,  0d 00:23:24.50,  0d 00:09:48.04,1.2497,4.0442,D,07/25/2025 10:43:47 AM,0.0000,28.7777,28.4188,28.6465,0.0,0.0
1410,0,4,  0d 00:23:25.50,  0d 00:09:49.04,1.2500,4.0441,D,07/25/2025 10:43:48 AM,0.0000,28.7777,28.4344,28.6465,0.0,0.0
1411,0,4,  0d 00:23:26.50,  0d 00:09:50.04,1.2500,4.0439,D,07/25/2025 10:43:49 AM,0.0000,28.7932,28.4344,28.6465,0.0,0.0
1412,0,4,  0d 00:23:27.50,  0d 00:09:51.04,1.2497,4.0439,D,07/25/2025 10:43:50 AM,0.0000,28.7932,28.4344,28.6465,0.0,0.0
1413,0,4,  0d 00:23:28.50,  0d 00:09:52.04,1.2500,4.0439,D,07/25/2025 10:43:51 AM,0.0000,28.7932,28.4344,28.6465,0.0,0.0
1414,0,4,  0d 00:23:29.50,  0d 00:09:53.04,1.2500,4.0439,D,07/25/2025 10:43:52 AM,0.0000,28.7932,28.4344,28.6465,0.0,0.0
1415,0,4,  0d 00:23:30.50,  0d 00:09:54.04,1.2497,4.0437,D,07/25/2025 10:43:53 AM,0.0000,28.7932,28.4344,28.6465,0.0,0.0
1416,0,4,  0d 00:23:31.50,  0d 00:09:55.04,1.2494,4.0438,D,07/25/2025 10:43:54 AM,0.0000,28.7932,28.4344,28.6465,0.0,0.0
1417,0,4,  0d 00:23:32.50,  0d 00:09:56.04,1.2503,4.0439,D,07/25/2025 10:43:55 AM,0.0000,28.7932,28.4344,28.6465,0.0,0.0
1418,0,4,  0d 00:23:33.50,  0d 00:09:57.04,1.2503,4.0435,D,07/25/2025 10:43:56 AM,0.0000,28.7932,28.4344,28.6465,0.0,0.0
1419,0,4,  0d 00:23:34.50,  0d 00:09:58.04,1.2491,4.0436,D,07/25/2025 10:43:57 AM,0.0000,28.7932,28.4344,28.6465,0.0,0.0
1420,0,4,  0d 00:23:35.50,  0d 00:09:59.04,1.2503,4.0435,D,07/25/2025 10:43:58 AM,0.0000,28.7932,28.4344,28.6465,0.0,0.0
1421,0,4,  0d 00:23:36.50,  0d 00:10:00.04,1.2503,4.0435,D,07/25/2025 10:43:59 AM,0.0000,28.7932,28.4344,28.6465,0.0,0.0
1422,0,4,  0d 00:23:37.50,  0d 00:10:01.04,1.2500,4.0434,D,07/25/2025 10:44:00 AM,0.0000,28.7932,28.4344,28.6465,0.0,0.0
1423,0,4,  0d 00:23:38.50,  0d 00:10:02.04,1.2497,4.0433,D,07/25/2025 10:44:01 AM,0.0000,28.7932,28.4344,28.6465,0.0,0.0
1424,0,4,  0d 00:23:39.50,  0d 00:10:03.04,1.2494,4.0433,D,07/25/2025 10:44:02 AM,0.0000,28.7932,28.4344,28.6465,0.0,0.0
1425,0,4,  0d 00:23:40.50,  0d 00:10:04.04,1.2497,4.0434,D,07/25/2025 10:44:03 AM,0.0000,28.7932,28.4344,28.6465,0.0,0.0
1426,0,4,  0d 00:23:41.50,  0d 00:10:05.04,1.2503,4.0433,D,07/25/2025 10:44:04 AM,0.0000,28.7932,28.4344,28.6465,0.0,0.0
1427,0,4,  0d 00:23:42.50,  0d 00:10:06.04,1.2500,4.0433,D,07/25/2025 10:44:05 AM,0.0000,28.7777,28.4344,28.6465,0.0,0.0
1428,0,4,  0d 00:23:43.50,  0d 00:10:07.04,1.2497,4.0432,D,07/25/2025 10:44:06 AM,0.0000,28.7777,28.4344,28.6465,0.0,0.0
1429,0,4,  0d 00:23:44.50,  0d 00:10:08.04,1.2497,4.0431,D,07/25/2025 10:44:08 AM,0.0000,28.7777,28.4344,28.6465,0.0,0.0
1430,0,4,  0d 00:23:45.50,  0d 00:10:09.04,1.2494,4.0430,D,07/25/2025 10:44:08 AM,0.0000,28.7932,28.4344,28.6465,0.0,0.0
1431,0,4,  0d 00:23:46.50,  0d 00:10:10.04,1.2500,4.0430,D,07/25/2025 10:44:09 AM,0.0000,28.7932,28.4344,28.6465,0.0,0.0
1432,0,4,  0d 00:23:47.50,  0d 00:10:11.04,1.2500,4.0430,D,07/25/2025 10:44:10 AM,0.0000,28.7932,28.4344,28.6465,0.0,0.0
1433,0,4,  0d 00:23:48.50,  0d 00:10:12.04,1.2500,4.0429,D,07/25/2025 10:44:11 AM,0.0000,28.7932,28.4344,28.6465,0.0,0.0
1434,0,4,  0d 00:23:49.50,  0d 00:10:13.04,1.2500,4.0428,D,07/25/2025 10:44:12 AM,0.0000,28.7932,28.4344,28.6465,0.0,0.0
1435,0,4,  0d 00:23:50.50,  0d 00:10:14.04,1.2497,4.0429,D,07/25/2025 10:44:13 AM,0.0000,28.7932,28.4344,28.6465,0.0,0.0
1436,0,4,  0d 00:23:51.50,  0d 00:10:15.04,1.2500,4.0426,D,07/25/2025 10:44:14 AM,0.0000,28.7932,28.4344,28.6465,0.0,0.0
1437,0,4,  0d 00:23:52.50,  0d 00:10:16.04,1.2494,4.0426,D,07/25/2025 10:44:15 AM,0.0000,28.7932,28.4344,28.6465,0.0,0.0
1438,0,4,  0d 00:23:53.50,  0d 00:10:17.04,1.2497,4.0426,D,07/25/2025 10:44:16 AM,0.0000,28.7932,28.4344,28.6465,0.0,0.0
1439,0,4,  0d 00:23:54.50,  0d 00:10:18.04,1.2500,4.0424,D,07/25/2025 10:44:18 AM,0.0000,28.7932,28.4344,28.6310,0.0,0.0
1440,0,4,  0d 00:23:55.50,  0d 00:10:19.04,1.2500,4.0425,D,07/25/2025 10:44:18 AM,0.0000,28.7932,28.4344,28.6310,0.0,0.0
1441,0,4,  0d 00:23:56.50,  0d 00:10:20.04,1.2500,4.0424,D,07/25/2025 10:44:19 AM,0.0000,28.7932,28.4344,28.6310,0.0,0.0
1442,0,4,  0d 00:23:57.50,  0d 00:10:21.04,1.2503,4.0423,D,07/25/2025 10:44:20 AM,0.0000,28.7932,28.4344,28.6310,0.0,0.0
1443,0,4,  0d 00:23:58.50,  0d 00:10:22.04,1.2494,4.0423,D,07/25/2025 10:44:21 AM,0.0000,28.7932,28.4344,28.6310,0.0,0.0
1444,0,4,  0d 00:23:59.50,  0d 00:10:23.04,1.2497,4.0423,D,07/25/2025 10:44:22 AM,0.0000,28.7777,28.4344,28.6465,0.0,0.0
1445,0,4,  0d 00:24:00.50,  0d 00:10:24.04,1.2500,4.0423,D,07/25/2025 10:44:23 AM,0.0000,28.7777,28.4344,28.6465,0.0,0.0
1446,0,4,  0d 00:24:01.50,  0d 00:10:25.04,1.2500,4.0421,D,07/25/2025 10:44:24 AM,0.0000,28.7932,28.4344,28.6465,0.0,0.0
1447,0,4,  0d 00:24:02.50,  0d 00:10:26.04,1.2500,4.0421,D,07/25/2025 10:44:25 AM,0.0000,28.7932,28.4344,28.6465,0.0,0.0
1448,0,4,  0d 00:24:03.50,  0d 00:10:27.04,1.2506,4.0421,D,07/25/2025 10:44:26 AM,0.0000,28.7932,28.4344,28.6465,0.0,0.0
1449,0,4,  0d 00:24:04.50,  0d 00:10:28.04,1.2503,4.0420,D,07/25/2025 10:44:28 AM,0.0000,28.7932,28.4344,28.6465,0.0,0.0
1450,0,4,  0d 00:24:05.50,  0d 00:10:29.04,1.2503,4.0420,D,07/25/2025 10:44:28 AM,0.0000,28.7932,28.4344,28.6465,0.0,0.0
1451,0,4,  0d 00:24:06.50,  0d 00:10:30.04,1.2500,4.0419,D,07/25/2025 10:44:29 AM,0.0000,28.7932,28.4344,28.6465,0.0,0.0
1452,0,4,  0d 00:24:07.50,  0d 00:10:31.04,1.2497,4.0417,D,07/25/2025 10:44:30 AM,0.0000,28.7932,28.4344,28.6465,0.0,0.0
1453,0,4,  0d 00:24:08.50,  0d 00:10:32.04,1.2500,4.0418,D,07/25/2025 10:44:31 AM,0.0000,28.7932,28.4344,28.6465,0.0,0.0
1454,0,4,  0d 00:24:09.50,  0d 00:10:33.04,1.2503,4.0417,D,07/25/2025 10:44:32 AM,0.0000,28.7932,28.4344,28.6465,0.0,0.0
1455,0,4,  0d 00:24:10.50,  0d 00:10:34.04,1.2494,4.0416,D,07/25/2025 10:44:33 AM,0.0000,28.7932,28.4344,28.6465,0.0,0.0
1456,0,4,  0d 00:24:11.50,  0d 00:10:35.04,1.2497,4.0416,D,07/25/2025 10:44:34 AM,0.0000,28.7932,28.4344,28.6465,0.0,0.0
1457,0,4,  0d 00:24:12.50,  0d 00:10:36.04,1.2497,4.0416,D,07/25/2025 10:44:35 AM,0.0000,28.7932,28.4344,28.6465,0.0,0.0
1458,0,4,  0d 00:24:13.50,  0d 00:10:37.04,1.2500,4.0414,D,07/25/2025 10:44:36 AM,0.0000,28.7932,28.4344,28.6465,0.0,0.0
1459,0,4,  0d 00:24:14.50,  0d 00:10:38.04,1.2500,4.0415,D,07/25/2025 10:44:38 AM,0.0000,28.7932,28.4344,28.6465,0.0,0.0
1460,0,4,  0d 00:24:15.50,  0d 00:10:39.04,1.2494,4.0413,D,07/25/2025 10:44:38 AM,0.0000,28.7932,28.4344,28.6465,0.0,0.0
1461,0,4,  0d 00:24:16.50,  0d 00:10:40.04,1.2494,4.0413,D,07/25/2025 10:44:39 AM,0.0000,28.7932,28.4344,28.6465,0.0,0.0
1462,0,4,  0d 00:24:17.50,  0d 00:10:41.04,1.2500,4.0412,D,07/25/2025 10:44:40 AM,0.0000,28.7932,28.4344,28.6465,0.0,0.0
1463,0,4,  0d 00:24:18.50,  0d 00:10:42.04,1.2497,4.0412,D,07/25/2025 10:44:41 AM,0.0000,28.7932,28.4344,28.6465,0.0,0.0
1464,0,4,  0d 00:24:19.50,  0d 00:10:43.04,1.2497,4.0411,D,07/25/2025 10:44:42 AM,0.0000,28.7932,28.4344,28.6465,0.0,0.0
1465,0,4,  0d 00:24:20.50,  0d 00:10:44.04,1.2500,4.0410,D,07/25/2025 10:44:43 AM,0.0000,28.7932,28.4344,28.6465,0.0,0.0
1466,0,4,  0d 00:24:21.50,  0d 00:10:45.04,1.2497,4.0409,D,07/25/2025 10:44:44 AM,0.0000,28.7932,28.4344,28.6465,0.0,0.0
1467,0,4,  0d 00:24:22.50,  0d 00:10:46.04,1.2500,4.0409,D,07/25/2025 10:44:45 AM,0.0000,28.7932,28.4344,28.6465,0.0,0.0
1468,0,4,  0d 00:24:23.50,  0d 00:10:47.04,1.2497,4.0409,D,07/25/2025 10:44:46 AM,0.0000,28.7932,28.4344,28.6465,0.0,0.0
1469,0,4,  0d 00:24:24.50,  0d 00:10:48.04,1.2497,4.0409,D,07/25/2025 10:44:48 AM,0.0000,28.7932,28.4344,28.6465,0.0,0.0
1470,0,4,  0d 00:24:25.50,  0d 00:10:49.04,1.2494,4.0408,D,07/25/2025 10:44:48 AM,0.0000,28.7932,28.4344,28.6465,0.0,0.0
1471,0,4,  0d 00:24:26.50,  0d 00:10:50.04,1.2497,4.0407,D,07/25/2025 10:44:49 AM,0.0000,28.7777,28.4344,28.6465,0.0,0.0
1472,0,4,  0d 00:24:27.50,  0d 00:10:51.04,1.2494,4.0407,D,07/25/2025 10:44:50 AM,0.0000,28.7777,28.4344,28.6465,0.0,0.0
1473,0,4,  0d 00:24:28.50,  0d 00:10:52.04,1.2497,4.0407,D,07/25/2025 10:44:51 AM,0.0000,28.7932,28.4344,28.6465,0.0,0.0
1474,0,4,  0d 00:24:29.50,  0d 00:10:53.04,1.2506,4.0406,D,07/25/2025 10:44:52 AM,0.0000,28.7932,28.4344,28.6465,0.0,0.0
1475,0,4,  0d 00:24:30.50,  0d 00:10:54.04,1.2497,4.0405,D,07/25/2025 10:44:53 AM,0.0000,28.7932,28.4344,28.6465,0.0,0.0
1476,0,4,  0d 00:24:31.50,  0d 00:10:55.04,1.2497,4.0405,D,07/25/2025 10:44:54 AM,0.0000,28.7932,28.4344,28.6465,0.0,0.0
1477,0,4,  0d 00:24:32.50,  0d 00:10:56.04,1.2497,4.0404,D,07/25/2025 10:44:55 AM,0.0000,28.7932,28.4344,28.6465,0.0,0.0
1478,0,4,  0d 00:24:33.50,  0d 00:10:57.04,1.2500,4.0404,D,07/25/2025 10:44:56 AM,0.0000,28.7932,28.4344,28.6465,0.0,0.0
1479,0,4,  0d 00:24:34.50,  0d 00:10:58.04,1.2500,4.0403,D,07/25/2025 10:44:57 AM,0.0000,28.7932,28.4344,28.6465,0.0,0.0
1480,0,4,  0d 00:24:35.50,  0d 00:10:59.04,1.2503,4.0403,D,07/25/2025 10:44:58 AM,0.0000,28.7932,28.4344,28.6465,0.0,0.0
1481,0,4,  0d 00:24:36.50,  0d 00:11:00.04,1.2497,4.0404,D,07/25/2025 10:44:59 AM,0.0000,28.7932,28.4499,28.6465,0.0,0.0
1482,0,4,  0d 00:24:37.50,  0d 00:11:01.04,1.2497,4.0402,D,07/25/2025 10:45:00 AM,0.0000,28.7932,28.4499,28.6465,0.0,0.0
1483,0,4,  0d 00:24:38.50,  0d 00:11:02.04,1.2494,4.0401,D,07/25/2025 10:45:01 AM,0.0000,28.7932,28.4499,28.6465,0.0,0.0
1484,0,4,  0d 00:24:39.50,  0d 00:11:03.04,1.2500,4.0401,D,07/25/2025 10:45:02 AM,0.0000,28.7932,28.4499,28.6465,0.0,0.0
1485,0,4,  0d 00:24:40.50,  0d 00:11:04.04,1.2497,4.0401,D,07/25/2025 10:45:03 AM,0.0000,28.7932,28.4344,28.6465,0.0,0.0
1486,0,4,  0d 00:24:41.50,  0d 00:11:05.04,1.2497,4.0401,D,07/25/2025 10:45:04 AM,0.0000,28.7932,28.4344,28.6465,0.0,0.0
1487,0,4,  0d 00:24:42.50,  0d 00:11:06.04,1.2500,4.0399,D,07/25/2025 10:45:05 AM,0.0000,28.7932,28.4344,28.6465,0.0,0.0
1488,0,4,  0d 00:24:43.50,  0d 00:11:07.04,1.2497,4.0399,D,07/25/2025 10:45:06 AM,0.0000,28.7932,28.4344,28.6465,0.0,0.0
1489,0,4,  0d 00:24:44.50,  0d 00:11:08.04,1.2503,4.0399,D,07/25/2025 10:45:07 AM,0.0000,28.7932,28.4344,28.6465,0.0,0.0
1490,0,4,  0d 00:24:45.50,  0d 00:11:09.04,1.2500,4.0400,D,07/25/2025 10:45:08 AM,0.0000,28.7932,28.4344,28.6620,0.0,0.0
1491,0,4,  0d 00:24:46.50,  0d 00:11:10.04,1.2500,4.0397,D,07/25/2025 10:45:09 AM,0.0000,28.7932,28.4344,28.6465,0.0,0.0
1492,0,4,  0d 00:24:47.50,  0d 00:11:11.04,1.2506,4.0397,D,07/25/2025 10:45:10 AM,0.0000,28.7932,28.4344,28.6465,0.0,0.0
1493,0,4,  0d 00:24:48.50,  0d 00:11:12.04,1.2500,4.0396,D,07/25/2025 10:45:11 AM,0.0000,28.7932,28.4344,28.6465,0.0,0.0
1494,0,4,  0d 00:24:49.50,  0d 00:11:13.04,1.2497,4.0396,D,07/25/2025 10:45:12 AM,0.0000,28.7932,28.4344,28.6465,0.0,0.0
1495,0,4,  0d 00:24:50.50,  0d 00:11:14.04,1.2500,4.0396,D,07/25/2025 10:45:13 AM,0.0000,28.7932,28.4344,28.6465,0.0,0.0
1496,0,4,  0d 00:24:51.50,  0d 00:11:15.04,1.2503,4.0395,D,07/25/2025 10:45:14 AM,0.0000,28.7932,28.4344,28.6465,0.0,0.0
1497,0,4,  0d 00:24:52.50,  0d 00:11:16.04,1.2494,4.0394,D,07/25/2025 10:45:15 AM,0.0000,28.7932,28.4344,28.6310,0.0,0.0
1498,0,4,  0d 00:24:53.50,  0d 00:11:17.04,1.2497,4.0393,D,07/25/2025 10:45:16 AM,0.0000,28.7932,28.4344,28.6465,0.0,0.0
1499,0,4,  0d 00:24:54.50,  0d 00:11:18.04,1.2497,4.0394,D,07/25/2025 10:45:17 AM,0.0000,28.7932,28.4344,28.6465,0.0,0.0
1500,0,4,  0d 00:24:55.50,  0d 00:11:19.04,1.2497,4.0393,D,07/25/2025 10:45:19 AM,0.0000,28.7932,28.4344,28.6465,0.0,0.0
1501,0,4,  0d 00:24:56.50,  0d 00:11:20.04,1.2497,4.0391,D,07/25/2025 10:45:19 AM,0.0000,28.7932,28.4344,28.6310,0.0,0.0
1502,0,4,  0d 00:24:57.50,  0d 00:11:21.04,1.2500,4.0393,D,07/25/2025 10:45:20 AM,0.0000,28.7932,28.4344,28.6310,0.0,0.0
1503,0,4,  0d 00:24:58.50,  0d 00:11:22.04,1.2500,4.0391,D,07/25/2025 10:45:21 AM,0.0000,28.7932,28.4344,28.6310,0.0,0.0
1504,0,4,  0d 00:24:59.50,  0d 00:11:23.04,1.2494,4.0393,D,07/25/2025 10:45:22 AM,0.0000,28.7932,28.4344,28.6465,0.0,0.0
1505,0,4,  0d 00:25:00.50,  0d 00:11:24.04,1.2494,4.0390,D,07/25/2025 10:45:23 AM,0.0000,28.7932,28.4344,28.6465,0.0,0.0
1506,0,4,  0d 00:25:01.50,  0d 00:11:25.04,1.2500,4.0390,D,07/25/2025 10:45:24 AM,0.0000,28.7932,28.4344,28.6465,0.0,0.0
1507,0,4,  0d 00:25:02.50,  0d 00:11:26.04,1.2503,4.0390,D,07/25/2025 10:45:25 AM,0.0000,28.7932,28.4344,28.6465,0.0,0.0
1508,0,4,  0d 00:25:03.50,  0d 00:11:27.04,1.2497,4.0390,D,07/25/2025 10:45:26 AM,0.0000,28.7932,28.4344,28.6465,0.0,0.0
1509,0,4,  0d 00:25:04.50,  0d 00:11:28.04,1.2497,4.0390,D,07/25/2025 10:45:27 AM,0.0000,28.7932,28.4344,28.6465,0.0,0.0
1510,0,4,  0d 00:25:05.50,  0d 00:11:29.04,1.2497,4.0389,D,07/25/2025 10:45:29 AM,0.0000,28.7932,28.4344,28.6465,0.0,0.0
1511,0,4,  0d 00:25:06.50,  0d 00:11:30.04,1.2500,4.0388,D,07/25/2025 10:45:29 AM,0.0000,28.7932,28.4344,28.6465,0.0,0.0
1512,0,4,  0d 00:25:07.50,  0d 00:11:31.04,1.2497,4.0386,D,07/25/2025 10:45:30 AM,0.0000,28.7932,28.4188,28.6465,0.0,0.0
1513,0,4,  0d 00:25:08.50,  0d 00:11:32.04,1.2500,4.0385,D,07/25/2025 10:45:31 AM,0.0000,28.7932,28.4188,28.6465,0.0,0.0
1514,0,4,  0d 00:25:09.50,  0d 00:11:33.04,1.2500,4.0385,D,07/25/2025 10:45:32 AM,0.0000,28.8087,28.4344,28.6465,0.0,0.0
1515,0,4,  0d 00:25:10.50,  0d 00:11:34.04,1.2497,4.0385,D,07/25/2025 10:45:33 AM,0.0000,28.8087,28.4344,28.6465,0.0,0.0
1516,0,4,  0d 00:25:11.50,  0d 00:11:35.04,1.2497,4.0384,D,07/25/2025 10:45:34 AM,0.0000,28.8087,28.4344,28.6465,0.0,0.0
1517,0,4,  0d 00:25:12.50,  0d 00:11:36.04,1.2497,4.0384,D,07/25/2025 10:45:35 AM,0.0000,28.7932,28.4344,28.6465,0.0,0.0
1518,0,4,  0d 00:25:13.50,  0d 00:11:37.04,1.2500,4.0383,D,07/25/2025 10:45:36 AM,0.0000,28.7932,28.4344,28.6465,0.0,0.0
1519,0,4,  0d 00:25:14.50,  0d 00:11:38.04,1.2503,4.0383,D,07/25/2025 10:45:37 AM,0.0000,28.7932,28.4344,28.6465,0.0,0.0
1520,0,4,  0d 00:25:15.50,  0d 00:11:39.04,1.2506,4.0381,D,07/25/2025 10:45:39 AM,0.0000,28.7932,28.4344,28.6465,0.0,0.0
1521,0,4,  0d 00:25:16.50,  0d 00:11:40.04,1.2497,4.0383,D,07/25/2025 10:45:39 AM,0.0000,28.7932,28.4344,28.6465,0.0,0.0
1522,0,4,  0d 00:25:17.50,  0d 00:11:41.04,1.2503,4.0380,D,07/25/2025 10:45:40 AM,0.0000,28.7932,28.4499,28.6465,0.0,0.0
1523,0,4,  0d 00:25:18.50,  0d 00:11:42.04,1.2494,4.0382,D,07/25/2025 10:45:41 AM,0.0000,28.7932,28.4499,28.6465,0.0,0.0
1524,0,4,  0d 00:25:19.50,  0d 00:11:43.04,1.2500,4.0381,D,07/25/2025 10:45:42 AM,0.0000,28.7932,28.4499,28.6465,0.0,0.0
1525,0,4,  0d 00:25:20.50,  0d 00:11:44.04,1.2500,4.0381,D,07/25/2025 10:45:43 AM,0.0000,28.7932,28.4344,28.6465,0.0,0.0
1526,0,4,  0d 00:25:21.50,  0d 00:11:45.04,1.2500,4.0381,D,07/25/2025 10:45:44 AM,0.0000,28.7932,28.4344,28.6465,0.0,0.0
1527,0,4,  0d 00:25:22.50,  0d 00:11:46.04,1.2497,4.0379,D,07/25/2025 10:45:45 AM,0.0000,28.7932,28.4344,28.6465,0.0,0.0
1528,0,4,  0d 00:25:23.50,  0d 00:11:47.04,1.2497,4.0379,D,07/25/2025 10:45:46 AM,0.0000,28.7932,28.4344,28.6465,0.0,0.0
1529,0,4,  0d 00:25:24.50,  0d 00:11:48.04,1.2494,4.0378,D,07/25/2025 10:45:47 AM,0.0000,28.7932,28.4344,28.6465,0.0,0.0
1530,0,4,  0d 00:25:25.50,  0d 00:11:49.04,1.2503,4.0378,D,07/25/2025 10:45:49 AM,0.0000,28.7932,28.4344,28.6465,0.0,0.0
1531,0,4,  0d 00:25:26.50,  0d 00:11:50.04,1.2497,4.0378,D,07/25/2025 10:45:49 AM,0.0000,28.7932,28.4344,28.6465,0.0,0.0
1532,0,4,  0d 00:25:27.50,  0d 00:11:51.04,1.2500,4.0378,D,07/25/2025 10:45:50 AM,0.0000,28.7932,28.4344,28.6465,0.0,0.0
1533,0,4,  0d 00:25:28.50,  0d 00:11:52.04,1.2500,4.0375,D,07/25/2025 10:45:51 AM,0.0000,28.7932,28.4344,28.6465,0.0,0.0
1534,0,4,  0d 00:25:29.50,  0d 00:11:53.04,1.2494,4.0378,D,07/25/2025 10:45:52 AM,0.0000,28.7932,28.4344,28.6465,0.0,0.0
1535,0,4,  0d 00:25:30.50,  0d 00:11:54.04,1.2503,4.0375,D,07/25/2025 10:45:53 AM,0.0000,28.7932,28.4344,28.6465,0.0,0.0
1536,0,4,  0d 00:25:31.50,  0d 00:11:55.04,1.2500,4.0375,D,07/25/2025 10:45:54 AM,0.0000,28.7932,28.4344,28.6465,0.0,0.0
1537,0,4,  0d 00:25:32.50,  0d 00:11:56.04,1.2497,4.0375,D,07/25/2025 10:45:55 AM,0.0000,28.7932,28.4344,28.6465,0.0,0.0
1538,0,4,  0d 00:25:33.50,  0d 00:11:57.04,1.2494,4.0374,D,07/25/2025 10:45:56 AM,0.0000,28.7932,28.4344,28.6465,0.0,0.0
1539,0,4,  0d 00:25:34.50,  0d 00:11:58.04,1.2500,4.0372,D,07/25/2025 10:45:57 AM,0.0000,28.7932,28.4188,28.6465,0.0,0.0
1540,0,4,  0d 00:25:35.50,  0d 00:11:59.04,1.2500,4.0373,D,07/25/2025 10:45:59 AM,0.0000,28.7932,28.4344,28.6465,0.0,0.0
1541,0,4,  0d 00:25:36.50,  0d 00:12:00.04,1.2500,4.0372,D,07/25/2025 10:45:59 AM,0.0000,28.7932,28.4344,28.6465,0.0,0.0
1542,0,4,  0d 00:25:37.50,  0d 00:12:01.04,1.2503,4.0373,D,07/25/2025 10:46:00 AM,0.0000,28.7932,28.4344,28.6465,0.0,0.0
1543,0,4,  0d 00:25:38.50,  0d 00:12:02.04,1.2503,4.0371,D,07/25/2025 10:46:01 AM,0.0000,28.7932,28.4344,28.6465,0.0,0.0
1544,0,4,  0d 00:25:39.50,  0d 00:12:03.04,1.2500,4.0370,D,07/25/2025 10:46:02 AM,0.0000,28.7932,28.4344,28.6465,0.0,0.0
1545,0,4,  0d 00:25:40.50,  0d 00:12:04.04,1.2503,4.0370,D,07/25/2025 10:46:03 AM,0.0000,28.7932,28.4344,28.6310,0.0,0.0
1546,0,4,  0d 00:25:41.50,  0d 00:12:05.04,1.2506,4.0370,D,07/25/2025 10:46:04 AM,0.0000,28.7932,28.4344,28.6310,0.0,0.0
1547,0,4,  0d 00:25:42.50,  0d 00:12:06.04,1.2494,4.0369,D,07/25/2025 10:46:05 AM,0.0000,28.7932,28.4344,28.6310,0.0,0.0
1548,0,4,  0d 00:25:43.50,  0d 00:12:07.04,1.2497,4.0369,D,07/25/2025 10:46:06 AM,0.0000,28.7777,28.4344,28.6310,0.0,0.0
1549,0,4,  0d 00:25:44.50,  0d 00:12:08.04,1.2500,4.0369,D,07/25/2025 10:46:07 AM,0.0000,28.7932,28.4344,28.6310,0.0,0.0
1550,0,4,  0d 00:25:45.50,  0d 00:12:09.04,1.2500,4.0369,D,07/25/2025 10:46:08 AM,0.0000,28.7777,28.4344,28.6310,0.0,0.0
1551,0,4,  0d 00:25:46.50,  0d 00:12:10.04,1.2497,4.0366,D,07/25/2025 10:46:09 AM,0.0000,28.7777,28.4344,28.6310,0.0,0.0
1552,0,4,  0d 00:25:47.50,  0d 00:12:11.04,1.2497,4.0369,D,07/25/2025 10:46:10 AM,0.0000,28.7777,28.4344,28.6465,0.0,0.0
1553,0,4,  0d 00:25:48.50,  0d 00:12:12.04,1.2494,4.0367,D,07/25/2025 10:46:11 AM,0.0000,28.7777,28.4344,28.6465,0.0,0.0
1554,0,4,  0d 00:25:49.50,  0d 00:12:13.04,1.2503,4.0366,D,07/25/2025 10:46:12 AM,0.0000,28.7777,28.4344,28.6465,0.0,0.0
1555,0,4,  0d 00:25:50.50,  0d 00:12:14.04,1.2500,4.0365,D,07/25/2025 10:46:13 AM,0.0000,28.7777,28.4188,28.6310,0.0,0.0
1556,0,4,  0d 00:25:51.50,  0d 00:12:15.04,1.2500,4.0365,D,07/25/2025 10:46:14 AM,0.0000,28.7777,28.4188,28.6310,0.0,0.0
1557,0,4,  0d 00:25:52.50,  0d 00:12:16.04,1.2500,4.0365,D,07/25/2025 10:46:15 AM,0.0000,28.7777,28.4188,28.6310,0.0,0.0
1558,0,4,  0d 00:25:53.50,  0d 00:12:17.04,1.2503,4.0365,D,07/25/2025 10:46:16 AM,0.0000,28.7777,28.4188,28.6310,0.0,0.0
1559,0,4,  0d 00:25:54.50,  0d 00:12:18.04,1.2500,4.0364,D,07/25/2025 10:46:17 AM,0.0000,28.7777,28.4188,28.6310,0.0,0.0
1560,0,4,  0d 00:25:55.50,  0d 00:12:19.04,1.2503,4.0365,D,07/25/2025 10:46:18 AM,0.0000,28.7777,28.4188,28.6310,0.0,0.0
1561,0,4,  0d 00:25:56.50,  0d 00:12:20.04,1.2497,4.0363,D,07/25/2025 10:46:19 AM,0.0000,28.7777,28.4188,28.6310,0.0,0.0
1562,0,4,  0d 00:25:57.50,  0d 00:12:21.04,1.2497,4.0364,D,07/25/2025 10:46:20 AM,0.0000,28.7777,28.4188,28.6310,0.0,0.0
1563,0,4,  0d 00:25:58.50,  0d 00:12:22.04,1.2497,4.0362,D,07/25/2025 10:46:21 AM,0.0000,28.7777,28.4188,28.6310,0.0,0.0
1564,0,4,  0d 00:25:59.50,  0d 00:12:23.04,1.2503,4.0362,D,07/25/2025 10:46:22 AM,0.0000,28.7777,28.4188,28.6310,0.0,0.0
1565,0,4,  0d 00:26:00.50,  0d 00:12:24.04,1.2500,4.0362,D,07/25/2025 10:46:23 AM,0.0000,28.7777,28.4188,28.6310,0.0,0.0
1566,0,4,  0d 00:26:01.50,  0d 00:12:25.04,1.2497,4.0360,D,07/25/2025 10:46:24 AM,0.0000,28.7777,28.4188,28.6310,0.0,0.0
1567,0,4,  0d 00:26:02.50,  0d 00:12:26.04,1.2494,4.0360,D,07/25/2025 10:46:25 AM,0.0000,28.7777,28.4188,28.6310,0.0,0.0
1568,0,4,  0d 00:26:03.50,  0d 00:12:27.04,1.2494,4.0359,D,07/25/2025 10:46:26 AM,0.0000,28.7777,28.4188,28.6310,0.0,0.0
1569,0,4,  0d 00:26:04.50,  0d 00:12:28.04,1.2500,4.0359,D,07/25/2025 10:46:27 AM,0.0000,28.7777,28.4344,28.6310,0.0,0.0
1570,0,4,  0d 00:26:05.50,  0d 00:12:29.04,1.2503,4.0359,D,07/25/2025 10:46:28 AM,0.0000,28.7777,28.4344,28.6310,0.0,0.0
1571,0,4,  0d 00:26:06.50,  0d 00:12:30.04,1.2503,4.0358,D,07/25/2025 10:46:30 AM,0.0000,28.7777,28.4188,28.6310,0.0,0.0
1572,0,4,  0d 00:26:07.50,  0d 00:12:31.04,1.2497,4.0358,D,07/25/2025 10:46:30 AM,0.0000,28.7932,28.4344,28.6310,0.0,0.0
1573,0,4,  0d 00:26:08.50,  0d 00:12:32.04,1.2497,4.0356,D,07/25/2025 10:46:31 AM,0.0000,28.7932,28.4344,28.6310,0.0,0.0
1574,0,4,  0d 00:26:09.50,  0d 00:12:33.04,1.2497,4.0357,D,07/25/2025 10:46:32 AM,0.0000,28.7932,28.4344,28.6310,0.0,0.0
1575,0,4,  0d 00:26:10.50,  0d 00:12:34.04,1.2497,4.0356,D,07/25/2025 10:46:33 AM,0.0000,28.7932,28.4344,28.6465,0.0,0.0
1576,0,4,  0d 00:26:11.50,  0d 00:12:35.04,1.2500,4.0356,D,07/25/2025 10:46:34 AM,0.0000,28.7932,28.4344,28.6465,0.0,0.0
1577,0,4,  0d 00:26:12.50,  0d 00:12:36.04,1.2497,4.0356,D,07/25/2025 10:46:35 AM,0.0000,28.7932,28.4344,28.6465,0.0,0.0
1578,0,4,  0d 00:26:13.50,  0d 00:12:37.04,1.2494,4.0356,D,07/25/2025 10:46:36 AM,0.0000,28.7932,28.4344,28.6465,0.0,0.0
1579,0,4,  0d 00:26:14.50,  0d 00:12:38.04,1.2500,4.0355,D,07/25/2025 10:46:37 AM,0.0000,28.7932,28.4344,28.6465,0.0,0.0
1580,0,4,  0d 00:26:15.50,  0d 00:12:39.04,1.2503,4.0354,D,07/25/2025 10:46:38 AM,0.0000,28.7932,28.4344,28.6310,0.0,0.0
1581,0,4,  0d 00:26:16.50,  0d 00:12:40.04,1.2497,4.0352,D,07/25/2025 10:46:40 AM,0.0000,28.7777,28.4344,28.6310,0.0,0.0
1582,0,4,  0d 00:26:17.50,  0d 00:12:41.04,1.2500,4.0353,D,07/25/2025 10:46:40 AM,0.0000,28.7932,28.4344,28.6465,0.0,0.0
1583,0,4,  0d 00:26:18.50,  0d 00:12:42.04,1.2500,4.0352,D,07/25/2025 10:46:41 AM,0.0000,28.7932,28.4344,28.6310,0.0,0.0
1584,0,4,  0d 00:26:19.50,  0d 00:12:43.04,1.2500,4.0352,D,07/25/2025 10:46:42 AM,0.0000,28.7932,28.4344,28.6465,0.0,0.0
1585,0,4,  0d 00:26:20.50,  0d 00:12:44.04,1.2497,4.0352,D,07/25/2025 10:46:43 AM,0.0000,28.7777,28.4344,28.6465,0.0,0.0
1586,0,4,  0d 00:26:21.50,  0d 00:12:45.04,1.2494,4.0352,D,07/25/2025 10:46:44 AM,0.0000,28.7777,28.4344,28.6465,0.0,0.0
1587,0,4,  0d 00:26:22.50,  0d 00:12:46.04,1.2503,4.0349,D,07/25/2025 10:46:45 AM,0.0000,28.7777,28.4344,28.6310,0.0,0.0
1588,0,4,  0d 00:26:23.50,  0d 00:12:47.04,1.2500,4.0350,D,07/25/2025 10:46:46 AM,0.0000,28.7777,28.4344,28.6310,0.0,0.0
1589,0,4,  0d 00:26:24.50,  0d 00:12:48.04,1.2503,4.0350,D,07/25/2025 10:46:47 AM,0.0000,28.7932,28.4344,28.6310,0.0,0.0
1590,0,4,  0d 00:26:25.50,  0d 00:12:49.04,1.2500,4.0350,D,07/25/2025 10:46:48 AM,0.0000,28.7932,28.4344,28.6310,0.0,0.0
1591,0,4,  0d 00:26:26.50,  0d 00:12:50.04,1.2500,4.0348,D,07/25/2025 10:46:50 AM,0.0000,28.7932,28.4344,28.6310,0.0,0.0
1592,0,4,  0d 00:26:27.50,  0d 00:12:51.04,1.2500,4.0347,D,07/25/2025 10:46:50 AM,0.0000,28.7777,28.4344,28.6310,0.0,0.0
1593,0,4,  0d 00:26:28.50,  0d 00:12:52.04,1.2497,4.0346,D,07/25/2025 10:46:51 AM,0.0000,28.7777,28.4344,28.6465,0.0,0.0
1594,0,4,  0d 00:26:29.50,  0d 00:12:53.04,1.2497,4.0346,D,07/25/2025 10:46:52 AM,0.0000,28.7777,28.4344,28.6465,0.0,0.0
1595,0,4,  0d 00:26:30.50,  0d 00:12:54.04,1.2497,4.0347,D,07/25/2025 10:46:53 AM,0.0000,28.7777,28.4344,28.6465,0.0,0.0
1596,0,4,  0d 00:26:31.50,  0d 00:12:55.04,1.2497,4.0346,D,07/25/2025 10:46:54 AM,0.0000,28.7932,28.4344,28.6310,0.0,0.0
1597,0,4,  0d 00:26:32.50,  0d 00:12:56.04,1.2503,4.0346,D,07/25/2025 10:46:55 AM,0.0000,28.7932,28.4344,28.6310,0.0,0.0
1598,0,4,  0d 00:26:33.50,  0d 00:12:57.04,1.2497,4.0344,D,07/25/2025 10:46:56 AM,0.0000,28.7932,28.4188,28.6310,0.0,0.0
1599,0,4,  0d 00:26:34.50,  0d 00:12:58.04,1.2494,4.0344,D,07/25/2025 10:46:57 AM,0.0000,28.7932,28.4188,28.6465,0.0,0.0
1600,0,4,  0d 00:26:35.50,  0d 00:12:59.04,1.2503,4.0345,D,07/25/2025 10:46:58 AM,0.0000,28.7932,28.4188,28.6465,0.0,0.0
1601,0,4,  0d 00:26:36.50,  0d 00:13:00.04,1.2497,4.0343,D,07/25/2025 10:47:00 AM,0.0000,28.7777,28.4188,28.6465,0.0,0.0
1602,0,4,  0d 00:26:37.50,  0d 00:13:01.04,1.2497,4.0344,D,07/25/2025 10:47:00 AM,0.0000,28.7777,28.4188,28.6310,0.0,0.0
1603,0,4,  0d 00:26:38.50,  0d 00:13:02.04,1.2497,4.0343,D,07/25/2025 10:47:01 AM,0.0000,28.7777,28.4188,28.6310,0.0,0.0
1604,0,4,  0d 00:26:39.50,  0d 00:13:03.04,1.2500,4.0343,D,07/25/2025 10:47:02 AM,0.0000,28.7777,28.4188,28.6310,0.0,0.0
1605,0,4,  0d 00:26:40.50,  0d 00:13:04.04,1.2500,4.0341,D,07/25/2025 10:47:03 AM,0.0000,28.7777,28.4188,28.6310,0.0,0.0
1606,0,4,  0d 00:26:41.50,  0d 00:13:05.04,1.2494,4.0340,D,07/25/2025 10:47:04 AM,0.0000,28.7932,28.4344,28.6310,0.0,0.0
1607,0,4,  0d 00:26:42.50,  0d 00:13:06.04,1.2497,4.0341,D,07/25/2025 10:47:05 AM,0.0000,28.7932,28.4344,28.6310,0.0,0.0
1608,0,4,  0d 00:26:43.50,  0d 00:13:07.04,1.2503,4.0340,D,07/25/2025 10:47:06 AM,0.0000,28.7932,28.4344,28.6310,0.0,0.0
1609,0,4,  0d 00:26:44.50,  0d 00:13:08.04,1.2497,4.0340,D,07/25/2025 10:47:07 AM,0.0000,28.7932,28.4344,28.6310,0.0,0.0
1610,0,4,  0d 00:26:45.50,  0d 00:13:09.04,1.2494,4.0341,D,07/25/2025 10:47:08 AM,0.0000,28.7932,28.4344,28.6465,0.0,0.0
1611,0,4,  0d 00:26:46.50,  0d 00:13:10.04,1.2503,4.0339,D,07/25/2025 10:47:10 AM,0.0000,28.7932,28.4344,28.6310,0.0,0.0
1612,0,4,  0d 00:26:47.50,  0d 00:13:11.04,1.2497,4.0338,D,07/25/2025 10:47:10 AM,0.0000,28.7932,28.4344,28.6310,0.0,0.0
1613,0,4,  0d 00:26:48.50,  0d 00:13:12.04,1.2506,4.0337,D,07/25/2025 10:47:11 AM,0.0000,28.7777,28.4344,28.6310,0.0,0.0
1614,0,4,  0d 00:26:49.50,  0d 00:13:13.04,1.2500,4.0336,D,07/25/2025 10:47:12 AM,0.0000,28.7777,28.4188,28.6310,0.0,0.0
1615,0,4,  0d 00:26:50.50,  0d 00:13:14.04,1.2500,4.0337,D,07/25/2025 10:47:13 AM,0.0000,28.7777,28.4188,28.6310,0.0,0.0
1616,0,4,  0d 00:26:51.50,  0d 00:13:15.04,1.2497,4.0336,D,07/25/2025 10:47:14 AM,0.0000,28.7932,28.4188,28.6465,0.0,0.0
1617,0,4,  0d 00:26:52.50,  0d 00:13:16.04,1.2497,4.0335,D,07/25/2025 10:47:15 AM,0.0000,28.7932,28.4188,28.6465,0.0,0.0
1618,0,4,  0d 00:26:53.50,  0d 00:13:17.04,1.2497,4.0335,D,07/25/2025 10:47:16 AM,0.0000,28.7777,28.4188,28.6310,0.0,0.0
1619,0,4,  0d 00:26:54.50,  0d 00:13:18.04,1.2500,4.0334,D,07/25/2025 10:47:17 AM,0.0000,28.7777,28.4344,28.6465,0.0,0.0
1620,0,4,  0d 00:26:55.50,  0d 00:13:19.04,1.2497,4.0335,D,07/25/2025 10:47:18 AM,0.0000,28.7777,28.4344,28.6310,0.0,0.0
1621,0,4,  0d 00:26:56.50,  0d 00:13:20.04,1.2497,4.0333,D,07/25/2025 10:47:19 AM,0.0000,28.7777,28.4344,28.6310,0.0,0.0
1622,0,4,  0d 00:26:57.50,  0d 00:13:21.04,1.2497,4.0332,D,07/25/2025 10:47:20 AM,0.0000,28.7777,28.4344,28.6310,0.0,0.0
1623,0,4,  0d 00:26:58.50,  0d 00:13:22.04,1.2500,4.0333,D,07/25/2025 10:47:21 AM,0.0000,28.7932,28.4188,28.6310,0.0,0.0
1624,0,4,  0d 00:26:59.50,  0d 00:13:23.04,1.2500,4.0333,D,07/25/2025 10:47:22 AM,0.0000,28.7932,28.4188,28.6310,0.0,0.0
1625,0,4,  0d 00:27:00.50,  0d 00:13:24.04,1.2503,4.0332,D,07/25/2025 10:47:23 AM,0.0000,28.7777,28.4188,28.6310,0.0,0.0
1626,0,4,  0d 00:27:01.50,  0d 00:13:25.04,1.2494,4.0332,D,07/25/2025 10:47:24 AM,0.0000,28.7777,28.4344,28.6310,0.0,0.0
1627,0,4,  0d 00:27:02.50,  0d 00:13:26.04,1.2500,4.0330,D,07/25/2025 10:47:25 AM,0.0000,28.7777,28.4344,28.6310,0.0,0.0
1628,0,4,  0d 00:27:03.50,  0d 00:13:27.04,1.2500,4.0331,D,07/25/2025 10:47:26 AM,0.0000,28.7777,28.4344,28.6465,0.0,0.0
1629,0,4,  0d 00:27:04.50,  0d 00:13:28.04,1.2500,4.0330,D,07/25/2025 10:47:27 AM,0.0000,28.7777,28.4188,28.6465,0.0,0.0
1630,0,4,  0d 00:27:05.50,  0d 00:13:29.04,1.2500,4.0330,D,07/25/2025 10:47:28 AM,0.0000,28.7777,28.4188,28.6310,0.0,0.0
1631,0,4,  0d 00:27:06.50,  0d 00:13:30.04,1.2497,4.0328,D,07/25/2025 10:47:29 AM,0.0000,28.7777,28.4188,28.6310,0.0,0.0
1632,0,4,  0d 00:27:07.50,  0d 00:13:31.04,1.2500,4.0329,D,07/25/2025 10:47:30 AM,0.0000,28.7777,28.4188,28.6310,0.0,0.0
1633,0,4,  0d 00:27:08.50,  0d 00:13:32.04,1.2497,4.0328,D,07/25/2025 10:47:31 AM,0.0000,28.7777,28.4188,28.6310,0.0,0.0
1634,0,4,  0d 00:27:09.50,  0d 00:13:33.04,1.2500,4.0328,D,07/25/2025 10:47:32 AM,0.0000,28.7777,28.4188,28.6310,0.0,0.0
1635,0,4,  0d 00:27:10.50,  0d 00:13:34.04,1.2503,4.0328,D,07/25/2025 10:47:33 AM,0.0000,28.7777,28.4344,28.6465,0.0,0.0
1636,0,4,  0d 00:27:11.50,  0d 00:13:35.04,1.2500,4.0327,D,07/25/2025 10:47:34 AM,0.0000,28.7932,28.4188,28.6310,0.0,0.0
1637,0,4,  0d 00:27:12.50,  0d 00:13:36.04,1.2503,4.0326,D,07/25/2025 10:47:35 AM,0.0000,28.7932,28.4188,28.6310,0.0,0.0
1638,0,4,  0d 00:27:13.50,  0d 00:13:37.04,1.2497,4.0327,D,07/25/2025 10:47:36 AM,0.0000,28.7932,28.4188,28.6310,0.0,0.0
1639,0,4,  0d 00:27:14.50,  0d 00:13:38.04,1.2503,4.0326,D,07/25/2025 10:47:37 AM,0.0000,28.7777,28.4188,28.6310,0.0,0.0
1640,0,4,  0d 00:27:15.50,  0d 00:13:39.04,1.2497,4.0323,D,07/25/2025 10:47:38 AM,0.0000,28.7777,28.4188,28.6310,0.0,0.0
1641,0,4,  0d 00:27:16.50,  0d 00:13:40.04,1.2503,4.0324,D,07/25/2025 10:47:39 AM,0.0000,28.7777,28.4188,28.6465,0.0,0.0
1642,0,4,  0d 00:27:17.50,  0d 00:13:41.04,1.2503,4.0323,D,07/25/2025 10:47:41 AM,0.0000,28.7777,28.4188,28.6465,0.0,0.0
1643,0,4,  0d 00:27:18.50,  0d 00:13:42.04,1.2497,4.0323,D,07/25/2025 10:47:41 AM,0.0000,28.7777,28.4344,28.6310,0.0,0.0
1644,0,4,  0d 00:27:19.50,  0d 00:13:43.04,1.2494,4.0323,D,07/25/2025 10:47:42 AM,0.0000,28.7777,28.4188,28.6310,0.0,0.0
1645,0,4,  0d 00:27:20.50,  0d 00:13:44.04,1.2497,4.0322,D,07/25/2025 10:47:43 AM,0.0000,28.7777,28.4188,28.6310,0.0,0.0
1646,0,4,  0d 00:27:21.50,  0d 00:13:45.04,1.2500,4.0322,D,07/25/2025 10:47:44 AM,0.0000,28.7777,28.4188,28.6310,0.0,0.0
1647,0,4,  0d 00:27:22.50,  0d 00:13:46.04,1.2497,4.0320,D,07/25/2025 10:47:45 AM,0.0000,28.7777,28.4188,28.6310,0.0,0.0
1648,0,4,  0d 00:27:23.50,  0d 00:13:47.04,1.2500,4.0322,D,07/25/2025 10:47:46 AM,0.0000,28.7777,28.4188,28.6310,0.0,0.0
1649,0,4,  0d 00:27:24.50,  0d 00:13:48.04,1.2500,4.0320,D,07/25/2025 10:47:47 AM,0.0000,28.7777,28.4188,28.6310,0.0,0.0
1650,0,4,  0d 00:27:25.50,  0d 00:13:49.04,1.2497,4.0320,D,07/25/2025 10:47:48 AM,0.0000,28.7622,28.4188,28.6310,0.0,0.0
1651,0,4,  0d 00:27:26.50,  0d 00:13:50.04,1.2494,4.0318,D,07/25/2025 10:47:49 AM,0.0000,28.7622,28.4188,28.6310,0.0,0.0
1652,0,4,  0d 00:27:27.50,  0d 00:13:51.04,1.2500,4.0317,D,07/25/2025 10:47:51 AM,0.0000,28.7622,28.4188,28.6310,0.0,0.0
1653,0,4,  0d 00:27:28.50,  0d 00:13:52.04,1.2500,4.0317,D,07/25/2025 10:47:51 AM,0.0000,28.7777,28.4188,28.6310,0.0,0.0
1654,0,4,  0d 00:27:29.50,  0d 00:13:53.04,1.2497,4.0318,D,07/25/2025 10:47:52 AM,0.0000,28.7777,28.4188,28.6310,0.0,0.0
1655,0,4,  0d 00:27:30.50,  0d 00:13:54.04,1.2503,4.0317,D,07/25/2025 10:47:53 AM,0.0000,28.7777,28.4188,28.6310,0.0,0.0
1656,0,4,  0d 00:27:31.50,  0d 00:13:55.04,1.2500,4.0317,D,07/25/2025 10:47:54 AM,0.0000,28.7777,28.4188,28.6310,0.0,0.0
1657,0,4,  0d 00:27:32.50,  0d 00:13:56.04,1.2503,4.0316,D,07/25/2025 10:47:55 AM,0.0000,28.7777,28.4188,28.6310,0.0,0.0
1658,0,4,  0d 00:27:33.50,  0d 00:13:57.04,1.2494,4.0315,D,07/25/2025 10:47:56 AM,0.0000,28.7777,28.4188,28.6310,0.0,0.0
1659,0,4,  0d 00:27:34.50,  0d 00:13:58.04,1.2500,4.0315,D,07/25/2025 10:47:57 AM,0.0000,28.7777,28.4188,28.6310,0.0,0.0
1660,0,4,  0d 00:27:35.50,  0d 00:13:59.04,1.2497,4.0314,D,07/25/2025 10:47:58 AM,0.0000,28.7777,28.4188,28.6310,0.0,0.0
1661,0,4,  0d 00:27:36.50,  0d 00:14:00.04,1.2503,4.0314,D,07/25/2025 10:47:59 AM,0.0000,28.7777,28.4188,28.6310,0.0,0.0
1662,0,4,  0d 00:27:37.50,  0d 00:14:01.04,1.2500,4.0314,D,07/25/2025 10:48:01 AM,0.0000,28.7777,28.4188,28.6310,0.0,0.0
1663,0,4,  0d 00:27:38.50,  0d 00:14:02.04,1.2497,4.0314,D,07/25/2025 10:48:01 AM,0.0000,28.7932,28.4188,28.6310,0.0,0.0
1664,0,4,  0d 00:27:39.50,  0d 00:14:03.04,1.2500,4.0312,D,07/25/2025 10:48:02 AM,0.0000,28.7932,28.4188,28.6310,0.0,0.0
1665,0,4,  0d 00:27:40.50,  0d 00:14:04.04,1.2497,4.0311,D,07/25/2025 10:48:03 AM,0.0000,28.7932,28.4188,28.6310,0.0,0.0
1666,0,4,  0d 00:27:41.50,  0d 00:14:05.04,1.2497,4.0311,D,07/25/2025 10:48:04 AM,0.0000,28.7932,28.4188,28.6310,0.0,0.0
1667,0,4,  0d 00:27:42.50,  0d 00:14:06.04,1.2503,4.0310,D,07/25/2025 10:48:05 AM,0.0000,28.7777,28.4188,28.6310,0.0,0.0
1668,0,4,  0d 00:27:43.50,  0d 00:14:07.04,1.2506,4.0309,D,07/25/2025 10:48:06 AM,0.0000,28.7777,28.4188,28.6310,0.0,0.0
1669,0,4,  0d 00:27:44.50,  0d 00:14:08.04,1.2500,4.0309,D,07/25/2025 10:48:07 AM,0.0000,28.7777,28.4188,28.6310,0.0,0.0
1670,0,4,  0d 00:27:45.50,  0d 00:14:09.04,1.2497,4.0309,D,07/25/2025 10:48:08 AM,0.0000,28.7777,28.4188,28.6310,0.0,0.0
1671,0,4,  0d 00:27:46.50,  0d 00:14:10.04,1.2500,4.0308,D,07/25/2025 10:48:09 AM,0.0000,28.7777,28.4188,28.6310,0.0,0.0
1672,0,4,  0d 00:27:47.50,  0d 00:14:11.04,1.2500,4.0307,D,07/25/2025 10:48:11 AM,0.0000,28.7777,28.4188,28.6310,0.0,0.0
1673,0,4,  0d 00:27:48.50,  0d 00:14:12.04,1.2500,4.0307,D,07/25/2025 10:48:11 AM,0.0000,28.7777,28.4188,28.6310,0.0,0.0
1674,0,4,  0d 00:27:49.50,  0d 00:14:13.04,1.2494,4.0308,D,07/25/2025 10:48:12 AM,0.0000,28.7777,28.4188,28.6310,0.0,0.0
1675,0,4,  0d 00:27:50.50,  0d 00:14:14.04,1.2500,4.0307,D,07/25/2025 10:48:13 AM,0.0000,28.7777,28.4188,28.6310,0.0,0.0
1676,0,4,  0d 00:27:51.50,  0d 00:14:15.04,1.2497,4.0306,D,07/25/2025 10:48:14 AM,0.0000,28.7777,28.4188,28.6310,0.0,0.0
1677,0,4,  0d 00:27:52.50,  0d 00:14:16.04,1.2497,4.0306,D,07/25/2025 10:48:15 AM,0.0000,28.7777,28.4188,28.6310,0.0,0.0
1678,0,4,  0d 00:27:53.50,  0d 00:14:17.04,1.2500,4.0305,D,07/25/2025 10:48:16 AM,0.0000,28.7777,28.4188,28.6310,0.0,0.0
1679,0,4,  0d 00:27:54.50,  0d 00:14:18.04,1.2497,4.0306,D,07/25/2025 10:48:17 AM,0.0000,28.7777,28.4188,28.6310,0.0,0.0
1680,0,4,  0d 00:27:55.50,  0d 00:14:19.04,1.2497,4.0304,D,07/25/2025 10:48:18 AM,0.0000,28.7777,28.4188,28.6310,0.0,0.0
1681,0,4,  0d 00:27:56.50,  0d 00:14:20.04,1.2497,4.0304,D,07/25/2025 10:48:19 AM,0.0000,28.7932,28.4188,28.6465,0.0,0.0
1682,0,4,  0d 00:27:57.50,  0d 00:14:21.04,1.2497,4.0303,D,07/25/2025 10:48:21 AM,0.0000,28.7932,28.4188,28.6465,0.0,0.0
1683,0,4,  0d 00:27:58.50,  0d 00:14:22.04,1.2500,4.0303,D,07/25/2025 10:48:21 AM,0.0000,28.7932,28.4188,28.6465,0.0,0.0
1684,0,4,  0d 00:27:59.50,  0d 00:14:23.04,1.2491,4.0302,D,07/25/2025 10:48:22 AM,0.0000,28.7932,28.4344,28.6310,0.0,0.0
1685,0,4,  0d 00:28:00.50,  0d 00:14:24.04,1.2497,4.0302,D,07/25/2025 10:48:23 AM,0.0000,28.7932,28.4344,28.6310,0.0,0.0
1686,0,4,  0d 00:28:01.50,  0d 00:14:25.04,1.2500,4.0302,D,07/25/2025 10:48:24 AM,0.0000,28.7932,28.4344,28.6310,0.0,0.0
1687,0,4,  0d 00:28:02.50,  0d 00:14:26.04,1.2494,4.0301,D,07/25/2025 10:48:25 AM,0.0000,28.7777,28.4344,28.6310,0.0,0.0
1688,0,4,  0d 00:28:03.50,  0d 00:14:27.04,1.2503,4.0301,D,07/25/2025 10:48:26 AM,0.0000,28.7932,28.4344,28.6465,0.0,0.0
1689,0,4,  0d 00:28:04.50,  0d 00:14:28.04,1.2497,4.0301,D,07/25/2025 10:48:27 AM,0.0000,28.7777,28.4188,28.6465,0.0,0.0
1690,0,4,  0d 00:28:05.50,  0d 00:14:29.04,1.2497,4.0300,D,07/25/2025 10:48:28 AM,0.0000,28.7932,28.4344,28.6465,0.0,0.0
1691,0,4,  0d 00:28:06.50,  0d 00:14:30.04,1.2500,4.0299,D,07/25/2025 10:48:29 AM,0.0000,28.7932,28.4344,28.6465,0.0,0.0
1692,0,4,  0d 00:28:07.50,  0d 00:14:31.04,1.2500,4.0299,D,07/25/2025 10:48:30 AM,0.0000,28.7932,28.4344,28.6465,0.0,0.0
1693,0,4,  0d 00:28:08.50,  0d 00:14:32.04,1.2503,4.0298,D,07/25/2025 10:48:31 AM,0.0000,28.7932,28.4344,28.6465,0.0,0.0
1694,0,4,  0d 00:28:09.50,  0d 00:14:33.04,1.2494,4.0298,D,07/25/2025 10:48:32 AM,0.0000,28.7932,28.4344,28.6465,0.0,0.0
1695,0,4,  0d 00:28:10.50,  0d 00:14:34.04,1.2497,4.0297,D,07/25/2025 10:48:33 AM,0.0000,28.7777,28.4188,28.6310,0.0,0.0
1696,0,4,  0d 00:28:11.50,  0d 00:14:35.04,1.2497,4.0297,D,07/25/2025 10:48:34 AM,0.0000,28.7777,28.4188,28.6310,0.0,0.0
1697,0,4,  0d 00:28:12.50,  0d 00:14:36.04,1.2500,4.0296,D,07/25/2025 10:48:35 AM,0.0000,28.7777,28.4188,28.6310,0.0,0.0
1698,0,4,  0d 00:28:13.50,  0d 00:14:37.04,1.2503,4.0295,D,07/25/2025 10:48:36 AM,0.0000,28.7777,28.4188,28.6310,0.0,0.0
1699,0,4,  0d 00:28:14.50,  0d 00:14:38.04,1.2497,4.0294,D,07/25/2025 10:48:37 AM,0.0000,28.7777,28.4188,28.6310,0.0,0.0
1700,0,4,  0d 00:28:15.50,  0d 00:14:39.04,1.2500,4.0294,D,07/25/2025 10:48:38 AM,0.0000,28.7777,28.4188,28.6310,0.0,0.0
1701,0,4,  0d 00:28:16.50,  0d 00:14:40.04,1.2503,4.0294,D,07/25/2025 10:48:39 AM,0.0000,28.7777,28.4188,28.6310,0.0,0.0
1702,0,4,  0d 00:28:17.50,  0d 00:14:41.04,1.2500,4.0294,D,07/25/2025 10:48:40 AM,0.0000,28.7777,28.4188,28.6310,0.0,0.0
1703,0,4,  0d 00:28:18.50,  0d 00:14:42.04,1.2497,4.0294,D,07/25/2025 10:48:41 AM,0.0000,28.7777,28.4188,28.6310,0.0,0.0
1704,0,4,  0d 00:28:19.50,  0d 00:14:43.04,1.2500,4.0292,D,07/25/2025 10:48:42 AM,0.0000,28.7777,28.4188,28.6310,0.0,0.0
1705,0,4,  0d 00:28:20.50,  0d 00:14:44.04,1.2497,4.0292,D,07/25/2025 10:48:43 AM,0.0000,28.7777,28.4188,28.6310,0.0,0.0
1706,0,4,  0d 00:28:21.50,  0d 00:14:45.04,1.2497,4.0290,D,07/25/2025 10:48:44 AM,0.0000,28.7777,28.4188,28.6310,0.0,0.0
1707,0,4,  0d 00:28:22.50,  0d 00:14:46.04,1.2503,4.0291,D,07/25/2025 10:48:45 AM,0.0000,28.7777,28.4188,28.6310,0.0,0.0
1708,0,4,  0d 00:28:23.50,  0d 00:14:47.04,1.2500,4.0291,D,07/25/2025 10:48:46 AM,0.0000,28.7777,28.4188,28.6310,0.0,0.0
1709,0,4,  0d 00:28:24.50,  0d 00:14:48.04,1.2494,4.0291,D,07/25/2025 10:48:47 AM,0.0000,28.7622,28.4188,28.6310,0.0,0.0
1710,0,4,  0d 00:28:25.50,  0d 00:14:49.04,1.2494,4.0289,D,07/25/2025 10:48:48 AM,0.0000,28.7777,28.4188,28.6310,0.0,0.0
1711,0,4,  0d 00:28:26.50,  0d 00:14:50.04,1.2497,4.0291,D,07/25/2025 10:48:49 AM,0.0000,28.7777,28.4188,28.6310,0.0,0.0
1712,0,4,  0d 00:28:27.50,  0d 00:14:51.04,1.2497,4.0289,D,07/25/2025 10:48:50 AM,0.0000,28.7777,28.4188,28.6310,0.0,0.0
1713,0,4,  0d 00:28:28.50,  0d 00:14:52.04,1.2500,4.0288,D,07/25/2025 10:48:52 AM,0.0000,28.7777,28.4188,28.6310,0.0,0.0
1714,0,4,  0d 00:28:29.50,  0d 00:14:53.04,1.2503,4.0286,D,07/25/2025 10:48:52 AM,0.0000,28.7777,28.4188,28.6310,0.0,0.0
1715,0,4,  0d 00:28:30.50,  0d 00:14:54.04,1.2500,4.0287,D,07/25/2025 10:48:53 AM,0.0000,28.7777,28.4188,28.6310,0.0,0.0
1716,0,4,  0d 00:28:31.50,  0d 00:14:55.04,1.2497,4.0286,D,07/25/2025 10:48:54 AM,0.0000,28.7777,28.4344,28.6465,0.0,0.0
1717,0,4,  0d 00:28:32.50,  0d 00:14:56.04,1.2500,4.0286,D,07/25/2025 10:48:55 AM,0.0000,28.7777,28.4344,28.6310,0.0,0.0
1718,0,4,  0d 00:28:33.50,  0d 00:14:57.04,1.2500,4.0285,D,07/25/2025 10:48:56 AM,0.0000,28.7777,28.4344,28.6310,0.0,0.0
1719,0,4,  0d 00:28:34.50,  0d 00:14:58.04,1.2497,4.0284,D,07/25/2025 10:48:57 AM,0.0000,28.7777,28.4344,28.6310,0.0,0.0
1720,0,4,  0d 00:28:35.50,  0d 00:14:59.04,1.2500,4.0283,D,07/25/2025 10:48:58 AM,0.0000,28.7777,28.4344,28.6310,0.0,0.0
1721,0,4,  0d 00:28:36.46,  0d 00:15:00.00,1.2497,4.0282,D,07/25/2025 10:48:59 AM,0.0000,28.7777,28.4344,28.6310,0.0,0.0
1722,0,5,  0d 00:28:36.47,  0d 00:00:00.01,0.0000,4.0493,R,07/25/2025 10:48:59 AM,0.0000,28.7777,28.4344,28.6310,0.0,0.0
1723,0,5,  0d 00:28:37.47,  0d 00:00:01.01,0.0000,4.0526,R,07/25/2025 10:49:00 AM,0.0000,28.7777,28.4344,28.6310,0.0,0.0
1724,0,5,  0d 00:28:38.47,  0d 00:00:02.01,0.0000,4.0542,R,07/25/2025 10:49:02 AM,0.0000,28.7777,28.4344,28.6310,0.0,0.0
1725,0,5,  0d 00:28:39.47,  0d 00:00:03.01,0.0000,4.0555,R,07/25/2025 10:49:02 AM,0.0000,28.7777,28.4188,28.6465,0.0,0.0
1726,0,5,  0d 00:28:40.47,  0d 00:00:04.01,0.0000,4.0564,R,07/25/2025 10:49:03 AM,0.0000,28.7777,28.4188,28.6310,0.0,0.0
1727,0,5,  0d 00:28:41.47,  0d 00:00:05.01,0.0000,4.0572,R,07/25/2025 10:49:04 AM,0.0000,28.7777,28.4188,28.6465,0.0,0.0
1728,0,5,  0d 00:28:42.47,  0d 00:00:06.01,0.0000,4.0580,R,07/25/2025 10:49:05 AM,0.0000,28.7777,28.4188,28.6310,0.0,0.0
1729,0,5,  0d 00:28:43.47,  0d 00:00:07.01,0.0000,4.0587,R,07/25/2025 10:49:06 AM,0.0000,28.7777,28.4188,28.6310,0.0,0.0
1730,0,5,  0d 00:28:44.47,  0d 00:00:08.01,0.0000,4.0592,R,07/25/2025 10:49:07 AM,0.0000,28.7777,28.4188,28.6310,0.0,0.0
1731,0,5,  0d 00:28:45.47,  0d 00:00:09.01,0.0000,4.0599,R,07/25/2025 10:49:08 AM,0.0000,28.7777,28.4188,28.6310,0.0,0.0
1732,0,5,  0d 00:28:46.47,  0d 00:00:10.01,0.0000,4.0603,R,07/25/2025 10:49:09 AM,0.0000,28.7777,28.4188,28.6310,0.0,0.0
1733,0,5,  0d 00:28:47.47,  0d 00:00:11.01,0.0000,4.0608,R,07/25/2025 10:49:10 AM,0.0000,28.7777,28.4188,28.6310,0.0,0.0
1734,0,5,  0d 00:28:48.47,  0d 00:00:12.01,0.0000,4.0614,R,07/25/2025 10:49:12 AM,0.0000,28.7777,28.4188,28.6310,0.0,0.0
1735,0,5,  0d 00:28:49.47,  0d 00:00:13.01,0.0000,4.0618,R,07/25/2025 10:49:12 AM,0.0000,28.7777,28.4188,28.6310,0.0,0.0
1736,0,5,  0d 00:28:50.47,  0d 00:00:14.01,0.0000,4.0622,R,07/25/2025 10:49:13 AM,0.0000,28.7777,28.4188,28.6310,0.0,0.0
1737,0,5,  0d 00:28:51.47,  0d 00:00:15.01,0.0000,4.0625,R,07/25/2025 10:49:14 AM,0.0000,28.7777,28.4188,28.6310,0.0,0.0
1738,0,5,  0d 00:28:52.47,  0d 00:00:16.01,0.0000,4.0629,R,07/25/2025 10:49:15 AM,0.0000,28.7777,28.4188,28.6310,0.0,0.0
1739,0,5,  0d 00:28:53.47,  0d 00:00:17.01,0.0000,4.0632,R,07/25/2025 10:49:16 AM,0.0000,28.7777,28.4188,28.6465,0.0,0.0
1740,0,5,  0d 00:28:54.47,  0d 00:00:18.01,0.0000,4.0634,R,07/25/2025 10:49:17 AM,0.0000,28.7777,28.4188,28.6310,0.0,0.0
1741,0,5,  0d 00:28:55.47,  0d 00:00:19.01,0.0000,4.0638,R,07/25/2025 10:49:18 AM,0.0000,28.7777,28.4188,28.6310,0.0,0.0
1742,0,5,  0d 00:28:56.47,  0d 00:00:20.01,0.0000,4.0640,R,07/25/2025 10:49:19 AM,0.0000,28.7777,28.4188,28.6310,0.0,0.0
1743,0,5,  0d 00:28:57.47,  0d 00:00:21.01,0.0000,4.0645,R,07/25/2025 10:49:20 AM,0.0000,28.7777,28.4188,28.6310,0.0,0.0
1744,0,5,  0d 00:28:58.47,  0d 00:00:22.01,0.0000,4.0649,R,07/25/2025 10:49:22 AM,0.0000,28.7777,28.4188,28.6310,0.0,0.0
1745,0,5,  0d 00:28:59.47,  0d 00:00:23.01,0.0000,4.0650,R,07/25/2025 10:49:22 AM,0.0000,28.7777,28.4188,28.6310,0.0,0.0
1746,0,5,  0d 00:29:00.47,  0d 00:00:24.01,0.0000,4.0653,R,07/25/2025 10:49:23 AM,0.0000,28.7777,28.4188,28.6310,0.0,0.0
1747,0,5,  0d 00:29:01.47,  0d 00:00:25.01,0.0000,4.0654,R,07/25/2025 10:49:24 AM,0.0000,28.7777,28.4188,28.6310,0.0,0.0
1748,0,5,  0d 00:29:02.47,  0d 00:00:26.01,0.0000,4.0656,R,07/25/2025 10:49:25 AM,0.0000,28.7777,28.4188,28.6310,0.0,0.0
1749,0,5,  0d 00:29:03.47,  0d 00:00:27.01,0.0000,4.0658,R,07/25/2025 10:49:26 AM,0.0000,28.7777,28.4188,28.6310,0.0,0.0
1750,0,5,  0d 00:29:04.47,  0d 00:00:28.01,0.0000,4.0661,R,07/25/2025 10:49:27 AM,0.0000,28.7622,28.4188,28.6310,0.0,0.0
1751,0,5,  0d 00:29:05.47,  0d 00:00:29.01,0.0000,4.0662,R,07/25/2025 10:49:28 AM,0.0000,28.7622,28.4188,28.6310,0.0,0.0
1752,0,5,  0d 00:29:06.47,  0d 00:00:30.01,0.0000,4.0665,R,07/25/2025 10:49:29 AM,0.0000,28.7622,28.4188,28.6310,0.0,0.0
1753,0,5,  0d 00:29:07.47,  0d 00:00:31.01,0.0000,4.0667,R,07/25/2025 10:49:30 AM,0.0000,28.7622,28.4188,28.6310,0.0,0.0
1754,0,5,  0d 00:29:08.47,  0d 00:00:32.01,0.0000,4.0669,R,07/25/2025 10:49:32 AM,0.0000,28.7777,28.4188,28.6310,0.0,0.0
1755,0,5,  0d 00:29:09.47,  0d 00:00:33.01,0.0000,4.0668,R,07/25/2025 10:49:32 AM,0.0000,28.7777,28.4188,28.6310,0.0,0.0
1756,0,5,  0d 00:29:10.47,  0d 00:00:34.01,0.0000,4.0671,R,07/25/2025 10:49:33 AM,0.0000,28.7777,28.4188,28.6310,0.0,0.0
1757,0,5,  0d 00:29:11.47,  0d 00:00:35.01,0.0000,4.0673,R,07/25/2025 10:49:34 AM,0.0000,28.7777,28.4188,28.6310,0.0,0.0
1758,0,5,  0d 00:29:12.47,  0d 00:00:36.01,0.0000,4.0674,R,07/25/2025 10:49:35 AM,0.0000,28.7622,28.4188,28.6310,0.0,0.0
1759,0,5,  0d 00:29:13.47,  0d 00:00:37.01,0.0000,4.0677,R,07/25/2025 10:49:36 AM,0.0000,28.7622,28.4188,28.6310,0.0,0.0
1760,0,5,  0d 00:29:14.47,  0d 00:00:38.01,0.0000,4.0677,R,07/25/2025 10:49:37 AM,0.0000,28.7622,28.4188,28.6310,0.0,0.0
1761,0,5,  0d 00:29:15.47,  0d 00:00:39.01,0.0000,4.0680,R,07/25/2025 10:49:38 AM,0.0000,28.7622,28.4188,28.6310,0.0,0.0
1762,0,5,  0d 00:29:16.47,  0d 00:00:40.01,0.0000,4.0680,R,07/25/2025 10:49:39 AM,0.0000,28.7622,28.4188,28.6310,0.0,0.0
1763,0,5,  0d 00:29:17.47,  0d 00:00:41.01,0.0000,4.0681,R,07/25/2025 10:49:40 AM,0.0000,28.7777,28.4188,28.6310,0.0,0.0
1764,0,5,  0d 00:29:18.47,  0d 00:00:42.01,0.0000,4.0684,R,07/25/2025 10:49:41 AM,0.0000,28.7777,28.4188,28.6310,0.0,0.0
1765,0,5,  0d 00:29:19.47,  0d 00:00:43.01,0.0000,4.0684,R,07/25/2025 10:49:42 AM,0.0000,28.7777,28.4188,28.6310,0.0,0.0
1766,0,5,  0d 00:29:20.47,  0d 00:00:44.01,0.0000,4.0686,R,07/25/2025 10:49:43 AM,0.0000,28.7622,28.4188,28.6310,0.0,0.0
1767,0,5,  0d 00:29:21.47,  0d 00:00:45.01,0.0000,4.0686,R,07/25/2025 10:49:44 AM,0.0000,28.7777,28.4188,28.6310,0.0,0.0
1768,0,5,  0d 00:29:22.47,  0d 00:00:46.01,0.0000,4.0689,R,07/25/2025 10:49:45 AM,0.0000,28.7777,28.4188,28.6310,0.0,0.0
1769,0,5,  0d 00:29:23.47,  0d 00:00:47.01,0.0000,4.0689,R,07/25/2025 10:49:46 AM,0.0000,28.7777,28.4188,28.6310,0.0,0.0
1770,0,5,  0d 00:29:24.47,  0d 00:00:48.01,0.0000,4.0690,R,07/25/2025 10:49:47 AM,0.0000,28.7777,28.4188,28.6310,0.0,0.0
1771,0,5,  0d 00:29:25.47,  0d 00:00:49.01,0.0000,4.0690,R,07/25/2025 10:49:48 AM,0.0000,28.7777,28.4188,28.6310,0.0,0.0
1772,0,5,  0d 00:29:26.47,  0d 00:00:50.01,0.0000,4.0691,R,07/25/2025 10:49:49 AM,0.0000,28.7777,28.4188,28.6310,0.0,0.0
1773,0,5,  0d 00:29:27.47,  0d 00:00:51.01,0.0000,4.0691,R,07/25/2025 10:49:50 AM,0.0000,28.7777,28.4188,28.6310,0.0,0.0
1774,0,5,  0d 00:29:28.47,  0d 00:00:52.01,0.0000,4.0694,R,07/25/2025 10:49:51 AM,0.0000,28.7777,28.4188,28.6310,0.0,0.0
1775,0,5,  0d 00:29:29.47,  0d 00:00:53.01,0.0000,4.0694,R,07/25/2025 10:49:52 AM,0.0000,28.7777,28.4188,28.6310,0.0,0.0
1776,0,5,  0d 00:29:30.47,  0d 00:00:54.01,0.0000,4.0696,R,07/25/2025 10:49:53 AM,0.0000,28.7777,28.4188,28.6310,0.0,0.0
1777,0,5,  0d 00:29:31.47,  0d 00:00:55.01,0.0000,4.0695,R,07/25/2025 10:49:54 AM,0.0000,28.7777,28.4188,28.6310,0.0,0.0
1778,0,5,  0d 00:29:32.47,  0d 00:00:56.01,0.0000,4.0697,R,07/25/2025 10:49:55 AM,0.0000,28.7777,28.4188,28.6310,0.0,0.0
1779,0,5,  0d 00:29:33.47,  0d 00:00:57.01,0.0000,4.0698,R,07/25/2025 10:49:56 AM,0.0000,28.7777,28.4188,28.6310,0.0,0.0
1780,0,5,  0d 00:29:34.47,  0d 00:00:58.01,0.0000,4.0697,R,07/25/2025 10:49:57 AM,0.0000,28.7622,28.4188,28.6310,0.0,0.0
1781,0,5,  0d 00:29:35.47,  0d 00:00:59.01,0.0000,4.0698,R,07/25/2025 10:49:58 AM,0.0000,28.7622,28.4188,28.6465,0.0,0.0
1782,0,5,  0d 00:29:36.46,  0d 00:01:00.00,0.0000,4.0698,R,07/25/2025 10:49:59 AM,0.0000,28.7622,28.4344,28.6465,0.0,0.0
1783,0,6,  0d 00:29:36.50,  0d 00:00:00.04,2.5046,4.0270,D,07/25/2025 10:49:59 AM,0.0000,28.7622,28.4344,28.6465,0.0,0.0
1784,0,6,  0d 00:29:37.50,  0d 00:00:01.04,2.4994,4.0216,D,07/25/2025 10:50:00 AM,0.0000,28.7622,28.4344,28.6310,0.0,0.0
1785,0,6,  0d 00:29:38.50,  0d 00:00:02.04,2.5000,4.0187,D,07/25/2025 10:50:01 AM,0.0000,28.7777,28.4344,28.6310,0.0,0.0
1786,0,6,  0d 00:29:39.50,  0d 00:00:03.04,2.4997,4.0166,D,07/25/2025 10:50:03 AM,0.0000,28.7777,28.4344,28.6310,0.0,0.0
1787,0,6,  0d 00:29:40.50,  0d 00:00:04.04,2.4997,4.0146,D,07/25/2025 10:50:03 AM,0.0000,28.7932,28.4344,28.6310,0.0,0.0
1788,0,6,  0d 00:29:41.50,  0d 00:00:05.04,2.5003,4.0130,D,07/25/2025 10:50:04 AM,0.0000,28.7777,28.4344,28.6310,0.0,0.0
1789,0,6,  0d 00:29:42.50,  0d 00:00:06.04,2.5000,4.0114,D,07/25/2025 10:50:05 AM,0.0000,28.7777,28.4344,28.6310,0.0,0.0
1790,0,6,  0d 00:29:43.50,  0d 00:00:07.04,2.5003,4.0101,D,07/25/2025 10:50:06 AM,0.0000,28.7777,28.4344,28.6465,0.0,0.0
1791,0,6,  0d 00:29:44.50,  0d 00:00:08.04,2.4997,4.0089,D,07/25/2025 10:50:07 AM,0.0000,28.7777,28.4344,28.6465,0.0,0.0
1792,0,6,  0d 00:29:45.50,  0d 00:00:09.04,2.4997,4.0076,D,07/25/2025 10:50:08 AM,0.0000,28.7777,28.4344,28.6465,0.0,0.0
1793,0,6,  0d 00:29:46.50,  0d 00:00:10.04,2.5000,4.0065,D,07/25/2025 10:50:09 AM,0.0000,28.7777,28.4188,28.6465,0.0,0.0
1794,0,6,  0d 00:29:47.50,  0d 00:00:11.04,2.5000,4.0053,D,07/25/2025 10:50:10 AM,0.0000,28.7777,28.4344,28.6465,0.0,0.0
1795,0,6,  0d 00:29:48.50,  0d 00:00:12.04,2.4997,4.0044,D,07/25/2025 10:50:11 AM,0.0000,28.7777,28.4344,28.6465,0.0,0.0
1796,0,6,  0d 00:29:49.50,  0d 00:00:13.04,2.5003,4.0036,D,07/25/2025 10:50:13 AM,0.0000,28.7777,28.4344,28.6465,0.0,0.0
1797,0,6,  0d 00:29:50.50,  0d 00:00:14.04,2.4997,4.0025,D,07/25/2025 10:50:13 AM,0.0000,28.7932,28.4344,28.6310,0.0,0.0
1798,0,6,  0d 00:29:51.50,  0d 00:00:15.04,2.4994,4.0019,D,07/25/2025 10:50:14 AM,0.0000,28.7932,28.4344,28.6465,0.0,0.0
1799,0,6,  0d 00:29:52.50,  0d 00:00:16.04,2.4997,4.0010,D,07/25/2025 10:50:15 AM,0.0000,28.7932,28.4344,28.6465,0.0,0.0
1800,0,6,  0d 00:29:53.50,  0d 00:00:17.04,2.4997,4.0002,D,07/25/2025 10:50:16 AM,0.0000,28.7932,28.4344,28.6465,0.0,0.0
1801,0,6,  0d 00:29:54.50,  0d 00:00:18.04,2.5000,3.9993,D,07/25/2025 10:50:17 AM,0.0000,28.7932,28.4344,28.6465,0.0,0.0
1802,0,6,  0d 00:29:55.50,  0d 00:00:19.04,2.5000,3.9988,D,07/25/2025 10:50:18 AM,0.0000,28.7932,28.4344,28.6465,0.0,0.0
1803,0,6,  0d 00:29:56.50,  0d 00:00:20.04,2.4997,3.9982,D,07/25/2025 10:50:19 AM,0.0000,28.7777,28.4188,28.6465,0.0,0.0
1804,0,6,  0d 00:29:57.50,  0d 00:00:21.04,2.4997,3.9976,D,07/25/2025 10:50:20 AM,0.0000,28.7777,28.4344,28.6465,0.0,0.0
1805,0,6,  0d 00:29:58.50,  0d 00:00:22.04,2.5000,3.9969,D,07/25/2025 10:50:21 AM,0.0000,28.7932,28.4344,28.6465,0.0,0.0
1806,0,6,  0d 00:29:59.50,  0d 00:00:23.04,2.4994,3.9964,D,07/25/2025 10:50:23 AM,0.0000,28.7932,28.4344,28.6465,0.0,0.0
1807,0,6,  0d 00:30:00.50,  0d 00:00:24.04,2.4997,3.9957,D,07/25/2025 10:50:23 AM,0.0000,28.7932,28.4344,28.6465,0.0,0.0
1808,0,6,  0d 00:30:01.50,  0d 00:00:25.04,2.5000,3.9950,D,07/25/2025 10:50:24 AM,0.0000,28.7932,28.4344,28.6465,0.0,0.0
1809,0,6,  0d 00:30:02.50,  0d 00:00:26.04,2.5010,3.9945,D,07/25/2025 10:50:25 AM,0.0000,28.7932,28.4344,28.6465,0.0,0.0
1810,0,6,  0d 00:30:03.50,  0d 00:00:27.04,2.4997,3.9940,D,07/25/2025 10:50:26 AM,0.0000,28.7777,28.4344,28.6465,0.0,0.0
1811,0,6,  0d 00:30:04.50,  0d 00:00:28.04,2.4997,3.9934,D,07/25/2025 10:50:27 AM,0.0000,28.7777,28.4344,28.6465,0.0,0.0
1812,0,6,  0d 00:30:05.50,  0d 00:00:29.04,2.4991,3.9930,D,07/25/2025 10:50:28 AM,0.0000,28.7777,28.4344,28.6465,0.0,0.0
1813,0,6,  0d 00:30:06.50,  0d 00:00:30.04,2.4994,3.9925,D,07/25/2025 10:50:29 AM,0.0000,28.7777,28.4344,28.6465,0.0,0.0
1814,0,6,  0d 00:30:07.50,  0d 00:00:31.04,2.5000,3.9921,D,07/25/2025 10:50:30 AM,0.0000,28.7777,28.4344,28.6465,0.0,0.0
1815,0,6,  0d 00:30:08.50,  0d 00:00:32.04,2.5000,3.9918,D,07/25/2025 10:50:31 AM,0.0000,28.7777,28.4344,28.6465,0.0,0.0
1816,0,6,  0d 00:30:09.50,  0d 00:00:33.04,2.4997,3.9911,D,07/25/2025 10:50:33 AM,0.0000,28.7777,28.4344,28.6465,0.0,0.0
1817,0,6,  0d 00:30:10.50,  0d 00:00:34.04,2.4997,3.9907,D,07/25/2025 10:50:33 AM,0.0000,28.7777,28.4344,28.6465,0.0,0.0
1818,0,6,  0d 00:30:11.50,  0d 00:00:35.04,2.5000,3.9905,D,07/25/2025 10:50:34 AM,0.0000,28.7777,28.4344,28.6310,0.0,0.0
1819,0,6,  0d 00:30:12.50,  0d 00:00:36.04,2.4997,3.9899,D,07/25/2025 10:50:35 AM,0.0000,28.7777,28.4344,28.6310,0.0,0.0
1820,0,6,  0d 00:30:13.50,  0d 00:00:37.04,2.4997,3.9894,D,07/25/2025 10:50:36 AM,0.0000,28.7777,28.4344,28.6310,0.0,0.0
1821,0,6,  0d 00:30:14.50,  0d 00:00:38.04,2.4997,3.9891,D,07/25/2025 10:50:37 AM,0.0000,28.7777,28.4344,28.6310,0.0,0.0
1822,0,6,  0d 00:30:15.50,  0d 00:00:39.04,2.4997,3.9888,D,07/25/2025 10:50:38 AM,0.0000,28.7777,28.4344,28.6310,0.0,0.0
1823,0,6,  0d 00:30:16.50,  0d 00:00:40.04,2.4994,3.9884,D,07/25/2025 10:50:39 AM,0.0000,28.7777,28.4344,28.6310,0.0,0.0
1824,0,6,  0d 00:30:17.50,  0d 00:00:41.04,2.4994,3.9881,D,07/25/2025 10:50:40 AM,0.0000,28.7777,28.4344,28.6465,0.0,0.0
1825,0,6,  0d 00:30:18.50,  0d 00:00:42.04,2.5000,3.9876,D,07/25/2025 10:50:41 AM,0.0000,28.7777,28.4344,28.6465,0.0,0.0
1826,0,6,  0d 00:30:19.50,  0d 00:00:43.04,2.5000,3.9873,D,07/25/2025 10:50:43 AM,0.0000,28.7777,28.4344,28.6465,0.0,0.0
1827,0,6,  0d 00:30:20.50,  0d 00:00:44.04,2.5000,3.9870,D,07/25/2025 10:50:43 AM,0.0000,28.7777,28.4344,28.6465,0.0,0.0
1828,0,6,  0d 00:30:21.50,  0d 00:00:45.04,2.5000,3.9867,D,07/25/2025 10:50:44 AM,0.0000,28.7622,28.4344,28.6465,0.0,0.0
1829,0,6,  0d 00:30:22.50,  0d 00:00:46.04,2.5000,3.9863,D,07/25/2025 10:50:45 AM,0.0000,28.7622,28.4344,28.6465,0.0,0.0
1830,0,6,  0d 00:30:23.50,  0d 00:00:47.04,2.4997,3.9860,D,07/25/2025 10:50:46 AM,0.0000,28.7622,28.4344,28.6465,0.0,0.0
1831,0,6,  0d 00:30:24.50,  0d 00:00:48.04,2.5000,3.9857,D,07/25/2025 10:50:47 AM,0.0000,28.7622,28.4344,28.6465,0.0,0.0
1832,0,6,  0d 00:30:25.50,  0d 00:00:49.04,2.4997,3.9854,D,07/25/2025 10:50:48 AM,0.0000,28.7622,28.4344,28.6465,0.0,0.0
1833,0,6,  0d 00:30:26.50,  0d 00:00:50.04,2.5010,3.9851,D,07/25/2025 10:50:49 AM,0.0000,28.7777,28.4344,28.6465,0.0,0.0
1834,0,6,  0d 00:30:27.50,  0d 00:00:51.04,2.5000,3.9848,D,07/25/2025 10:50:50 AM,0.0000,28.7777,28.4344,28.6310,0.0,0.0
1835,0,6,  0d 00:30:28.50,  0d 00:00:52.04,2.4997,3.9844,D,07/25/2025 10:50:51 AM,0.0000,28.7777,28.4344,28.6465,0.0,0.0
1836,0,6,  0d 00:30:29.50,  0d 00:00:53.04,2.4997,3.9842,D,07/25/2025 10:50:52 AM,0.0000,28.7932,28.4344,28.6310,0.0,0.0
1837,0,6,  0d 00:30:30.50,  0d 00:00:54.04,2.4997,3.9840,D,07/25/2025 10:50:53 AM,0.0000,28.7932,28.4344,28.6310,0.0,0.0
1838,0,6,  0d 00:30:31.50,  0d 00:00:55.04,2.5003,3.9837,D,07/25/2025 10:50:54 AM,0.0000,28.7777,28.4344,28.6465,0.0,0.0
1839,0,6,  0d 00:30:32.50,  0d 00:00:56.04,2.5003,3.9834,D,07/25/2025 10:50:55 AM,0.0000,28.7777,28.4344,28.6310,0.0,0.0
1840,0,6,  0d 00:30:33.50,  0d 00:00:57.04,2.5000,3.9830,D,07/25/2025 10:50:56 AM,0.0000,28.7777,28.4344,28.6310,0.0,0.0
1841,0,6,  0d 00:30:34.50,  0d 00:00:58.04,2.4997,3.9828,D,07/25/2025 10:50:57 AM,0.0000,28.7777,28.4188,28.6310,0.0,0.0
1842,0,6,  0d 00:30:35.50,  0d 00:00:59.04,2.5000,3.9825,D,07/25/2025 10:50:58 AM,0.0000,28.7777,28.4188,28.6310,0.0,0.0
1843,0,6,  0d 00:30:36.50,  0d 00:01:00.04,2.4997,3.9822,D,07/25/2025 10:50:59 AM,0.0000,28.7777,28.4188,28.6310,0.0,0.0
1844,0,6,  0d 00:30:37.50,  0d 00:01:01.04,2.4997,3.9821,D,07/25/2025 10:51:00 AM,0.0000,28.7777,28.4188,28.6310,0.0,0.0
1845,0,6,  0d 00:30:38.50,  0d 00:01:02.04,2.4994,3.9818,D,07/25/2025 10:51:01 AM,0.0000,28.7777,28.4188,28.6310,0.0,0.0
1846,0,6,  0d 00:30:39.50,  0d 00:01:03.04,2.5000,3.9816,D,07/25/2025 10:51:02 AM,0.0000,28.7932,28.4188,28.6310,0.0,0.0
1847,0,6,  0d 00:30:40.50,  0d 00:01:04.04,2.5003,3.9813,D,07/25/2025 10:51:03 AM,0.0000,28.7932,28.4188,28.6310,0.0,0.0
1848,0,6,  0d 00:30:41.50,  0d 00:01:05.04,2.5003,3.9809,D,07/25/2025 10:51:04 AM,0.0000,28.7932,28.4188,28.6310,0.0,0.0
1849,0,6,  0d 00:30:42.50,  0d 00:01:06.04,2.4991,3.9808,D,07/25/2025 10:51:05 AM,0.0000,28.7777,28.4188,28.6310,0.0,0.0
1850,0,6,  0d 00:30:43.50,  0d 00:01:07.04,2.5000,3.9806,D,07/25/2025 10:51:06 AM,0.0000,28.7777,28.4188,28.6465,0.0,0.0
1851,0,6,  0d 00:30:44.50,  0d 00:01:08.04,2.4994,3.9804,D,07/25/2025 10:51:07 AM,0.0000,28.7777,28.4188,28.6310,0.0,0.0
1852,0,6,  0d 00:30:45.50,  0d 00:01:09.04,2.4994,3.9801,D,07/25/2025 10:51:08 AM,0.0000,28.7777,28.4188,28.6465,0.0,0.0
1853,0,6,  0d 00:30:46.50,  0d 00:01:10.04,2.4997,3.9797,D,07/25/2025 10:51:09 AM,0.0000,28.7777,28.4188,28.6310,0.0,0.0
1854,0,6,  0d 00:30:47.50,  0d 00:01:11.04,2.5000,3.9796,D,07/25/2025 10:51:10 AM,0.0000,28.7777,28.4188,28.6310,0.0,0.0
1855,0,6,  0d 00:30:48.50,  0d 00:01:12.04,2.5000,3.9795,D,07/25/2025 10:51:11 AM,0.0000,28.7777,28.4188,28.6310,0.0,0.0
1856,0,6,  0d 00:30:49.50,  0d 00:01:13.04,2.5000,3.9792,D,07/25/2025 10:51:12 AM,0.0000,28.7777,28.4188,28.6310,0.0,0.0
1857,0,6,  0d 00:30:50.50,  0d 00:01:14.04,2.4997,3.9789,D,07/25/2025 10:51:14 AM,0.0000,28.7777,28.4188,28.6310,0.0,0.0
1858,0,6,  0d 00:30:51.50,  0d 00:01:15.04,2.4994,3.9788,D,07/25/2025 10:51:14 AM,0.0000,28.7777,28.4188,28.6310,0.0,0.0
1859,0,6,  0d 00:30:52.50,  0d 00:01:16.04,2.5000,3.9785,D,07/25/2025 10:51:15 AM,0.0000,28.7777,28.4188,28.6310,0.0,0.0
1860,0,6,  0d 00:30:53.50,  0d 00:01:17.04,2.5000,3.9782,D,07/25/2025 10:51:16 AM,0.0000,28.7777,28.4188,28.6310,0.0,0.0
1861,0,6,  0d 00:30:54.50,  0d 00:01:18.04,2.5000,3.9780,D,07/25/2025 10:51:17 AM,0.0000,28.7777,28.4188,28.6310,0.0,0.0
1862,0,6,  0d 00:30:55.50,  0d 00:01:19.04,2.5000,3.9779,D,07/25/2025 10:51:18 AM,0.0000,28.7777,28.4188,28.6310,0.0,0.0
1863,0,6,  0d 00:30:56.50,  0d 00:01:20.04,2.5000,3.9776,D,07/25/2025 10:51:19 AM,0.0000,28.7777,28.4188,28.6310,0.0,0.0
1864,0,6,  0d 00:30:57.50,  0d 00:01:21.04,2.4994,3.9774,D,07/25/2025 10:51:20 AM,0.0000,28.7932,28.4188,28.6310,0.0,0.0
1865,0,6,  0d 00:30:58.50,  0d 00:01:22.04,2.5003,3.9773,D,07/25/2025 10:51:21 AM,0.0000,28.7777,28.4188,28.6310,0.0,0.0
1866,0,6,  0d 00:30:59.50,  0d 00:01:23.04,2.4997,3.9771,D,07/25/2025 10:51:22 AM,0.0000,28.7932,28.4188,28.6310,0.0,0.0
1867,0,6,  0d 00:31:00.50,  0d 00:01:24.04,2.5000,3.9768,D,07/25/2025 10:51:24 AM,0.0000,28.7777,28.4188,28.6310,0.0,0.0
1868,0,6,  0d 00:31:01.50,  0d 00:01:25.04,2.5000,3.9766,D,07/25/2025 10:51:24 AM,0.0000,28.7777,28.4344,28.6310,0.0,0.0
1869,0,6,  0d 00:31:02.50,  0d 00:01:26.04,2.5000,3.9763,D,07/25/2025 10:51:25 AM,0.0000,28.7777,28.4344,28.6310,0.0,0.0
1870,0,6,  0d 00:31:03.50,  0d 00:01:27.04,2.4994,3.9760,D,07/25/2025 10:51:26 AM,0.0000,28.7777,28.4344,28.6310,0.0,0.0
1871,0,6,  0d 00:31:04.50,  0d 00:01:28.04,2.5003,3.9759,D,07/25/2025 10:51:27 AM,0.0000,28.7777,28.4344,28.6310,0.0,0.0
1872,0,6,  0d 00:31:05.50,  0d 00:01:29.04,2.5000,3.9757,D,07/25/2025 10:51:28 AM,0.0000,28.7777,28.4188,28.6310,0.0,0.0
1873,0,6,  0d 00:31:06.50,  0d 00:01:30.04,2.4997,3.9754,D,07/25/2025 10:51:29 AM,0.0000,28.7777,28.4188,28.6310,0.0,0.0
1874,0,6,  0d 00:31:07.50,  0d 00:01:31.04,2.5003,3.9752,D,07/25/2025 10:51:30 AM,0.0000,28.7777,28.4188,28.6310,0.0,0.0
1875,0,6,  0d 00:31:08.50,  0d 00:01:32.04,2.5000,3.9751,D,07/25/2025 10:51:31 AM,0.0000,28.7932,28.4344,28.6310,0.0,0.0
1876,0,6,  0d 00:31:09.50,  0d 00:01:33.04,2.4997,3.9749,D,07/25/2025 10:51:32 AM,0.0000,28.7932,28.4344,28.6310,0.0,0.0
1877,0,6,  0d 00:31:10.50,  0d 00:01:34.04,2.5006,3.9746,D,07/25/2025 10:51:34 AM,0.0000,28.7932,28.4344,28.6310,0.0,0.0
1878,0,6,  0d 00:31:11.50,  0d 00:01:35.04,2.5000,3.9744,D,07/25/2025 10:51:34 AM,0.0000,28.7932,28.4344,28.6310,0.0,0.0
1879,0,6,  0d 00:31:12.50,  0d 00:01:36.04,2.5000,3.9742,D,07/25/2025 10:51:35 AM,0.0000,28.7932,28.4344,28.6310,0.0,0.0
1880,0,6,  0d 00:31:13.50,  0d 00:01:37.04,2.4997,3.9740,D,07/25/2025 10:51:36 AM,0.0000,28.7932,28.4188,28.6310,0.0,0.0
1881,0,6,  0d 00:31:14.50,  0d 00:01:38.04,2.4997,3.9738,D,07/25/2025 10:51:37 AM,0.0000,28.7932,28.4188,28.6310,0.0,0.0
1882,0,6,  0d 00:31:15.50,  0d 00:01:39.04,2.4994,3.9734,D,07/25/2025 10:51:38 AM,0.0000,28.7777,28.4188,28.6310,0.0,0.0
1883,0,6,  0d 00:31:16.50,  0d 00:01:40.04,2.5000,3.9733,D,07/25/2025 10:51:39 AM,0.0000,28.7777,28.4188,28.6465,0.0,0.0
1884,0,6,  0d 00:31:17.50,  0d 00:01:41.04,2.4997,3.9731,D,07/25/2025 10:51:40 AM,0.0000,28.7777,28.4188,28.6465,0.0,0.0
1885,0,6,  0d 00:31:18.50,  0d 00:01:42.04,2.4994,3.9729,D,07/25/2025 10:51:41 AM,0.0000,28.7777,28.4188,28.6465,0.0,0.0
1886,0,6,  0d 00:31:19.50,  0d 00:01:43.04,2.4997,3.9728,D,07/25/2025 10:51:42 AM,0.0000,28.7777,28.4188,28.6465,0.0,0.0
1887,0,6,  0d 00:31:20.50,  0d 00:01:44.04,2.4997,3.9725,D,07/25/2025 10:51:44 AM,0.0000,28.7932,28.4188,28.6310,0.0,0.0
1888,0,6,  0d 00:31:21.50,  0d 00:01:45.04,2.4994,3.9724,D,07/25/2025 10:51:44 AM,0.0000,28.7777,28.4188,28.6465,0.0,0.0
1889,0,6,  0d 00:31:22.50,  0d 00:01:46.04,2.5003,3.9721,D,07/25/2025 10:51:45 AM,0.0000,28.7777,28.4188,28.6465,0.0,0.0
1890,0,6,  0d 00:31:23.50,  0d 00:01:47.04,2.4994,3.9720,D,07/25/2025 10:51:46 AM,0.0000,28.7777,28.4188,28.6465,0.0,0.0
1891,0,6,  0d 00:31:24.50,  0d 00:01:48.04,2.5000,3.9718,D,07/25/2025 10:51:47 AM,0.0000,28.7622,28.4188,28.6465,0.0,0.0
1892,0,6,  0d 00:31:25.50,  0d 00:01:49.04,2.4991,3.9715,D,07/25/2025 10:51:48 AM,0.0000,28.7777,28.4188,28.6310,0.0,0.0
1893,0,6,  0d 00:31:26.50,  0d 00:01:50.04,2.4997,3.9712,D,07/25/2025 10:51:49 AM,0.0000,28.7777,28.4188,28.6310,0.0,0.0
1894,0,6,  0d 00:31:27.50,  0d 00:01:51.04,2.5000,3.9711,D,07/25/2025 10:51:50 AM,0.0000,28.7777,28.4188,28.6310,0.0,0.0
1895,0,6,  0d 00:31:28.50,  0d 00:01:52.04,2.5003,3.9709,D,07/25/2025 10:51:51 AM,0.0000,28.7777,28.4344,28.6465,0.0,0.0
1896,0,6,  0d 00:31:29.50,  0d 00:01:53.04,2.5000,3.9707,D,07/25/2025 10:51:52 AM,0.0000,28.7777,28.4344,28.6465,0.0,0.0
1897,0,6,  0d 00:31:30.50,  0d 00:01:54.04,2.5000,3.9703,D,07/25/2025 10:51:54 AM,0.0000,28.7777,28.4188,28.6465,0.0,0.0
1898,0,6,  0d 00:31:31.50,  0d 00:01:55.04,2.4994,3.9702,D,07/25/2025 10:51:54 AM,0.0000,28.7777,28.4188,28.6465,0.0,0.0
1899,0,6,  0d 00:31:32.50,  0d 00:01:56.04,2.5000,3.9701,D,07/25/2025 10:51:55 AM,0.0000,28.7777,28.4188,28.6465,0.0,0.0
1900,0,6,  0d 00:31:33.50,  0d 00:01:57.04,2.4991,3.9698,D,07/25/2025 10:51:56 AM,0.0000,28.7777,28.4188,28.6465,0.0,0.0
1901,0,6,  0d 00:31:34.50,  0d 00:01:58.04,2.5000,3.9696,D,07/25/2025 10:51:57 AM,0.0000,28.7777,28.4188,28.6465,0.0,0.0
1902,0,6,  0d 00:31:35.50,  0d 00:01:59.04,2.5000,3.9694,D,07/25/2025 10:51:58 AM,0.0000,28.7777,28.4344,28.6465,0.0,0.0
1903,0,6,  0d 00:31:36.50,  0d 00:02:00.04,2.5003,3.9693,D,07/25/2025 10:51:59 AM,0.0000,28.7777,28.4344,28.6465,0.0,0.0
1904,0,6,  0d 00:31:37.50,  0d 00:02:01.04,2.5000,3.9689,D,07/25/2025 10:52:00 AM,0.0000,28.7622,28.4344,28.6465,0.0,0.0
1905,0,6,  0d 00:31:38.50,  0d 00:02:02.04,2.4994,3.9686,D,07/25/2025 10:52:01 AM,0.0000,28.7777,28.4344,28.6465,0.0,0.0
1906,0,6,  0d 00:31:39.50,  0d 00:02:03.04,2.4997,3.9686,D,07/25/2025 10:52:02 AM,0.0000,28.7777,28.4344,28.6465,0.0,0.0
1907,0,6,  0d 00:31:40.50,  0d 00:02:04.04,2.5000,3.9684,D,07/25/2025 10:52:03 AM,0.0000,28.7622,28.4344,28.6310,0.0,0.0
1908,0,6,  0d 00:31:41.50,  0d 00:02:05.04,2.5000,3.9681,D,07/25/2025 10:52:04 AM,0.0000,28.7622,28.4344,28.6310,0.0,0.0
1909,0,6,  0d 00:31:42.50,  0d 00:02:06.04,2.5000,3.9680,D,07/25/2025 10:52:05 AM,0.0000,28.7777,28.4188,28.6465,0.0,0.0
1910,0,6,  0d 00:31:43.50,  0d 00:02:07.04,2.5003,3.9679,D,07/25/2025 10:52:06 AM,0.0000,28.7777,28.4188,28.6465,0.0,0.0
1911,0,6,  0d 00:31:44.50,  0d 00:02:08.04,2.4997,3.9677,D,07/25/2025 10:52:07 AM,0.0000,28.7777,28.4188,28.6465,0.0,0.0
1912,0,6,  0d 00:31:45.50,  0d 00:02:09.04,2.5000,3.9673,D,07/25/2025 10:52:08 AM,0.0000,28.7777,28.4188,28.6465,0.0,0.0
1913,0,6,  0d 00:31:46.50,  0d 00:02:10.04,2.5006,3.9673,D,07/25/2025 10:52:09 AM,0.0000,28.7777,28.4188,28.6310,0.0,0.0
1914,0,6,  0d 00:31:47.50,  0d 00:02:11.04,2.4997,3.9670,D,07/25/2025 10:52:10 AM,0.0000,28.7777,28.4188,28.6310,0.0,0.0
1915,0,6,  0d 00:31:48.50,  0d 00:02:12.04,2.5000,3.9666,D,07/25/2025 10:52:11 AM,0.0000,28.7777,28.4188,28.6310,0.0,0.0
1916,0,6,  0d 00:31:49.50,  0d 00:02:13.04,2.5000,3.9666,D,07/25/2025 10:52:12 AM,0.0000,28.7777,28.4188,28.6310,0.0,0.0
1917,0,6,  0d 00:31:50.50,  0d 00:02:14.04,2.4991,3.9665,D,07/25/2025 10:52:13 AM,0.0000,28.7777,28.4188,28.6310,0.0,0.0
1918,0,6,  0d 00:31:51.50,  0d 00:02:15.04,2.4997,3.9662,D,07/25/2025 10:52:14 AM,0.0000,28.7777,28.4188,28.6310,0.0,0.0
1919,0,6,  0d 00:31:52.50,  0d 00:02:16.04,2.5000,3.9659,D,07/25/2025 10:52:15 AM,0.0000,28.7777,28.4188,28.6310,0.0,0.0
1920,0,6,  0d 00:31:53.50,  0d 00:02:17.04,2.4997,3.9657,D,07/25/2025 10:52:16 AM,0.0000,28.7622,28.4188,28.6310,0.0,0.0
1921,0,6,  0d 00:31:54.50,  0d 00:02:18.04,2.5000,3.9654,D,07/25/2025 10:52:17 AM,0.0000,28.7622,28.4188,28.6310,0.0,0.0
1922,0,6,  0d 00:31:55.50,  0d 00:02:19.04,2.5000,3.9653,D,07/25/2025 10:52:18 AM,0.0000,28.7622,28.4188,28.6310,0.0,0.0
1923,0,6,  0d 00:31:56.50,  0d 00:02:20.04,2.4994,3.9651,D,07/25/2025 10:52:19 AM,0.0000,28.7777,28.4188,28.6310,0.0,0.0
1924,0,6,  0d 00:31:57.50,  0d 00:02:21.04,2.4994,3.9648,D,07/25/2025 10:52:20 AM,0.0000,28.7777,28.4344,28.6310,0.0,0.0
1925,0,6,  0d 00:31:58.50,  0d 00:02:22.04,2.4994,3.9647,D,07/25/2025 10:52:21 AM,0.0000,28.7777,28.4188,28.6310,0.0,0.0
1926,0,6,  0d 00:31:59.50,  0d 00:02:23.04,2.4997,3.9644,D,07/25/2025 10:52:22 AM,0.0000,28.7777,28.4188,28.6310,0.0,0.0
1927,0,6,  0d 00:32:00.50,  0d 00:02:24.04,2.4997,3.9643,D,07/25/2025 10:52:23 AM,0.0000,28.7777,28.4188,28.6310,0.0,0.0
1928,0,6,  0d 00:32:01.50,  0d 00:02:25.04,2.5003,3.9641,D,07/25/2025 10:52:24 AM,0.0000,28.7777,28.4188,28.6310,0.0,0.0
1929,0,6,  0d 00:32:02.50,  0d 00:02:26.04,2.4997,3.9638,D,07/25/2025 10:52:25 AM,0.0000,28.7777,28.4188,28.6310,0.0,0.0
1930,0,6,  0d 00:32:03.50,  0d 00:02:27.04,2.4994,3.9635,D,07/25/2025 10:52:26 AM,0.0000,28.7777,28.4188,28.6310,0.0,0.0
1931,0,6,  0d 00:32:04.50,  0d 00:02:28.04,2.5003,3.9635,D,07/25/2025 10:52:27 AM,0.0000,28.7777,28.4188,28.6310,0.0,0.0
1932,0,6,  0d 00:32:05.50,  0d 00:02:29.04,2.4994,3.9631,D,07/25/2025 10:52:28 AM,0.0000,28.7777,28.4188,28.6310,0.0,0.0
1933,0,6,  0d 00:32:06.50,  0d 00:02:30.04,2.5003,3.9630,D,07/25/2025 10:52:29 AM,0.0000,28.7777,28.4188,28.6310,0.0,0.0
1934,0,6,  0d 00:32:07.50,  0d 00:02:31.04,2.5000,3.9628,D,07/25/2025 10:52:30 AM,0.0000,28.7777,28.4188,28.6310,0.0,0.0
1935,0,6,  0d 00:32:08.50,  0d 00:02:32.04,2.4997,3.9627,D,07/25/2025 10:52:31 AM,0.0000,28.7777,28.4188,28.6310,0.0,0.0
1936,0,6,  0d 00:32:09.50,  0d 00:02:33.04,2.4994,3.9623,D,07/25/2025 10:52:32 AM,0.0000,28.7777,28.4188,28.6310,0.0,0.0
1937,0,6,  0d 00:32:10.50,  0d 00:02:34.04,2.5000,3.9621,D,07/25/2025 10:52:33 AM,0.0000,28.7777,28.4188,28.6310,0.0,0.0
1938,0,6,  0d 00:32:11.50,  0d 00:02:35.04,2.5003,3.9619,D,07/25/2025 10:52:35 AM,0.0000,28.7777,28.4188,28.6310,0.0,0.0
1939,0,6,  0d 00:32:12.50,  0d 00:02:36.04,2.4997,3.9615,D,07/25/2025 10:52:35 AM,0.0000,28.7777,28.4188,28.6310,0.0,0.0
1940,0,6,  0d 00:32:13.50,  0d 00:02:37.04,2.4997,3.9615,D,07/25/2025 10:52:36 AM,0.0000,28.7777,28.4033,28.6310,0.0,0.0
1941,0,6,  0d 00:32:14.50,  0d 00:02:38.04,2.5003,3.9613,D,07/25/2025 10:52:37 AM,0.0000,28.7777,28.4188,28.6310,0.0,0.0
1942,0,6,  0d 00:32:15.50,  0d 00:02:39.04,2.5006,3.9610,D,07/25/2025 10:52:38 AM,0.0000,28.7777,28.4188,28.6310,0.0,0.0
1943,0,6,  0d 00:32:16.50,  0d 00:02:40.04,2.4994,3.9608,D,07/25/2025 10:52:39 AM,0.0000,28.7777,28.4188,28.6310,0.0,0.0
1944,0,6,  0d 00:32:17.50,  0d 00:02:41.04,2.4997,3.9606,D,07/25/2025 10:52:40 AM,0.0000,28.7777,28.4188,28.6310,0.0,0.0
1945,0,6,  0d 00:32:18.50,  0d 00:02:42.04,2.5000,3.9602,D,07/25/2025 10:52:41 AM,0.0000,28.7777,28.4188,28.6310,0.0,0.0
1946,0,6,  0d 00:32:19.50,  0d 00:02:43.04,2.4997,3.9602,D,07/25/2025 10:52:42 AM,0.0000,28.7777,28.4188,28.6310,0.0,0.0
1947,0,6,  0d 00:32:20.50,  0d 00:02:44.04,2.5000,3.9599,D,07/25/2025 10:52:43 AM,0.0000,28.7777,28.4188,28.6310,0.0,0.0
1948,0,6,  0d 00:32:21.50,  0d 00:02:45.04,2.5000,3.9597,D,07/25/2025 10:52:45 AM,0.0000,28.7777,28.4188,28.6310,0.0,0.0
1949,0,6,  0d 00:32:22.50,  0d 00:02:46.04,2.5003,3.9595,D,07/25/2025 10:52:45 AM,0.0000,28.7777,28.4188,28.6310,0.0,0.0
1950,0,6,  0d 00:32:23.50,  0d 00:02:47.04,2.5003,3.9593,D,07/25/2025 10:52:46 AM,0.0000,28.7777,28.4188,28.6310,0.0,0.0
1951,0,6,  0d 00:32:24.50,  0d 00:02:48.04,2.4997,3.9590,D,07/25/2025 10:52:47 AM,0.0000,28.7777,28.4188,28.6310,0.0,0.0
1952,0,6,  0d 00:32:25.50,  0d 00:02:49.04,2.4997,3.9588,D,07/25/2025 10:52:48 AM,0.0000,28.7777,28.4188,28.6310,0.0,0.0
1953,0,6,  0d 00:32:26.50,  0d 00:02:50.04,2.4997,3.9586,D,07/25/2025 10:52:49 AM,0.0000,28.7777,28.4188,28.6310,0.0,0.0
1954,0,6,  0d 00:32:27.50,  0d 00:02:51.04,2.5000,3.9584,D,07/25/2025 10:52:50 AM,0.0000,28.7777,28.4188,28.6310,0.0,0.0
1955,0,6,  0d 00:32:28.50,  0d 00:02:52.04,2.4997,3.9582,D,07/25/2025 10:52:51 AM,0.0000,28.7932,28.4188,28.6310,0.0,0.0
1956,0,6,  0d 00:32:29.50,  0d 00:02:53.04,2.5000,3.9579,D,07/25/2025 10:52:52 AM,0.0000,28.7777,28.4188,28.6310,0.0,0.0
1957,0,6,  0d 00:32:30.50,  0d 00:02:54.04,2.4997,3.9577,D,07/25/2025 10:52:53 AM,0.0000,28.7777,28.4188,28.6310,0.0,0.0
1958,0,6,  0d 00:32:31.50,  0d 00:02:55.04,2.4997,3.9574,D,07/25/2025 10:52:55 AM,0.0000,28.7777,28.4188,28.6310,0.0,0.0
1959,0,6,  0d 00:32:32.50,  0d 00:02:56.04,2.5006,3.9573,D,07/25/2025 10:52:55 AM,0.0000,28.7777,28.4344,28.6310,0.0,0.0
1960,0,6,  0d 00:32:33.50,  0d 00:02:57.04,2.5000,3.9570,D,07/25/2025 10:52:56 AM,0.0000,28.7777,28.4344,28.6310,0.0,0.0
1961,0,6,  0d 00:32:34.50,  0d 00:02:58.04,2.5006,3.9567,D,07/25/2025 10:52:57 AM,0.0000,28.7777,28.4344,28.6310,0.0,0.0
1962,0,6,  0d 00:32:35.50,  0d 00:02:59.04,2.4994,3.9566,D,07/25/2025 10:52:58 AM,0.0000,28.7777,28.4344,28.6310,0.0,0.0
1963,0,6,  0d 00:32:36.50,  0d 00:03:00.04,2.5000,3.9562,D,07/25/2025 10:52:59 AM,0.0000,28.7622,28.4344,28.6310,0.0,0.0
1964,0,6,  0d 00:32:37.50,  0d 00:03:01.04,2.5000,3.9561,D,07/25/2025 10:53:00 AM,0.0000,28.7777,28.4188,28.6465,0.0,0.0
1965,0,6,  0d 00:32:38.50,  0d 00:03:02.04,2.5000,3.9558,D,07/25/2025 10:53:01 AM,0.0000,28.7777,28.4344,28.6310,0.0,0.0
1966,0,6,  0d 00:32:39.50,  0d 00:03:03.04,2.4997,3.9557,D,07/25/2025 10:53:02 AM,0.0000,28.7777,28.4344,28.6465,0.0,0.0
1967,0,6,  0d 00:32:40.50,  0d 00:03:04.04,2.5000,3.9554,D,07/25/2025 10:53:03 AM,0.0000,28.7777,28.4344,28.6465,0.0,0.0
1968,0,6,  0d 00:32:41.50,  0d 00:03:05.04,2.4997,3.9551,D,07/25/2025 10:53:05 AM,0.0000,28.7777,28.4344,28.6465,0.0,0.0
1969,0,6,  0d 00:32:42.50,  0d 00:03:06.04,2.4997,3.9549,D,07/25/2025 10:53:05 AM,0.0000,28.7777,28.4188,28.6465,0.0,0.0
1970,0,6,  0d 00:32:43.50,  0d 00:03:07.04,2.5000,3.9546,D,07/25/2025 10:53:06 AM,0.0000,28.7777,28.4188,28.6310,0.0,0.0
1971,0,6,  0d 00:32:44.50,  0d 00:03:08.04,2.4997,3.9545,D,07/25/2025 10:53:07 AM,0.0000,28.7932,28.4188,28.6310,0.0,0.0
1972,0,6,  0d 00:32:45.50,  0d 00:03:09.04,2.4997,3.9541,D,07/25/2025 10:53:08 AM,0.0000,28.7932,28.4188,28.6465,0.0,0.0
1973,0,6,  0d 00:32:46.50,  0d 00:03:10.04,2.4997,3.9541,D,07/25/2025 10:53:09 AM,0.0000,28.7777,28.4188,28.6465,0.0,0.0
1974,0,6,  0d 00:32:47.50,  0d 00:03:11.04,2.4994,3.9537,D,07/25/2025 10:53:10 AM,0.0000,28.7777,28.4344,28.6465,0.0,0.0
1975,0,6,  0d 00:32:48.50,  0d 00:03:12.04,2.5006,3.9535,D,07/25/2025 10:53:11 AM,0.0000,28.7777,28.4188,28.6465,0.0,0.0
1976,0,6,  0d 00:32:49.50,  0d 00:03:13.04,2.5003,3.9533,D,07/25/2025 10:53:12 AM,0.0000,28.7777,28.4344,28.6465,0.0,0.0
1977,0,6,  0d 00:32:50.50,  0d 00:03:14.04,2.5003,3.9529,D,07/25/2025 10:53:13 AM,0.0000,28.7777,28.4344,28.6465,0.0,0.0
1978,0,6,  0d 00:32:51.50,  0d 00:03:15.04,2.5000,3.9528,D,07/25/2025 10:53:15 AM,0.0000,28.7932,28.4344,28.6465,0.0,0.0
1979,0,6,  0d 00:32:52.50,  0d 00:03:16.04,2.4997,3.9525,D,07/25/2025 10:53:15 AM,0.0000,28.7932,28.4344,28.6465,0.0,0.0
1980,0,6,  0d 00:32:53.50,  0d 00:03:17.04,2.5000,3.9524,D,07/25/2025 10:53:16 AM,0.0000,28.7932,28.4188,28.6465,0.0,0.0
1981,0,6,  0d 00:32:54.50,  0d 00:03:18.04,2.5000,3.9521,D,07/25/2025 10:53:17 AM,0.0000,28.7932,28.4344,28.6465,0.0,0.0
1982,0,6,  0d 00:32:55.50,  0d 00:03:19.04,2.5000,3.9519,D,07/25/2025 10:53:18 AM,0.0000,28.7932,28.4344,28.6310,0.0,0.0
1983,0,6,  0d 00:32:56.50,  0d 00:03:20.04,2.4997,3.9516,D,07/25/2025 10:53:19 AM,0.0000,28.7932,28.4344,28.6465,0.0,0.0
1984,0,6,  0d 00:32:57.50,  0d 00:03:21.04,2.5000,3.9513,D,07/25/2025 10:53:20 AM,0.0000,28.7932,28.4344,28.6310,0.0,0.0
1985,0,6,  0d 00:32:58.50,  0d 00:03:22.04,2.4997,3.9512,D,07/25/2025 10:53:21 AM,0.0000,28.7777,28.4344,28.6465,0.0,0.0
1986,0,6,  0d 00:32:59.50,  0d 00:03:23.04,2.5003,3.9509,D,07/25/2025 10:53:22 AM,0.0000,28.7777,28.4188,28.6310,0.0,0.0
1987,0,6,  0d 00:33:00.50,  0d 00:03:24.04,2.4994,3.9505,D,07/25/2025 10:53:23 AM,0.0000,28.7777,28.4344,28.6310,0.0,0.0
1988,0,6,  0d 00:33:01.50,  0d 00:03:25.04,2.4997,3.9504,D,07/25/2025 10:53:24 AM,0.0000,28.7777,28.4344,28.6465,0.0,0.0
1989,0,6,  0d 00:33:02.50,  0d 00:03:26.04,2.5000,3.9500,D,07/25/2025 10:53:25 AM,0.0000,28.7777,28.4344,28.6465,0.0,0.0
1990,0,6,  0d 00:33:03.50,  0d 00:03:27.04,2.5003,3.9497,D,07/25/2025 10:53:26 AM,0.0000,28.7777,28.4188,28.6465,0.0,0.0
1991,0,6,  0d 00:33:04.50,  0d 00:03:28.04,2.4994,3.9496,D,07/25/2025 10:53:27 AM,0.0000,28.7777,28.4188,28.6465,0.0,0.0
1992,0,6,  0d 00:33:05.50,  0d 00:03:29.04,2.5000,3.9493,D,07/25/2025 10:53:28 AM,0.0000,28.7932,28.4188,28.6465,0.0,0.0
1993,0,6,  0d 00:33:06.50,  0d 00:03:30.04,2.5003,3.9490,D,07/25/2025 10:53:29 AM,0.0000,28.7932,28.4188,28.6465,0.0,0.0
1994,0,6,  0d 00:33:07.50,  0d 00:03:31.04,2.5000,3.9487,D,07/25/2025 10:53:30 AM,0.0000,28.7932,28.4344,28.6465,0.0,0.0
1995,0,6,  0d 00:33:08.50,  0d 00:03:32.04,2.5003,3.9485,D,07/25/2025 10:53:31 AM,0.0000,28.7777,28.4344,28.6465,0.0,0.0
1996,0,6,  0d 00:33:09.50,  0d 00:03:33.04,2.4997,3.9483,D,07/25/2025 10:53:32 AM,0.0000,28.7777,28.4344,28.6310,0.0,0.0
1997,0,6,  0d 00:33:10.50,  0d 00:03:34.04,2.4997,3.9481,D,07/25/2025 10:53:33 AM,0.0000,28.7777,28.4344,28.6310,0.0,0.0
1998,0,6,  0d 00:33:11.50,  0d 00:03:35.04,2.5000,3.9477,D,07/25/2025 10:53:34 AM,0.0000,28.7777,28.4344,28.6310,0.0,0.0
1999,0,6,  0d 00:33:12.50,  0d 00:03:36.04,2.5000,3.9475,D,07/25/2025 10:53:35 AM,0.0000,28.7777,28.4344,28.6310,0.0,0.0
2000,0,6,  0d 00:33:13.50,  0d 00:03:37.04,2.5000,3.9474,D,07/25/2025 10:53:36 AM,0.0000,28.7777,28.4188,28.6310,0.0,0.0
2001,0,6,  0d 00:33:14.50,  0d 00:03:38.04,2.4994,3.9471,D,07/25/2025 10:53:37 AM,0.0000,28.7777,28.4188,28.6465,0.0,0.0
2002,0,6,  0d 00:33:15.50,  0d 00:03:39.04,2.4994,3.9468,D,07/25/2025 10:53:38 AM,0.0000,28.7777,28.4344,28.6465,0.0,0.0
2003,0,6,  0d 00:33:16.50,  0d 00:03:40.04,2.4991,3.9466,D,07/25/2025 10:53:39 AM,0.0000,28.7777,28.4344,28.6310,0.0,0.0
2004,0,6,  0d 00:33:17.50,  0d 00:03:41.04,2.4997,3.9463,D,07/25/2025 10:53:40 AM,0.0000,28.7777,28.4344,28.6310,0.0,0.0
2005,0,6,  0d 00:33:18.50,  0d 00:03:42.04,2.5000,3.9460,D,07/25/2025 10:53:41 AM,0.0000,28.7777,28.4344,28.6310,0.0,0.0
2006,0,6,  0d 00:33:19.50,  0d 00:03:43.04,2.4997,3.9458,D,07/25/2025 10:53:42 AM,0.0000,28.7777,28.4344,28.6310,0.0,0.0
2007,0,6,  0d 00:33:20.50,  0d 00:03:44.04,2.5006,3.9454,D,07/25/2025 10:53:43 AM,0.0000,28.7932,28.4344,28.6310,0.0,0.0
2008,0,6,  0d 00:33:21.50,  0d 00:03:45.04,2.4997,3.9453,D,07/25/2025 10:53:44 AM,0.0000,28.7932,28.4344,28.6310,0.0,0.0
2009,0,6,  0d 00:33:22.50,  0d 00:03:46.04,2.4997,3.9450,D,07/25/2025 10:53:46 AM,0.0000,28.7777,28.4344,28.6310,0.0,0.0
2010,0,6,  0d 00:33:23.50,  0d 00:03:47.04,2.5000,3.9448,D,07/25/2025 10:53:46 AM,0.0000,28.7932,28.4344,28.6310,0.0,0.0
2011,0,6,  0d 00:33:24.50,  0d 00:03:48.04,2.4994,3.9446,D,07/25/2025 10:53:47 AM,0.0000,28.7777,28.4344,28.6310,0.0,0.0
2012,0,6,  0d 00:33:25.50,  0d 00:03:49.04,2.4997,3.9442,D,07/25/2025 10:53:48 AM,0.0000,28.7777,28.4188,28.6310,0.0,0.0
2013,0,6,  0d 00:33:26.50,  0d 00:03:50.04,2.4994,3.9441,D,07/25/2025 10:53:49 AM,0.0000,28.7777,28.4188,28.6310,0.0,0.0
2014,0,6,  0d 00:33:27.50,  0d 00:03:51.04,2.4997,3.9437,D,07/25/2025 10:53:50 AM,0.0000,28.7777,28.4188,28.6310,0.0,0.0
2015,0,6,  0d 00:33:28.50,  0d 00:03:52.04,2.5000,3.9435,D,07/25/2025 10:53:51 AM,0.0000,28.7777,28.4188,28.6310,0.0,0.0
2016,0,6,  0d 00:33:29.50,  0d 00:03:53.04,2.5000,3.9432,D,07/25/2025 10:53:52 AM,0.0000,28.7777,28.4188,28.6465,0.0,0.0
2017,0,6,  0d 00:33:30.50,  0d 00:03:54.04,2.5006,3.9429,D,07/25/2025 10:53:53 AM,0.0000,28.7932,28.4344,28.6465,0.0,0.0
2018,0,6,  0d 00:33:31.50,  0d 00:03:55.04,2.5000,3.9426,D,07/25/2025 10:53:54 AM,0.0000,28.7932,28.4344,28.6465,0.0,0.0
2019,0,6,  0d 00:33:32.50,  0d 00:03:56.04,2.5000,3.9424,D,07/25/2025 10:53:56 AM,0.0000,28.7932,28.4344,28.6465,0.0,0.0
2020,0,6,  0d 00:33:33.50,  0d 00:03:57.04,2.5000,3.9421,D,07/25/2025 10:53:56 AM,0.0000,28.7932,28.4344,28.6310,0.0,0.0
2021,0,6,  0d 00:33:34.50,  0d 00:03:58.04,2.5003,3.9419,D,07/25/2025 10:53:57 AM,0.0000,28.7932,28.4344,28.6310,0.0,0.0
2022,0,6,  0d 00:33:35.50,  0d 00:03:59.04,2.4997,3.9415,D,07/25/2025 10:53:58 AM,0.0000,28.7932,28.4188,28.6310,0.0,0.0
2023,0,6,  0d 00:33:36.50,  0d 00:04:00.04,2.5000,3.9413,D,07/25/2025 10:53:59 AM,0.0000,28.7932,28.4188,28.6465,0.0,0.0
2024,0,6,  0d 00:33:37.50,  0d 00:04:01.04,2.5003,3.9409,D,07/25/2025 10:54:00 AM,0.0000,28.7932,28.4344,28.6465,0.0,0.0
2025,0,6,  0d 00:33:38.50,  0d 00:04:02.04,2.4994,3.9406,D,07/25/2025 10:54:01 AM,0.0000,28.7932,28.4344,28.6465,0.0,0.0
2026,0,6,  0d 00:33:39.50,  0d 00:04:03.04,2.5000,3.9404,D,07/25/2025 10:54:02 AM,0.0000,28.7932,28.4344,28.6465,0.0,0.0
2027,0,6,  0d 00:33:40.50,  0d 00:04:04.04,2.4994,3.9402,D,07/25/2025 10:54:03 AM,0.0000,28.7932,28.4344,28.6465,0.0,0.0
2028,0,6,  0d 00:33:41.50,  0d 00:04:05.04,2.5006,3.9398,D,07/25/2025 10:54:04 AM,0.0000,28.7932,28.4344,28.6465,0.0,0.0
2029,0,6,  0d 00:33:42.50,  0d 00:04:06.04,2.4997,3.9397,D,07/25/2025 10:54:06 AM,0.0000,28.7932,28.4344,28.6465,0.0,0.0
2030,0,6,  0d 00:33:43.50,  0d 00:04:07.04,2.5003,3.9394,D,07/25/2025 10:54:06 AM,0.0000,28.7932,28.4344,28.6465,0.0,0.0
2031,0,6,  0d 00:33:44.50,  0d 00:04:08.04,2.5006,3.9390,D,07/25/2025 10:54:07 AM,0.0000,28.7932,28.4344,28.6465,0.0,0.0
2032,0,6,  0d 00:33:45.50,  0d 00:04:09.04,2.5000,3.9389,D,07/25/2025 10:54:08 AM,0.0000,28.7932,28.4344,28.6465,0.0,0.0
2033,0,6,  0d 00:33:46.50,  0d 00:04:10.04,2.5000,3.9386,D,07/25/2025 10:54:09 AM,0.0000,28.7932,28.4344,28.6465,0.0,0.0
2034,0,6,  0d 00:33:47.50,  0d 00:04:11.04,2.5000,3.9383,D,07/25/2025 10:54:10 AM,0.0000,28.7777,28.4344,28.6465,0.0,0.0
2035,0,6,  0d 00:33:48.50,  0d 00:04:12.04,2.4997,3.9379,D,07/25/2025 10:54:11 AM,0.0000,28.7777,28.4344,28.6465,0.0,0.0
2036,0,6,  0d 00:33:49.50,  0d 00:04:13.04,2.4997,3.9377,D,07/25/2025 10:54:12 AM,0.0000,28.7777,28.4344,28.6465,0.0,0.0
2037,0,6,  0d 00:33:50.50,  0d 00:04:14.04,2.5000,3.9373,D,07/25/2025 10:54:13 AM,0.0000,28.7777,28.4344,28.6465,0.0,0.0
2038,0,6,  0d 00:33:51.50,  0d 00:04:15.04,2.4997,3.9371,D,07/25/2025 10:54:14 AM,0.0000,28.7777,28.4344,28.6465,0.0,0.0
2039,0,6,  0d 00:33:52.50,  0d 00:04:16.04,2.5000,3.9368,D,07/25/2025 10:54:16 AM,0.0000,28.7777,28.4344,28.6465,0.0,0.0
2040,0,6,  0d 00:33:53.50,  0d 00:04:17.04,2.4997,3.9364,D,07/25/2025 10:54:16 AM,0.0000,28.7777,28.4344,28.6465,0.0,0.0
2041,0,6,  0d 00:33:54.50,  0d 00:04:18.04,2.5000,3.9362,D,07/25/2025 10:54:17 AM,0.0000,28.7777,28.4344,28.6310,0.0,0.0
2042,0,6,  0d 00:33:55.50,  0d 00:04:19.04,2.5000,3.9360,D,07/25/2025 10:54:18 AM,0.0000,28.7777,28.4344,28.6310,0.0,0.0
2043,0,6,  0d 00:33:56.50,  0d 00:04:20.04,2.4997,3.9357,D,07/25/2025 10:54:19 AM,0.0000,28.7777,28.4188,28.6310,0.0,0.0
2044,0,6,  0d 00:33:57.50,  0d 00:04:21.04,2.4994,3.9355,D,07/25/2025 10:54:20 AM,0.0000,28.7777,28.4188,28.6310,0.0,0.0
2045,0,6,  0d 00:33:58.50,  0d 00:04:22.04,2.5000,3.9351,D,07/25/2025 10:54:21 AM,0.0000,28.7777,28.4188,28.6310,0.0,0.0
2046,0,6,  0d 00:33:59.50,  0d 00:04:23.04,2.5003,3.9348,D,07/25/2025 10:54:22 AM,0.0000,28.7777,28.4344,28.6310,0.0,0.0
2047,0,6,  0d 00:34:00.50,  0d 00:04:24.04,2.4997,3.9345,D,07/25/2025 10:54:23 AM,0.0000,28.7777,28.4344,28.6310,0.0,0.0
2048,0,6,  0d 00:34:01.50,  0d 00:04:25.04,2.5000,3.9342,D,07/25/2025 10:54:24 AM,0.0000,28.7777,28.4344,28.6310,0.0,0.0
2049,0,6,  0d 00:34:02.50,  0d 00:04:26.04,2.4997,3.9339,D,07/25/2025 10:54:26 AM,0.0000,28.7777,28.4344,28.6310,0.0,0.0
2050,0,6,  0d 00:34:03.50,  0d 00:04:27.04,2.5000,3.9337,D,07/25/2025 10:54:26 AM,0.0000,28.7777,28.4344,28.6310,0.0,0.0
2051,0,6,  0d 00:34:04.50,  0d 00:04:28.04,2.5003,3.9334,D,07/25/2025 10:54:27 AM,0.0000,28.7777,28.4188,28.6465,0.0,0.0
2052,0,6,  0d 00:34:05.50,  0d 00:04:29.04,2.4994,3.9331,D,07/25/2025 10:54:28 AM,0.0000,28.7777,28.4188,28.6465,0.0,0.0
2053,0,6,  0d 00:34:06.50,  0d 00:04:30.04,2.4997,3.9327,D,07/25/2025 10:54:29 AM,0.0000,28.7777,28.4188,28.6465,0.0,0.0
2054,0,6,  0d 00:34:07.50,  0d 00:04:31.04,2.4997,3.9323,D,07/25/2025 10:54:30 AM,0.0000,28.7777,28.4188,28.6310,0.0,0.0
2055,0,6,  0d 00:34:08.50,  0d 00:04:32.04,2.5003,3.9320,D,07/25/2025 10:54:31 AM,0.0000,28.7777,28.4188,28.6310,0.0,0.0
2056,0,6,  0d 00:34:09.50,  0d 00:04:33.04,2.5003,3.9319,D,07/25/2025 10:54:32 AM,0.0000,28.7777,28.4344,28.6310,0.0,0.0
2057,0,6,  0d 00:34:10.50,  0d 00:04:34.04,2.5000,3.9316,D,07/25/2025 10:54:33 AM,0.0000,28.7777,28.4344,28.6310,0.0,0.0
2058,0,6,  0d 00:34:11.50,  0d 00:04:35.04,2.4997,3.9313,D,07/25/2025 10:54:34 AM,0.0000,28.7777,28.4188,28.6310,0.0,0.0
2059,0,6,  0d 00:34:12.50,  0d 00:04:36.04,2.4994,3.9309,D,07/25/2025 10:54:35 AM,0.0000,28.7777,28.4188,28.6310,0.0,0.0
2060,0,6,  0d 00:34:13.50,  0d 00:04:37.04,2.4997,3.9306,D,07/25/2025 10:54:36 AM,0.0000,28.7777,28.4188,28.6310,0.0,0.0
2061,0,6,  0d 00:34:14.50,  0d 00:04:38.04,2.4997,3.9303,D,07/25/2025 10:54:37 AM,0.0000,28.7777,28.4188,28.6310,0.0,0.0
2062,0,6,  0d 00:34:15.50,  0d 00:04:39.04,2.4994,3.9302,D,07/25/2025 10:54:38 AM,0.0000,28.7777,28.4188,28.6310,0.0,0.0
2063,0,6,  0d 00:34:16.50,  0d 00:04:40.04,2.4994,3.9297,D,07/25/2025 10:54:39 AM,0.0000,28.7777,28.4188,28.6310,0.0,0.0
2064,0,6,  0d 00:34:17.50,  0d 00:04:41.04,2.5000,3.9295,D,07/25/2025 10:54:40 AM,0.0000,28.7777,28.4188,28.6310,0.0,0.0
2065,0,6,  0d 00:34:18.50,  0d 00:04:42.04,2.4994,3.9292,D,07/25/2025 10:54:41 AM,0.0000,28.7777,28.4188,28.6310,0.0,0.0
2066,0,6,  0d 00:34:19.50,  0d 00:04:43.04,2.4997,3.9289,D,07/25/2025 10:54:42 AM,0.0000,28.7777,28.4188,28.6465,0.0,0.0
2067,0,6,  0d 00:34:20.50,  0d 00:04:44.04,2.5000,3.9286,D,07/25/2025 10:54:43 AM,0.0000,28.7777,28.4188,28.6465,0.0,0.0
2068,0,6,  0d 00:34:21.50,  0d 00:04:45.04,2.4997,3.9284,D,07/25/2025 10:54:44 AM,0.0000,28.7777,28.4188,28.6465,0.0,0.0
2069,0,6,  0d 00:34:22.50,  0d 00:04:46.04,2.5003,3.9281,D,07/25/2025 10:54:45 AM,0.0000,28.7777,28.4344,28.6465,0.0,0.0
2070,0,6,  0d 00:34:23.50,  0d 00:04:47.04,2.4997,3.9277,D,07/25/2025 10:54:46 AM,0.0000,28.7777,28.4344,28.6310,0.0,0.0
2071,0,6,  0d 00:34:24.50,  0d 00:04:48.04,2.5000,3.9274,D,07/25/2025 10:54:47 AM,0.0000,28.7932,28.4188,28.6465,0.0,0.0
2072,0,6,  0d 00:34:25.50,  0d 00:04:49.04,2.4997,3.9271,D,07/25/2025 10:54:48 AM,0.0000,28.7932,28.4188,28.6465,0.0,0.0
2073,0,6,  0d 00:34:26.50,  0d 00:04:50.04,2.4997,3.9268,D,07/25/2025 10:54:49 AM,0.0000,28.7932,28.4188,28.6465,0.0,0.0
2074,0,6,  0d 00:34:27.50,  0d 00:04:51.04,2.5000,3.9264,D,07/25/2025 10:54:50 AM,0.0000,28.7777,28.4188,28.6310,0.0,0.0
2075,0,6,  0d 00:34:28.50,  0d 00:04:52.04,2.5003,3.9261,D,07/25/2025 10:54:51 AM,0.0000,28.7777,28.4344,28.6310,0.0,0.0
2076,0,6,  0d 00:34:29.50,  0d 00:04:53.04,2.5003,3.9258,D,07/25/2025 10:54:52 AM,0.0000,28.7777,28.4188,28.6310,0.0,0.0
2077,0,6,  0d 00:34:30.50,  0d 00:04:54.04,2.5006,3.9254,D,07/25/2025 10:54:53 AM,0.0000,28.7777,28.4188,28.6310,0.0,0.0
2078,0,6,  0d 00:34:31.50,  0d 00:04:55.04,2.5003,3.9251,D,07/25/2025 10:54:54 AM,0.0000,28.7777,28.4188,28.6465,0.0,0.0
2079,0,6,  0d 00:34:32.50,  0d 00:04:56.04,2.4994,3.9248,D,07/25/2025 10:54:55 AM,0.0000,28.7777,28.4188,28.6465,0.0,0.0
2080,0,6,  0d 00:34:33.50,  0d 00:04:57.04,2.5000,3.9245,D,07/25/2025 10:54:57 AM,0.0000,28.7777,28.4188,28.6465,0.0,0.0
2081,0,6,  0d 00:34:34.50,  0d 00:04:58.04,2.5000,3.9243,D,07/25/2025 10:54:57 AM,0.0000,28.7932,28.4188,28.6465,0.0,0.0
2082,0,6,  0d 00:34:35.50,  0d 00:04:59.04,2.4997,3.9240,D,07/25/2025 10:54:58 AM,0.0000,28.7777,28.4188,28.6310,0.0,0.0
2083,0,6,  0d 00:34:36.50,  0d 00:05:00.04,2.5000,3.9237,D,07/25/2025 10:54:59 AM,0.0000,28.7932,28.4188,28.6465,0.0,0.0
2084,0,6,  0d 00:34:37.50,  0d 00:05:01.04,2.4997,3.9232,D,07/25/2025 10:55:00 AM,0.0000,28.7777,28.4344,28.6310,0.0,0.0
2085,0,6,  0d 00:34:38.50,  0d 00:05:02.04,2.5000,3.9229,D,07/25/2025 10:55:01 AM,0.0000,28.7777,28.4344,28.6310,0.0,0.0
2086,0,6,  0d 00:34:39.50,  0d 00:05:03.04,2.4997,3.9226,D,07/25/2025 10:55:02 AM,0.0000,28.7777,28.4344,28.6310,0.0,0.0
2087,0,6,  0d 00:34:40.50,  0d 00:05:04.04,2.4997,3.9224,D,07/25/2025 10:55:03 AM,0.0000,28.7777,28.4344,28.6310,0.0,0.0
2088,0,6,  0d 00:34:41.50,  0d 00:05:05.04,2.5000,3.9220,D,07/25/2025 10:55:04 AM,0.0000,28.7777,28.4344,28.6310,0.0,0.0
2089,0,6,  0d 00:34:42.50,  0d 00:05:06.04,2.4997,3.9218,D,07/25/2025 10:55:05 AM,0.0000,28.7777,28.4344,28.6310,0.0,0.0
2090,0,6,  0d 00:34:43.50,  0d 00:05:07.04,2.5003,3.9214,D,07/25/2025 10:55:07 AM,0.0000,28.7777,28.4344,28.6310,0.0,0.0
2091,0,6,  0d 00:34:44.50,  0d 00:05:08.04,2.4994,3.9210,D,07/25/2025 10:55:07 AM,0.0000,28.7777,28.4188,28.6310,0.0,0.0
2092,0,6,  0d 00:34:45.50,  0d 00:05:09.04,2.5000,3.9207,D,07/25/2025 10:55:08 AM,0.0000,28.7777,28.4188,28.6310,0.0,0.0
2093,0,6,  0d 00:34:46.50,  0d 00:05:10.04,2.5000,3.9203,D,07/25/2025 10:55:09 AM,0.0000,28.7777,28.4188,28.6310,0.0,0.0
2094,0,6,  0d 00:34:47.50,  0d 00:05:11.04,2.4991,3.9202,D,07/25/2025 10:55:10 AM,0.0000,28.7777,28.4188,28.6310,0.0,0.0
2095,0,6,  0d 00:34:48.50,  0d 00:05:12.04,2.4994,3.9197,D,07/25/2025 10:55:11 AM,0.0000,28.7777,28.4188,28.6310,0.0,0.0
2096,0,6,  0d 00:34:49.50,  0d 00:05:13.04,2.4997,3.9196,D,07/25/2025 10:55:12 AM,0.0000,28.7777,28.4188,28.6310,0.0,0.0
2097,0,6,  0d 00:34:50.50,  0d 00:05:14.04,2.4994,3.9191,D,07/25/2025 10:55:13 AM,0.0000,28.7777,28.4188,28.6310,0.0,0.0
2098,0,6,  0d 00:34:51.50,  0d 00:05:15.04,2.4997,3.9188,D,07/25/2025 10:55:14 AM,0.0000,28.7777,28.4188,28.6310,0.0,0.0
2099,0,6,  0d 00:34:52.50,  0d 00:05:16.04,2.5000,3.9185,D,07/25/2025 10:55:15 AM,0.0000,28.7777,28.4188,28.6310,0.0,0.0
2100,0,6,  0d 00:34:53.50,  0d 00:05:17.04,2.4997,3.9181,D,07/25/2025 10:55:17 AM,0.0000,28.7777,28.4188,28.6310,0.0,0.0
2101,0,6,  0d 00:34:54.50,  0d 00:05:18.04,2.5000,3.9178,D,07/25/2025 10:55:17 AM,0.0000,28.7777,28.4188,28.6465,0.0,0.0
2102,0,6,  0d 00:34:55.50,  0d 00:05:19.04,2.5003,3.9175,D,07/25/2025 10:55:18 AM,0.0000,28.7777,28.4344,28.6465,0.0,0.0
2103,0,6,  0d 00:34:56.50,  0d 00:05:20.04,2.4997,3.9172,D,07/25/2025 10:55:19 AM,0.0000,28.7777,28.4344,28.6465,0.0,0.0
2104,0,6,  0d 00:34:57.50,  0d 00:05:21.04,2.4994,3.9170,D,07/25/2025 10:55:20 AM,0.0000,28.7777,28.4344,28.6465,0.0,0.0
2105,0,6,  0d 00:34:58.50,  0d 00:05:22.04,2.4997,3.9165,D,07/25/2025 10:55:21 AM,0.0000,28.7777,28.4188,28.6310,0.0,0.0
2106,0,6,  0d 00:34:59.50,  0d 00:05:23.04,2.4997,3.9163,D,07/25/2025 10:55:22 AM,0.0000,28.7777,28.4188,28.6465,0.0,0.0
2107,0,6,  0d 00:35:00.50,  0d 00:05:24.04,2.4997,3.9159,D,07/25/2025 10:55:23 AM,0.0000,28.7777,28.4188,28.6310,0.0,0.0
2108,0,6,  0d 00:35:01.50,  0d 00:05:25.04,2.5000,3.9156,D,07/25/2025 10:55:24 AM,0.0000,28.7777,28.4188,28.6465,0.0,0.0
2109,0,6,  0d 00:35:02.50,  0d 00:05:26.04,2.5003,3.9153,D,07/25/2025 10:55:25 AM,0.0000,28.7777,28.4188,28.6465,0.0,0.0
2110,0,6,  0d 00:35:03.50,  0d 00:05:27.04,2.5003,3.9149,D,07/25/2025 10:55:27 AM,0.0000,28.7777,28.4188,28.6465,0.0,0.0
2111,0,6,  0d 00:35:04.50,  0d 00:05:28.04,2.5000,3.9145,D,07/25/2025 10:55:27 AM,0.0000,28.7932,28.4188,28.6465,0.0,0.0
2112,0,6,  0d 00:35:05.50,  0d 00:05:29.04,2.4997,3.9142,D,07/25/2025 10:55:28 AM,0.0000,28.7932,28.4188,28.6465,0.0,0.0
2113,0,6,  0d 00:35:06.50,  0d 00:05:30.04,2.5003,3.9139,D,07/25/2025 10:55:29 AM,0.0000,28.7932,28.4188,28.6465,0.0,0.0
2114,0,6,  0d 00:35:07.50,  0d 00:05:31.04,2.5003,3.9136,D,07/25/2025 10:55:30 AM,0.0000,28.7932,28.4188,28.6465,0.0,0.0
2115,0,6,  0d 00:35:08.50,  0d 00:05:32.04,2.5000,3.9133,D,07/25/2025 10:55:31 AM,0.0000,28.7777,28.4188,28.6465,0.0,0.0
2116,0,6,  0d 00:35:09.50,  0d 00:05:33.04,2.5000,3.9129,D,07/25/2025 10:55:32 AM,0.0000,28.7777,28.4188,28.6465,0.0,0.0
2117,0,6,  0d 00:35:10.50,  0d 00:05:34.04,2.4994,3.9126,D,07/25/2025 10:55:33 AM,0.0000,28.7777,28.4188,28.6310,0.0,0.0
2118,0,6,  0d 00:35:11.50,  0d 00:05:35.04,2.5000,3.9123,D,07/25/2025 10:55:34 AM,0.0000,28.7777,28.4188,28.6310,0.0,0.0
2119,0,6,  0d 00:35:12.50,  0d 00:05:36.04,2.5000,3.9120,D,07/25/2025 10:55:35 AM,0.0000,28.7777,28.4188,28.6310,0.0,0.0
2120,0,6,  0d 00:35:13.50,  0d 00:05:37.04,2.4997,3.9116,D,07/25/2025 10:55:37 AM,0.0000,28.7777,28.4188,28.6310,0.0,0.0
2121,0,6,  0d 00:35:14.50,  0d 00:05:38.04,2.4997,3.9113,D,07/25/2025 10:55:37 AM,0.0000,28.7777,28.4188,28.6310,0.0,0.0
2122,0,6,  0d 00:35:15.50,  0d 00:05:39.04,2.4997,3.9110,D,07/25/2025 10:55:38 AM,0.0000,28.7777,28.4188,28.6465,0.0,0.0
2123,0,6,  0d 00:35:16.50,  0d 00:05:40.04,2.5000,3.9106,D,07/25/2025 10:55:39 AM,0.0000,28.7777,28.4344,28.6465,0.0,0.0
2124,0,6,  0d 00:35:17.50,  0d 00:05:41.04,2.4997,3.9103,D,07/25/2025 10:55:40 AM,0.0000,28.7777,28.4188,28.6465,0.0,0.0
2125,0,6,  0d 00:35:18.50,  0d 00:05:42.04,2.5000,3.9100,D,07/25/2025 10:55:41 AM,0.0000,28.7777,28.4188,28.6310,0.0,0.0
2126,0,6,  0d 00:35:19.50,  0d 00:05:43.04,2.4997,3.9096,D,07/25/2025 10:55:42 AM,0.0000,28.7777,28.4188,28.6310,0.0,0.0
2127,0,6,  0d 00:35:20.50,  0d 00:05:44.04,2.5006,3.9094,D,07/25/2025 10:55:43 AM,0.0000,28.7777,28.4188,28.6310,0.0,0.0
2128,0,6,  0d 00:35:21.50,  0d 00:05:45.04,2.5003,3.9089,D,07/25/2025 10:55:44 AM,0.0000,28.7777,28.4188,28.6310,0.0,0.0
2129,0,6,  0d 00:35:22.50,  0d 00:05:46.04,2.5000,3.9085,D,07/25/2025 10:55:45 AM,0.0000,28.7777,28.4188,28.6310,0.0,0.0
2130,0,6,  0d 00:35:23.50,  0d 00:05:47.04,2.5003,3.9081,D,07/25/2025 10:55:46 AM,0.0000,28.7777,28.4188,28.6310,0.0,0.0
2131,0,6,  0d 00:35:24.50,  0d 00:05:48.04,2.5000,3.9078,D,07/25/2025 10:55:47 AM,0.0000,28.7777,28.4188,28.6310,0.0,0.0
2132,0,6,  0d 00:35:25.50,  0d 00:05:49.04,2.4997,3.9075,D,07/25/2025 10:55:48 AM,0.0000,28.7932,28.4188,28.6465,0.0,0.0
2133,0,6,  0d 00:35:26.50,  0d 00:05:50.04,2.4997,3.9073,D,07/25/2025 10:55:49 AM,0.0000,28.7932,28.4188,28.6465,0.0,0.0
2134,0,6,  0d 00:35:27.50,  0d 00:05:51.04,2.4997,3.9069,D,07/25/2025 10:55:50 AM,0.0000,28.7777,28.4188,28.6465,0.0,0.0
2135,0,6,  0d 00:35:28.50,  0d 00:05:52.04,2.4994,3.9067,D,07/25/2025 10:55:51 AM,0.0000,28.7777,28.4188,28.6465,0.0,0.0
2136,0,6,  0d 00:35:29.50,  0d 00:05:53.04,2.4997,3.9063,D,07/25/2025 10:55:52 AM,0.0000,28.7777,28.4188,28.6310,0.0,0.0
2137,0,6,  0d 00:35:30.50,  0d 00:05:54.04,2.5000,3.9059,D,07/25/2025 10:55:53 AM,0.0000,28.7777,28.4188,28.6310,0.0,0.0
2138,0,6,  0d 00:35:31.50,  0d 00:05:55.04,2.5000,3.9057,D,07/25/2025 10:55:54 AM,0.0000,28.7777,28.4344,28.6310,0.0,0.0
2139,0,6,  0d 00:35:32.50,  0d 00:05:56.04,2.4994,3.9052,D,07/25/2025 10:55:55 AM,0.0000,28.7777,28.4344,28.6465,0.0,0.0
2140,0,6,  0d 00:35:33.50,  0d 00:05:57.04,2.4997,3.9049,D,07/25/2025 10:55:56 AM,0.0000,28.7777,28.4344,28.6465,0.0,0.0
2141,0,6,  0d 00:35:34.50,  0d 00:05:58.04,2.4994,3.9046,D,07/25/2025 10:55:57 AM,0.0000,28.7777,28.4344,28.6465,0.0,0.0
2142,0,6,  0d 00:35:35.50,  0d 00:05:59.04,2.4997,3.9042,D,07/25/2025 10:55:58 AM,0.0000,28.7777,28.4188,28.6465,0.0,0.0
2143,0,6,  0d 00:35:36.50,  0d 00:06:00.04,2.5000,3.9040,D,07/25/2025 10:55:59 AM,0.0000,28.7777,28.4188,28.6310,0.0,0.0
2144,0,6,  0d 00:35:37.50,  0d 00:06:01.04,2.4997,3.9035,D,07/25/2025 10:56:00 AM,0.0000,28.7622,28.4188,28.6310,0.0,0.0
2145,0,6,  0d 00:35:38.50,  0d 00:06:02.04,2.5006,3.9032,D,07/25/2025 10:56:01 AM,0.0000,28.7777,28.4188,28.6310,0.0,0.0
2146,0,6,  0d 00:35:39.50,  0d 00:06:03.04,2.4997,3.9030,D,07/25/2025 10:56:02 AM,0.0000,28.7777,28.4188,28.6310,0.0,0.0
2147,0,6,  0d 00:35:40.50,  0d 00:06:04.04,2.5003,3.9026,D,07/25/2025 10:56:03 AM,0.0000,28.7777,28.4188,28.6465,0.0,0.0
2148,0,6,  0d 00:35:41.50,  0d 00:06:05.04,2.5000,3.9020,D,07/25/2025 10:56:04 AM,0.0000,28.7932,28.4188,28.6465,0.0,0.0
2149,0,6,  0d 00:35:42.50,  0d 00:06:06.04,2.5000,3.9018,D,07/25/2025 10:56:05 AM,0.0000,28.7777,28.4188,28.6465,0.0,0.0
2150,0,6,  0d 00:35:43.50,  0d 00:06:07.04,2.5003,3.9014,D,07/25/2025 10:56:06 AM,0.0000,28.7777,28.4188,28.6465,0.0,0.0
2151,0,6,  0d 00:35:44.50,  0d 00:06:08.04,2.4991,3.9011,D,07/25/2025 10:56:08 AM,0.0000,28.7777,28.4188,28.6465,0.0,0.0
2152,0,6,  0d 00:35:45.50,  0d 00:06:09.04,2.5000,3.9009,D,07/25/2025 10:56:08 AM,0.0000,28.7622,28.4188,28.6310,0.0,0.0
2153,0,6,  0d 00:35:46.50,  0d 00:06:10.04,2.5000,3.9005,D,07/25/2025 10:56:09 AM,0.0000,28.7622,28.4188,28.6310,0.0,0.0
2154,0,6,  0d 00:35:47.50,  0d 00:06:11.04,2.5000,3.9001,D,07/25/2025 10:56:10 AM,0.0000,28.7777,28.4188,28.6310,0.0,0.0
2155,0,6,  0d 00:35:48.50,  0d 00:06:12.04,2.5006,3.8998,D,07/25/2025 10:56:11 AM,0.0000,28.7777,28.4188,28.6310,0.0,0.0
2156,0,6,  0d 00:35:49.50,  0d 00:06:13.04,2.4994,3.8996,D,07/25/2025 10:56:12 AM,0.0000,28.7777,28.4188,28.6310,0.0,0.0
2157,0,6,  0d 00:35:50.50,  0d 00:06:14.04,2.5000,3.8991,D,07/25/2025 10:56:13 AM,0.0000,28.7777,28.4188,28.6310,0.0,0.0
2158,0,6,  0d 00:35:51.50,  0d 00:06:15.04,2.5003,3.8988,D,07/25/2025 10:56:14 AM,0.0000,28.7777,28.4188,28.6310,0.0,0.0
2159,0,6,  0d 00:35:52.50,  0d 00:06:16.04,2.5000,3.8984,D,07/25/2025 10:56:15 AM,0.0000,28.7777,28.4188,28.6310,0.0,0.0
2160,0,6,  0d 00:35:53.50,  0d 00:06:17.04,2.5000,3.8981,D,07/25/2025 10:56:16 AM,0.0000,28.7777,28.4188,28.6310,0.0,0.0
2161,0,6,  0d 00:35:54.50,  0d 00:06:18.04,2.4994,3.8977,D,07/25/2025 10:56:18 AM,0.0000,28.7777,28.4188,28.6310,0.0,0.0
2162,0,6,  0d 00:35:55.50,  0d 00:06:19.04,2.4994,3.8975,D,07/25/2025 10:56:18 AM,0.0000,28.7777,28.4188,28.6310,0.0,0.0
2163,0,6,  0d 00:35:56.50,  0d 00:06:20.04,2.4997,3.8971,D,07/25/2025 10:56:19 AM,0.0000,28.7777,28.4188,28.6310,0.0,0.0
2164,0,6,  0d 00:35:57.50,  0d 00:06:21.04,2.5000,3.8968,D,07/25/2025 10:56:20 AM,0.0000,28.7777,28.4188,28.6310,0.0,0.0
2165,0,6,  0d 00:35:58.50,  0d 00:06:22.04,2.5000,3.8965,D,07/25/2025 10:56:21 AM,0.0000,28.7777,28.4188,28.6310,0.0,0.0
2166,0,6,  0d 00:35:59.50,  0d 00:06:23.04,2.5000,3.8962,D,07/25/2025 10:56:22 AM,0.0000,28.7622,28.4188,28.6310,0.0,0.0
2167,0,6,  0d 00:36:00.50,  0d 00:06:24.04,2.4997,3.8958,D,07/25/2025 10:56:23 AM,0.0000,28.7622,28.4188,28.6310,0.0,0.0
2168,0,6,  0d 00:36:01.50,  0d 00:06:25.04,2.4997,3.8952,D,07/25/2025 10:56:24 AM,0.0000,28.7622,28.4188,28.6310,0.0,0.0
2169,0,6,  0d 00:36:02.50,  0d 00:06:26.04,2.5000,3.8951,D,07/25/2025 10:56:25 AM,0.0000,28.7777,28.4188,28.6310,0.0,0.0
2170,0,6,  0d 00:36:03.50,  0d 00:06:27.04,2.5000,3.8947,D,07/25/2025 10:56:26 AM,0.0000,28.7777,28.4188,28.6310,0.0,0.0
2171,0,6,  0d 00:36:04.50,  0d 00:06:28.04,2.5003,3.8944,D,07/25/2025 10:56:28 AM,0.0000,28.7777,28.4188,28.6310,0.0,0.0
2172,0,6,  0d 00:36:05.50,  0d 00:06:29.04,2.4997,3.8941,D,07/25/2025 10:56:28 AM,0.0000,28.7777,28.4188,28.6310,0.0,0.0
2173,0,6,  0d 00:36:06.50,  0d 00:06:30.04,2.5003,3.8937,D,07/25/2025 10:56:29 AM,0.0000,28.7777,28.4188,28.6310,0.0,0.0
2174,0,6,  0d 00:36:07.50,  0d 00:06:31.04,2.5000,3.8934,D,07/25/2025 10:56:30 AM,0.0000,28.7777,28.4188,28.6310,0.0,0.0
2175,0,6,  0d 00:36:08.50,  0d 00:06:32.04,2.5000,3.8931,D,07/25/2025 10:56:31 AM,0.0000,28.7777,28.4188,28.6310,0.0,0.0
2176,0,6,  0d 00:36:09.50,  0d 00:06:33.04,2.5003,3.8926,D,07/25/2025 10:56:32 AM,0.0000,28.7777,28.4188,28.6310,0.0,0.0
2177,0,6,  0d 00:36:10.50,  0d 00:06:34.04,2.5003,3.8923,D,07/25/2025 10:56:33 AM,0.0000,28.7777,28.4188,28.6310,0.0,0.0
2178,0,6,  0d 00:36:11.50,  0d 00:06:35.04,2.4997,3.8919,D,07/25/2025 10:56:34 AM,0.0000,28.7777,28.4188,28.6310,0.0,0.0
2179,0,6,  0d 00:36:12.50,  0d 00:06:36.04,2.4997,3.8917,D,07/25/2025 10:56:35 AM,0.0000,28.7777,28.4188,28.6310,0.0,0.0
2180,0,6,  0d 00:36:13.50,  0d 00:06:37.04,2.4994,3.8913,D,07/25/2025 10:56:36 AM,0.0000,28.7777,28.4188,28.6310,0.0,0.0
2181,0,6,  0d 00:36:14.50,  0d 00:06:38.04,2.4997,3.8909,D,07/25/2025 10:56:38 AM,0.0000,28.7777,28.4188,28.6310,0.0,0.0
2182,0,6,  0d 00:36:15.50,  0d 00:06:39.04,2.4994,3.8907,D,07/25/2025 10:56:38 AM,0.0000,28.7777,28.4188,28.6310,0.0,0.0
2183,0,6,  0d 00:36:16.50,  0d 00:06:40.04,2.5000,3.8903,D,07/25/2025 10:56:39 AM,0.0000,28.7777,28.4188,28.6310,0.0,0.0
2184,0,6,  0d 00:36:17.50,  0d 00:06:41.04,2.5003,3.8899,D,07/25/2025 10:56:40 AM,0.0000,28.7777,28.4188,28.6310,0.0,0.0
2185,0,6,  0d 00:36:18.50,  0d 00:06:42.04,2.4997,3.8897,D,07/25/2025 10:56:41 AM,0.0000,28.7777,28.4188,28.6310,0.0,0.0
2186,0,6,  0d 00:36:19.50,  0d 00:06:43.04,2.5000,3.8891,D,07/25/2025 10:56:42 AM,0.0000,28.7777,28.4188,28.6310,0.0,0.0
2187,0,6,  0d 00:36:20.50,  0d 00:06:44.04,2.5000,3.8889,D,07/25/2025 10:56:43 AM,0.0000,28.7777,28.4188,28.6310,0.0,0.0
2188,0,6,  0d 00:36:21.50,  0d 00:06:45.04,2.5003,3.8885,D,07/25/2025 10:56:44 AM,0.0000,28.7777,28.4188,28.6310,0.0,0.0
2189,0,6,  0d 00:36:22.50,  0d 00:06:46.04,2.5000,3.8882,D,07/25/2025 10:56:45 AM,0.0000,28.7777,28.4188,28.6310,0.0,0.0
2190,0,6,  0d 00:36:23.50,  0d 00:06:47.04,2.5000,3.8878,D,07/25/2025 10:56:46 AM,0.0000,28.7622,28.4188,28.6310,0.0,0.0
2191,0,6,  0d 00:36:24.50,  0d 00:06:48.04,2.5000,3.8876,D,07/25/2025 10:56:48 AM,0.0000,28.7622,28.4188,28.6310,0.0,0.0
2192,0,6,  0d 00:36:25.50,  0d 00:06:49.04,2.5006,3.8872,D,07/25/2025 10:56:48 AM,0.0000,28.7777,28.4188,28.6310,0.0,0.0
2193,0,6,  0d 00:36:26.50,  0d 00:06:50.04,2.4997,3.8869,D,07/25/2025 10:56:49 AM,0.0000,28.7777,28.4188,28.6310,0.0,0.0
2194,0,6,  0d 00:36:27.50,  0d 00:06:51.04,2.5000,3.8867,D,07/25/2025 10:56:50 AM,0.0000,28.7777,28.4188,28.6310,0.0,0.0
2195,0,6,  0d 00:36:28.50,  0d 00:06:52.04,2.5003,3.8862,D,07/25/2025 10:56:51 AM,0.0000,28.7777,28.4188,28.6310,0.0,0.0
2196,0,6,  0d 00:36:29.50,  0d 00:06:53.04,2.4997,3.8859,D,07/25/2025 10:56:52 AM,0.0000,28.7777,28.4188,28.6310,0.0,0.0
2197,0,6,  0d 00:36:30.50,  0d 00:06:54.04,2.4994,3.8856,D,07/25/2025 10:56:53 AM,0.0000,28.7777,28.4188,28.6310,0.0,0.0
2198,0,6,  0d 00:36:31.50,  0d 00:06:55.04,2.4994,3.8852,D,07/25/2025 10:56:54 AM,0.0000,28.7777,28.4188,28.6310,0.0,0.0
2199,0,6,  0d 00:36:32.50,  0d 00:06:56.04,2.4997,3.8849,D,07/25/2025 10:56:55 AM,0.0000,28.7777,28.4188,28.6310,0.0,0.0
2200,0,6,  0d 00:36:33.50,  0d 00:06:57.04,2.4997,3.8846,D,07/25/2025 10:56:56 AM,0.0000,28.7777,28.4188,28.6310,0.0,0.0
2201,0,6,  0d 00:36:34.50,  0d 00:06:58.04,2.5000,3.8842,D,07/25/2025 10:56:57 AM,0.0000,28.7777,28.4188,28.6310,0.0,0.0
2202,0,6,  0d 00:36:35.50,  0d 00:06:59.04,2.4997,3.8839,D,07/25/2025 10:56:58 AM,0.0000,28.7777,28.4188,28.6310,0.0,0.0
2203,0,6,  0d 00:36:36.50,  0d 00:07:00.04,2.4997,3.8835,D,07/25/2025 10:56:59 AM,0.0000,28.7777,28.4188,28.6310,0.0,0.0
2204,0,6,  0d 00:36:37.50,  0d 00:07:01.04,2.5000,3.8833,D,07/25/2025 10:57:00 AM,0.0000,28.7777,28.4188,28.6310,0.0,0.0
2205,0,6,  0d 00:36:38.50,  0d 00:07:02.04,2.5000,3.8827,D,07/25/2025 10:57:01 AM,0.0000,28.7777,28.4188,28.6310,0.0,0.0
2206,0,6,  0d 00:36:39.50,  0d 00:07:03.04,2.5000,3.8826,D,07/25/2025 10:57:02 AM,0.0000,28.7777,28.4188,28.6310,0.0,0.0
2207,0,6,  0d 00:36:40.50,  0d 00:07:04.04,2.4997,3.8822,D,07/25/2025 10:57:03 AM,0.0000,28.7777,28.4188,28.6310,0.0,0.0
2208,0,6,  0d 00:36:41.50,  0d 00:07:05.04,2.4994,3.8819,D,07/25/2025 10:57:04 AM,0.0000,28.7777,28.4188,28.6310,0.0,0.0
2209,0,6,  0d 00:36:42.50,  0d 00:07:06.04,2.5000,3.8816,D,07/25/2025 10:57:05 AM,0.0000,28.7777,28.4188,28.6310,0.0,0.0
2210,0,6,  0d 00:36:43.50,  0d 00:07:07.04,2.5000,3.8812,D,07/25/2025 10:57:06 AM,0.0000,28.7777,28.4188,28.6310,0.0,0.0
2211,0,6,  0d 00:36:44.50,  0d 00:07:08.04,2.4997,3.8808,D,07/25/2025 10:57:07 AM,0.0000,28.7777,28.4188,28.6310,0.0,0.0
2212,0,6,  0d 00:36:45.50,  0d 00:07:09.04,2.4997,3.8804,D,07/25/2025 10:57:08 AM,0.0000,28.7777,28.4188,28.6310,0.0,0.0
2213,0,6,  0d 00:36:46.50,  0d 00:07:10.04,2.5006,3.8801,D,07/25/2025 10:57:09 AM,0.0000,28.7777,28.4188,28.6310,0.0,0.0
2214,0,6,  0d 00:36:47.50,  0d 00:07:11.04,2.5000,3.8798,D,07/25/2025 10:57:10 AM,0.0000,28.7777,28.4188,28.6310,0.0,0.0
2215,0,6,  0d 00:36:48.50,  0d 00:07:12.04,2.5000,3.8795,D,07/25/2025 10:57:11 AM,0.0000,28.7777,28.4188,28.6310,0.0,0.0
2216,0,6,  0d 00:36:49.50,  0d 00:07:13.04,2.5000,3.8791,D,07/25/2025 10:57:12 AM,0.0000,28.7777,28.4188,28.6310,0.0,0.0
2217,0,6,  0d 00:36:50.50,  0d 00:07:14.04,2.5003,3.8789,D,07/25/2025 10:57:13 AM,0.0000,28.7777,28.4188,28.6310,0.0,0.0
2218,0,6,  0d 00:36:51.50,  0d 00:07:15.04,2.5000,3.8784,D,07/25/2025 10:57:14 AM,0.0000,28.7777,28.4188,28.6310,0.0,0.0
2219,0,6,  0d 00:36:52.50,  0d 00:07:16.04,2.4997,3.8782,D,07/25/2025 10:57:15 AM,0.0000,28.7777,28.4188,28.6310,0.0,0.0
2220,0,6,  0d 00:36:53.50,  0d 00:07:17.04,2.4997,3.8779,D,07/25/2025 10:57:16 AM,0.0000,28.7777,28.4188,28.6310,0.0,0.0
2221,0,6,  0d 00:36:54.50,  0d 00:07:18.04,2.4994,3.8775,D,07/25/2025 10:57:17 AM,0.0000,28.7777,28.4188,28.6310,0.0,0.0
2222,0,6,  0d 00:36:55.50,  0d 00:07:19.04,2.4997,3.8771,D,07/25/2025 10:57:19 AM,0.0000,28.7777,28.4188,28.6465,0.0,0.0
2223,0,6,  0d 00:36:56.50,  0d 00:07:20.04,2.5000,3.8769,D,07/25/2025 10:57:19 AM,0.0000,28.7777,28.4188,28.6310,0.0,0.0
2224,0,6,  0d 00:36:57.50,  0d 00:07:21.04,2.4994,3.8766,D,07/25/2025 10:57:20 AM,0.0000,28.7777,28.4188,28.6310,0.0,0.0
2225,0,6,  0d 00:36:58.50,  0d 00:07:22.04,2.5000,3.8761,D,07/25/2025 10:57:21 AM,0.0000,28.7777,28.4188,28.6310,0.0,0.0
2226,0,6,  0d 00:36:59.50,  0d 00:07:23.04,2.4997,3.8757,D,07/25/2025 10:57:22 AM,0.0000,28.7777,28.4188,28.6310,0.0,0.0
2227,0,6,  0d 00:37:00.50,  0d 00:07:24.04,2.5000,3.8754,D,07/25/2025 10:57:23 AM,0.0000,28.7777,28.4188,28.6310,0.0,0.0
2228,0,6,  0d 00:37:01.50,  0d 00:07:25.04,2.4997,3.8753,D,07/25/2025 10:57:24 AM,0.0000,28.7777,28.4188,28.6310,0.0,0.0
2229,0,6,  0d 00:37:02.50,  0d 00:07:26.04,2.4994,3.8749,D,07/25/2025 10:57:25 AM,0.0000,28.7777,28.4188,28.6465,0.0,0.0
2230,0,6,  0d 00:37:03.50,  0d 00:07:27.04,2.4991,3.8745,D,07/25/2025 10:57:26 AM,0.0000,28.7777,28.4188,28.6310,0.0,0.0
2231,0,6,  0d 00:37:04.50,  0d 00:07:28.04,2.4997,3.8742,D,07/25/2025 10:57:27 AM,0.0000,28.7777,28.4188,28.6310,0.0,0.0
2232,0,6,  0d 00:37:05.50,  0d 00:07:29.04,2.5000,3.8739,D,07/25/2025 10:57:29 AM,0.0000,28.7777,28.4188,28.6310,0.0,0.0
2233,0,6,  0d 00:37:06.50,  0d 00:07:30.04,2.4991,3.8735,D,07/25/2025 10:57:29 AM,0.0000,28.7777,28.4188,28.6310,0.0,0.0
2234,0,6,  0d 00:37:07.50,  0d 00:07:31.04,2.4997,3.8731,D,07/25/2025 10:57:30 AM,0.0000,28.7777,28.4188,28.6310,0.0,0.0
2235,0,6,  0d 00:37:08.50,  0d 00:07:32.04,2.5000,3.8727,D,07/25/2025 10:57:31 AM,0.0000,28.7777,28.4188,28.6310,0.0,0.0
2236,0,6,  0d 00:37:09.50,  0d 00:07:33.04,2.4997,3.8726,D,07/25/2025 10:57:32 AM,0.0000,28.7777,28.4188,28.6310,0.0,0.0
2237,0,6,  0d 00:37:10.50,  0d 00:07:34.04,2.5000,3.8722,D,07/25/2025 10:57:33 AM,0.0000,28.7777,28.4188,28.6310,0.0,0.0
2238,0,6,  0d 00:37:11.50,  0d 00:07:35.04,2.5000,3.8719,D,07/25/2025 10:57:34 AM,0.0000,28.7777,28.4188,28.6310,0.0,0.0
2239,0,6,  0d 00:37:12.50,  0d 00:07:36.04,2.5000,3.8716,D,07/25/2025 10:57:35 AM,0.0000,28.7777,28.4188,28.6310,0.0,0.0
2240,0,6,  0d 00:37:13.50,  0d 00:07:37.04,2.4994,3.8713,D,07/25/2025 10:57:36 AM,0.0000,28.7777,28.4188,28.6310,0.0,0.0
2241,0,6,  0d 00:37:14.50,  0d 00:07:38.04,2.5000,3.8709,D,07/25/2025 10:57:37 AM,0.0000,28.7777,28.4188,28.6310,0.0,0.0
2242,0,6,  0d 00:37:15.50,  0d 00:07:39.04,2.5003,3.8705,D,07/25/2025 10:57:39 AM,0.0000,28.7777,28.4188,28.6310,0.0,0.0
2243,0,6,  0d 00:37:16.50,  0d 00:07:40.04,2.5003,3.8703,D,07/25/2025 10:57:39 AM,0.0000,28.7777,28.4188,28.6310,0.0,0.0
2244,0,6,  0d 00:37:17.50,  0d 00:07:41.04,2.5000,3.8699,D,07/25/2025 10:57:40 AM,0.0000,28.7777,28.4188,28.6310,0.0,0.0
2245,0,6,  0d 00:37:18.50,  0d 00:07:42.04,2.4997,3.8697,D,07/25/2025 10:57:41 AM,0.0000,28.7777,28.4188,28.6310,0.0,0.0
2246,0,6,  0d 00:37:19.50,  0d 00:07:43.04,2.5000,3.8693,D,07/25/2025 10:57:42 AM,0.0000,28.7777,28.4188,28.6310,0.0,0.0
2247,0,6,  0d 00:37:20.50,  0d 00:07:44.04,2.5000,3.8690,D,07/25/2025 10:57:43 AM,0.0000,28.7622,28.4188,28.6310,0.0,0.0
2248,0,6,  0d 00:37:21.50,  0d 00:07:45.04,2.4997,3.8687,D,07/25/2025 10:57:44 AM,0.0000,28.7777,28.4188,28.6310,0.0,0.0
2249,0,6,  0d 00:37:22.50,  0d 00:07:46.04,2.5000,3.8683,D,07/25/2025 10:57:45 AM,0.0000,28.7777,28.4188,28.6310,0.0,0.0
2250,0,6,  0d 00:37:23.50,  0d 00:07:47.04,2.4997,3.8680,D,07/25/2025 10:57:46 AM,0.0000,28.7777,28.4188,28.6310,0.0,0.0
2251,0,6,  0d 00:37:24.50,  0d 00:07:48.04,2.4994,3.8677,D,07/25/2025 10:57:47 AM,0.0000,28.7777,28.4188,28.6310,0.0,0.0
2252,0,6,  0d 00:37:25.50,  0d 00:07:49.04,2.5000,3.8675,D,07/25/2025 10:57:49 AM,0.0000,28.7777,28.4188,28.6310,0.0,0.0
2253,0,6,  0d 00:37:26.50,  0d 00:07:50.04,2.5003,3.8671,D,07/25/2025 10:57:49 AM,0.0000,28.7622,28.4188,28.6310,0.0,0.0
2254,0,6,  0d 00:37:27.50,  0d 00:07:51.04,2.5000,3.8669,D,07/25/2025 10:57:50 AM,0.0000,28.7622,28.4188,28.6310,0.0,0.0
2255,0,6,  0d 00:37:28.50,  0d 00:07:52.04,2.5000,3.8665,D,07/25/2025 10:57:51 AM,0.0000,28.7622,28.4188,28.6310,0.0,0.0
2256,0,6,  0d 00:37:29.50,  0d 00:07:53.04,2.5000,3.8661,D,07/25/2025 10:57:52 AM,0.0000,28.7622,28.4188,28.6310,0.0,0.0
2257,0,6,  0d 00:37:30.50,  0d 00:07:54.04,2.4991,3.8657,D,07/25/2025 10:57:53 AM,0.0000,28.7777,28.4188,28.6310,0.0,0.0
2258,0,6,  0d 00:37:31.50,  0d 00:07:55.04,2.5003,3.8656,D,07/25/2025 10:57:54 AM,0.0000,28.7777,28.4188,28.6310,0.0,0.0
2259,0,6,  0d 00:37:32.50,  0d 00:07:56.04,2.5000,3.8653,D,07/25/2025 10:57:55 AM,0.0000,28.7777,28.4188,28.6310,0.0,0.0
2260,0,6,  0d 00:37:33.50,  0d 00:07:57.04,2.5003,3.8649,D,07/25/2025 10:57:56 AM,0.0000,28.7777,28.4188,28.6310,0.0,0.0
2261,0,6,  0d 00:37:34.50,  0d 00:07:58.04,2.4994,3.8646,D,07/25/2025 10:57:57 AM,0.0000,28.7777,28.4188,28.6310,0.0,0.0
2262,0,6,  0d 00:37:35.50,  0d 00:07:59.04,2.5000,3.8643,D,07/25/2025 10:57:59 AM,0.0000,28.7777,28.4188,28.6310,0.0,0.0
2263,0,6,  0d 00:37:36.50,  0d 00:08:00.04,2.5000,3.8640,D,07/25/2025 10:57:59 AM,0.0000,28.7777,28.4188,28.6310,0.0,0.0
2264,0,6,  0d 00:37:37.50,  0d 00:08:01.04,2.4997,3.8637,D,07/25/2025 10:58:00 AM,0.0000,28.7777,28.4344,28.6310,0.0,0.0
2265,0,6,  0d 00:37:38.50,  0d 00:08:02.04,2.5003,3.8632,D,07/25/2025 10:58:01 AM,0.0000,28.7777,28.4344,28.6465,0.0,0.0
2266,0,6,  0d 00:37:39.50,  0d 00:08:03.04,2.4991,3.8631,D,07/25/2025 10:58:02 AM,0.0000,28.7777,28.4344,28.6465,0.0,0.0
2267,0,6,  0d 00:37:40.50,  0d 00:08:04.04,2.4997,3.8627,D,07/25/2025 10:58:03 AM,0.0000,28.7777,28.4188,28.6465,0.0,0.0
2268,0,6,  0d 00:37:41.50,  0d 00:08:05.04,2.5006,3.8625,D,07/25/2025 10:58:04 AM,0.0000,28.7777,28.4188,28.6465,0.0,0.0
2269,0,6,  0d 00:37:42.50,  0d 00:08:06.04,2.5006,3.8621,D,07/25/2025 10:58:05 AM,0.0000,28.7777,28.4344,28.6465,0.0,0.0
2270,0,6,  0d 00:37:43.50,  0d 00:08:07.04,2.5000,3.8618,D,07/25/2025 10:58:06 AM,0.0000,28.7777,28.4344,28.6465,0.0,0.0
2271,0,6,  0d 00:37:44.50,  0d 00:08:08.04,2.5000,3.8615,D,07/25/2025 10:58:07 AM,0.0000,28.7777,28.4344,28.6465,0.0,0.0
2272,0,6,  0d 00:37:45.50,  0d 00:08:09.04,2.4997,3.8611,D,07/25/2025 10:58:08 AM,0.0000,28.7777,28.4344,28.6465,0.0,0.0
2273,0,6,  0d 00:37:46.50,  0d 00:08:10.04,2.4991,3.8609,D,07/25/2025 10:58:09 AM,0.0000,28.7777,28.4344,28.6465,0.0,0.0
2274,0,6,  0d 00:37:47.50,  0d 00:08:11.04,2.4997,3.8605,D,07/25/2025 10:58:10 AM,0.0000,28.7777,28.4344,28.6465,0.0,0.0
2275,0,6,  0d 00:37:48.50,  0d 00:08:12.04,2.4994,3.8605,D,07/25/2025 10:58:11 AM,0.0000,28.7777,28.4344,28.6465,0.0,0.0
2276,0,6,  0d 00:37:49.50,  0d 00:08:13.04,2.4997,3.8601,D,07/25/2025 10:58:12 AM,0.0000,28.7777,28.4344,28.6310,0.0,0.0
2277,0,6,  0d 00:37:50.50,  0d 00:08:14.04,2.5000,3.8598,D,07/25/2025 10:58:13 AM,0.0000,28.7777,28.4344,28.6465,0.0,0.0
2278,0,6,  0d 00:37:51.50,  0d 00:08:15.04,2.5003,3.8593,D,07/25/2025 10:58:14 AM,0.0000,28.7777,28.4344,28.6465,0.0,0.0
2279,0,6,  0d 00:37:52.50,  0d 00:08:16.04,2.4997,3.8592,D,07/25/2025 10:58:15 AM,0.0000,28.7932,28.4344,28.6465,0.0,0.0
2280,0,6,  0d 00:37:53.50,  0d 00:08:17.04,2.5000,3.8587,D,07/25/2025 10:58:16 AM,0.0000,28.7932,28.4344,28.6465,0.0,0.0
2281,0,6,  0d 00:37:54.50,  0d 00:08:18.04,2.4994,3.8585,D,07/25/2025 10:58:17 AM,0.0000,28.7777,28.4344,28.6465,0.0,0.0
2282,0,6,  0d 00:37:55.50,  0d 00:08:19.04,2.5000,3.8582,D,07/25/2025 10:58:18 AM,0.0000,28.7777,28.4344,28.6465,0.0,0.0
2283,0,6,  0d 00:37:56.50,  0d 00:08:20.04,2.5000,3.8579,D,07/25/2025 10:58:19 AM,0.0000,28.7777,28.4344,28.6465,0.0,0.0
2284,0,6,  0d 00:37:57.50,  0d 00:08:21.04,2.5003,3.8576,D,07/25/2025 10:58:20 AM,0.0000,28.7777,28.4344,28.6465,0.0,0.0
2285,0,6,  0d 00:37:58.50,  0d 00:08:22.04,2.4997,3.8573,D,07/25/2025 10:58:21 AM,0.0000,28.7777,28.4344,28.6465,0.0,0.0
2286,0,6,  0d 00:37:59.50,  0d 00:08:23.04,2.5000,3.8570,D,07/25/2025 10:58:22 AM,0.0000,28.7777,28.4188,28.6465,0.0,0.0
2287,0,6,  0d 00:38:00.50,  0d 00:08:24.04,2.5000,3.8565,D,07/25/2025 10:58:23 AM,0.0000,28.7932,28.4344,28.6465,0.0,0.0
2288,0,6,  0d 00:38:01.50,  0d 00:08:25.04,2.5003,3.8564,D,07/25/2025 10:58:24 AM,0.0000,28.7932,28.4344,28.6465,0.0,0.0
2289,0,6,  0d 00:38:02.50,  0d 00:08:26.04,2.5003,3.8561,D,07/25/2025 10:58:25 AM,0.0000,28.7932,28.4344,28.6465,0.0,0.0
2290,0,6,  0d 00:38:03.50,  0d 00:08:27.04,2.4997,3.8558,D,07/25/2025 10:58:26 AM,0.0000,28.7932,28.4344,28.6465,0.0,0.0
2291,0,6,  0d 00:38:04.50,  0d 00:08:28.04,2.5003,3.8556,D,07/25/2025 10:58:27 AM,0.0000,28.7932,28.4344,28.6465,0.0,0.0
2292,0,6,  0d 00:38:05.50,  0d 00:08:29.04,2.4997,3.8551,D,07/25/2025 10:58:28 AM,0.0000,28.7932,28.4344,28.6465,0.0,0.0
2293,0,6,  0d 00:38:06.50,  0d 00:08:30.04,2.4997,3.8550,D,07/25/2025 10:58:30 AM,0.0000,28.7932,28.4344,28.6465,0.0,0.0
2294,0,6,  0d 00:38:07.50,  0d 00:08:31.04,2.4997,3.8547,D,07/25/2025 10:58:30 AM,0.0000,28.7932,28.4344,28.6465,0.0,0.0
2295,0,6,  0d 00:38:08.50,  0d 00:08:32.04,2.4997,3.8544,D,07/25/2025 10:58:31 AM,0.0000,28.7932,28.4344,28.6465,0.0,0.0
2296,0,6,  0d 00:38:09.50,  0d 00:08:33.04,2.4994,3.8540,D,07/25/2025 10:58:32 AM,0.0000,28.7932,28.4344,28.6465,0.0,0.0
2297,0,6,  0d 00:38:10.50,  0d 00:08:34.04,2.5000,3.8537,D,07/25/2025 10:58:33 AM,0.0000,28.7932,28.4344,28.6465,0.0,0.0
2298,0,6,  0d 00:38:11.50,  0d 00:08:35.04,2.5000,3.8534,D,07/25/2025 10:58:34 AM,0.0000,28.7932,28.4344,28.6465,0.0,0.0
2299,0,6,  0d 00:38:12.50,  0d 00:08:36.04,2.5000,3.8531,D,07/25/2025 10:58:35 AM,0.0000,28.7932,28.4344,28.6465,0.0,0.0
2300,0,6,  0d 00:38:13.50,  0d 00:08:37.04,2.4994,3.8529,D,07/25/2025 10:58:36 AM,0.0000,28.7932,28.4344,28.6465,0.0,0.0
2301,0,6,  0d 00:38:14.50,  0d 00:08:38.04,2.4997,3.8526,D,07/25/2025 10:58:37 AM,0.0000,28.7932,28.4344,28.6465,0.0,0.0
2302,0,6,  0d 00:38:15.50,  0d 00:08:39.04,2.4997,3.8522,D,07/25/2025 10:58:38 AM,0.0000,28.7777,28.4344,28.6465,0.0,0.0
2303,0,6,  0d 00:38:16.50,  0d 00:08:40.04,2.5003,3.8520,D,07/25/2025 10:58:40 AM,0.0000,28.7777,28.4344,28.6465,0.0,0.0
2304,0,6,  0d 00:38:17.50,  0d 00:08:41.04,2.5003,3.8516,D,07/25/2025 10:58:40 AM,0.0000,28.7777,28.4344,28.6310,0.0,0.0
2305,0,6,  0d 00:38:18.50,  0d 00:08:42.04,2.4997,3.8515,D,07/25/2025 10:58:41 AM,0.0000,28.7777,28.4344,28.6310,0.0,0.0
2306,0,6,  0d 00:38:19.50,  0d 00:08:43.04,2.4997,3.8511,D,07/25/2025 10:58:42 AM,0.0000,28.7777,28.4344,28.6310,0.0,0.0
2307,0,6,  0d 00:38:20.50,  0d 00:08:44.04,2.4997,3.8508,D,07/25/2025 10:58:43 AM,0.0000,28.7777,28.4344,28.6310,0.0,0.0
2308,0,6,  0d 00:38:21.50,  0d 00:08:45.04,2.5000,3.8506,D,07/25/2025 10:58:44 AM,0.0000,28.7777,28.4344,28.6310,0.0,0.0
2309,0,6,  0d 00:38:22.50,  0d 00:08:46.04,2.5000,3.8503,D,07/25/2025 10:58:45 AM,0.0000,28.7777,28.4344,28.6310,0.0,0.0
2310,0,6,  0d 00:38:23.50,  0d 00:08:47.04,2.5000,3.8500,D,07/25/2025 10:58:46 AM,0.0000,28.7777,28.4344,28.6465,0.0,0.0
2311,0,6,  0d 00:38:24.50,  0d 00:08:48.04,2.4997,3.8496,D,07/25/2025 10:58:47 AM,0.0000,28.7777,28.4344,28.6465,0.0,0.0
2312,0,6,  0d 00:38:25.50,  0d 00:08:49.04,2.4991,3.8495,D,07/25/2025 10:58:48 AM,0.0000,28.7777,28.4188,28.6465,0.0,0.0
2313,0,6,  0d 00:38:26.50,  0d 00:08:50.04,2.5000,3.8492,D,07/25/2025 10:58:50 AM,0.0000,28.7777,28.4344,28.6465,0.0,0.0
2314,0,6,  0d 00:38:27.50,  0d 00:08:51.04,2.4997,3.8489,D,07/25/2025 10:58:50 AM,0.0000,28.7777,28.4188,28.6465,0.0,0.0
2315,0,6,  0d 00:38:28.50,  0d 00:08:52.04,2.4997,3.8486,D,07/25/2025 10:58:51 AM,0.0000,28.7777,28.4188,28.6310,0.0,0.0
2316,0,6,  0d 00:38:29.50,  0d 00:08:53.04,2.5003,3.8483,D,07/25/2025 10:58:52 AM,0.0000,28.7777,28.4188,28.6310,0.0,0.0
2317,0,6,  0d 00:38:30.50,  0d 00:08:54.04,2.5000,3.8481,D,07/25/2025 10:58:53 AM,0.0000,28.7777,28.4188,28.6310,0.0,0.0
2318,0,6,  0d 00:38:31.50,  0d 00:08:55.04,2.5000,3.8478,D,07/25/2025 10:58:54 AM,0.0000,28.7777,28.4188,28.6310,0.0,0.0
2319,0,6,  0d 00:38:32.50,  0d 00:08:56.04,2.5000,3.8475,D,07/25/2025 10:58:55 AM,0.0000,28.7777,28.4188,28.6310,0.0,0.0
2320,0,6,  0d 00:38:33.50,  0d 00:08:57.04,2.5000,3.8472,D,07/25/2025 10:58:56 AM,0.0000,28.7777,28.4188,28.6310,0.0,0.0
2321,0,6,  0d 00:38:34.50,  0d 00:08:58.04,2.5000,3.8468,D,07/25/2025 10:58:57 AM,0.0000,28.7622,28.4188,28.6310,0.0,0.0
2322,0,6,  0d 00:38:35.50,  0d 00:08:59.04,2.5000,3.8466,D,07/25/2025 10:58:58 AM,0.0000,28.7622,28.4188,28.6310,0.0,0.0
2323,0,6,  0d 00:38:36.50,  0d 00:09:00.04,2.4997,3.8464,D,07/25/2025 10:59:00 AM,0.0000,28.7622,28.4188,28.6310,0.0,0.0
2324,0,6,  0d 00:38:37.50,  0d 00:09:01.04,2.4997,3.8460,D,07/25/2025 10:59:00 AM,0.0000,28.7777,28.4188,28.6310,0.0,0.0
2325,0,6,  0d 00:38:38.50,  0d 00:09:02.04,2.4997,3.8458,D,07/25/2025 10:59:01 AM,0.0000,28.7777,28.4188,28.6310,0.0,0.0
2326,0,6,  0d 00:38:39.50,  0d 00:09:03.04,2.4997,3.8455,D,07/25/2025 10:59:02 AM,0.0000,28.7777,28.4188,28.6310,0.0,0.0
2327,0,6,  0d 00:38:40.50,  0d 00:09:04.04,2.5000,3.8453,D,07/25/2025 10:59:03 AM,0.0000,28.7777,28.4188,28.6310,0.0,0.0
2328,0,6,  0d 00:38:41.50,  0d 00:09:05.04,2.4997,3.8450,D,07/25/2025 10:59:04 AM,0.0000,28.7777,28.4344,28.6310,0.0,0.0
2329,0,6,  0d 00:38:42.50,  0d 00:09:06.04,2.5003,3.8448,D,07/25/2025 10:59:05 AM,0.0000,28.7777,28.4344,28.6310,0.0,0.0
2330,0,6,  0d 00:38:43.50,  0d 00:09:07.04,2.5000,3.8445,D,07/25/2025 10:59:06 AM,0.0000,28.7777,28.4188,28.6465,0.0,0.0
2331,0,6,  0d 00:38:44.50,  0d 00:09:08.04,2.4994,3.8442,D,07/25/2025 10:59:07 AM,0.0000,28.7777,28.4188,28.6465,0.0,0.0
2332,0,6,  0d 00:38:45.50,  0d 00:09:09.04,2.4994,3.8438,D,07/25/2025 10:59:08 AM,0.0000,28.7777,28.4188,28.6465,0.0,0.0
2333,0,6,  0d 00:38:46.50,  0d 00:09:10.04,2.5000,3.8436,D,07/25/2025 10:59:10 AM,0.0000,28.7932,28.4188,28.6465,0.0,0.0
2334,0,6,  0d 00:38:47.50,  0d 00:09:11.04,2.4997,3.8434,D,07/25/2025 10:59:10 AM,0.0000,28.7932,28.4188,28.6310,0.0,0.0
2335,0,6,  0d 00:38:48.50,  0d 00:09:12.04,2.5006,3.8431,D,07/25/2025 10:59:11 AM,0.0000,28.7777,28.4344,28.6310,0.0,0.0
2336,0,6,  0d 00:38:49.50,  0d 00:09:13.04,2.5000,3.8428,D,07/25/2025 10:59:12 AM,0.0000,28.7777,28.4344,28.6465,0.0,0.0
2337,0,6,  0d 00:38:50.50,  0d 00:09:14.04,2.4994,3.8426,D,07/25/2025 10:59:13 AM,0.0000,28.7777,28.4188,28.6465,0.0,0.0
2338,0,6,  0d 00:38:51.50,  0d 00:09:15.04,2.5000,3.8423,D,07/25/2025 10:59:14 AM,0.0000,28.7777,28.4188,28.6465,0.0,0.0
2339,0,6,  0d 00:38:52.50,  0d 00:09:16.04,2.5000,3.8421,D,07/25/2025 10:59:15 AM,0.0000,28.7932,28.4188,28.6465,0.0,0.0
2340,0,6,  0d 00:38:53.50,  0d 00:09:17.04,2.5000,3.8418,D,07/25/2025 10:59:16 AM,0.0000,28.7932,28.4344,28.6465,0.0,0.0
2341,0,6,  0d 00:38:54.50,  0d 00:09:18.04,2.4994,3.8416,D,07/25/2025 10:59:17 AM,0.0000,28.7932,28.4344,28.6465,0.0,0.0
2342,0,6,  0d 00:38:55.50,  0d 00:09:19.04,2.4997,3.8413,D,07/25/2025 10:59:18 AM,0.0000,28.7932,28.4344,28.6465,0.0,0.0
2343,0,6,  0d 00:38:56.50,  0d 00:09:20.04,2.5000,3.8410,D,07/25/2025 10:59:19 AM,0.0000,28.7777,28.4344,28.6465,0.0,0.0
2344,0,6,  0d 00:38:57.50,  0d 00:09:21.04,2.5000,3.8406,D,07/25/2025 10:59:20 AM,0.0000,28.7777,28.4344,28.6465,0.0,0.0
2345,0,6,  0d 00:38:58.50,  0d 00:09:22.04,2.4994,3.8403,D,07/25/2025 10:59:21 AM,0.0000,28.7777,28.4344,28.6310,0.0,0.0
2346,0,6,  0d 00:38:59.50,  0d 00:09:23.04,2.4994,3.8401,D,07/25/2025 10:59:22 AM,0.0000,28.7777,28.4344,28.6310,0.0,0.0
2347,0,6,  0d 00:39:00.50,  0d 00:09:24.04,2.4997,3.8399,D,07/25/2025 10:59:23 AM,0.0000,28.7777,28.4344,28.6310,0.0,0.0
2348,0,6,  0d 00:39:01.50,  0d 00:09:25.04,2.5003,3.8397,D,07/25/2025 10:59:24 AM,0.0000,28.7777,28.4344,28.6465,0.0,0.0
2349,0,6,  0d 00:39:02.50,  0d 00:09:26.04,2.5000,3.8393,D,07/25/2025 10:59:25 AM,0.0000,28.7932,28.4344,28.6465,0.0,0.0
2350,0,6,  0d 00:39:03.50,  0d 00:09:27.04,2.5000,3.8390,D,07/25/2025 10:59:26 AM,0.0000,28.7932,28.4188,28.6465,0.0,0.0
2351,0,6,  0d 00:39:04.50,  0d 00:09:28.04,2.4994,3.8388,D,07/25/2025 10:59:27 AM,0.0000,28.7777,28.4188,28.6465,0.0,0.0
2352,0,6,  0d 00:39:05.50,  0d 00:09:29.04,2.5000,3.8386,D,07/25/2025 10:59:28 AM,0.0000,28.7777,28.4188,28.6465,0.0,0.0
2353,0,6,  0d 00:39:06.50,  0d 00:09:30.04,2.4997,3.8382,D,07/25/2025 10:59:29 AM,0.0000,28.7777,28.4344,28.6465,0.0,0.0
2354,0,6,  0d 00:39:07.50,  0d 00:09:31.04,2.5000,3.8382,D,07/25/2025 10:59:30 AM,0.0000,28.7777,28.4188,28.6465,0.0,0.0
2355,0,6,  0d 00:39:08.50,  0d 00:09:32.04,2.5000,3.8378,D,07/25/2025 10:59:31 AM,0.0000,28.7777,28.4344,28.6310,0.0,0.0
2356,0,6,  0d 00:39:09.50,  0d 00:09:33.04,2.5003,3.8376,D,07/25/2025 10:59:32 AM,0.0000,28.7777,28.4344,28.6310,0.0,0.0
2357,0,6,  0d 00:39:10.50,  0d 00:09:34.04,2.4997,3.8372,D,07/25/2025 10:59:33 AM,0.0000,28.7777,28.4188,28.6310,0.0,0.0
2358,0,6,  0d 00:39:11.50,  0d 00:09:35.04,2.5000,3.8371,D,07/25/2025 10:59:34 AM,0.0000,28.7777,28.4188,28.6310,0.0,0.0
2359,0,6,  0d 00:39:12.50,  0d 00:09:36.04,2.5000,3.8368,D,07/25/2025 10:59:35 AM,0.0000,28.7777,28.4188,28.6310,0.0,0.0
2360,0,6,  0d 00:39:13.50,  0d 00:09:37.04,2.4997,3.8366,D,07/25/2025 10:59:36 AM,0.0000,28.7777,28.4188,28.6310,0.0,0.0
2361,0,6,  0d 00:39:14.50,  0d 00:09:38.04,2.5000,3.8363,D,07/25/2025 10:59:37 AM,0.0000,28.7777,28.4188,28.6310,0.0,0.0
2362,0,6,  0d 00:39:15.50,  0d 00:09:39.04,2.5000,3.8360,D,07/25/2025 10:59:38 AM,0.0000,28.7777,28.4188,28.6310,0.0,0.0
2363,0,6,  0d 00:39:16.50,  0d 00:09:40.04,2.5000,3.8357,D,07/25/2025 10:59:39 AM,0.0000,28.7777,28.4188,28.6310,0.0,0.0
2364,0,6,  0d 00:39:17.50,  0d 00:09:41.04,2.4994,3.8354,D,07/25/2025 10:59:41 AM,0.0000,28.7777,28.4188,28.6310,0.0,0.0
2365,0,6,  0d 00:39:18.50,  0d 00:09:42.04,2.4997,3.8354,D,07/25/2025 10:59:41 AM,0.0000,28.7777,28.4188,28.6310,0.0,0.0
2366,0,6,  0d 00:39:19.50,  0d 00:09:43.04,2.4997,3.8351,D,07/25/2025 10:59:42 AM,0.0000,28.7777,28.4344,28.6310,0.0,0.0
2367,0,6,  0d 00:39:20.50,  0d 00:09:44.04,2.5000,3.8347,D,07/25/2025 10:59:43 AM,0.0000,28.7777,28.4188,28.6310,0.0,0.0
2368,0,6,  0d 00:39:21.50,  0d 00:09:45.04,2.4991,3.8345,D,07/25/2025 10:59:44 AM,0.0000,28.7777,28.4188,28.6310,0.0,0.0
2369,0,6,  0d 00:39:22.50,  0d 00:09:46.04,2.4997,3.8342,D,07/25/2025 10:59:45 AM,0.0000,28.7777,28.4188,28.6310,0.0,0.0
2370,0,6,  0d 00:39:23.50,  0d 00:09:47.04,2.5003,3.8341,D,07/25/2025 10:59:46 AM,0.0000,28.7777,28.4188,28.6310,0.0,0.0
2371,0,6,  0d 00:39:24.50,  0d 00:09:48.04,2.4997,3.8338,D,07/25/2025 10:59:47 AM,0.0000,28.7777,28.4188,28.6310,0.0,0.0
2372,0,6,  0d 00:39:25.50,  0d 00:09:49.04,2.5000,3.8335,D,07/25/2025 10:59:48 AM,0.0000,28.7777,28.4188,28.6310,0.0,0.0
2373,0,6,  0d 00:39:26.50,  0d 00:09:50.04,2.5000,3.8334,D,07/25/2025 10:59:49 AM,0.0000,28.7777,28.4188,28.6310,0.0,0.0
2374,0,6,  0d 00:39:27.50,  0d 00:09:51.04,2.4997,3.8331,D,07/25/2025 10:59:51 AM,0.0000,28.7777,28.4188,28.6310,0.0,0.0
2375,0,6,  0d 00:39:28.50,  0d 00:09:52.04,2.5000,3.8329,D,07/25/2025 10:59:51 AM,0.0000,28.7622,28.4188,28.6310,0.0,0.0
2376,0,6,  0d 00:39:29.50,  0d 00:09:53.04,2.5003,3.8327,D,07/25/2025 10:59:52 AM,0.0000,28.7622,28.4188,28.6310,0.0,0.0
2377,0,6,  0d 00:39:30.50,  0d 00:09:54.04,2.5000,3.8323,D,07/25/2025 10:59:53 AM,0.0000,28.7622,28.4188,28.6310,0.0,0.0
2378,0,6,  0d 00:39:31.50,  0d 00:09:55.04,2.5000,3.8321,D,07/25/2025 10:59:54 AM,0.0000,28.7622,28.4188,28.6310,0.0,0.0
2379,0,6,  0d 00:39:32.50,  0d 00:09:56.04,2.4997,3.8318,D,07/25/2025 10:59:55 AM,0.0000,28.7622,28.4188,28.6310,0.0,0.0
2380,0,6,  0d 00:39:33.50,  0d 00:09:57.04,2.5003,3.8316,D,07/25/2025 10:59:56 AM,0.0000,28.7622,28.4188,28.6310,0.0,0.0
2381,0,6,  0d 00:39:34.50,  0d 00:09:58.04,2.5000,3.8314,D,07/25/2025 10:59:57 AM,0.0000,28.7622,28.4188,28.6310,0.0,0.0
2382,0,6,  0d 00:39:35.50,  0d 00:09:59.04,2.4997,3.8312,D,07/25/2025 10:59:58 AM,0.0000,28.7777,28.4188,28.6310,0.0,0.0
2383,0,6,  0d 00:39:36.50,  0d 00:10:00.04,2.4991,3.8308,D,07/25/2025 10:59:59 AM,0.0000,28.7622,28.4188,28.6310,0.0,0.0
2384,0,6,  0d 00:39:37.50,  0d 00:10:01.04,2.5000,3.8305,D,07/25/2025 11:00:01 AM,0.0000,28.7622,28.4188,28.6310,0.0,0.0
2385,0,6,  0d 00:39:38.50,  0d 00:10:02.04,2.4994,3.8303,D,07/25/2025 11:00:01 AM,0.0000,28.7622,28.4033,28.6310,0.0,0.0
2386,0,6,  0d 00:39:39.50,  0d 00:10:03.04,2.5000,3.8302,D,07/25/2025 11:00:02 AM,0.0000,28.7622,28.4033,28.6310,0.0,0.0
2387,0,6,  0d 00:39:40.50,  0d 00:10:04.04,2.4994,3.8297,D,07/25/2025 11:00:03 AM,0.0000,28.7622,28.4033,28.6310,0.0,0.0
2388,0,6,  0d 00:39:41.50,  0d 00:10:05.04,2.5000,3.8297,D,07/25/2025 11:00:04 AM,0.0000,28.7622,28.4033,28.6310,0.0,0.0
2389,0,6,  0d 00:39:42.50,  0d 00:10:06.04,2.5000,3.8295,D,07/25/2025 11:00:05 AM,0.0000,28.7622,28.4188,28.6310,0.0,0.0
2390,0,6,  0d 00:39:43.50,  0d 00:10:07.04,2.5000,3.8291,D,07/25/2025 11:00:06 AM,0.0000,28.7622,28.4188,28.6310,0.0,0.0
2391,0,6,  0d 00:39:44.50,  0d 00:10:08.04,2.4997,3.8290,D,07/25/2025 11:00:07 AM,0.0000,28.7622,28.4188,28.6310,0.0,0.0
2392,0,6,  0d 00:39:45.50,  0d 00:10:09.04,2.4997,3.8286,D,07/25/2025 11:00:08 AM,0.0000,28.7622,28.4188,28.6310,0.0,0.0
2393,0,6,  0d 00:39:46.50,  0d 00:10:10.04,2.4997,3.8285,D,07/25/2025 11:00:09 AM,0.0000,28.7622,28.4188,28.6310,0.0,0.0
2394,0,6,  0d 00:39:47.50,  0d 00:10:11.04,2.5003,3.8282,D,07/25/2025 11:00:11 AM,0.0000,28.7622,28.4188,28.6310,0.0,0.0
2395,0,6,  0d 00:39:48.50,  0d 00:10:12.04,2.4997,3.8280,D,07/25/2025 11:00:11 AM,0.0000,28.7777,28.4188,28.6310,0.0,0.0
2396,0,6,  0d 00:39:49.50,  0d 00:10:13.04,2.4997,3.8279,D,07/25/2025 11:00:12 AM,0.0000,28.7777,28.4188,28.6310,0.0,0.0
2397,0,6,  0d 00:39:50.50,  0d 00:10:14.04,2.5003,3.8275,D,07/25/2025 11:00:13 AM,0.0000,28.7777,28.4188,28.6310,0.0,0.0
2398,0,6,  0d 00:39:51.50,  0d 00:10:15.04,2.4997,3.8273,D,07/25/2025 11:00:14 AM,0.0000,28.7777,28.4188,28.6310,0.0,0.0
2399,0,6,  0d 00:39:52.50,  0d 00:10:16.04,2.5000,3.8270,D,07/25/2025 11:00:15 AM,0.0000,28.7777,28.4188,28.6310,0.0,0.0
2400,0,6,  0d 00:39:53.50,  0d 00:10:17.04,2.4997,3.8269,D,07/25/2025 11:00:16 AM,0.0000,28.7777,28.4188,28.6310,0.0,0.0
2401,0,6,  0d 00:39:54.50,  0d 00:10:18.04,2.5000,3.8264,D,07/25/2025 11:00:17 AM,0.0000,28.7777,28.4188,28.6310,0.0,0.0
2402,0,6,  0d 00:39:55.50,  0d 00:10:19.04,2.5000,3.8264,D,07/25/2025 11:00:18 AM,0.0000,28.7777,28.4188,28.6310,0.0,0.0
2403,0,6,  0d 00:39:56.50,  0d 00:10:20.04,2.5003,3.8261,D,07/25/2025 11:00:19 AM,0.0000,28.7622,28.4188,28.6310,0.0,0.0
2404,0,6,  0d 00:39:57.50,  0d 00:10:21.04,2.5000,3.8257,D,07/25/2025 11:00:21 AM,0.0000,28.7777,28.4188,28.6310,0.0,0.0
2405,0,6,  0d 00:39:58.50,  0d 00:10:22.04,2.4994,3.8256,D,07/25/2025 11:00:21 AM,0.0000,28.7777,28.4188,28.6310,0.0,0.0
2406,0,6,  0d 00:39:59.50,  0d 00:10:23.04,2.4997,3.8255,D,07/25/2025 11:00:22 AM,0.0000,28.7777,28.4188,28.6310,0.0,0.0
2407,0,6,  0d 00:40:00.50,  0d 00:10:24.04,2.5000,3.8251,D,07/25/2025 11:00:23 AM,0.0000,28.7777,28.4188,28.6310,0.0,0.0
2408,0,6,  0d 00:40:01.50,  0d 00:10:25.04,2.4997,3.8250,D,07/25/2025 11:00:24 AM,0.0000,28.7777,28.4188,28.6310,0.0,0.0
2409,0,6,  0d 00:40:02.50,  0d 00:10:26.04,2.4994,3.8248,D,07/25/2025 11:00:25 AM,0.0000,28.7777,28.4188,28.6310,0.0,0.0
2410,0,6,  0d 00:40:03.50,  0d 00:10:27.04,2.5003,3.8244,D,07/25/2025 11:00:26 AM,0.0000,28.7777,28.4188,28.6310,0.0,0.0
2411,0,6,  0d 00:40:04.50,  0d 00:10:28.04,2.5003,3.8241,D,07/25/2025 11:00:27 AM,0.0000,28.7777,28.4188,28.6310,0.0,0.0
2412,0,6,  0d 00:40:05.50,  0d 00:10:29.04,2.5000,3.8240,D,07/25/2025 11:00:28 AM,0.0000,28.7777,28.4188,28.6310,0.0,0.0
2413,0,6,  0d 00:40:06.50,  0d 00:10:30.04,2.4997,3.8239,D,07/25/2025 11:00:29 AM,0.0000,28.7777,28.4188,28.6310,0.0,0.0
2414,0,6,  0d 00:40:07.50,  0d 00:10:31.04,2.5003,3.8235,D,07/25/2025 11:00:31 AM,0.0000,28.7777,28.4188,28.6310,0.0,0.0
2415,0,6,  0d 00:40:08.50,  0d 00:10:32.04,2.5000,3.8234,D,07/25/2025 11:00:31 AM,0.0000,28.7777,28.4188,28.6310,0.0,0.0
2416,0,6,  0d 00:40:09.50,  0d 00:10:33.04,2.4997,3.8231,D,07/25/2025 11:00:32 AM,0.0000,28.7777,28.4188,28.6310,0.0,0.0
2417,0,6,  0d 00:40:10.50,  0d 00:10:34.04,2.4994,3.8229,D,07/25/2025 11:00:33 AM,0.0000,28.7777,28.4188,28.6310,0.0,0.0
2418,0,6,  0d 00:40:11.50,  0d 00:10:35.04,2.4997,3.8227,D,07/25/2025 11:00:34 AM,0.0000,28.7777,28.4188,28.6310,0.0,0.0
2419,0,6,  0d 00:40:12.50,  0d 00:10:36.04,2.5000,3.8224,D,07/25/2025 11:00:35 AM,0.0000,28.7777,28.4344,28.6310,0.0,0.0
2420,0,6,  0d 00:40:13.50,  0d 00:10:37.04,2.5000,3.8222,D,07/25/2025 11:00:36 AM,0.0000,28.7932,28.4344,28.6465,0.0,0.0
2421,0,6,  0d 00:40:14.50,  0d 00:10:38.04,2.4994,3.8220,D,07/25/2025 11:00:37 AM,0.0000,28.7932,28.4344,28.6465,0.0,0.0
2422,0,6,  0d 00:40:15.50,  0d 00:10:39.04,2.4997,3.8218,D,07/25/2025 11:00:38 AM,0.0000,28.7932,28.4344,28.6465,0.0,0.0
2423,0,6,  0d 00:40:16.50,  0d 00:10:40.04,2.5000,3.8215,D,07/25/2025 11:00:39 AM,0.0000,28.7777,28.4344,28.6465,0.0,0.0
2424,0,6,  0d 00:40:17.50,  0d 00:10:41.04,2.5000,3.8214,D,07/25/2025 11:00:40 AM,0.0000,28.7932,28.4344,28.6465,0.0,0.0
2425,0,6,  0d 00:40:18.50,  0d 00:10:42.04,2.5000,3.8211,D,07/25/2025 11:00:41 AM,0.0000,28.7932,28.4344,28.6465,0.0,0.0
2426,0,6,  0d 00:40:19.50,  0d 00:10:43.04,2.4997,3.8209,D,07/25/2025 11:00:42 AM,0.0000,28.7932,28.4344,28.6465,0.0,0.0
2427,0,6,  0d 00:40:20.50,  0d 00:10:44.04,2.5000,3.8206,D,07/25/2025 11:00:43 AM,0.0000,28.7932,28.4344,28.6465,0.0,0.0
2428,0,6,  0d 00:40:21.50,  0d 00:10:45.04,2.4994,3.8203,D,07/25/2025 11:00:44 AM,0.0000,28.7932,28.4344,28.6465,0.0,0.0
2429,0,6,  0d 00:40:22.50,  0d 00:10:46.04,2.4997,3.8201,D,07/25/2025 11:00:45 AM,0.0000,28.7932,28.4344,28.6465,0.0,0.0
2430,0,6,  0d 00:40:23.50,  0d 00:10:47.04,2.4994,3.8201,D,07/25/2025 11:00:46 AM,0.0000,28.7932,28.4344,28.6465,0.0,0.0
2431,0,6,  0d 00:40:24.50,  0d 00:10:48.04,2.4997,3.8198,D,07/25/2025 11:00:47 AM,0.0000,28.7932,28.4344,28.6465,0.0,0.0
2432,0,6,  0d 00:40:25.50,  0d 00:10:49.04,2.5000,3.8196,D,07/25/2025 11:00:48 AM,0.0000,28.7932,28.4344,28.6465,0.0,0.0
2433,0,6,  0d 00:40:26.50,  0d 00:10:50.04,2.5003,3.8194,D,07/25/2025 11:00:49 AM,0.0000,28.7932,28.4344,28.6465,0.0,0.0
2434,0,6,  0d 00:40:27.50,  0d 00:10:51.04,2.4997,3.8193,D,07/25/2025 11:00:50 AM,0.0000,28.7932,28.4344,28.6465,0.0,0.0
2435,0,6,  0d 00:40:28.50,  0d 00:10:52.04,2.5000,3.8190,D,07/25/2025 11:00:51 AM,0.0000,28.7932,28.4344,28.6465,0.0,0.0
2436,0,6,  0d 00:40:29.50,  0d 00:10:53.04,2.5000,3.8187,D,07/25/2025 11:00:52 AM,0.0000,28.7932,28.4344,28.6465,0.0,0.0
2437,0,6,  0d 00:40:30.50,  0d 00:10:54.04,2.5000,3.8185,D,07/25/2025 11:00:53 AM,0.0000,28.7932,28.4344,28.6465,0.0,0.0
2438,0,6,  0d 00:40:31.50,  0d 00:10:55.04,2.5006,3.8183,D,07/25/2025 11:00:54 AM,0.0000,28.7932,28.4344,28.6465,0.0,0.0
2439,0,6,  0d 00:40:32.50,  0d 00:10:56.04,2.5000,3.8181,D,07/25/2025 11:00:55 AM,0.0000,28.7932,28.4344,28.6465,0.0,0.0
2440,0,6,  0d 00:40:33.50,  0d 00:10:57.04,2.5003,3.8177,D,07/25/2025 11:00:56 AM,0.0000,28.7932,28.4344,28.6465,0.0,0.0
2441,0,6,  0d 00:40:34.50,  0d 00:10:58.04,2.4997,3.8175,D,07/25/2025 11:00:57 AM,0.0000,28.7932,28.4344,28.6465,0.0,0.0
2442,0,6,  0d 00:40:35.50,  0d 00:10:59.04,2.5003,3.8173,D,07/25/2025 11:00:58 AM,0.0000,28.7932,28.4344,28.6465,0.0,0.0
2443,0,6,  0d 00:40:36.50,  0d 00:11:00.04,2.5000,3.8172,D,07/25/2025 11:00:59 AM,0.0000,28.7932,28.4344,28.6465,0.0,0.0
2444,0,6,  0d 00:40:37.50,  0d 00:11:01.04,2.4997,3.8169,D,07/25/2025 11:01:00 AM,0.0000,28.7777,28.4344,28.6465,0.0,0.0
2445,0,6,  0d 00:40:38.50,  0d 00:11:02.04,2.5003,3.8167,D,07/25/2025 11:01:02 AM,0.0000,28.7777,28.4344,28.6465,0.0,0.0
2446,0,6,  0d 00:40:39.50,  0d 00:11:03.04,2.5000,3.8164,D,07/25/2025 11:01:02 AM,0.0000,28.7777,28.4188,28.6465,0.0,0.0
2447,0,6,  0d 00:40:40.50,  0d 00:11:04.04,2.4994,3.8164,D,07/25/2025 11:01:03 AM,0.0000,28.7777,28.4344,28.6465,0.0,0.0
2448,0,6,  0d 00:40:41.50,  0d 00:11:05.04,2.5000,3.8161,D,07/25/2025 11:01:04 AM,0.0000,28.7777,28.4188,28.6465,0.0,0.0
2449,0,6,  0d 00:40:42.50,  0d 00:11:06.04,2.5000,3.8158,D,07/25/2025 11:01:05 AM,0.0000,28.7777,28.4188,28.6465,0.0,0.0
2450,0,6,  0d 00:40:43.50,  0d 00:11:07.04,2.4997,3.8157,D,07/25/2025 11:01:06 AM,0.0000,28.7932,28.4344,28.6465,0.0,0.0
2451,0,6,  0d 00:40:44.50,  0d 00:11:08.04,2.5006,3.8155,D,07/25/2025 11:01:07 AM,0.0000,28.7932,28.4188,28.6310,0.0,0.0
2452,0,6,  0d 00:40:45.50,  0d 00:11:09.04,2.4997,3.8153,D,07/25/2025 11:01:08 AM,0.0000,28.7932,28.4188,28.6310,0.0,0.0
2453,0,6,  0d 00:40:46.50,  0d 00:11:10.04,2.4997,3.8151,D,07/25/2025 11:01:09 AM,0.0000,28.7777,28.4188,28.6310,0.0,0.0
2454,0,6,  0d 00:40:47.50,  0d 00:11:11.04,2.5000,3.8147,D,07/25/2025 11:01:10 AM,0.0000,28.7777,28.4188,28.6310,0.0,0.0
2455,0,6,  0d 00:40:48.50,  0d 00:11:12.04,2.5000,3.8147,D,07/25/2025 11:01:12 AM,0.0000,28.7777,28.4188,28.6310,0.0,0.0
2456,0,6,  0d 00:40:49.50,  0d 00:11:13.04,2.5003,3.8144,D,07/25/2025 11:01:12 AM,0.0000,28.7777,28.4188,28.6310,0.0,0.0
2457,0,6,  0d 00:40:50.50,  0d 00:11:14.04,2.4994,3.8141,D,07/25/2025 11:01:13 AM,0.0000,28.7777,28.4188,28.6310,0.0,0.0
2458,0,6,  0d 00:40:51.50,  0d 00:11:15.04,2.5000,3.8140,D,07/25/2025 11:01:14 AM,0.0000,28.7777,28.4188,28.6310,0.0,0.0
2459,0,6,  0d 00:40:52.50,  0d 00:11:16.04,2.5003,3.8138,D,07/25/2025 11:01:15 AM,0.0000,28.7777,28.4344,28.6310,0.0,0.0
2460,0,6,  0d 00:40:53.50,  0d 00:11:17.04,2.4997,3.8135,D,07/25/2025 11:01:16 AM,0.0000,28.7777,28.4188,28.6310,0.0,0.0
2461,0,6,  0d 00:40:54.50,  0d 00:11:18.04,2.4997,3.8133,D,07/25/2025 11:01:17 AM,0.0000,28.7777,28.4188,28.6465,0.0,0.0
2462,0,6,  0d 00:40:55.50,  0d 00:11:19.04,2.4997,3.8132,D,07/25/2025 11:01:18 AM,0.0000,28.7777,28.4188,28.6465,0.0,0.0
2463,0,6,  0d 00:40:56.50,  0d 00:11:20.04,2.4997,3.8129,D,07/25/2025 11:01:19 AM,0.0000,28.7932,28.4344,28.6465,0.0,0.0
2464,0,6,  0d 00:40:57.50,  0d 00:11:21.04,2.5000,3.8127,D,07/25/2025 11:01:20 AM,0.0000,28.7777,28.4344,28.6465,0.0,0.0
2465,0,6,  0d 00:40:58.50,  0d 00:11:22.04,2.5000,3.8125,D,07/25/2025 11:01:22 AM,0.0000,28.7777,28.4344,28.6465,0.0,0.0
2466,0,6,  0d 00:40:59.50,  0d 00:11:23.04,2.4997,3.8124,D,07/25/2025 11:01:22 AM,0.0000,28.7932,28.4344,28.6465,0.0,0.0
2467,0,6,  0d 00:41:00.50,  0d 00:11:24.04,2.5000,3.8122,D,07/25/2025 11:01:23 AM,0.0000,28.7932,28.4344,28.6465,0.0,0.0
2468,0,6,  0d 00:41:01.50,  0d 00:11:25.04,2.5000,3.8119,D,07/25/2025 11:01:24 AM,0.0000,28.7932,28.4344,28.6465,0.0,0.0
2469,0,6,  0d 00:41:02.50,  0d 00:11:26.04,2.4997,3.8117,D,07/25/2025 11:01:25 AM,0.0000,28.7932,28.4344,28.6465,0.0,0.0
2470,0,6,  0d 00:41:03.50,  0d 00:11:27.04,2.5003,3.8115,D,07/25/2025 11:01:26 AM,0.0000,28.7777,28.4344,28.6465,0.0,0.0
2471,0,6,  0d 00:41:04.50,  0d 00:11:28.04,2.5003,3.8112,D,07/25/2025 11:01:27 AM,0.0000,28.7777,28.4344,28.6465,0.0,0.0
2472,0,6,  0d 00:41:05.50,  0d 00:11:29.04,2.4997,3.8109,D,07/25/2025 11:01:28 AM,0.0000,28.7777,28.4344,28.6465,0.0,0.0
2473,0,6,  0d 00:41:06.50,  0d 00:11:30.04,2.5000,3.8108,D,07/25/2025 11:01:29 AM,0.0000,28.7777,28.4344,28.6465,0.0,0.0
2474,0,6,  0d 00:41:07.50,  0d 00:11:31.04,2.4997,3.8104,D,07/25/2025 11:01:30 AM,0.0000,28.7777,28.4344,28.6465,0.0,0.0
2475,0,6,  0d 00:41:08.50,  0d 00:11:32.04,2.5003,3.8105,D,07/25/2025 11:01:32 AM,0.0000,28.7777,28.4344,28.6465,0.0,0.0
2476,0,6,  0d 00:41:09.50,  0d 00:11:33.04,2.4997,3.8103,D,07/25/2025 11:01:32 AM,0.0000,28.7932,28.4344,28.6465,0.0,0.0
2477,0,6,  0d 00:41:10.50,  0d 00:11:34.04,2.5003,3.8099,D,07/25/2025 11:01:33 AM,0.0000,28.7932,28.4344,28.6465,0.0,0.0
2478,0,6,  0d 00:41:11.50,  0d 00:11:35.04,2.4997,3.8097,D,07/25/2025 11:01:34 AM,0.0000,28.7932,28.4344,28.6310,0.0,0.0
2479,0,6,  0d 00:41:12.50,  0d 00:11:36.04,2.5000,3.8096,D,07/25/2025 11:01:35 AM,0.0000,28.7932,28.4344,28.6310,0.0,0.0
2480,0,6,  0d 00:41:13.50,  0d 00:11:37.04,2.5003,3.8094,D,07/25/2025 11:01:36 AM,0.0000,28.7932,28.4344,28.6310,0.0,0.0
2481,0,6,  0d 00:41:14.50,  0d 00:11:38.04,2.5003,3.8092,D,07/25/2025 11:01:37 AM,0.0000,28.7777,28.4344,28.6465,0.0,0.0
2482,0,6,  0d 00:41:15.50,  0d 00:11:39.04,2.4997,3.8090,D,07/25/2025 11:01:38 AM,0.0000,28.7777,28.4344,28.6465,0.0,0.0
2483,0,6,  0d 00:41:16.50,  0d 00:11:40.04,2.4997,3.8087,D,07/25/2025 11:01:39 AM,0.0000,28.7777,28.4344,28.6465,0.0,0.0
2484,0,6,  0d 00:41:17.50,  0d 00:11:41.04,2.4997,3.8086,D,07/25/2025 11:01:40 AM,0.0000,28.7777,28.4188,28.6465,0.0,0.0
2485,0,6,  0d 00:41:18.50,  0d 00:11:42.04,2.5000,3.8083,D,07/25/2025 11:01:42 AM,0.0000,28.7932,28.4188,28.6465,0.0,0.0
2486,0,6,  0d 00:41:19.50,  0d 00:11:43.04,2.4994,3.8080,D,07/25/2025 11:01:42 AM,0.0000,28.7932,28.4188,28.6465,0.0,0.0
2487,0,6,  0d 00:41:20.50,  0d 00:11:44.04,2.4994,3.8078,D,07/25/2025 11:01:43 AM,0.0000,28.7932,28.4344,28.6310,0.0,0.0
2488,0,6,  0d 00:41:21.50,  0d 00:11:45.04,2.4997,3.8077,D,07/25/2025 11:01:44 AM,0.0000,28.7932,28.4344,28.6310,0.0,0.0
2489,0,6,  0d 00:41:22.50,  0d 00:11:46.04,2.5000,3.8076,D,07/25/2025 11:01:45 AM,0.0000,28.7932,28.4344,28.6310,0.0,0.0
2490,0,6,  0d 00:41:23.50,  0d 00:11:47.04,2.4997,3.8073,D,07/25/2025 11:01:46 AM,0.0000,28.7932,28.4188,28.6465,0.0,0.0
2491,0,6,  0d 00:41:24.50,  0d 00:11:48.04,2.4997,3.8070,D,07/25/2025 11:01:47 AM,0.0000,28.7932,28.4188,28.6465,0.0,0.0
2492,0,6,  0d 00:41:25.50,  0d 00:11:49.04,2.5000,3.8069,D,07/25/2025 11:01:48 AM,0.0000,28.7932,28.4344,28.6465,0.0,0.0
2493,0,6,  0d 00:41:26.50,  0d 00:11:50.04,2.4997,3.8067,D,07/25/2025 11:01:49 AM,0.0000,28.7932,28.4344,28.6465,0.0,0.0
2494,0,6,  0d 00:41:27.50,  0d 00:11:51.04,2.5003,3.8065,D,07/25/2025 11:01:50 AM,0.0000,28.7932,28.4344,28.6465,0.0,0.0
2495,0,6,  0d 00:41:28.50,  0d 00:11:52.04,2.5003,3.8064,D,07/25/2025 11:01:51 AM,0.0000,28.7932,28.4344,28.6465,0.0,0.0
2496,0,6,  0d 00:41:29.50,  0d 00:11:53.04,2.5003,3.8061,D,07/25/2025 11:01:52 AM,0.0000,28.7932,28.4344,28.6310,0.0,0.0
2497,0,6,  0d 00:41:30.50,  0d 00:11:54.04,2.4997,3.8058,D,07/25/2025 11:01:53 AM,0.0000,28.7932,28.4344,28.6465,0.0,0.0
2498,0,6,  0d 00:41:31.50,  0d 00:11:55.04,2.4997,3.8057,D,07/25/2025 11:01:54 AM,0.0000,28.7932,28.4344,28.6465,0.0,0.0
2499,0,6,  0d 00:41:32.50,  0d 00:11:56.04,2.5000,3.8054,D,07/25/2025 11:01:55 AM,0.0000,28.7932,28.4344,28.6465,0.0,0.0
2500,0,6,  0d 00:41:33.50,  0d 00:11:57.04,2.5000,3.8052,D,07/25/2025 11:01:56 AM,0.0000,28.7932,28.4344,28.6465,0.0,0.0
2501,0,6,  0d 00:41:34.50,  0d 00:11:58.04,2.4997,3.8051,D,07/25/2025 11:01:57 AM,0.0000,28.7932,28.4344,28.6465,0.0,0.0
2502,0,6,  0d 00:41:35.50,  0d 00:11:59.04,2.5000,3.8048,D,07/25/2025 11:01:58 AM,0.0000,28.7932,28.4344,28.6465,0.0,0.0
2503,0,6,  0d 00:41:36.50,  0d 00:12:00.04,2.4997,3.8047,D,07/25/2025 11:01:59 AM,0.0000,28.7932,28.4344,28.6465,0.0,0.0
2504,0,6,  0d 00:41:37.50,  0d 00:12:01.04,2.5000,3.8045,D,07/25/2025 11:02:00 AM,0.0000,28.7932,28.4344,28.6465,0.0,0.0
2505,0,6,  0d 00:41:38.50,  0d 00:12:02.04,2.4997,3.8042,D,07/25/2025 11:02:01 AM,0.0000,28.7932,28.4344,28.6465,0.0,0.0
2506,0,6,  0d 00:41:39.50,  0d 00:12:03.04,2.5003,3.8041,D,07/25/2025 11:02:02 AM,0.0000,28.7932,28.4344,28.6465,0.0,0.0
2507,0,6,  0d 00:41:40.50,  0d 00:12:04.04,2.5000,3.8039,D,07/25/2025 11:02:03 AM,0.0000,28.7932,28.4344,28.6465,0.0,0.0
2508,0,6,  0d 00:41:41.50,  0d 00:12:05.04,2.5003,3.8036,D,07/25/2025 11:02:04 AM,0.0000,28.7777,28.4344,28.6465,0.0,0.0
2509,0,6,  0d 00:41:42.50,  0d 00:12:06.04,2.5000,3.8035,D,07/25/2025 11:02:05 AM,0.0000,28.7777,28.4188,28.6465,0.0,0.0
2510,0,6,  0d 00:41:43.50,  0d 00:12:07.04,2.4994,3.8032,D,07/25/2025 11:02:06 AM,0.0000,28.7777,28.4344,28.6465,0.0,0.0
2511,0,6,  0d 00:41:44.50,  0d 00:12:08.04,2.4997,3.8031,D,07/25/2025 11:02:07 AM,0.0000,28.7777,28.4344,28.6465,0.0,0.0
2512,0,6,  0d 00:41:45.50,  0d 00:12:09.04,2.5003,3.8029,D,07/25/2025 11:02:08 AM,0.0000,28.7622,28.4344,28.6465,0.0,0.0
2513,0,6,  0d 00:41:46.50,  0d 00:12:10.04,2.5003,3.8027,D,07/25/2025 11:02:09 AM,0.0000,28.7622,28.4344,28.6310,0.0,0.0
2514,0,6,  0d 00:41:47.50,  0d 00:12:11.04,2.4994,3.8023,D,07/25/2025 11:02:10 AM,0.0000,28.7622,28.4344,28.6310,0.0,0.0
2515,0,6,  0d 00:41:48.50,  0d 00:12:12.04,2.4997,3.8022,D,07/25/2025 11:02:11 AM,0.0000,28.7622,28.4344,28.6310,0.0,0.0
2516,0,6,  0d 00:41:49.50,  0d 00:12:13.04,2.4994,3.8019,D,07/25/2025 11:02:13 AM,0.0000,28.7622,28.4344,28.6310,0.0,0.0
2517,0,6,  0d 00:41:50.50,  0d 00:12:14.04,2.5000,3.8017,D,07/25/2025 11:02:13 AM,0.0000,28.7622,28.4344,28.6465,0.0,0.0
2518,0,6,  0d 00:41:51.50,  0d 00:12:15.04,2.5000,3.8016,D,07/25/2025 11:02:14 AM,0.0000,28.7777,28.4344,28.6465,0.0,0.0
2519,0,6,  0d 00:41:52.50,  0d 00:12:16.04,2.4997,3.8013,D,07/25/2025 11:02:15 AM,0.0000,28.7777,28.4344,28.6465,0.0,0.0
2520,0,6,  0d 00:41:53.50,  0d 00:12:17.04,2.5000,3.8009,D,07/25/2025 11:02:16 AM,0.0000,28.7777,28.4344,28.6465,0.0,0.0
2521,0,6,  0d 00:41:54.50,  0d 00:12:18.04,2.5003,3.8009,D,07/25/2025 11:02:17 AM,0.0000,28.7932,28.4344,28.6465,0.0,0.0
2522,0,6,  0d 00:41:55.50,  0d 00:12:19.04,2.4997,3.8006,D,07/25/2025 11:02:18 AM,0.0000,28.7932,28.4188,28.6465,0.0,0.0
2523,0,6,  0d 00:41:56.50,  0d 00:12:20.04,2.4997,3.8006,D,07/25/2025 11:02:19 AM,0.0000,28.7932,28.4188,28.6465,0.0,0.0
2524,0,6,  0d 00:41:57.50,  0d 00:12:21.04,2.4997,3.8003,D,07/25/2025 11:02:20 AM,0.0000,28.7932,28.4344,28.6465,0.0,0.0
2525,0,6,  0d 00:41:58.50,  0d 00:12:22.04,2.5003,3.8002,D,07/25/2025 11:02:21 AM,0.0000,28.7777,28.4344,28.6465,0.0,0.0
2526,0,6,  0d 00:41:59.50,  0d 00:12:23.04,2.5000,3.8000,D,07/25/2025 11:02:23 AM,0.0000,28.7777,28.4344,28.6465,0.0,0.0
2527,0,6,  0d 00:42:00.50,  0d 00:12:24.04,2.5000,3.7996,D,07/25/2025 11:02:23 AM,0.0000,28.7777,28.4344,28.6465,0.0,0.0
2528,0,6,  0d 00:42:01.50,  0d 00:12:25.04,2.5000,3.7996,D,07/25/2025 11:02:24 AM,0.0000,28.7932,28.4344,28.6465,0.0,0.0
2529,0,6,  0d 00:42:02.50,  0d 00:12:26.04,2.4997,3.7993,D,07/25/2025 11:02:25 AM,0.0000,28.7932,28.4344,28.6465,0.0,0.0
2530,0,6,  0d 00:42:03.50,  0d 00:12:27.04,2.4997,3.7993,D,07/25/2025 11:02:26 AM,0.0000,28.7932,28.4344,28.6465,0.0,0.0
2531,0,6,  0d 00:42:04.50,  0d 00:12:28.04,2.5003,3.7991,D,07/25/2025 11:02:27 AM,0.0000,28.7932,28.4344,28.6465,0.0,0.0
2532,0,6,  0d 00:42:05.50,  0d 00:12:29.04,2.4997,3.7988,D,07/25/2025 11:02:28 AM,0.0000,28.7932,28.4344,28.6465,0.0,0.0
2533,0,6,  0d 00:42:06.50,  0d 00:12:30.04,2.4994,3.7986,D,07/25/2025 11:02:29 AM,0.0000,28.7932,28.4344,28.6465,0.0,0.0
2534,0,6,  0d 00:42:07.50,  0d 00:12:31.04,2.4997,3.7984,D,07/25/2025 11:02:30 AM,0.0000,28.7777,28.4344,28.6465,0.0,0.0
2535,0,6,  0d 00:42:08.50,  0d 00:12:32.04,2.5000,3.7981,D,07/25/2025 11:02:31 AM,0.0000,28.7777,28.4344,28.6465,0.0,0.0
2536,0,6,  0d 00:42:09.50,  0d 00:12:33.04,2.5000,3.7979,D,07/25/2025 11:02:33 AM,0.0000,28.7777,28.4344,28.6465,0.0,0.0
2537,0,6,  0d 00:42:10.50,  0d 00:12:34.04,2.4997,3.7977,D,07/25/2025 11:02:33 AM,0.0000,28.7932,28.4344,28.6465,0.0,0.0
2538,0,6,  0d 00:42:11.50,  0d 00:12:35.04,2.4997,3.7975,D,07/25/2025 11:02:34 AM,0.0000,28.7932,28.4344,28.6465,0.0,0.0
2539,0,6,  0d 00:42:12.50,  0d 00:12:36.04,2.4994,3.7973,D,07/25/2025 11:02:35 AM,0.0000,28.7932,28.4344,28.6310,0.0,0.0
2540,0,6,  0d 00:42:13.50,  0d 00:12:37.04,2.4997,3.7972,D,07/25/2025 11:02:36 AM,0.0000,28.7932,28.4344,28.6310,0.0,0.0
2541,0,6,  0d 00:42:14.50,  0d 00:12:38.04,2.5000,3.7970,D,07/25/2025 11:02:37 AM,0.0000,28.7932,28.4344,28.6465,0.0,0.0
2542,0,6,  0d 00:42:15.50,  0d 00:12:39.04,2.5000,3.7967,D,07/25/2025 11:02:38 AM,0.0000,28.7932,28.4344,28.6465,0.0,0.0
2543,0,6,  0d 00:42:16.50,  0d 00:12:40.04,2.5000,3.7967,D,07/25/2025 11:02:39 AM,0.0000,28.7777,28.4344,28.6465,0.0,0.0
2544,0,6,  0d 00:42:17.50,  0d 00:12:41.04,2.5000,3.7964,D,07/25/2025 11:02:40 AM,0.0000,28.7777,28.4344,28.6465,0.0,0.0
2545,0,6,  0d 00:42:18.50,  0d 00:12:42.04,2.5003,3.7962,D,07/25/2025 11:02:41 AM,0.0000,28.7777,28.4344,28.6465,0.0,0.0
2546,0,6,  0d 00:42:19.50,  0d 00:12:43.04,2.5000,3.7960,D,07/25/2025 11:02:43 AM,0.0000,28.7777,28.4344,28.6465,0.0,0.0
2547,0,6,  0d 00:42:20.50,  0d 00:12:44.04,2.4991,3.7958,D,07/25/2025 11:02:43 AM,0.0000,28.7777,28.4344,28.6465,0.0,0.0
2548,0,6,  0d 00:42:21.50,  0d 00:12:45.04,2.5006,3.7955,D,07/25/2025 11:02:44 AM,0.0000,28.7932,28.4344,28.6465,0.0,0.0
2549,0,6,  0d 00:42:22.50,  0d 00:12:46.04,2.5000,3.7953,D,07/25/2025 11:02:45 AM,0.0000,28.7932,28.4344,28.6465,0.0,0.0
2550,0,6,  0d 00:42:23.50,  0d 00:12:47.04,2.4994,3.7951,D,07/25/2025 11:02:46 AM,0.0000,28.7777,28.4344,28.6465,0.0,0.0
2551,0,6,  0d 00:42:24.50,  0d 00:12:48.04,2.4997,3.7950,D,07/25/2025 11:02:47 AM,0.0000,28.7777,28.4344,28.6465,0.0,0.0
2552,0,6,  0d 00:42:25.50,  0d 00:12:49.04,2.4991,3.7948,D,07/25/2025 11:02:48 AM,0.0000,28.7777,28.4344,28.6465,0.0,0.0
2553,0,6,  0d 00:42:26.50,  0d 00:12:50.04,2.4997,3.7944,D,07/25/2025 11:02:49 AM,0.0000,28.7777,28.4344,28.6465,0.0,0.0
2554,0,6,  0d 00:42:27.50,  0d 00:12:51.04,2.5003,3.7943,D,07/25/2025 11:02:50 AM,0.0000,28.7777,28.4344,28.6465,0.0,0.0
2555,0,6,  0d 00:42:28.50,  0d 00:12:52.04,2.5006,3.7942,D,07/25/2025 11:02:51 AM,0.0000,28.7777,28.4344,28.6465,0.0,0.0
2556,0,6,  0d 00:42:29.50,  0d 00:12:53.04,2.4997,3.7939,D,07/25/2025 11:02:53 AM,0.0000,28.7777,28.4344,28.6465,0.0,0.0
2557,0,6,  0d 00:42:30.50,  0d 00:12:54.04,2.5000,3.7938,D,07/25/2025 11:02:53 AM,0.0000,28.7777,28.4344,28.6465,0.0,0.0
2558,0,6,  0d 00:42:31.50,  0d 00:12:55.04,2.5000,3.7935,D,07/25/2025 11:02:54 AM,0.0000,28.7777,28.4344,28.6465,0.0,0.0
2559,0,6,  0d 00:42:32.50,  0d 00:12:56.04,2.5000,3.7934,D,07/25/2025 11:02:55 AM,0.0000,28.7777,28.4344,28.6465,0.0,0.0
2560,0,6,  0d 00:42:33.50,  0d 00:12:57.04,2.5000,3.7931,D,07/25/2025 11:02:56 AM,0.0000,28.7777,28.4344,28.6465,0.0,0.0
2561,0,6,  0d 00:42:34.50,  0d 00:12:58.04,2.4997,3.7930,D,07/25/2025 11:02:57 AM,0.0000,28.7932,28.4344,28.6465,0.0,0.0
2562,0,6,  0d 00:42:35.50,  0d 00:12:59.04,2.5003,3.7927,D,07/25/2025 11:02:58 AM,0.0000,28.7932,28.4344,28.6465,0.0,0.0
2563,0,6,  0d 00:42:36.50,  0d 00:13:00.04,2.4997,3.7925,D,07/25/2025 11:02:59 AM,0.0000,28.7932,28.4344,28.6465,0.0,0.0
2564,0,6,  0d 00:42:37.50,  0d 00:13:01.04,2.5003,3.7923,D,07/25/2025 11:03:00 AM,0.0000,28.7932,28.4344,28.6465,0.0,0.0
2565,0,6,  0d 00:42:38.50,  0d 00:13:02.04,2.5003,3.7920,D,07/25/2025 11:03:01 AM,0.0000,28.7932,28.4344,28.6465,0.0,0.0
2566,0,6,  0d 00:42:39.50,  0d 00:13:03.04,2.5003,3.7919,D,07/25/2025 11:03:02 AM,0.0000,28.7932,28.4344,28.6465,0.0,0.0
2567,0,6,  0d 00:42:40.50,  0d 00:13:04.04,2.4997,3.7917,D,07/25/2025 11:03:03 AM,0.0000,28.7932,28.4344,28.6465,0.0,0.0
2568,0,6,  0d 00:42:41.50,  0d 00:13:05.04,2.5000,3.7916,D,07/25/2025 11:03:04 AM,0.0000,28.7932,28.4344,28.6465,0.0,0.0
2569,0,6,  0d 00:42:42.50,  0d 00:13:06.04,2.4994,3.7913,D,07/25/2025 11:03:05 AM,0.0000,28.7777,28.4344,28.6465,0.0,0.0
2570,0,6,  0d 00:42:43.50,  0d 00:13:07.04,2.5003,3.7910,D,07/25/2025 11:03:06 AM,0.0000,28.7777,28.4344,28.6465,0.0,0.0
2571,0,6,  0d 00:42:44.50,  0d 00:13:08.04,2.4994,3.7910,D,07/25/2025 11:03:07 AM,0.0000,28.7932,28.4344,28.6465,0.0,0.0
2572,0,6,  0d 00:42:45.50,  0d 00:13:09.04,2.4994,3.7907,D,07/25/2025 11:03:08 AM,0.0000,28.7932,28.4344,28.6465,0.0,0.0
2573,0,6,  0d 00:42:46.50,  0d 00:13:10.04,2.4994,3.7905,D,07/25/2025 11:03:09 AM,0.0000,28.7932,28.4344,28.6465,0.0,0.0
2574,0,6,  0d 00:42:47.50,  0d 00:13:11.04,2.4994,3.7902,D,07/25/2025 11:03:10 AM,0.0000,28.7932,28.4344,28.6465,0.0,0.0
2575,0,6,  0d 00:42:48.50,  0d 00:13:12.04,2.4997,3.7902,D,07/25/2025 11:03:11 AM,0.0000,28.7932,28.4344,28.6465,0.0,0.0
2576,0,6,  0d 00:42:49.50,  0d 00:13:13.04,2.4997,3.7899,D,07/25/2025 11:03:12 AM,0.0000,28.7932,28.4344,28.6465,0.0,0.0
2577,0,6,  0d 00:42:50.50,  0d 00:13:14.04,2.4994,3.7898,D,07/25/2025 11:03:13 AM,0.0000,28.7932,28.4344,28.6465,0.0,0.0
2578,0,6,  0d 00:42:51.50,  0d 00:13:15.04,2.5000,3.7895,D,07/25/2025 11:03:14 AM,0.0000,28.7932,28.4344,28.6465,0.0,0.0
2579,0,6,  0d 00:42:52.50,  0d 00:13:16.04,2.4997,3.7893,D,07/25/2025 11:03:15 AM,0.0000,28.7932,28.4344,28.6465,0.0,0.0
2580,0,6,  0d 00:42:53.50,  0d 00:13:17.04,2.4997,3.7890,D,07/25/2025 11:03:16 AM,0.0000,28.7932,28.4499,28.6465,0.0,0.0
2581,0,6,  0d 00:42:54.50,  0d 00:13:18.04,2.4997,3.7889,D,07/25/2025 11:03:17 AM,0.0000,28.7932,28.4344,28.6465,0.0,0.0
2582,0,6,  0d 00:42:55.50,  0d 00:13:19.04,2.4997,3.7885,D,07/25/2025 11:03:18 AM,0.0000,28.7932,28.4344,28.6465,0.0,0.0
2583,0,6,  0d 00:42:56.50,  0d 00:13:20.04,2.4997,3.7885,D,07/25/2025 11:03:19 AM,0.0000,28.7932,28.4344,28.6465,0.0,0.0
2584,0,6,  0d 00:42:57.50,  0d 00:13:21.04,2.5000,3.7882,D,07/25/2025 11:03:20 AM,0.0000,28.7932,28.4344,28.6465,0.0,0.0
2585,0,6,  0d 00:42:58.50,  0d 00:13:22.04,2.5003,3.7881,D,07/25/2025 11:03:21 AM,0.0000,28.7932,28.4344,28.6465,0.0,0.0
2586,0,6,  0d 00:42:59.50,  0d 00:13:23.04,2.4997,3.7878,D,07/25/2025 11:03:22 AM,0.0000,28.7932,28.4499,28.6465,0.0,0.0
2587,0,6,  0d 00:43:00.50,  0d 00:13:24.04,2.4997,3.7877,D,07/25/2025 11:03:24 AM,0.0000,28.7932,28.4344,28.6465,0.0,0.0
2588,0,6,  0d 00:43:01.50,  0d 00:13:25.04,2.5000,3.7874,D,07/25/2025 11:03:24 AM,0.0000,28.7777,28.4344,28.6465,0.0,0.0
2589,0,6,  0d 00:43:02.50,  0d 00:13:26.04,2.5000,3.7872,D,07/25/2025 11:03:25 AM,0.0000,28.7777,28.4344,28.6465,0.0,0.0
2590,0,6,  0d 00:43:03.50,  0d 00:13:27.04,2.4997,3.7871,D,07/25/2025 11:03:26 AM,0.0000,28.7932,28.4344,28.6465,0.0,0.0
2591,0,6,  0d 00:43:04.50,  0d 00:13:28.04,2.4997,3.7868,D,07/25/2025 11:03:27 AM,0.0000,28.7932,28.4344,28.6465,0.0,0.0
2592,0,6,  0d 00:43:05.50,  0d 00:13:29.04,2.4997,3.7867,D,07/25/2025 11:03:28 AM,0.0000,28.7932,28.4344,28.6465,0.0,0.0
2593,0,6,  0d 00:43:06.50,  0d 00:13:30.04,2.5000,3.7864,D,07/25/2025 11:03:29 AM,0.0000,28.7932,28.4344,28.6465,0.0,0.0
2594,0,6,  0d 00:43:07.50,  0d 00:13:31.04,2.5000,3.7864,D,07/25/2025 11:03:30 AM,0.0000,28.7932,28.4344,28.6465,0.0,0.0
2595,0,6,  0d 00:43:08.50,  0d 00:13:32.04,2.5003,3.7861,D,07/25/2025 11:03:31 AM,0.0000,28.7932,28.4344,28.6465,0.0,0.0
2596,0,6,  0d 00:43:09.50,  0d 00:13:33.04,2.4994,3.7859,D,07/25/2025 11:03:32 AM,0.0000,28.7932,28.4344,28.6465,0.0,0.0
2597,0,6,  0d 00:43:10.50,  0d 00:13:34.04,2.4997,3.7855,D,07/25/2025 11:03:34 AM,0.0000,28.7932,28.4344,28.6465,0.0,0.0
2598,0,6,  0d 00:43:11.50,  0d 00:13:35.04,2.4997,3.7855,D,07/25/2025 11:03:34 AM,0.0000,28.7932,28.4344,28.6465,0.0,0.0
2599,0,6,  0d 00:43:12.50,  0d 00:13:36.04,2.4997,3.7852,D,07/25/2025 11:03:35 AM,0.0000,28.7932,28.4344,28.6465,0.0,0.0
2600,0,6,  0d 00:43:13.50,  0d 00:13:37.04,2.5000,3.7849,D,07/25/2025 11:03:36 AM,0.0000,28.7932,28.4344,28.6465,0.0,0.0
2601,0,6,  0d 00:43:14.50,  0d 00:13:38.04,2.4997,3.7847,D,07/25/2025 11:03:37 AM,0.0000,28.7932,28.4344,28.6465,0.0,0.0
2602,0,6,  0d 00:43:15.50,  0d 00:13:39.04,2.4997,3.7846,D,07/25/2025 11:03:38 AM,0.0000,28.8087,28.4344,28.6465,0.0,0.0
2603,0,6,  0d 00:43:16.50,  0d 00:13:40.04,2.5006,3.7845,D,07/25/2025 11:03:39 AM,0.0000,28.8087,28.4344,28.6465,0.0,0.0
2604,0,6,  0d 00:43:17.50,  0d 00:13:41.04,2.5003,3.7842,D,07/25/2025 11:03:40 AM,0.0000,28.7932,28.4499,28.6465,0.0,0.0
2605,0,6,  0d 00:43:18.50,  0d 00:13:42.04,2.5000,3.7840,D,07/25/2025 11:03:41 AM,0.0000,28.7932,28.4499,28.6465,0.0,0.0
2606,0,6,  0d 00:43:19.50,  0d 00:13:43.04,2.4997,3.7838,D,07/25/2025 11:03:42 AM,0.0000,28.8087,28.4499,28.6465,0.0,0.0
2607,0,6,  0d 00:43:20.50,  0d 00:13:44.04,2.4997,3.7836,D,07/25/2025 11:03:44 AM,0.0000,28.8087,28.4499,28.6465,0.0,0.0
2608,0,6,  0d 00:43:21.50,  0d 00:13:45.04,2.4997,3.7834,D,07/25/2025 11:03:44 AM,0.0000,28.8087,28.4499,28.6465,0.0,0.0
2609,0,6,  0d 00:43:22.50,  0d 00:13:46.04,2.4994,3.7832,D,07/25/2025 11:03:45 AM,0.0000,28.8087,28.4499,28.6465,0.0,0.0
2610,0,6,  0d 00:43:23.50,  0d 00:13:47.04,2.5000,3.7831,D,07/25/2025 11:03:46 AM,0.0000,28.7932,28.4499,28.6465,0.0,0.0
2611,0,6,  0d 00:43:24.50,  0d 00:13:48.04,2.4991,3.7829,D,07/25/2025 11:03:47 AM,0.0000,28.7932,28.4344,28.6465,0.0,0.0
2612,0,6,  0d 00:43:25.50,  0d 00:13:49.04,2.4994,3.7826,D,07/25/2025 11:03:48 AM,0.0000,28.7932,28.4344,28.6465,0.0,0.0
2613,0,6,  0d 00:43:26.50,  0d 00:13:50.04,2.4997,3.7823,D,07/25/2025 11:03:49 AM,0.0000,28.7932,28.4344,28.6465,0.0,0.0
2614,0,6,  0d 00:43:27.50,  0d 00:13:51.04,2.4994,3.7822,D,07/25/2025 11:03:50 AM,0.0000,28.7932,28.4344,28.6465,0.0,0.0
2615,0,6,  0d 00:43:28.50,  0d 00:13:52.04,2.4988,3.7819,D,07/25/2025 11:03:51 AM,0.0000,28.7932,28.4344,28.6465,0.0,0.0
2616,0,6,  0d 00:43:29.50,  0d 00:13:53.04,2.4997,3.7817,D,07/25/2025 11:03:52 AM,0.0000,28.7932,28.4344,28.6465,0.0,0.0
2617,0,6,  0d 00:43:30.50,  0d 00:13:54.04,2.4997,3.7816,D,07/25/2025 11:03:54 AM,0.0000,28.7932,28.4344,28.6465,0.0,0.0
2618,0,6,  0d 00:43:31.50,  0d 00:13:55.04,2.4997,3.7813,D,07/25/2025 11:03:54 AM,0.0000,28.7932,28.4344,28.6465,0.0,0.0
2619,0,6,  0d 00:43:32.50,  0d 00:13:56.04,2.5000,3.7812,D,07/25/2025 11:03:55 AM,0.0000,28.7932,28.4344,28.6465,0.0,0.0
2620,0,6,  0d 00:43:33.50,  0d 00:13:57.04,2.5000,3.7810,D,07/25/2025 11:03:56 AM,0.0000,28.7932,28.4344,28.6620,0.0,0.0
2621,0,6,  0d 00:43:34.50,  0d 00:13:58.04,2.4997,3.7807,D,07/25/2025 11:03:57 AM,0.0000,28.7932,28.4344,28.6465,0.0,0.0
2622,0,6,  0d 00:43:35.50,  0d 00:13:59.04,2.5000,3.7806,D,07/25/2025 11:03:58 AM,0.0000,28.7932,28.4344,28.6465,0.0,0.0
2623,0,6,  0d 00:43:36.50,  0d 00:14:00.04,2.5000,3.7803,D,07/25/2025 11:03:59 AM,0.0000,28.7932,28.4344,28.6465,0.0,0.0
2624,0,6,  0d 00:43:37.50,  0d 00:14:01.04,2.5000,3.7803,D,07/25/2025 11:04:00 AM,0.0000,28.7932,28.4344,28.6465,0.0,0.0
2625,0,6,  0d 00:43:38.50,  0d 00:14:02.04,2.4994,3.7800,D,07/25/2025 11:04:01 AM,0.0000,28.7932,28.4499,28.6465,0.0,0.0
2626,0,6,  0d 00:43:39.50,  0d 00:14:03.04,2.5000,3.7797,D,07/25/2025 11:04:02 AM,0.0000,28.7932,28.4499,28.6465,0.0,0.0
2627,0,6,  0d 00:43:40.50,  0d 00:14:04.04,2.5003,3.7796,D,07/25/2025 11:04:04 AM,0.0000,28.7932,28.4499,28.6465,0.0,0.0
2628,0,6,  0d 00:43:41.50,  0d 00:14:05.04,2.5003,3.7794,D,07/25/2025 11:04:04 AM,0.0000,28.7932,28.4499,28.6465,0.0,0.0
2629,0,6,  0d 00:43:42.50,  0d 00:14:06.04,2.4991,3.7790,D,07/25/2025 11:04:05 AM,0.0000,28.7932,28.4499,28.6465,0.0,0.0
2630,0,6,  0d 00:43:43.50,  0d 00:14:07.04,2.5000,3.7788,D,07/25/2025 11:04:06 AM,0.0000,28.7932,28.4499,28.6465,0.0,0.0
2631,0,6,  0d 00:43:44.50,  0d 00:14:08.04,2.5000,3.7786,D,07/25/2025 11:04:07 AM,0.0000,28.7932,28.4499,28.6465,0.0,0.0
2632,0,6,  0d 00:43:45.50,  0d 00:14:09.04,2.5003,3.7784,D,07/25/2025 11:04:08 AM,0.0000,28.7932,28.4344,28.6465,0.0,0.0
2633,0,6,  0d 00:43:46.50,  0d 00:14:10.04,2.5003,3.7782,D,07/25/2025 11:04:09 AM,0.0000,28.7932,28.4499,28.6465,0.0,0.0
2634,0,6,  0d 00:43:47.50,  0d 00:14:11.04,2.4997,3.7781,D,07/25/2025 11:04:10 AM,0.0000,28.7932,28.4499,28.6465,0.0,0.0
2635,0,6,  0d 00:43:48.50,  0d 00:14:12.04,2.4994,3.7778,D,07/25/2025 11:04:11 AM,0.0000,28.7932,28.4499,28.6465,0.0,0.0
2636,0,6,  0d 00:43:49.50,  0d 00:14:13.04,2.5000,3.7775,D,07/25/2025 11:04:12 AM,0.0000,28.7932,28.4499,28.6465,0.0,0.0
2637,0,6,  0d 00:43:50.50,  0d 00:14:14.04,2.4997,3.7774,D,07/25/2025 11:04:13 AM,0.0000,28.7932,28.4499,28.6465,0.0,0.0
2638,0,6,  0d 00:43:51.50,  0d 00:14:15.04,2.4997,3.7772,D,07/25/2025 11:04:14 AM,0.0000,28.7932,28.4499,28.6465,0.0,0.0
2639,0,6,  0d 00:43:52.50,  0d 00:14:16.04,2.5000,3.7770,D,07/25/2025 11:04:15 AM,0.0000,28.7932,28.4344,28.6465,0.0,0.0
2640,0,6,  0d 00:43:53.50,  0d 00:14:17.04,2.5000,3.7768,D,07/25/2025 11:04:16 AM,0.0000,28.7932,28.4499,28.6465,0.0,0.0
2641,0,6,  0d 00:43:54.50,  0d 00:14:18.04,2.5003,3.7766,D,07/25/2025 11:04:17 AM,0.0000,28.7932,28.4344,28.6465,0.0,0.0
2642,0,6,  0d 00:43:55.50,  0d 00:14:19.04,2.5000,3.7765,D,07/25/2025 11:04:18 AM,0.0000,28.7932,28.4499,28.6465,0.0,0.0
2643,0,6,  0d 00:43:56.50,  0d 00:14:20.04,2.4997,3.7762,D,07/25/2025 11:04:19 AM,0.0000,28.7932,28.4499,28.6465,0.0,0.0
2644,0,6,  0d 00:43:57.50,  0d 00:14:21.04,2.5000,3.7758,D,07/25/2025 11:04:20 AM,0.0000,28.7932,28.4499,28.6465,0.0,0.0
2645,0,6,  0d 00:43:58.50,  0d 00:14:22.04,2.5000,3.7757,D,07/25/2025 11:04:21 AM,0.0000,28.7932,28.4499,28.6465,0.0,0.0
2646,0,6,  0d 00:43:59.50,  0d 00:14:23.04,2.4994,3.7755,D,07/25/2025 11:04:22 AM,0.0000,28.7932,28.4499,28.6465,0.0,0.0
2647,0,6,  0d 00:44:00.50,  0d 00:14:24.04,2.4997,3.7753,D,07/25/2025 11:04:23 AM,0.0000,28.7932,28.4499,28.6465,0.0,0.0
2648,0,6,  0d 00:44:01.50,  0d 00:14:25.04,2.4997,3.7750,D,07/25/2025 11:04:24 AM,0.0000,28.7932,28.4499,28.6465,0.0,0.0
2649,0,6,  0d 00:44:02.50,  0d 00:14:26.04,2.4997,3.7748,D,07/25/2025 11:04:25 AM,0.0000,28.7932,28.4499,28.6620,0.0,0.0
2650,0,6,  0d 00:44:03.50,  0d 00:14:27.04,2.5000,3.7746,D,07/25/2025 11:04:26 AM,0.0000,28.7932,28.4499,28.6620,0.0,0.0
2651,0,6,  0d 00:44:04.50,  0d 00:14:28.04,2.4994,3.7745,D,07/25/2025 11:04:27 AM,0.0000,28.8087,28.4499,28.6620,0.0,0.0
2652,0,6,  0d 00:44:05.50,  0d 00:14:29.04,2.5000,3.7742,D,07/25/2025 11:04:28 AM,0.0000,28.8087,28.4499,28.6620,0.0,0.0
2653,0,6,  0d 00:44:06.50,  0d 00:14:30.04,2.4997,3.7741,D,07/25/2025 11:04:29 AM,0.0000,28.8087,28.4499,28.6620,0.0,0.0
2654,0,6,  0d 00:44:07.50,  0d 00:14:31.04,2.5006,3.7738,D,07/25/2025 11:04:30 AM,0.0000,28.7932,28.4499,28.6620,0.0,0.0
2655,0,6,  0d 00:44:08.50,  0d 00:14:32.04,2.4997,3.7736,D,07/25/2025 11:04:31 AM,0.0000,28.7932,28.4499,28.6620,0.0,0.0
2656,0,6,  0d 00:44:09.50,  0d 00:14:33.04,2.5000,3.7733,D,07/25/2025 11:04:32 AM,0.0000,28.7932,28.4499,28.6620,0.0,0.0
2657,0,6,  0d 00:44:10.50,  0d 00:14:34.04,2.4994,3.7731,D,07/25/2025 11:04:33 AM,0.0000,28.7932,28.4499,28.6465,0.0,0.0
2658,0,6,  0d 00:44:11.50,  0d 00:14:35.04,2.4997,3.7729,D,07/25/2025 11:04:35 AM,0.0000,28.7932,28.4499,28.6465,0.0,0.0
2659,0,6,  0d 00:44:12.50,  0d 00:14:36.04,2.4997,3.7728,D,07/25/2025 11:04:35 AM,0.0000,28.8087,28.4499,28.6620,0.0,0.0
2660,0,6,  0d 00:44:13.50,  0d 00:14:37.04,2.4997,3.7725,D,07/25/2025 11:04:36 AM,0.0000,28.8087,28.4499,28.6620,0.0,0.0
2661,0,6,  0d 00:44:14.50,  0d 00:14:38.04,2.4997,3.7722,D,07/25/2025 11:04:37 AM,0.0000,28.7932,28.4499,28.6620,0.0,0.0
2662,0,6,  0d 00:44:15.50,  0d 00:14:39.04,2.5006,3.7720,D,07/25/2025 11:04:38 AM,0.0000,28.8087,28.4499,28.6620,0.0,0.0
2663,0,6,  0d 00:44:16.50,  0d 00:14:40.04,2.5000,3.7720,D,07/25/2025 11:04:39 AM,0.0000,28.8087,28.4499,28.6620,0.0,0.0
2664,0,6,  0d 00:44:17.50,  0d 00:14:41.04,2.4994,3.7718,D,07/25/2025 11:04:40 AM,0.0000,28.8087,28.4499,28.6620,0.0,0.0
2665,0,6,  0d 00:44:18.50,  0d 00:14:42.04,2.5003,3.7715,D,07/25/2025 11:04:41 AM,0.0000,28.8087,28.4499,28.6620,0.0,0.0
2666,0,6,  0d 00:44:19.50,  0d 00:14:43.04,2.4997,3.7711,D,07/25/2025 11:04:42 AM,0.0000,28.7932,28.4499,28.6620,0.0,0.0
2667,0,6,  0d 00:44:20.50,  0d 00:14:44.04,2.5000,3.7710,D,07/25/2025 11:04:43 AM,0.0000,28.7932,28.4499,28.6620,0.0,0.0
2668,0,6,  0d 00:44:21.50,  0d 00:14:45.04,2.5000,3.7707,D,07/25/2025 11:04:45 AM,0.0000,28.7932,28.4499,28.6620,0.0,0.0
2669,0,6,  0d 00:44:22.50,  0d 00:14:46.04,2.4997,3.7706,D,07/25/2025 11:04:45 AM,0.0000,28.7932,28.4499,28.6620,0.0,0.0
2670,0,6,  0d 00:44:23.50,  0d 00:14:47.04,2.5000,3.7704,D,07/25/2025 11:04:46 AM,0.0000,28.7932,28.4499,28.6465,0.0,0.0
2671,0,6,  0d 00:44:24.50,  0d 00:14:48.04,2.5003,3.7702,D,07/25/2025 11:04:47 AM,0.0000,28.7932,28.4499,28.6465,0.0,0.0
2672,0,6,  0d 00:44:25.50,  0d 00:14:49.04,2.4997,3.7700,D,07/25/2025 11:04:48 AM,0.0000,28.7932,28.4499,28.6620,0.0,0.0
2673,0,6,  0d 00:44:26.50,  0d 00:14:50.04,2.4997,3.7698,D,07/25/2025 11:04:49 AM,0.0000,28.7932,28.4499,28.6620,0.0,0.0
2674,0,6,  0d 00:44:27.50,  0d 00:14:51.04,2.5000,3.7694,D,07/25/2025 11:04:50 AM,0.0000,28.7932,28.4499,28.6620,0.0,0.0
2675,0,6,  0d 00:44:28.50,  0d 00:14:52.04,2.4997,3.7692,D,07/25/2025 11:04:51 AM,0.0000,28.7932,28.4499,28.6620,0.0,0.0
2676,0,6,  0d 00:44:29.50,  0d 00:14:53.04,2.5000,3.7691,D,07/25/2025 11:04:52 AM,0.0000,28.7932,28.4499,28.6620,0.0,0.0
2677,0,6,  0d 00:44:30.50,  0d 00:14:54.04,2.4994,3.7689,D,07/25/2025 11:04:53 AM,0.0000,28.7932,28.4499,28.6620,0.0,0.0
2678,0,6,  0d 00:44:31.50,  0d 00:14:55.04,2.5003,3.7686,D,07/25/2025 11:04:55 AM,0.0000,28.7932,28.4499,28.6465,0.0,0.0
2679,0,6,  0d 00:44:32.50,  0d 00:14:56.04,2.5000,3.7683,D,07/25/2025 11:04:55 AM,0.0000,28.7932,28.4499,28.6465,0.0,0.0
2680,0,6,  0d 00:44:33.50,  0d 00:14:57.04,2.4997,3.7682,D,07/25/2025 11:04:56 AM,0.0000,28.7932,28.4499,28.6620,0.0,0.0
2681,0,6,  0d 00:44:34.50,  0d 00:14:58.04,2.4994,3.7679,D,07/25/2025 11:04:57 AM,0.0000,28.7932,28.4344,28.6620,0.0,0.0
2682,0,6,  0d 00:44:35.50,  0d 00:14:59.04,2.4994,3.7677,D,07/25/2025 11:04:58 AM,0.0000,28.7932,28.4344,28.6620,0.0,0.0
2683,0,6,  0d 00:44:36.46,  0d 00:15:00.00,2.4997,3.7677,D,07/25/2025 11:04:59 AM,0.0000,28.7932,28.4344,28.6620,0.0,0.0
2684,0,7,  0d 00:44:36.47,  0d 00:00:00.01,0.0000,3.8082,R,07/25/2025 11:04:59 AM,0.0000,28.7932,28.4344,28.6620,0.0,0.0
2685,0,7,  0d 00:44:37.47,  0d 00:00:01.01,0.0000,3.8130,R,07/25/2025 11:05:00 AM,0.0000,28.7932,28.4344,28.6465,0.0,0.0
2686,0,7,  0d 00:44:38.47,  0d 00:00:02.01,0.0000,3.8154,R,07/25/2025 11:05:01 AM,0.0000,28.7932,28.4499,28.6465,0.0,0.0
2687,0,7,  0d 00:44:39.47,  0d 00:00:03.01,0.0000,3.8170,R,07/25/2025 11:05:02 AM,0.0000,28.7932,28.4499,28.6465,0.0,0.0
2688,0,7,  0d 00:44:40.47,  0d 00:00:04.01,0.0000,3.8186,R,07/25/2025 11:05:03 AM,0.0000,28.7932,28.4499,28.6465,0.0,0.0
2689,0,7,  0d 00:44:41.47,  0d 00:00:05.01,0.0000,3.8199,R,07/25/2025 11:05:05 AM,0.0000,28.7932,28.4499,28.6465,0.0,0.0
2690,0,7,  0d 00:44:42.47,  0d 00:00:06.01,0.0000,3.8209,R,07/25/2025 11:05:05 AM,0.0000,28.7932,28.4499,28.6620,0.0,0.0
2691,0,7,  0d 00:44:43.47,  0d 00:00:07.01,0.0000,3.8221,R,07/25/2025 11:05:06 AM,0.0000,28.7932,28.4499,28.6620,0.0,0.0
2692,0,7,  0d 00:44:44.47,  0d 00:00:08.01,0.0000,3.8230,R,07/25/2025 11:05:07 AM,0.0000,28.7932,28.4499,28.6620,0.0,0.0
2693,0,7,  0d 00:44:45.47,  0d 00:00:09.01,0.0000,3.8238,R,07/25/2025 11:05:08 AM,0.0000,28.7932,28.4499,28.6465,0.0,0.0
2694,0,7,  0d 00:44:46.47,  0d 00:00:10.01,0.0000,3.8248,R,07/25/2025 11:05:09 AM,0.0000,28.7932,28.4499,28.6465,0.0,0.0
2695,0,7,  0d 00:44:47.47,  0d 00:00:11.01,0.0000,3.8257,R,07/25/2025 11:05:10 AM,0.0000,28.7932,28.4344,28.6465,0.0,0.0
2696,0,7,  0d 00:44:48.47,  0d 00:00:12.01,0.0000,3.8264,R,07/25/2025 11:05:11 AM,0.0000,28.7932,28.4499,28.6465,0.0,0.0
2697,0,7,  0d 00:44:49.47,  0d 00:00:13.01,0.0000,3.8270,R,07/25/2025 11:05:12 AM,0.0000,28.7932,28.4499,28.6465,0.0,0.0
2698,0,7,  0d 00:44:50.47,  0d 00:00:14.01,0.0000,3.8278,R,07/25/2025 11:05:13 AM,0.0000,28.7932,28.4499,28.6465,0.0,0.0
2699,0,7,  0d 00:44:51.47,  0d 00:00:15.01,0.0000,3.8283,R,07/25/2025 11:05:15 AM,0.0000,28.7932,28.4499,28.6465,0.0,0.0
2700,0,7,  0d 00:44:52.47,  0d 00:00:16.01,0.0000,3.8290,R,07/25/2025 11:05:15 AM,0.0000,28.7932,28.4499,28.6465,0.0,0.0
2701,0,7,  0d 00:44:53.47,  0d 00:00:17.01,0.0000,3.8296,R,07/25/2025 11:05:16 AM,0.0000,28.7932,28.4499,28.6620,0.0,0.0
2702,0,7,  0d 00:44:54.47,  0d 00:00:18.01,0.0000,3.8301,R,07/25/2025 11:05:17 AM,0.0000,28.7932,28.4499,28.6620,0.0,0.0
2703,0,7,  0d 00:44:55.47,  0d 00:00:19.01,0.0000,3.8306,R,07/25/2025 11:05:18 AM,0.0000,28.7932,28.4499,28.6465,0.0,0.0
2704,0,7,  0d 00:44:56.47,  0d 00:00:20.01,0.0000,3.8310,R,07/25/2025 11:05:19 AM,0.0000,28.7777,28.4499,28.6465,0.0,0.0
2705,0,7,  0d 00:44:57.47,  0d 00:00:21.01,0.0000,3.8315,R,07/25/2025 11:05:20 AM,0.0000,28.7777,28.4499,28.6465,0.0,0.0
2706,0,7,  0d 00:44:58.47,  0d 00:00:22.01,0.0000,3.8319,R,07/25/2025 11:05:21 AM,0.0000,28.7777,28.4499,28.6465,0.0,0.0
2707,0,7,  0d 00:44:59.47,  0d 00:00:23.01,0.0000,3.8325,R,07/25/2025 11:05:22 AM,0.0000,28.7777,28.4344,28.6465,0.0,0.0
2708,0,7,  0d 00:45:00.47,  0d 00:00:24.01,0.0000,3.8328,R,07/25/2025 11:05:23 AM,0.0000,28.7777,28.4344,28.6465,0.0,0.0
2709,0,7,  0d 00:45:01.47,  0d 00:00:25.01,0.0000,3.8331,R,07/25/2025 11:05:24 AM,0.0000,28.7777,28.4344,28.6465,0.0,0.0
2710,0,7,  0d 00:45:02.47,  0d 00:00:26.01,0.0000,3.8334,R,07/25/2025 11:05:25 AM,0.0000,28.7777,28.4344,28.6465,0.0,0.0
2711,0,7,  0d 00:45:03.47,  0d 00:00:27.01,0.0000,3.8339,R,07/25/2025 11:05:26 AM,0.0000,28.7932,28.4344,28.6465,0.0,0.0
2712,0,7,  0d 00:45:04.47,  0d 00:00:28.01,0.0000,3.8342,R,07/25/2025 11:05:27 AM,0.0000,28.7932,28.4344,28.6465,0.0,0.0
2713,0,7,  0d 00:45:05.47,  0d 00:00:29.01,0.0000,3.8346,R,07/25/2025 11:05:28 AM,0.0000,28.7932,28.4344,28.6465,0.0,0.0
2714,0,7,  0d 00:45:06.47,  0d 00:00:30.01,0.0000,3.8350,R,07/25/2025 11:05:29 AM,0.0000,28.7932,28.4344,28.6465,0.0,0.0
2715,0,7,  0d 00:45:07.47,  0d 00:00:31.01,0.0000,3.8352,R,07/25/2025 11:05:30 AM,0.0000,28.7932,28.4344,28.6465,0.0,0.0
2716,0,7,  0d 00:45:08.47,  0d 00:00:32.01,0.0000,3.8355,R,07/25/2025 11:05:31 AM,0.0000,28.7932,28.4344,28.6465,0.0,0.0
2717,0,7,  0d 00:45:09.47,  0d 00:00:33.01,0.0000,3.8357,R,07/25/2025 11:05:32 AM,0.0000,28.7932,28.4344,28.6465,0.0,0.0
2718,0,7,  0d 00:45:10.47,  0d 00:00:34.01,0.0000,3.8360,R,07/25/2025 11:05:33 AM,0.0000,28.7932,28.4344,28.6465,0.0,0.0
2719,0,7,  0d 00:45:11.47,  0d 00:00:35.01,0.0000,3.8361,R,07/25/2025 11:05:34 AM,0.0000,28.7932,28.4344,28.6465,0.0,0.0
2720,0,7,  0d 00:45:12.47,  0d 00:00:36.01,0.0000,3.8365,R,07/25/2025 11:05:35 AM,0.0000,28.7932,28.4344,28.6465,0.0,0.0
2721,0,7,  0d 00:45:13.47,  0d 00:00:37.01,0.0000,3.8367,R,07/25/2025 11:05:36 AM,0.0000,28.7932,28.4344,28.6465,0.0,0.0
2722,0,7,  0d 00:45:14.47,  0d 00:00:38.01,0.0000,3.8370,R,07/25/2025 11:05:37 AM,0.0000,28.7932,28.4344,28.6465,0.0,0.0
2723,0,7,  0d 00:45:15.47,  0d 00:00:39.01,0.0000,3.8373,R,07/25/2025 11:05:38 AM,0.0000,28.7932,28.4344,28.6465,0.0,0.0
2724,0,7,  0d 00:45:16.47,  0d 00:00:40.01,0.0000,3.8375,R,07/25/2025 11:05:39 AM,0.0000,28.7932,28.4344,28.6465,0.0,0.0
2725,0,7,  0d 00:45:17.47,  0d 00:00:41.01,0.0000,3.8377,R,07/25/2025 11:05:40 AM,0.0000,28.7932,28.4344,28.6465,0.0,0.0
2726,0,7,  0d 00:45:18.47,  0d 00:00:42.01,0.0000,3.8379,R,07/25/2025 11:05:41 AM,0.0000,28.7932,28.4344,28.6465,0.0,0.0
2727,0,7,  0d 00:45:19.47,  0d 00:00:43.01,0.0000,3.8380,R,07/25/2025 11:05:42 AM,0.0000,28.7932,28.4344,28.6465,0.0,0.0
2728,0,7,  0d 00:45:20.47,  0d 00:00:44.01,0.0000,3.8381,R,07/25/2025 11:05:43 AM,0.0000,28.7932,28.4344,28.6465,0.0,0.0
2729,0,7,  0d 00:45:21.47,  0d 00:00:45.01,0.0000,3.8384,R,07/25/2025 11:05:44 AM,0.0000,28.7932,28.4344,28.6465,0.0,0.0
2730,0,7,  0d 00:45:22.47,  0d 00:00:46.01,0.0000,3.8385,R,07/25/2025 11:05:46 AM,0.0000,28.7932,28.4344,28.6465,0.0,0.0
2731,0,7,  0d 00:45:23.47,  0d 00:00:47.01,0.0000,3.8388,R,07/25/2025 11:05:46 AM,0.0000,28.7932,28.4344,28.6465,0.0,0.0
2732,0,7,  0d 00:45:24.47,  0d 00:00:48.01,0.0000,3.8389,R,07/25/2025 11:05:47 AM,0.0000,28.7932,28.4344,28.6465,0.0,0.0
2733,0,7,  0d 00:45:25.47,  0d 00:00:49.01,0.0000,3.8391,R,07/25/2025 11:05:48 AM,0.0000,28.7932,28.4344,28.6465,0.0,0.0
2734,0,7,  0d 00:45:26.47,  0d 00:00:50.01,0.0000,3.8392,R,07/25/2025 11:05:49 AM,0.0000,28.7932,28.4344,28.6310,0.0,0.0
2735,0,7,  0d 00:45:27.47,  0d 00:00:51.01,0.0000,3.8394,R,07/25/2025 11:05:50 AM,0.0000,28.7777,28.4344,28.6310,0.0,0.0
2736,0,7,  0d 00:45:28.47,  0d 00:00:52.01,0.0000,3.8396,R,07/25/2025 11:05:51 AM,0.0000,28.7777,28.4344,28.6310,0.0,0.0
2737,0,7,  0d 00:45:29.47,  0d 00:00:53.01,0.0000,3.8397,R,07/25/2025 11:05:52 AM,0.0000,28.7777,28.4344,28.6310,0.0,0.0
2738,0,7,  0d 00:45:30.47,  0d 00:00:54.01,0.0000,3.8398,R,07/25/2025 11:05:53 AM,0.0000,28.7777,28.4344,28.6310,0.0,0.0
2739,0,7,  0d 00:45:31.47,  0d 00:00:55.01,0.0000,3.8399,R,07/25/2025 11:05:54 AM,0.0000,28.7777,28.4344,28.6465,0.0,0.0
2740,0,7,  0d 00:45:32.47,  0d 00:00:56.01,0.0000,3.8402,R,07/25/2025 11:05:56 AM,0.0000,28.7777,28.4344,28.6310,0.0,0.0
2741,0,7,  0d 00:45:33.47,  0d 00:00:57.01,0.0000,3.8403,R,07/25/2025 11:05:56 AM,0.0000,28.7777,28.4188,28.6310,0.0,0.0
2742,0,7,  0d 00:45:34.47,  0d 00:00:58.01,0.0000,3.8404,R,07/25/2025 11:05:57 AM,0.0000,28.7777,28.4188,28.6310,0.0,0.0
2743,0,7,  0d 00:45:35.47,  0d 00:00:59.01,0.0000,3.8405,R,07/25/2025 11:05:58 AM,0.0000,28.7777,28.4188,28.6310,0.0,0.0
2744,0,7,  0d 00:45:36.47,  0d 00:01:00.01,0.0000,3.8408,R,07/25/2025 11:05:59 AM,0.0000,28.7777,28.4188,28.6310,0.0,0.0
2745,0,7,  0d 00:45:37.47,  0d 00:01:01.01,0.0000,3.8407,R,07/25/2025 11:06:00 AM,0.0000,28.7777,28.4344,28.6310,0.0,0.0
2746,0,7,  0d 00:45:38.47,  0d 00:01:02.01,0.0000,3.8408,R,07/25/2025 11:06:01 AM,0.0000,28.7932,28.4344,28.6310,0.0,0.0
2747,0,7,  0d 00:45:39.47,  0d 00:01:03.01,0.0000,3.8408,R,07/25/2025 11:06:02 AM,0.0000,28.7777,28.4344,28.6310,0.0,0.0
2748,0,7,  0d 00:45:40.47,  0d 00:01:04.01,0.0000,3.8411,R,07/25/2025 11:06:03 AM,0.0000,28.7777,28.4344,28.6310,0.0,0.0
2749,0,7,  0d 00:45:41.47,  0d 00:01:05.01,0.0000,3.8413,R,07/25/2025 11:06:04 AM,0.0000,28.7777,28.4344,28.6310,0.0,0.0
2750,0,7,  0d 00:45:42.47,  0d 00:01:06.01,0.0000,3.8413,R,07/25/2025 11:06:06 AM,0.0000,28.7777,28.4344,28.6310,0.0,0.0
2751,0,7,  0d 00:45:43.47,  0d 00:01:07.01,0.0000,3.8415,R,07/25/2025 11:06:06 AM,0.0000,28.7777,28.4188,28.6310,0.0,0.0
2752,0,7,  0d 00:45:44.47,  0d 00:01:08.01,0.0000,3.8416,R,07/25/2025 11:06:07 AM,0.0000,28.7777,28.4188,28.6310,0.0,0.0
2753,0,7,  0d 00:45:45.47,  0d 00:01:09.01,0.0000,3.8417,R,07/25/2025 11:06:08 AM,0.0000,28.7777,28.4188,28.6310,0.0,0.0
2754,0,7,  0d 00:45:46.47,  0d 00:01:10.01,0.0000,3.8418,R,07/25/2025 11:06:09 AM,0.0000,28.7777,28.4188,28.6310,0.0,0.0
2755,0,7,  0d 00:45:47.47,  0d 00:01:11.01,0.0000,3.8420,R,07/25/2025 11:06:10 AM,0.0000,28.7777,28.4188,28.6465,0.0,0.0
2756,0,7,  0d 00:45:48.47,  0d 00:01:12.01,0.0000,3.8418,R,07/25/2025 11:06:11 AM,0.0000,28.7777,28.4344,28.6465,0.0,0.0
2757,0,7,  0d 00:45:49.47,  0d 00:01:13.01,0.0000,3.8421,R,07/25/2025 11:06:12 AM,0.0000,28.7777,28.4344,28.6465,0.0,0.0
2758,0,7,  0d 00:45:50.47,  0d 00:01:14.01,0.0000,3.8421,R,07/25/2025 11:06:13 AM,0.0000,28.7777,28.4344,28.6465,0.0,0.0
2759,0,7,  0d 00:45:51.47,  0d 00:01:15.01,0.0000,3.8421,R,07/25/2025 11:06:14 AM,0.0000,28.7777,28.4344,28.6310,0.0,0.0
2760,0,7,  0d 00:45:52.47,  0d 00:01:16.01,0.0000,3.8424,R,07/25/2025 11:06:16 AM,0.0000,28.7777,28.4344,28.6310,0.0,0.0
2761,0,7,  0d 00:45:53.47,  0d 00:01:17.01,0.0000,3.8425,R,07/25/2025 11:06:16 AM,0.0000,28.7932,28.4344,28.6465,0.0,0.0
2762,0,7,  0d 00:45:54.47,  0d 00:01:18.01,0.0000,3.8425,R,07/25/2025 11:06:17 AM,0.0000,28.7777,28.4344,28.6465,0.0,0.0
2763,0,7,  0d 00:45:55.47,  0d 00:01:19.01,0.0000,3.8427,R,07/25/2025 11:06:18 AM,0.0000,28.7932,28.4344,28.6465,0.0,0.0
2764,0,7,  0d 00:45:56.47,  0d 00:01:20.01,0.0000,3.8426,R,07/25/2025 11:06:19 AM,0.0000,28.7932,28.4344,28.6465,0.0,0.0
2765,0,7,  0d 00:45:57.47,  0d 00:01:21.01,0.0000,3.8428,R,07/25/2025 11:06:20 AM,0.0000,28.7932,28.4344,28.6465,0.0,0.0
2766,0,7,  0d 00:45:58.47,  0d 00:01:22.01,0.0000,3.8428,R,07/25/2025 11:06:21 AM,0.0000,28.7932,28.4344,28.6465,0.0,0.0
2767,0,7,  0d 00:45:59.47,  0d 00:01:23.01,0.0000,3.8430,R,07/25/2025 11:06:22 AM,0.0000,28.7932,28.4344,28.6465,0.0,0.0
2768,0,7,  0d 00:46:00.47,  0d 00:01:24.01,0.0000,3.8430,R,07/25/2025 11:06:23 AM,0.0000,28.7932,28.4344,28.6465,0.0,0.0
2769,0,7,  0d 00:46:01.47,  0d 00:01:25.01,0.0000,3.8431,R,07/25/2025 11:06:24 AM,0.0000,28.7932,28.4344,28.6465,0.0,0.0
2770,0,7,  0d 00:46:02.47,  0d 00:01:26.01,0.0000,3.8431,R,07/25/2025 11:06:26 AM,0.0000,28.7932,28.4344,28.6465,0.0,0.0
2771,0,7,  0d 00:46:03.47,  0d 00:01:27.01,0.0000,3.8432,R,07/25/2025 11:06:26 AM,0.0000,28.7932,28.4344,28.6465,0.0,0.0
2772,0,7,  0d 00:46:04.47,  0d 00:01:28.01,0.0000,3.8433,R,07/25/2025 11:06:27 AM,0.0000,28.7932,28.4499,28.6465,0.0,0.0
2773,0,7,  0d 00:46:05.47,  0d 00:01:29.01,0.0000,3.8433,R,07/25/2025 11:06:28 AM,0.0000,28.7932,28.4344,28.6465,0.0,0.0
2774,0,7,  0d 00:46:06.47,  0d 00:01:30.01,0.0000,3.8435,R,07/25/2025 11:06:29 AM,0.0000,28.7932,28.4344,28.6465,0.0,0.0
2775,0,7,  0d 00:46:07.47,  0d 00:01:31.01,0.0000,3.8434,R,07/25/2025 11:06:30 AM,0.0000,28.7932,28.4344,28.6465,0.0,0.0
2776,0,7,  0d 00:46:08.47,  0d 00:01:32.01,0.0000,3.8437,R,07/25/2025 11:06:31 AM,0.0000,28.7932,28.4344,28.6465,0.0,0.0
2777,0,7,  0d 00:46:09.47,  0d 00:01:33.01,0.0000,3.8437,R,07/25/2025 11:06:32 AM,0.0000,28.7932,28.4344,28.6465,0.0,0.0
2778,0,7,  0d 00:46:10.47,  0d 00:01:34.01,0.0000,3.8437,R,07/25/2025 11:06:33 AM,0.0000,28.7932,28.4344,28.6465,0.0,0.0
2779,0,7,  0d 00:46:11.47,  0d 00:01:35.01,0.0000,3.8438,R,07/25/2025 11:06:34 AM,0.0000,28.7932,28.4344,28.6465,0.0,0.0
2780,0,7,  0d 00:46:12.47,  0d 00:01:36.01,0.0000,3.8439,R,07/25/2025 11:06:35 AM,0.0000,28.7932,28.4344,28.6465,0.0,0.0
2781,0,7,  0d 00:46:13.47,  0d 00:01:37.01,0.0000,3.8440,R,07/25/2025 11:06:36 AM,0.0000,28.7932,28.4344,28.6465,0.0,0.0
2782,0,7,  0d 00:46:14.47,  0d 00:01:38.01,0.0000,3.8441,R,07/25/2025 11:06:37 AM,0.0000,28.7932,28.4499,28.6465,0.0,0.0
2783,0,7,  0d 00:46:15.47,  0d 00:01:39.01,0.0000,3.8440,R,07/25/2025 11:06:38 AM,0.0000,28.7932,28.4499,28.6465,0.0,0.0
2784,0,7,  0d 00:46:16.47,  0d 00:01:40.01,0.0000,3.8442,R,07/25/2025 11:06:39 AM,0.0000,28.7932,28.4344,28.6465,0.0,0.0
2785,0,7,  0d 00:46:17.47,  0d 00:01:41.01,0.0000,3.8443,R,07/25/2025 11:06:40 AM,0.0000,28.7932,28.4344,28.6465,0.0,0.0
2786,0,7,  0d 00:46:18.47,  0d 00:01:42.01,0.0000,3.8443,R,07/25/2025 11:06:41 AM,0.0000,28.7932,28.4344,28.6465,0.0,0.0
2787,0,7,  0d 00:46:19.47,  0d 00:01:43.01,0.0000,3.8444,R,07/25/2025 11:06:42 AM,0.0000,28.7932,28.4344,28.6465,0.0,0.0
2788,0,7,  0d 00:46:20.47,  0d 00:01:44.01,0.0000,3.8445,R,07/25/2025 11:06:43 AM,0.0000,28.7932,28.4344,28.6465,0.0,0.0
2789,0,7,  0d 00:46:21.47,  0d 00:01:45.01,0.0000,3.8445,R,07/25/2025 11:06:44 AM,0.0000,28.7932,28.4344,28.6465,0.0,0.0
2790,0,7,  0d 00:46:22.47,  0d 00:01:46.01,0.0000,3.8446,R,07/25/2025 11:06:45 AM,0.0000,28.7932,28.4344,28.6465,0.0,0.0
2791,0,7,  0d 00:46:23.47,  0d 00:01:47.01,0.0000,3.8447,R,07/25/2025 11:06:46 AM,0.0000,28.7932,28.4344,28.6465,0.0,0.0
2792,0,7,  0d 00:46:24.47,  0d 00:01:48.01,0.0000,3.8447,R,07/25/2025 11:06:47 AM,0.0000,28.7932,28.4344,28.6465,0.0,0.0
2793,0,7,  0d 00:46:25.47,  0d 00:01:49.01,0.0000,3.8447,R,07/25/2025 11:06:48 AM,0.0000,28.7932,28.4344,28.6465,0.0,0.0
2794,0,7,  0d 00:46:26.47,  0d 00:01:50.01,0.0000,3.8448,R,07/25/2025 11:06:49 AM,0.0000,28.7932,28.4344,28.6465,0.0,0.0
2795,0,7,  0d 00:46:27.47,  0d 00:01:51.01,0.0000,3.8449,R,07/25/2025 11:06:50 AM,0.0000,28.7932,28.4344,28.6465,0.0,0.0
2796,0,7,  0d 00:46:28.47,  0d 00:01:52.01,0.0000,3.8449,R,07/25/2025 11:06:51 AM,0.0000,28.7932,28.4344,28.6465,0.0,0.0
2797,0,7,  0d 00:46:29.47,  0d 00:01:53.01,0.0000,3.8450,R,07/25/2025 11:06:52 AM,0.0000,28.7932,28.4344,28.6465,0.0,0.0
2798,0,7,  0d 00:46:30.47,  0d 00:01:54.01,0.0000,3.8450,R,07/25/2025 11:06:53 AM,0.0000,28.7932,28.4344,28.6465,0.0,0.0
2799,0,7,  0d 00:46:31.47,  0d 00:01:55.01,0.0000,3.8451,R,07/25/2025 11:06:54 AM,0.0000,28.7932,28.4344,28.6465,0.0,0.0
2800,0,7,  0d 00:46:32.47,  0d 00:01:56.01,0.0000,3.8452,R,07/25/2025 11:06:55 AM,0.0000,28.7932,28.4344,28.6465,0.0,0.0
2801,0,7,  0d 00:46:33.47,  0d 00:01:57.01,0.0000,3.8451,R,07/25/2025 11:06:57 AM,0.0000,28.7932,28.4344,28.6465,0.0,0.0
2802,0,7,  0d 00:46:34.47,  0d 00:01:58.01,0.0000,3.8453,R,07/25/2025 11:06:57 AM,0.0000,28.7932,28.4344,28.6310,0.0,0.0
2803,0,7,  0d 00:46:35.47,  0d 00:01:59.01,0.0000,3.8454,R,07/25/2025 11:06:58 AM,0.0000,28.7932,28.4344,28.6310,0.0,0.0
2804,0,7,  0d 00:46:36.47,  0d 00:02:00.01,0.0000,3.8453,R,07/25/2025 11:06:59 AM,0.0000,28.7932,28.4344,28.6310,0.0,0.0
2805,0,7,  0d 00:46:37.47,  0d 00:02:01.01,0.0000,3.8454,R,07/25/2025 11:07:00 AM,0.0000,28.7777,28.4344,28.6465,0.0,0.0
2806,0,7,  0d 00:46:38.47,  0d 00:02:02.01,0.0000,3.8455,R,07/25/2025 11:07:01 AM,0.0000,28.7777,28.4344,28.6465,0.0,0.0
2807,0,7,  0d 00:46:39.47,  0d 00:02:03.01,0.0000,3.8456,R,07/25/2025 11:07:02 AM,0.0000,28.7777,28.4344,28.6465,0.0,0.0
2808,0,7,  0d 00:46:40.47,  0d 00:02:04.01,0.0000,3.8456,R,07/25/2025 11:07:03 AM,0.0000,28.7777,28.4344,28.6465,0.0,0.0
2809,0,7,  0d 00:46:41.47,  0d 00:02:05.01,0.0000,3.8456,R,07/25/2025 11:07:04 AM,0.0000,28.7777,28.4344,28.6465,0.0,0.0
2810,0,7,  0d 00:46:42.47,  0d 00:02:06.01,0.0000,3.8457,R,07/25/2025 11:07:05 AM,0.0000,28.7777,28.4344,28.6465,0.0,0.0
2811,0,7,  0d 00:46:43.47,  0d 00:02:07.01,0.0000,3.8457,R,07/25/2025 11:07:07 AM,0.0000,28.7777,28.4344,28.6465,0.0,0.0
2812,0,7,  0d 00:46:44.47,  0d 00:02:08.01,0.0000,3.8457,R,07/25/2025 11:07:07 AM,0.0000,28.7932,28.4344,28.6465,0.0,0.0
2813,0,7,  0d 00:46:45.47,  0d 00:02:09.01,0.0000,3.8457,R,07/25/2025 11:07:08 AM,0.0000,28.7932,28.4344,28.6465,0.0,0.0
2814,0,7,  0d 00:46:46.47,  0d 00:02:10.01,0.0000,3.8457,R,07/25/2025 11:07:09 AM,0.0000,28.7932,28.4344,28.6465,0.0,0.0
2815,0,7,  0d 00:46:47.47,  0d 00:02:11.01,0.0000,3.8459,R,07/25/2025 11:07:10 AM,0.0000,28.7932,28.4344,28.6465,0.0,0.0
2816,0,7,  0d 00:46:48.47,  0d 00:02:12.01,0.0000,3.8460,R,07/25/2025 11:07:11 AM,0.0000,28.7777,28.4344,28.6465,0.0,0.0
2817,0,7,  0d 00:46:49.47,  0d 00:02:13.01,0.0000,3.8460,R,07/25/2025 11:07:12 AM,0.0000,28.7932,28.4344,28.6465,0.0,0.0
2818,0,7,  0d 00:46:50.47,  0d 00:02:14.01,0.0000,3.8460,R,07/25/2025 11:07:13 AM,0.0000,28.7932,28.4344,28.6465,0.0,0.0
2819,0,7,  0d 00:46:51.47,  0d 00:02:15.01,0.0000,3.8459,R,07/25/2025 11:07:14 AM,0.0000,28.7932,28.4344,28.6465,0.0,0.0
2820,0,7,  0d 00:46:52.47,  0d 00:02:16.01,0.0000,3.8460,R,07/25/2025 11:07:15 AM,0.0000,28.7932,28.4344,28.6465,0.0,0.0
2821,0,7,  0d 00:46:53.47,  0d 00:02:17.01,0.0000,3.8461,R,07/25/2025 11:07:17 AM,0.0000,28.7932,28.4344,28.6310,0.0,0.0
2822,0,7,  0d 00:46:54.47,  0d 00:02:18.01,0.0000,3.8462,R,07/25/2025 11:07:17 AM,0.0000,28.7932,28.4344,28.6465,0.0,0.0
2823,0,7,  0d 00:46:55.47,  0d 00:02:19.01,0.0000,3.8462,R,07/25/2025 11:07:18 AM,0.0000,28.7777,28.4344,28.6465,0.0,0.0
2824,0,7,  0d 00:46:56.47,  0d 00:02:20.01,0.0000,3.8462,R,07/25/2025 11:07:19 AM,0.0000,28.7777,28.4188,28.6465,0.0,0.0
2825,0,7,  0d 00:46:57.47,  0d 00:02:21.01,0.0000,3.8463,R,07/25/2025 11:07:20 AM,0.0000,28.7777,28.4188,28.6465,0.0,0.0
2826,0,7,  0d 00:46:58.47,  0d 00:02:22.01,0.0000,3.8463,R,07/25/2025 11:07:21 AM,0.0000,28.7777,28.4188,28.6465,0.0,0.0
2827,0,7,  0d 00:46:59.47,  0d 00:02:23.01,0.0000,3.8463,R,07/25/2025 11:07:22 AM,0.0000,28.7932,28.4344,28.6465,0.0,0.0
2828,0,7,  0d 00:47:00.47,  0d 00:02:24.01,0.0000,3.8465,R,07/25/2025 11:07:23 AM,0.0000,28.7777,28.4344,28.6465,0.0,0.0
2829,0,7,  0d 00:47:01.47,  0d 00:02:25.01,0.0000,3.8464,R,07/25/2025 11:07:24 AM,0.0000,28.7777,28.4344,28.6465,0.0,0.0
2830,0,7,  0d 00:47:02.47,  0d 00:02:26.01,0.0000,3.8466,R,07/25/2025 11:07:25 AM,0.0000,28.7777,28.4344,28.6465,0.0,0.0
2831,0,7,  0d 00:47:03.47,  0d 00:02:27.01,0.0000,3.8467,R,07/25/2025 11:07:27 AM,0.0000,28.7777,28.4344,28.6465,0.0,0.0
2832,0,7,  0d 00:47:04.47,  0d 00:02:28.01,0.0000,3.8466,R,07/25/2025 11:07:27 AM,0.0000,28.7777,28.4344,28.6465,0.0,0.0
2833,0,7,  0d 00:47:05.47,  0d 00:02:29.01,0.0000,3.8466,R,07/25/2025 11:07:28 AM,0.0000,28.7777,28.4344,28.6310,0.0,0.0
2834,0,7,  0d 00:47:06.47,  0d 00:02:30.01,0.0000,3.8466,R,07/25/2025 11:07:29 AM,0.0000,28.7777,28.4188,28.6310,0.0,0.0
2835,0,7,  0d 00:47:07.47,  0d 00:02:31.01,0.0000,3.8468,R,07/25/2025 11:07:30 AM,0.0000,28.7622,28.4188,28.6310,0.0,0.0
2836,0,7,  0d 00:47:08.47,  0d 00:02:32.01,0.0000,3.8467,R,07/25/2025 11:07:31 AM,0.0000,28.7622,28.4188,28.6310,0.0,0.0
2837,0,7,  0d 00:47:09.47,  0d 00:02:33.01,0.0000,3.8467,R,07/25/2025 11:07:32 AM,0.0000,28.7622,28.4188,28.6465,0.0,0.0
2838,0,7,  0d 00:47:10.47,  0d 00:02:34.01,0.0000,3.8469,R,07/25/2025 11:07:33 AM,0.0000,28.7777,28.4188,28.6465,0.0,0.0
2839,0,7,  0d 00:47:11.47,  0d 00:02:35.01,0.0000,3.8469,R,07/25/2025 11:07:34 AM,0.0000,28.7777,28.4188,28.6465,0.0,0.0
2840,0,7,  0d 00:47:12.47,  0d 00:02:36.01,0.0000,3.8470,R,07/25/2025 11:07:35 AM,0.0000,28.7777,28.4344,28.6465,0.0,0.0
2841,0,7,  0d 00:47:13.47,  0d 00:02:37.01,0.0000,3.8470,R,07/25/2025 11:07:37 AM,0.0000,28.7777,28.4344,28.6465,0.0,0.0
2842,0,7,  0d 00:47:14.47,  0d 00:02:38.01,0.0000,3.8470,R,07/25/2025 11:07:37 AM,0.0000,28.7777,28.4344,28.6465,0.0,0.0
2843,0,7,  0d 00:47:15.47,  0d 00:02:39.01,0.0000,3.8470,R,07/25/2025 11:07:38 AM,0.0000,28.7777,28.4344,28.6465,0.0,0.0
2844,0,7,  0d 00:47:16.47,  0d 00:02:40.01,0.0000,3.8470,R,07/25/2025 11:07:39 AM,0.0000,28.7932,28.4344,28.6465,0.0,0.0
2845,0,7,  0d 00:47:17.47,  0d 00:02:41.01,0.0000,3.8471,R,07/25/2025 11:07:40 AM,0.0000,28.7932,28.4344,28.6465,0.0,0.0
2846,0,7,  0d 00:47:18.47,  0d 00:02:42.01,0.0000,3.8472,R,07/25/2025 11:07:41 AM,0.0000,28.7932,28.4344,28.6465,0.0,0.0
2847,0,7,  0d 00:47:19.47,  0d 00:02:43.01,0.0000,3.8471,R,07/25/2025 11:07:42 AM,0.0000,28.7932,28.4344,28.6465,0.0,0.0
2848,0,7,  0d 00:47:20.47,  0d 00:02:44.01,0.0000,3.8471,R,07/25/2025 11:07:43 AM,0.0000,28.7777,28.4188,28.6465,0.0,0.0
2849,0,7,  0d 00:47:21.47,  0d 00:02:45.01,0.0000,3.8471,R,07/25/2025 11:07:44 AM,0.0000,28.7932,28.4344,28.6465,0.0,0.0
2850,0,7,  0d 00:47:22.47,  0d 00:02:46.01,0.0000,3.8473,R,07/25/2025 11:07:45 AM,0.0000,28.7932,28.4188,28.6465,0.0,0.0
2851,0,7,  0d 00:47:23.47,  0d 00:02:47.01,0.0000,3.8474,R,07/25/2025 11:07:46 AM,0.0000,28.7932,28.4344,28.6465,0.0,0.0
2852,0,7,  0d 00:47:24.47,  0d 00:02:48.01,0.0000,3.8474,R,07/25/2025 11:07:47 AM,0.0000,28.7932,28.4344,28.6465,0.0,0.0
2853,0,7,  0d 00:47:25.47,  0d 00:02:49.01,0.0000,3.8475,R,07/25/2025 11:07:48 AM,0.0000,28.7777,28.4344,28.6310,0.0,0.0
2854,0,7,  0d 00:47:26.47,  0d 00:02:50.01,0.0000,3.8473,R,07/25/2025 11:07:49 AM,0.0000,28.7777,28.4344,28.6310,0.0,0.0
2855,0,7,  0d 00:47:27.47,  0d 00:02:51.01,0.0000,3.8473,R,07/25/2025 11:07:50 AM,0.0000,28.7932,28.4344,28.6310,0.0,0.0
2856,0,7,  0d 00:47:28.47,  0d 00:02:52.01,0.0000,3.8476,R,07/25/2025 11:07:51 AM,0.0000,28.7777,28.4344,28.6310,0.0,0.0
2857,0,7,  0d 00:47:29.47,  0d 00:02:53.01,0.0000,3.8476,R,07/25/2025 11:07:52 AM,0.0000,28.7932,28.4344,28.6465,0.0,0.0
2858,0,7,  0d 00:47:30.47,  0d 00:02:54.01,0.0000,3.8476,R,07/25/2025 11:07:53 AM,0.0000,28.7932,28.4344,28.6465,0.0,0.0
2859,0,7,  0d 00:47:31.47,  0d 00:02:55.01,0.0000,3.8476,R,07/25/2025 11:07:54 AM,0.0000,28.7932,28.4344,28.6465,0.0,0.0
2860,0,7,  0d 00:47:32.47,  0d 00:02:56.01,0.0000,3.8476,R,07/25/2025 11:07:55 AM,0.0000,28.8087,28.4344,28.6465,0.0,0.0
2861,0,7,  0d 00:47:33.47,  0d 00:02:57.01,0.0000,3.8476,R,07/25/2025 11:07:56 AM,0.0000,28.8087,28.4344,28.6465,0.0,0.0
2862,0,7,  0d 00:47:34.47,  0d 00:02:58.01,0.0000,3.8478,R,07/25/2025 11:07:57 AM,0.0000,28.8087,28.4344,28.6465,0.0,0.0
2863,0,7,  0d 00:47:35.47,  0d 00:02:59.01,0.0000,3.8478,R,07/25/2025 11:07:58 AM,0.0000,28.8087,28.4344,28.6465,0.0,0.0
2864,0,7,  0d 00:47:36.47,  0d 00:03:00.01,0.0000,3.8477,R,07/25/2025 11:07:59 AM,0.0000,28.8087,28.4344,28.6465,0.0,0.0
2865,0,7,  0d 00:47:37.47,  0d 00:03:01.01,0.0000,3.8479,R,07/25/2025 11:08:00 AM,0.0000,28.8087,28.4344,28.6465,0.0,0.0
2866,0,7,  0d 00:47:38.47,  0d 00:03:02.01,0.0000,3.8478,R,07/25/2025 11:08:01 AM,0.0000,28.7932,28.4499,28.6465,0.0,0.0
2867,0,7,  0d 00:47:39.47,  0d 00:03:03.01,0.0000,3.8478,R,07/25/2025 11:08:02 AM,0.0000,28.7932,28.4499,28.6465,0.0,0.0
2868,0,7,  0d 00:47:40.47,  0d 00:03:04.01,0.0000,3.8479,R,07/25/2025 11:08:03 AM,0.0000,28.7932,28.4499,28.6465,0.0,0.0
2869,0,7,  0d 00:47:41.47,  0d 00:03:05.01,0.0000,3.8478,R,07/25/2025 11:08:04 AM,0.0000,28.7932,28.4499,28.6465,0.0,0.0
2870,0,7,  0d 00:47:42.47,  0d 00:03:06.01,0.0000,3.8479,R,07/25/2025 11:08:05 AM,0.0000,28.7932,28.4344,28.6465,0.0,0.0
2871,0,7,  0d 00:47:43.47,  0d 00:03:07.01,0.0000,3.8479,R,07/25/2025 11:08:06 AM,0.0000,28.7932,28.4344,28.6465,0.0,0.0
2872,0,7,  0d 00:47:44.47,  0d 00:03:08.01,0.0000,3.8479,R,07/25/2025 11:08:08 AM,0.0000,28.7932,28.4344,28.6465,0.0,0.0
2873,0,7,  0d 00:47:45.47,  0d 00:03:09.01,0.0000,3.8479,R,07/25/2025 11:08:08 AM,0.0000,28.8087,28.4344,28.6465,0.0,0.0
2874,0,7,  0d 00:47:46.47,  0d 00:03:10.01,0.0000,3.8481,R,07/25/2025 11:08:09 AM,0.0000,28.8087,28.4499,28.6465,0.0,0.0
2875,0,7,  0d 00:47:47.47,  0d 00:03:11.01,0.0000,3.8480,R,07/25/2025 11:08:10 AM,0.0000,28.8087,28.4499,28.6620,0.0,0.0
2876,0,7,  0d 00:47:48.47,  0d 00:03:12.01,0.0000,3.8480,R,07/25/2025 11:08:11 AM,0.0000,28.8087,28.4499,28.6465,0.0,0.0
2877,0,7,  0d 00:47:49.47,  0d 00:03:13.01,0.0000,3.8480,R,07/25/2025 11:08:12 AM,0.0000,28.7932,28.4499,28.6465,0.0,0.0
2878,0,7,  0d 00:47:50.47,  0d 00:03:14.01,0.0000,3.8480,R,07/25/2025 11:08:13 AM,0.0000,28.7932,28.4499,28.6465,0.0,0.0
2879,0,7,  0d 00:47:51.47,  0d 00:03:15.01,0.0000,3.8482,R,07/25/2025 11:08:14 AM,0.0000,28.7932,28.4499,28.6465,0.0,0.0
2880,0,7,  0d 00:47:52.47,  0d 00:03:16.01,0.0000,3.8482,R,07/25/2025 11:08:15 AM,0.0000,28.7932,28.4499,28.6465,0.0,0.0
2881,0,7,  0d 00:47:53.47,  0d 00:03:17.01,0.0000,3.8480,R,07/25/2025 11:08:16 AM,0.0000,28.8087,28.4499,28.6465,0.0,0.0
2882,0,7,  0d 00:47:54.47,  0d 00:03:18.01,0.0000,3.8483,R,07/25/2025 11:08:18 AM,0.0000,28.8087,28.4499,28.6465,0.0,0.0
2883,0,7,  0d 00:47:55.47,  0d 00:03:19.01,0.0000,3.8482,R,07/25/2025 11:08:18 AM,0.0000,28.7932,28.4499,28.6465,0.0,0.0
2884,0,7,  0d 00:47:56.47,  0d 00:03:20.01,0.0000,3.8482,R,07/25/2025 11:08:19 AM,0.0000,28.7932,28.4499,28.6620,0.0,0.0
2885,0,7,  0d 00:47:57.47,  0d 00:03:21.01,0.0000,3.8482,R,07/25/2025 11:08:20 AM,0.0000,28.8087,28.4499,28.6620,0.0,0.0
2886,0,7,  0d 00:47:58.47,  0d 00:03:22.01,0.0000,3.8483,R,07/25/2025 11:08:21 AM,0.0000,28.8087,28.4499,28.6620,0.0,0.0
2887,0,7,  0d 00:47:59.47,  0d 00:03:23.01,0.0000,3.8482,R,07/25/2025 11:08:22 AM,0.0000,28.8087,28.4499,28.6620,0.0,0.0
2888,0,7,  0d 00:48:00.47,  0d 00:03:24.01,0.0000,3.8483,R,07/25/2025 11:08:23 AM,0.0000,28.7932,28.4344,28.6620,0.0,0.0
2889,0,7,  0d 00:48:01.47,  0d 00:03:25.01,0.0000,3.8484,R,07/25/2025 11:08:24 AM,0.0000,28.7932,28.4344,28.6620,0.0,0.0
2890,0,7,  0d 00:48:02.47,  0d 00:03:26.01,0.0000,3.8484,R,07/25/2025 11:08:25 AM,0.0000,28.7932,28.4344,28.6620,0.0,0.0
2891,0,7,  0d 00:48:03.47,  0d 00:03:27.01,0.0000,3.8486,R,07/25/2025 11:08:26 AM,0.0000,28.7932,28.4499,28.6620,0.0,0.0
2892,0,7,  0d 00:48:04.47,  0d 00:03:28.01,0.0000,3.8484,R,07/25/2025 11:08:28 AM,0.0000,28.7932,28.4344,28.6620,0.0,0.0
2893,0,7,  0d 00:48:05.47,  0d 00:03:29.01,0.0000,3.8485,R,07/25/2025 11:08:28 AM,0.0000,28.7932,28.4499,28.6465,0.0,0.0
2894,0,7,  0d 00:48:06.47,  0d 00:03:30.01,0.0000,3.8486,R,07/25/2025 11:08:29 AM,0.0000,28.7932,28.4499,28.6465,0.0,0.0
2895,0,7,  0d 00:48:07.47,  0d 00:03:31.01,0.0000,3.8486,R,07/25/2025 11:08:30 AM,0.0000,28.7932,28.4499,28.6465,0.0,0.0
2896,0,7,  0d 00:48:08.47,  0d 00:03:32.01,0.0000,3.8486,R,07/25/2025 11:08:31 AM,0.0000,28.7932,28.4499,28.6465,0.0,0.0
2897,0,7,  0d 00:48:09.47,  0d 00:03:33.01,0.0000,3.8486,R,07/25/2025 11:08:32 AM,0.0000,28.7932,28.4344,28.6465,0.0,0.0
2898,0,7,  0d 00:48:10.47,  0d 00:03:34.01,0.0000,3.8485,R,07/25/2025 11:08:33 AM,0.0000,28.7932,28.4499,28.6465,0.0,0.0
2899,0,7,  0d 00:48:11.47,  0d 00:03:35.01,0.0000,3.8486,R,07/25/2025 11:08:34 AM,0.0000,28.7932,28.4499,28.6465,0.0,0.0
2900,0,7,  0d 00:48:12.47,  0d 00:03:36.01,0.0000,3.8486,R,07/25/2025 11:08:35 AM,0.0000,28.7932,28.4499,28.6465,0.0,0.0
2901,0,7,  0d 00:48:13.47,  0d 00:03:37.01,0.0000,3.8486,R,07/25/2025 11:08:36 AM,0.0000,28.7932,28.4499,28.6465,0.0,0.0
2902,0,7,  0d 00:48:14.47,  0d 00:03:38.01,0.0000,3.8486,R,07/25/2025 11:08:38 AM,0.0000,28.7932,28.4499,28.6465,0.0,0.0
2903,0,7,  0d 00:48:15.47,  0d 00:03:39.01,0.0000,3.8488,R,07/25/2025 11:08:38 AM,0.0000,28.7932,28.4499,28.6465,0.0,0.0
2904,0,7,  0d 00:48:16.47,  0d 00:03:40.01,0.0000,3.8487,R,07/25/2025 11:08:39 AM,0.0000,28.7932,28.4499,28.6465,0.0,0.0
2905,0,7,  0d 00:48:17.47,  0d 00:03:41.01,0.0000,3.8489,R,07/25/2025 11:08:40 AM,0.0000,28.7932,28.4499,28.6465,0.0,0.0
2906,0,7,  0d 00:48:18.47,  0d 00:03:42.01,0.0000,3.8487,R,07/25/2025 11:08:41 AM,0.0000,28.7932,28.4499,28.6465,0.0,0.0
2907,0,7,  0d 00:48:19.47,  0d 00:03:43.01,0.0000,3.8489,R,07/25/2025 11:08:42 AM,0.0000,28.7932,28.4344,28.6465,0.0,0.0
2908,0,7,  0d 00:48:20.47,  0d 00:03:44.01,0.0000,3.8489,R,07/25/2025 11:08:43 AM,0.0000,28.7932,28.4344,28.6465,0.0,0.0
2909,0,7,  0d 00:48:21.47,  0d 00:03:45.01,0.0000,3.8489,R,07/25/2025 11:08:44 AM,0.0000,28.7932,28.4344,28.6465,0.0,0.0
2910,0,7,  0d 00:48:22.47,  0d 00:03:46.01,0.0000,3.8489,R,07/25/2025 11:08:45 AM,0.0000,28.7932,28.4344,28.6465,0.0,0.0
2911,0,7,  0d 00:48:23.47,  0d 00:03:47.01,0.0000,3.8490,R,07/25/2025 11:08:46 AM,0.0000,28.7932,28.4344,28.6465,0.0,0.0
2912,0,7,  0d 00:48:24.47,  0d 00:03:48.01,0.0000,3.8490,R,07/25/2025 11:08:48 AM,0.0000,28.7932,28.4344,28.6620,0.0,0.0
2913,0,7,  0d 00:48:25.47,  0d 00:03:49.01,0.0000,3.8490,R,07/25/2025 11:08:48 AM,0.0000,28.7932,28.4344,28.6465,0.0,0.0
2914,0,7,  0d 00:48:26.47,  0d 00:03:50.01,0.0000,3.8490,R,07/25/2025 11:08:49 AM,0.0000,28.7932,28.4344,28.6465,0.0,0.0
2915,0,7,  0d 00:48:27.47,  0d 00:03:51.01,0.0000,3.8491,R,07/25/2025 11:08:50 AM,0.0000,28.7932,28.4344,28.6465,0.0,0.0
2916,0,7,  0d 00:48:28.47,  0d 00:03:52.01,0.0000,3.8489,R,07/25/2025 11:08:51 AM,0.0000,28.7932,28.4344,28.6465,0.0,0.0
2917,0,7,  0d 00:48:29.47,  0d 00:03:53.01,0.0000,3.8489,R,07/25/2025 11:08:52 AM,0.0000,28.7932,28.4499,28.6465,0.0,0.0
2918,0,7,  0d 00:48:30.47,  0d 00:03:54.01,0.0000,3.8491,R,07/25/2025 11:08:53 AM,0.0000,28.7932,28.4499,28.6465,0.0,0.0
2919,0,7,  0d 00:48:31.47,  0d 00:03:55.01,0.0000,3.8491,R,07/25/2025 11:08:54 AM,0.0000,28.7932,28.4344,28.6465,0.0,0.0
2920,0,7,  0d 00:48:32.47,  0d 00:03:56.01,0.0000,3.8492,R,07/25/2025 11:08:55 AM,0.0000,28.7932,28.4344,28.6465,0.0,0.0
2921,0,7,  0d 00:48:33.47,  0d 00:03:57.01,0.0000,3.8491,R,07/25/2025 11:08:56 AM,0.0000,28.7932,28.4344,28.6465,0.0,0.0
2922,0,7,  0d 00:48:34.47,  0d 00:03:58.01,0.0000,3.8490,R,07/25/2025 11:08:58 AM,0.0000,28.7932,28.4344,28.6465,0.0,0.0
2923,0,7,  0d 00:48:35.47,  0d 00:03:59.01,0.0000,3.8491,R,07/25/2025 11:08:58 AM,0.0000,28.7932,28.4344,28.6465,0.0,0.0
2924,0,7,  0d 00:48:36.47,  0d 00:04:00.01,0.0000,3.8491,R,07/25/2025 11:08:59 AM,0.0000,28.7777,28.4344,28.6465,0.0,0.0
2925,0,7,  0d 00:48:37.47,  0d 00:04:01.01,0.0000,3.8492,R,07/25/2025 11:09:00 AM,0.0000,28.7777,28.4344,28.6465,0.0,0.0
2926,0,7,  0d 00:48:38.47,  0d 00:04:02.01,0.0000,3.8492,R,07/25/2025 11:09:01 AM,0.0000,28.7777,28.4344,28.6465,0.0,0.0
2927,0,7,  0d 00:48:39.47,  0d 00:04:03.01,0.0000,3.8491,R,07/25/2025 11:09:02 AM,0.0000,28.7932,28.4344,28.6465,0.0,0.0
2928,0,7,  0d 00:48:40.47,  0d 00:04:04.01,0.0000,3.8492,R,07/25/2025 11:09:03 AM,0.0000,28.7777,28.4344,28.6465,0.0,0.0
2929,0,7,  0d 00:48:41.47,  0d 00:04:05.01,0.0000,3.8492,R,07/25/2025 11:09:04 AM,0.0000,28.7777,28.4344,28.6465,0.0,0.0
2930,0,7,  0d 00:48:42.47,  0d 00:04:06.01,0.0000,3.8493,R,07/25/2025 11:09:05 AM,0.0000,28.7932,28.4344,28.6465,0.0,0.0
2931,0,7,  0d 00:48:43.47,  0d 00:04:07.01,0.0000,3.8493,R,07/25/2025 11:09:06 AM,0.0000,28.7777,28.4344,28.6465,0.0,0.0
2932,0,7,  0d 00:48:44.47,  0d 00:04:08.01,0.0000,3.8492,R,07/25/2025 11:09:07 AM,0.0000,28.7932,28.4344,28.6465,0.0,0.0
2933,0,7,  0d 00:48:45.47,  0d 00:04:09.01,0.0000,3.8493,R,07/25/2025 11:09:08 AM,0.0000,28.7932,28.4344,28.6465,0.0,0.0
2934,0,7,  0d 00:48:46.47,  0d 00:04:10.01,0.0000,3.8493,R,07/25/2025 11:09:09 AM,0.0000,28.7777,28.4344,28.6465,0.0,0.0
2935,0,7,  0d 00:48:47.47,  0d 00:04:11.01,0.0000,3.8493,R,07/25/2025 11:09:10 AM,0.0000,28.7777,28.4344,28.6310,0.0,0.0
2936,0,7,  0d 00:48:48.47,  0d 00:04:12.01,0.0000,3.8493,R,07/25/2025 11:09:11 AM,0.0000,28.7777,28.4344,28.6310,0.0,0.0
2937,0,7,  0d 00:48:49.47,  0d 00:04:13.01,0.0000,3.8495,R,07/25/2025 11:09:12 AM,0.0000,28.7777,28.4344,28.6465,0.0,0.0
2938,0,7,  0d 00:48:50.47,  0d 00:04:14.01,0.0000,3.8494,R,07/25/2025 11:09:13 AM,0.0000,28.7777,28.4344,28.6310,0.0,0.0
2939,0,7,  0d 00:48:51.47,  0d 00:04:15.01,0.0000,3.8494,R,07/25/2025 11:09:14 AM,0.0000,28.7777,28.4344,28.6310,0.0,0.0
2940,0,7,  0d 00:48:52.47,  0d 00:04:16.01,0.0000,3.8495,R,07/25/2025 11:09:15 AM,0.0000,28.7777,28.4344,28.6310,0.0,0.0
2941,0,7,  0d 00:48:53.47,  0d 00:04:17.01,0.0000,3.8494,R,07/25/2025 11:09:16 AM,0.0000,28.7777,28.4344,28.6310,0.0,0.0
2942,0,7,  0d 00:48:54.47,  0d 00:04:18.01,0.0000,3.8495,R,07/25/2025 11:09:17 AM,0.0000,28.7777,28.4188,28.6310,0.0,0.0
2943,0,7,  0d 00:48:55.47,  0d 00:04:19.01,0.0000,3.8495,R,07/25/2025 11:09:18 AM,0.0000,28.7777,28.4188,28.6310,0.0,0.0
2944,0,7,  0d 00:48:56.47,  0d 00:04:20.01,0.0000,3.8495,R,07/25/2025 11:09:19 AM,0.0000,28.7622,28.4188,28.6310,0.0,0.0
2945,0,7,  0d 00:48:57.47,  0d 00:04:21.01,0.0000,3.8495,R,07/25/2025 11:09:20 AM,0.0000,28.7777,28.4188,28.6310,0.0,0.0
2946,0,7,  0d 00:48:58.47,  0d 00:04:22.01,0.0000,3.8496,R,07/25/2025 11:09:21 AM,0.0000,28.7777,28.4188,28.6310,0.0,0.0
2947,0,7,  0d 00:48:59.47,  0d 00:04:23.01,0.0000,3.8495,R,07/25/2025 11:09:22 AM,0.0000,28.7777,28.4188,28.6310,0.0,0.0
2948,0,7,  0d 00:49:00.47,  0d 00:04:24.01,0.0000,3.8497,R,07/25/2025 11:09:23 AM,0.0000,28.7777,28.4188,28.6310,0.0,0.0
2949,0,7,  0d 00:49:01.47,  0d 00:04:25.01,0.0000,3.8496,R,07/25/2025 11:09:24 AM,0.0000,28.7622,28.4188,28.6310,0.0,0.0
2950,0,7,  0d 00:49:02.47,  0d 00:04:26.01,0.0000,3.8497,R,07/25/2025 11:09:25 AM,0.0000,28.7622,28.4188,28.6310,0.0,0.0
2951,0,7,  0d 00:49:03.47,  0d 00:04:27.01,0.0000,3.8496,R,07/25/2025 11:09:26 AM,0.0000,28.7622,28.4188,28.6310,0.0,0.0
2952,0,7,  0d 00:49:04.47,  0d 00:04:28.01,0.0000,3.8496,R,07/25/2025 11:09:27 AM,0.0000,28.7622,28.4188,28.6310,0.0,0.0
2953,0,7,  0d 00:49:05.47,  0d 00:04:29.01,0.0000,3.8498,R,07/25/2025 11:09:29 AM,0.0000,28.7622,28.4188,28.6310,0.0,0.0
2954,0,7,  0d 00:49:06.47,  0d 00:04:30.01,0.0000,3.8496,R,07/25/2025 11:09:29 AM,0.0000,28.7777,28.4188,28.6310,0.0,0.0
2955,0,7,  0d 00:49:07.47,  0d 00:04:31.01,0.0000,3.8497,R,07/25/2025 11:09:30 AM,0.0000,28.7777,28.4188,28.6310,0.0,0.0
2956,0,7,  0d 00:49:08.47,  0d 00:04:32.01,0.0000,3.8498,R,07/25/2025 11:09:31 AM,0.0000,28.7777,28.4188,28.6310,0.0,0.0
2957,0,7,  0d 00:49:09.47,  0d 00:04:33.01,0.0000,3.8499,R,07/25/2025 11:09:32 AM,0.0000,28.7777,28.4188,28.6310,0.0,0.0
2958,0,7,  0d 00:49:10.47,  0d 00:04:34.01,0.0000,3.8500,R,07/25/2025 11:09:33 AM,0.0000,28.7777,28.4188,28.6310,0.0,0.0
2959,0,7,  0d 00:49:11.47,  0d 00:04:35.01,0.0000,3.8499,R,07/25/2025 11:09:34 AM,0.0000,28.7777,28.4188,28.6310,0.0,0.0
2960,0,7,  0d 00:49:12.47,  0d 00:04:36.01,0.0000,3.8499,R,07/25/2025 11:09:35 AM,0.0000,28.7777,28.4188,28.6310,0.0,0.0
2961,0,7,  0d 00:49:13.47,  0d 00:04:37.01,0.0000,3.8499,R,07/25/2025 11:09:36 AM,0.0000,28.7777,28.4188,28.6310,0.0,0.0
2962,0,7,  0d 00:49:14.47,  0d 00:04:38.01,0.0000,3.8499,R,07/25/2025 11:09:37 AM,0.0000,28.7777,28.4188,28.6310,0.0,0.0
2963,0,7,  0d 00:49:15.47,  0d 00:04:39.01,0.0000,3.8499,R,07/25/2025 11:09:39 AM,0.0000,28.7777,28.4188,28.6310,0.0,0.0
2964,0,7,  0d 00:49:16.47,  0d 00:04:40.01,0.0000,3.8500,R,07/25/2025 11:09:39 AM,0.0000,28.7777,28.4188,28.6310,0.0,0.0
2965,0,7,  0d 00:49:17.47,  0d 00:04:41.01,0.0000,3.8500,R,07/25/2025 11:09:40 AM,0.0000,28.7777,28.4188,28.6310,0.0,0.0
2966,0,7,  0d 00:49:18.47,  0d 00:04:42.01,0.0000,3.8500,R,07/25/2025 11:09:41 AM,0.0000,28.7777,28.4188,28.6310,0.0,0.0
2967,0,7,  0d 00:49:19.47,  0d 00:04:43.01,0.0000,3.8501,R,07/25/2025 11:09:42 AM,0.0000,28.7622,28.4188,28.6310,0.0,0.0
2968,0,7,  0d 00:49:20.47,  0d 00:04:44.01,0.0000,3.8500,R,07/25/2025 11:09:43 AM,0.0000,28.7777,28.4188,28.6310,0.0,0.0
2969,0,7,  0d 00:49:21.47,  0d 00:04:45.01,0.0000,3.8501,R,07/25/2025 11:09:44 AM,0.0000,28.7777,28.4188,28.6310,0.0,0.0
2970,0,7,  0d 00:49:22.47,  0d 00:04:46.01,0.0000,3.8501,R,07/25/2025 11:09:45 AM,0.0000,28.7777,28.4188,28.6310,0.0,0.0
2971,0,7,  0d 00:49:23.47,  0d 00:04:47.01,0.0000,3.8501,R,07/25/2025 11:09:46 AM,0.0000,28.7777,28.4188,28.6310,0.0,0.0
2972,0,7,  0d 00:49:24.47,  0d 00:04:48.01,0.0000,3.8500,R,07/25/2025 11:09:47 AM,0.0000,28.7777,28.4188,28.6310,0.0,0.0
2973,0,7,  0d 00:49:25.47,  0d 00:04:49.01,0.0000,3.8502,R,07/25/2025 11:09:49 AM,0.0000,28.7777,28.4188,28.6310,0.0,0.0
2974,0,7,  0d 00:49:26.47,  0d 00:04:50.01,0.0000,3.8503,R,07/25/2025 11:09:49 AM,0.0000,28.7777,28.4188,28.6310,0.0,0.0
2975,0,7,  0d 00:49:27.47,  0d 00:04:51.01,0.0000,3.8502,R,07/25/2025 11:09:50 AM,0.0000,28.7777,28.4188,28.6310,0.0,0.0
2976,0,7,  0d 00:49:28.47,  0d 00:04:52.01,0.0000,3.8502,R,07/25/2025 11:09:51 AM,0.0000,28.7777,28.4188,28.6310,0.0,0.0
2977,0,7,  0d 00:49:29.47,  0d 00:04:53.01,0.0000,3.8502,R,07/25/2025 11:09:52 AM,0.0000,28.7777,28.4188,28.6310,0.0,0.0
2978,0,7,  0d 00:49:30.47,  0d 00:04:54.01,0.0000,3.8503,R,07/25/2025 11:09:53 AM,0.0000,28.7777,28.4188,28.6310,0.0,0.0
2979,0,7,  0d 00:49:31.47,  0d 00:04:55.01,0.0000,3.8502,R,07/25/2025 11:09:54 AM,0.0000,28.7777,28.4188,28.6310,0.0,0.0
2980,0,7,  0d 00:49:32.47,  0d 00:04:56.01,0.0000,3.8503,R,07/25/2025 11:09:55 AM,0.0000,28.7777,28.4188,28.6310,0.0,0.0
2981,0,7,  0d 00:49:33.47,  0d 00:04:57.01,0.0000,3.8503,R,07/25/2025 11:09:56 AM,0.0000,28.7622,28.4188,28.6310,0.0,0.0
2982,0,7,  0d 00:49:34.47,  0d 00:04:58.01,0.0000,3.8503,R,07/25/2025 11:09:57 AM,0.0000,28.7777,28.4188,28.6310,0.0,0.0
2983,0,7,  0d 00:49:35.47,  0d 00:04:59.01,0.0000,3.8504,R,07/25/2025 11:09:59 AM,0.0000,28.7777,28.4188,28.6310,0.0,0.0
2984,0,7,  0d 00:49:36.47,  0d 00:05:00.01,0.0000,3.8504,R,07/25/2025 11:09:59 AM,0.0000,28.7622,28.4188,28.6310,0.0,0.0
2985,0,7,  0d 00:49:37.47,  0d 00:05:01.01,0.0000,3.8505,R,07/25/2025 11:10:00 AM,0.0000,28.7777,28.4188,28.6310,0.0,0.0
2986,0,7,  0d 00:49:38.47,  0d 00:05:02.01,0.0000,3.8505,R,07/25/2025 11:10:01 AM,0.0000,28.7777,28.4188,28.6310,0.0,0.0
2987,0,7,  0d 00:49:39.47,  0d 00:05:03.01,0.0000,3.8504,R,07/25/2025 11:10:02 AM,0.0000,28.7777,28.4188,28.6465,0.0,0.0
2988,0,7,  0d 00:49:40.47,  0d 00:05:04.01,0.0000,3.8505,R,07/25/2025 11:10:03 AM,0.0000,28.7777,28.4188,28.6465,0.0,0.0
2989,0,7,  0d 00:49:41.47,  0d 00:05:05.01,0.0000,3.8506,R,07/25/2025 11:10:04 AM,0.0000,28.7777,28.4188,28.6465,0.0,0.0
2990,0,7,  0d 00:49:42.47,  0d 00:05:06.01,0.0000,3.8505,R,07/25/2025 11:10:05 AM,0.0000,28.7777,28.4188,28.6465,0.0,0.0
2991,0,7,  0d 00:49:43.47,  0d 00:05:07.01,0.0000,3.8505,R,07/25/2025 11:10:06 AM,0.0000,28.7932,28.4188,28.6465,0.0,0.0
2992,0,7,  0d 00:49:44.47,  0d 00:05:08.01,0.0000,3.8506,R,07/25/2025 11:10:07 AM,0.0000,28.7932,28.4188,28.6465,0.0,0.0
2993,0,7,  0d 00:49:45.47,  0d 00:05:09.01,0.0000,3.8505,R,07/25/2025 11:10:09 AM,0.0000,28.7932,28.4188,28.6465,0.0,0.0
2994,0,7,  0d 00:49:46.47,  0d 00:05:10.01,0.0000,3.8508,R,07/25/2025 11:10:09 AM,0.0000,28.7932,28.4188,28.6465,0.0,0.0
2995,0,7,  0d 00:49:47.47,  0d 00:05:11.01,0.0000,3.8507,R,07/25/2025 11:10:10 AM,0.0000,28.7777,28.4344,28.6465,0.0,0.0
2996,0,7,  0d 00:49:48.47,  0d 00:05:12.01,0.0000,3.8507,R,07/25/2025 11:10:11 AM,0.0000,28.7777,28.4344,28.6465,0.0,0.0
2997,0,7,  0d 00:49:49.47,  0d 00:05:13.01,0.0000,3.8506,R,07/25/2025 11:10:12 AM,0.0000,28.7777,28.4344,28.6465,0.0,0.0
2998,0,7,  0d 00:49:50.47,  0d 00:05:14.01,0.0000,3.8507,R,07/25/2025 11:10:13 AM,0.0000,28.7932,28.4344,28.6465,0.0,0.0
2999,0,7,  0d 00:49:51.47,  0d 00:05:15.01,0.0000,3.8507,R,07/25/2025 11:10:14 AM,0.0000,28.7932,28.4344,28.6310,0.0,0.0
3000,0,7,  0d 00:49:52.47,  0d 00:05:16.01,0.0000,3.8507,R,07/25/2025 11:10:15 AM,0.0000,28.7777,28.4344,28.6310,0.0,0.0
3001,0,7,  0d 00:49:53.47,  0d 00:05:17.01,0.0000,3.8506,R,07/25/2025 11:10:16 AM,0.0000,28.7777,28.4188,28.6310,0.0,0.0
3002,0,7,  0d 00:49:54.47,  0d 00:05:18.01,0.0000,3.8508,R,07/25/2025 11:10:17 AM,0.0000,28.7777,28.4188,28.6310,0.0,0.0
3003,0,7,  0d 00:49:55.47,  0d 00:05:19.01,0.0000,3.8508,R,07/25/2025 11:10:18 AM,0.0000,28.7777,28.4188,28.6465,0.0,0.0
3004,0,7,  0d 00:49:56.47,  0d 00:05:20.01,0.0000,3.8508,R,07/25/2025 11:10:19 AM,0.0000,28.7777,28.4188,28.6465,0.0,0.0
3005,0,7,  0d 00:49:57.47,  0d 00:05:21.01,0.0000,3.8508,R,07/25/2025 11:10:20 AM,0.0000,28.7777,28.4188,28.6465,0.0,0.0
3006,0,7,  0d 00:49:58.47,  0d 00:05:22.01,0.0000,3.8509,R,07/25/2025 11:10:21 AM,0.0000,28.7777,28.4188,28.6465,0.0,0.0
3007,0,7,  0d 00:49:59.47,  0d 00:05:23.01,0.0000,3.8508,R,07/25/2025 11:10:22 AM,0.0000,28.7777,28.4188,28.6465,0.0,0.0
3008,0,7,  0d 00:50:00.47,  0d 00:05:24.01,0.0000,3.8509,R,07/25/2025 11:10:23 AM,0.0000,28.7777,28.4188,28.6465,0.0,0.0
3009,0,7,  0d 00:50:01.47,  0d 00:05:25.01,0.0000,3.8509,R,07/25/2025 11:10:24 AM,0.0000,28.7777,28.4188,28.6465,0.0,0.0
3010,0,7,  0d 00:50:02.47,  0d 00:05:26.01,0.0000,3.8508,R,07/25/2025 11:10:25 AM,0.0000,28.7777,28.4188,28.6310,0.0,0.0
3011,0,7,  0d 00:50:03.47,  0d 00:05:27.01,0.0000,3.8509,R,07/25/2025 11:10:26 AM,0.0000,28.7777,28.4188,28.6310,0.0,0.0
3012,0,7,  0d 00:50:04.47,  0d 00:05:28.01,0.0000,3.8509,R,07/25/2025 11:10:27 AM,0.0000,28.7777,28.4188,28.6310,0.0,0.0
3013,0,7,  0d 00:50:05.47,  0d 00:05:29.01,0.0000,3.8510,R,07/25/2025 11:10:28 AM,0.0000,28.7777,28.4188,28.6310,0.0,0.0
3014,0,7,  0d 00:50:06.47,  0d 00:05:30.01,0.0000,3.8511,R,07/25/2025 11:10:29 AM,0.0000,28.7777,28.4188,28.6310,0.0,0.0
3015,0,7,  0d 00:50:07.47,  0d 00:05:31.01,0.0000,3.8511,R,07/25/2025 11:10:30 AM,0.0000,28.7777,28.4188,28.6310,0.0,0.0
3016,0,7,  0d 00:50:08.47,  0d 00:05:32.01,0.0000,3.8510,R,07/25/2025 11:10:31 AM,0.0000,28.7777,28.4344,28.6310,0.0,0.0
3017,0,7,  0d 00:50:09.47,  0d 00:05:33.01,0.0000,3.8510,R,07/25/2025 11:10:32 AM,0.0000,28.7777,28.4344,28.6310,0.0,0.0
3018,0,7,  0d 00:50:10.47,  0d 00:05:34.01,0.0000,3.8510,R,07/25/2025 11:10:33 AM,0.0000,28.7932,28.4344,28.6465,0.0,0.0
3019,0,7,  0d 00:50:11.47,  0d 00:05:35.01,0.0000,3.8511,R,07/25/2025 11:10:34 AM,0.0000,28.7932,28.4344,28.6465,0.0,0.0
3020,0,7,  0d 00:50:12.47,  0d 00:05:36.01,0.0000,3.8512,R,07/25/2025 11:10:35 AM,0.0000,28.7932,28.4344,28.6465,0.0,0.0
3021,0,7,  0d 00:50:13.47,  0d 00:05:37.01,0.0000,3.8512,R,07/25/2025 11:10:36 AM,0.0000,28.7777,28.4344,28.6465,0.0,0.0
3022,0,7,  0d 00:50:14.47,  0d 00:05:38.01,0.0000,3.8512,R,07/25/2025 11:10:37 AM,0.0000,28.7777,28.4344,28.6465,0.0,0.0
3023,0,7,  0d 00:50:15.47,  0d 00:05:39.01,0.0000,3.8513,R,07/25/2025 11:10:38 AM,0.0000,28.7777,28.4344,28.6465,0.0,0.0
3024,0,7,  0d 00:50:16.47,  0d 00:05:40.01,0.0000,3.8513,R,07/25/2025 11:10:40 AM,0.0000,28.7777,28.4344,28.6310,0.0,0.0
3025,0,7,  0d 00:50:17.47,  0d 00:05:41.01,0.0000,3.8513,R,07/25/2025 11:10:40 AM,0.0000,28.7777,28.4344,28.6465,0.0,0.0
3026,0,7,  0d 00:50:18.47,  0d 00:05:42.01,0.0000,3.8513,R,07/25/2025 11:10:41 AM,0.0000,28.7777,28.4344,28.6465,0.0,0.0
3027,0,7,  0d 00:50:19.47,  0d 00:05:43.01,0.0000,3.8514,R,07/25/2025 11:10:42 AM,0.0000,28.7622,28.4344,28.6465,0.0,0.0
3028,0,7,  0d 00:50:20.47,  0d 00:05:44.01,0.0000,3.8513,R,07/25/2025 11:10:43 AM,0.0000,28.7622,28.4344,28.6465,0.0,0.0
3029,0,7,  0d 00:50:21.47,  0d 00:05:45.01,0.0000,3.8514,R,07/25/2025 11:10:44 AM,0.0000,28.7622,28.4344,28.6465,0.0,0.0
3030,0,7,  0d 00:50:22.47,  0d 00:05:46.01,0.0000,3.8513,R,07/25/2025 11:10:45 AM,0.0000,28.7622,28.4344,28.6465,0.0,0.0
3031,0,7,  0d 00:50:23.47,  0d 00:05:47.01,0.0000,3.8514,R,07/25/2025 11:10:46 AM,0.0000,28.7777,28.4344,28.6465,0.0,0.0
3032,0,7,  0d 00:50:24.47,  0d 00:05:48.01,0.0000,3.8515,R,07/25/2025 11:10:47 AM,0.0000,28.7777,28.4344,28.6465,0.0,0.0
3033,0,7,  0d 00:50:25.47,  0d 00:05:49.01,0.0000,3.8514,R,07/25/2025 11:10:48 AM,0.0000,28.7777,28.4344,28.6465,0.0,0.0
3034,0,7,  0d 00:50:26.47,  0d 00:05:50.01,0.0000,3.8514,R,07/25/2025 11:10:50 AM,0.0000,28.7777,28.4344,28.6465,0.0,0.0
3035,0,7,  0d 00:50:27.47,  0d 00:05:51.01,0.0000,3.8515,R,07/25/2025 11:10:50 AM,0.0000,28.7777,28.4344,28.6465,0.0,0.0
3036,0,7,  0d 00:50:28.47,  0d 00:05:52.01,0.0000,3.8515,R,07/25/2025 11:10:51 AM,0.0000,28.7777,28.4344,28.6465,0.0,0.0
3037,0,7,  0d 00:50:29.47,  0d 00:05:53.01,0.0000,3.8515,R,07/25/2025 11:10:52 AM,0.0000,28.7777,28.4344,28.6465,0.0,0.0
3038,0,7,  0d 00:50:30.47,  0d 00:05:54.01,0.0000,3.8515,R,07/25/2025 11:10:53 AM,0.0000,28.7777,28.4344,28.6465,0.0,0.0
3039,0,7,  0d 00:50:31.47,  0d 00:05:55.01,0.0000,3.8516,R,07/25/2025 11:10:54 AM,0.0000,28.7777,28.4344,28.6465,0.0,0.0
3040,0,7,  0d 00:50:32.47,  0d 00:05:56.01,0.0000,3.8515,R,07/25/2025 11:10:55 AM,0.0000,28.7777,28.4344,28.6310,0.0,0.0
3041,0,7,  0d 00:50:33.47,  0d 00:05:57.01,0.0000,3.8517,R,07/25/2025 11:10:56 AM,0.0000,28.7932,28.4344,28.6310,0.0,0.0
3042,0,7,  0d 00:50:34.47,  0d 00:05:58.01,0.0000,3.8516,R,07/25/2025 11:10:57 AM,0.0000,28.7932,28.4344,28.6465,0.0,0.0
3043,0,7,  0d 00:50:35.47,  0d 00:05:59.01,0.0000,3.8517,R,07/25/2025 11:10:58 AM,0.0000,28.7932,28.4344,28.6465,0.0,0.0
3044,0,7,  0d 00:50:36.47,  0d 00:06:00.01,0.0000,3.8515,R,07/25/2025 11:11:00 AM,0.0000,28.7932,28.4344,28.6465,0.0,0.0
3045,0,7,  0d 00:50:37.47,  0d 00:06:01.01,0.0000,3.8517,R,07/25/2025 11:11:00 AM,0.0000,28.7932,28.4344,28.6465,0.0,0.0
3046,0,7,  0d 00:50:38.47,  0d 00:06:02.01,0.0000,3.8518,R,07/25/2025 11:11:01 AM,0.0000,28.7932,28.4344,28.6465,0.0,0.0
3047,0,7,  0d 00:50:39.47,  0d 00:06:03.01,0.0000,3.8517,R,07/25/2025 11:11:02 AM,0.0000,28.7932,28.4344,28.6465,0.0,0.0
3048,0,7,  0d 00:50:40.47,  0d 00:06:04.01,0.0000,3.8518,R,07/25/2025 11:11:03 AM,0.0000,28.7932,28.4344,28.6465,0.0,0.0
3049,0,7,  0d 00:50:41.47,  0d 00:06:05.01,0.0000,3.8517,R,07/25/2025 11:11:04 AM,0.0000,28.7777,28.4344,28.6465,0.0,0.0
3050,0,7,  0d 00:50:42.47,  0d 00:06:06.01,0.0000,3.8518,R,07/25/2025 11:11:05 AM,0.0000,28.7777,28.4344,28.6465,0.0,0.0
3051,0,7,  0d 00:50:43.47,  0d 00:06:07.01,0.0000,3.8519,R,07/25/2025 11:11:06 AM,0.0000,28.7777,28.4344,28.6465,0.0,0.0
3052,0,7,  0d 00:50:44.47,  0d 00:06:08.01,0.0000,3.8518,R,07/25/2025 11:11:07 AM,0.0000,28.7777,28.4344,28.6465,0.0,0.0
3053,0,7,  0d 00:50:45.47,  0d 00:06:09.01,0.0000,3.8518,R,07/25/2025 11:11:08 AM,0.0000,28.7777,28.4344,28.6465,0.0,0.0
3054,0,7,  0d 00:50:46.47,  0d 00:06:10.01,0.0000,3.8520,R,07/25/2025 11:11:10 AM,0.0000,28.7777,28.4344,28.6465,0.0,0.0
3055,0,7,  0d 00:50:47.47,  0d 00:06:11.01,0.0000,3.8518,R,07/25/2025 11:11:10 AM,0.0000,28.7777,28.4344,28.6465,0.0,0.0
3056,0,7,  0d 00:50:48.47,  0d 00:06:12.01,0.0000,3.8519,R,07/25/2025 11:11:11 AM,0.0000,28.7932,28.4344,28.6465,0.0,0.0
3057,0,7,  0d 00:50:49.47,  0d 00:06:13.01,0.0000,3.8518,R,07/25/2025 11:11:12 AM,0.0000,28.7777,28.4344,28.6465,0.0,0.0
3058,0,7,  0d 00:50:50.47,  0d 00:06:14.01,0.0000,3.8518,R,07/25/2025 11:11:13 AM,0.0000,28.7932,28.4344,28.6465,0.0,0.0
3059,0,7,  0d 00:50:51.47,  0d 00:06:15.01,0.0000,3.8518,R,07/25/2025 11:11:14 AM,0.0000,28.7932,28.4344,28.6465,0.0,0.0
3060,0,7,  0d 00:50:52.47,  0d 00:06:16.01,0.0000,3.8520,R,07/25/2025 11:11:15 AM,0.0000,28.7932,28.4344,28.6465,0.0,0.0
3061,0,7,  0d 00:50:53.47,  0d 00:06:17.01,0.0000,3.8520,R,07/25/2025 11:11:16 AM,0.0000,28.7932,28.4344,28.6465,0.0,0.0
3062,0,7,  0d 00:50:54.47,  0d 00:06:18.01,0.0000,3.8520,R,07/25/2025 11:11:17 AM,0.0000,28.7932,28.4344,28.6465,0.0,0.0
3063,0,7,  0d 00:50:55.47,  0d 00:06:19.01,0.0000,3.8520,R,07/25/2025 11:11:18 AM,0.0000,28.7932,28.4344,28.6465,0.0,0.0
3064,0,7,  0d 00:50:56.47,  0d 00:06:20.01,0.0000,3.8521,R,07/25/2025 11:11:20 AM,0.0000,28.7932,28.4344,28.6465,0.0,0.0
3065,0,7,  0d 00:50:57.47,  0d 00:06:21.01,0.0000,3.8520,R,07/25/2025 11:11:20 AM,0.0000,28.7932,28.4344,28.6465,0.0,0.0
3066,0,7,  0d 00:50:58.47,  0d 00:06:22.01,0.0000,3.8521,R,07/25/2025 11:11:21 AM,0.0000,28.7932,28.4344,28.6465,0.0,0.0
3067,0,7,  0d 00:50:59.47,  0d 00:06:23.01,0.0000,3.8521,R,07/25/2025 11:11:22 AM,0.0000,28.7932,28.4344,28.6465,0.0,0.0
3068,0,7,  0d 00:51:00.47,  0d 00:06:24.01,0.0000,3.8521,R,07/25/2025 11:11:23 AM,0.0000,28.7932,28.4344,28.6465,0.0,0.0
3069,0,7,  0d 00:51:01.47,  0d 00:06:25.01,0.0000,3.8521,R,07/25/2025 11:11:24 AM,0.0000,28.7932,28.4344,28.6465,0.0,0.0
3070,0,7,  0d 00:51:02.47,  0d 00:06:26.01,0.0000,3.8521,R,07/25/2025 11:11:25 AM,0.0000,28.7932,28.4344,28.6465,0.0,0.0
3071,0,7,  0d 00:51:03.47,  0d 00:06:27.01,0.0000,3.8522,R,07/25/2025 11:11:26 AM,0.0000,28.7932,28.4344,28.6465,0.0,0.0
3072,0,7,  0d 00:51:04.47,  0d 00:06:28.01,0.0000,3.8522,R,07/25/2025 11:11:27 AM,0.0000,28.7932,28.4344,28.6465,0.0,0.0
3073,0,7,  0d 00:51:05.47,  0d 00:06:29.01,0.0000,3.8523,R,07/25/2025 11:11:28 AM,0.0000,28.7932,28.4344,28.6465,0.0,0.0
3074,0,7,  0d 00:51:06.47,  0d 00:06:30.01,0.0000,3.8524,R,07/25/2025 11:11:29 AM,0.0000,28.7932,28.4344,28.6465,0.0,0.0
3075,0,7,  0d 00:51:07.47,  0d 00:06:31.01,0.0000,3.8522,R,07/25/2025 11:11:30 AM,0.0000,28.7932,28.4344,28.6465,0.0,0.0
3076,0,7,  0d 00:51:08.47,  0d 00:06:32.01,0.0000,3.8524,R,07/25/2025 11:11:31 AM,0.0000,28.7932,28.4344,28.6465,0.0,0.0
3077,0,7,  0d 00:51:09.47,  0d 00:06:33.01,0.0000,3.8523,R,07/25/2025 11:11:32 AM,0.0000,28.7932,28.4344,28.6465,0.0,0.0
3078,0,7,  0d 00:51:10.47,  0d 00:06:34.01,0.0000,3.8523,R,07/25/2025 11:11:33 AM,0.0000,28.7777,28.4344,28.6465,0.0,0.0
3079,0,7,  0d 00:51:11.47,  0d 00:06:35.01,0.0000,3.8524,R,07/25/2025 11:11:34 AM,0.0000,28.7777,28.4188,28.6465,0.0,0.0
3080,0,7,  0d 00:51:12.47,  0d 00:06:36.01,0.0000,3.8525,R,07/25/2025 11:11:35 AM,0.0000,28.7777,28.4188,28.6465,0.0,0.0
3081,0,7,  0d 00:51:13.47,  0d 00:06:37.01,0.0000,3.8524,R,07/25/2025 11:11:36 AM,0.0000,28.7932,28.4188,28.6465,0.0,0.0
3082,0,7,  0d 00:51:14.47,  0d 00:06:38.01,0.0000,3.8525,R,07/25/2025 11:11:37 AM,0.0000,28.7932,28.4188,28.6465,0.0,0.0
3083,0,7,  0d 00:51:15.47,  0d 00:06:39.01,0.0000,3.8525,R,07/25/2025 11:11:38 AM,0.0000,28.7777,28.4188,28.6465,0.0,0.0
3084,0,7,  0d 00:51:16.47,  0d 00:06:40.01,0.0000,3.8525,R,07/25/2025 11:11:39 AM,0.0000,28.7777,28.4188,28.6465,0.0,0.0
3085,0,7,  0d 00:51:17.47,  0d 00:06:41.01,0.0000,3.8526,R,07/25/2025 11:11:40 AM,0.0000,28.7777,28.4188,28.6465,0.0,0.0
3086,0,7,  0d 00:51:18.47,  0d 00:06:42.01,0.0000,3.8525,R,07/25/2025 11:11:41 AM,0.0000,28.7777,28.4188,28.6465,0.0,0.0
3087,0,7,  0d 00:51:19.47,  0d 00:06:43.01,0.0000,3.8526,R,07/25/2025 11:11:42 AM,0.0000,28.7777,28.4188,28.6465,0.0,0.0
3088,0,7,  0d 00:51:20.47,  0d 00:06:44.01,0.0000,3.8526,R,07/25/2025 11:11:43 AM,0.0000,28.7777,28.4188,28.6465,0.0,0.0
3089,0,7,  0d 00:51:21.47,  0d 00:06:45.01,0.0000,3.8527,R,07/25/2025 11:11:44 AM,0.0000,28.7777,28.4344,28.6465,0.0,0.0
3090,0,7,  0d 00:51:22.47,  0d 00:06:46.01,0.0000,3.8526,R,07/25/2025 11:11:45 AM,0.0000,28.7777,28.4344,28.6465,0.0,0.0
3091,0,7,  0d 00:51:23.47,  0d 00:06:47.01,0.0000,3.8526,R,07/25/2025 11:11:46 AM,0.0000,28.7777,28.4344,28.6465,0.0,0.0
3092,0,7,  0d 00:51:24.47,  0d 00:06:48.01,0.0000,3.8526,R,07/25/2025 11:11:47 AM,0.0000,28.7932,28.4344,28.6465,0.0,0.0
3093,0,7,  0d 00:51:25.47,  0d 00:06:49.01,0.0000,3.8528,R,07/25/2025 11:11:48 AM,0.0000,28.7932,28.4344,28.6465,0.0,0.0
3094,0,7,  0d 00:51:26.47,  0d 00:06:50.01,0.0000,3.8526,R,07/25/2025 11:11:49 AM,0.0000,28.7932,28.4344,28.6465,0.0,0.0
3095,0,7,  0d 00:51:27.47,  0d 00:06:51.01,0.0000,3.8526,R,07/25/2025 11:11:51 AM,0.0000,28.7932,28.4344,28.6465,0.0,0.0
3096,0,7,  0d 00:51:28.47,  0d 00:06:52.01,0.0000,3.8528,R,07/25/2025 11:11:51 AM,0.0000,28.7777,28.4344,28.6310,0.0,0.0
3097,0,7,  0d 00:51:29.47,  0d 00:06:53.01,0.0000,3.8526,R,07/25/2025 11:11:52 AM,0.0000,28.7777,28.4344,28.6465,0.0,0.0
3098,0,7,  0d 00:51:30.47,  0d 00:06:54.01,0.0000,3.8529,R,07/25/2025 11:11:53 AM,0.0000,28.7777,28.4344,28.6310,0.0,0.0
3099,0,7,  0d 00:51:31.47,  0d 00:06:55.01,0.0000,3.8528,R,07/25/2025 11:11:54 AM,0.0000,28.7777,28.4344,28.6465,0.0,0.0
3100,0,7,  0d 00:51:32.47,  0d 00:06:56.01,0.0000,3.8528,R,07/25/2025 11:11:55 AM,0.0000,28.7777,28.4188,28.6465,0.0,0.0
3101,0,7,  0d 00:51:33.47,  0d 00:06:57.01,0.0000,3.8528,R,07/25/2025 11:11:56 AM,0.0000,28.7777,28.4188,28.6465,0.0,0.0
3102,0,7,  0d 00:51:34.47,  0d 00:06:58.01,0.0000,3.8528,R,07/25/2025 11:11:57 AM,0.0000,28.7777,28.4344,28.6465,0.0,0.0
3103,0,7,  0d 00:51:35.47,  0d 00:06:59.01,0.0000,3.8531,R,07/25/2025 11:11:58 AM,0.0000,28.7777,28.4344,28.6465,0.0,0.0
3104,0,7,  0d 00:51:36.47,  0d 00:07:00.01,0.0000,3.8530,R,07/25/2025 11:11:59 AM,0.0000,28.7777,28.4344,28.6465,0.0,0.0
3105,0,7,  0d 00:51:37.47,  0d 00:07:01.01,0.0000,3.8529,R,07/25/2025 11:12:01 AM,0.0000,28.7777,28.4344,28.6465,0.0,0.0
3106,0,7,  0d 00:51:38.47,  0d 00:07:02.01,0.0000,3.8530,R,07/25/2025 11:12:01 AM,0.0000,28.7777,28.4344,28.6465,0.0,0.0
3107,0,7,  0d 00:51:39.47,  0d 00:07:03.01,0.0000,3.8529,R,07/25/2025 11:12:02 AM,0.0000,28.7777,28.4344,28.6465,0.0,0.0
3108,0,7,  0d 00:51:40.47,  0d 00:07:04.01,0.0000,3.8529,R,07/25/2025 11:12:03 AM,0.0000,28.7777,28.4344,28.6465,0.0,0.0
3109,0,7,  0d 00:51:41.47,  0d 00:07:05.01,0.0000,3.8531,R,07/25/2025 11:12:04 AM,0.0000,28.7777,28.4344,28.6465,0.0,0.0
3110,0,7,  0d 00:51:42.47,  0d 00:07:06.01,0.0000,3.8531,R,07/25/2025 11:12:05 AM,0.0000,28.7932,28.4344,28.6465,0.0,0.0
3111,0,7,  0d 00:51:43.47,  0d 00:07:07.01,0.0000,3.8531,R,07/25/2025 11:12:06 AM,0.0000,28.7932,28.4344,28.6465,0.0,0.0
3112,0,7,  0d 00:51:44.47,  0d 00:07:08.01,0.0000,3.8531,R,07/25/2025 11:12:07 AM,0.0000,28.7932,28.4344,28.6465,0.0,0.0
3113,0,7,  0d 00:51:45.47,  0d 00:07:09.01,0.0000,3.8531,R,07/25/2025 11:12:08 AM,0.0000,28.7932,28.4344,28.6465,0.0,0.0
3114,0,7,  0d 00:51:46.47,  0d 00:07:10.01,0.0000,3.8531,R,07/25/2025 11:12:09 AM,0.0000,28.7932,28.4344,28.6465,0.0,0.0
3115,0,7,  0d 00:51:47.47,  0d 00:07:11.01,0.0000,3.8531,R,07/25/2025 11:12:11 AM,0.0000,28.7932,28.4344,28.6465,0.0,0.0
3116,0,7,  0d 00:51:48.47,  0d 00:07:12.01,0.0000,3.8531,R,07/25/2025 11:12:11 AM,0.0000,28.7777,28.4344,28.6465,0.0,0.0
3117,0,7,  0d 00:51:49.47,  0d 00:07:13.01,0.0000,3.8533,R,07/25/2025 11:12:12 AM,0.0000,28.7932,28.4344,28.6465,0.0,0.0
3118,0,7,  0d 00:51:50.47,  0d 00:07:14.01,0.0000,3.8533,R,07/25/2025 11:12:13 AM,0.0000,28.7932,28.4344,28.6465,0.0,0.0
3119,0,7,  0d 00:51:51.47,  0d 00:07:15.01,0.0000,3.8531,R,07/25/2025 11:12:14 AM,0.0000,28.7932,28.4344,28.6465,0.0,0.0
3120,0,7,  0d 00:51:52.47,  0d 00:07:16.01,0.0000,3.8532,R,07/25/2025 11:12:15 AM,0.0000,28.7932,28.4344,28.6465,0.0,0.0
3121,0,7,  0d 00:51:53.47,  0d 00:07:17.01,0.0000,3.8532,R,07/25/2025 11:12:16 AM,0.0000,28.7932,28.4344,28.6465,0.0,0.0
3122,0,7,  0d 00:51:54.47,  0d 00:07:18.01,0.0000,3.8532,R,07/25/2025 11:12:17 AM,0.0000,28.7932,28.4344,28.6465,0.0,0.0
3123,0,7,  0d 00:51:55.47,  0d 00:07:19.01,0.0000,3.8533,R,07/25/2025 11:12:18 AM,0.0000,28.7932,28.4344,28.6465,0.0,0.0
3124,0,7,  0d 00:51:56.47,  0d 00:07:20.01,0.0000,3.8534,R,07/25/2025 11:12:19 AM,0.0000,28.7932,28.4344,28.6465,0.0,0.0
3125,0,7,  0d 00:51:57.47,  0d 00:07:21.01,0.0000,3.8534,R,07/25/2025 11:12:21 AM,0.0000,28.7932,28.4344,28.6465,0.0,0.0
3126,0,7,  0d 00:51:58.47,  0d 00:07:22.01,0.0000,3.8534,R,07/25/2025 11:12:21 AM,0.0000,28.7932,28.4344,28.6620,0.0,0.0
3127,0,7,  0d 00:51:59.47,  0d 00:07:23.01,0.0000,3.8534,R,07/25/2025 11:12:22 AM,0.0000,28.7777,28.4344,28.6620,0.0,0.0
3128,0,7,  0d 00:52:00.47,  0d 00:07:24.01,0.0000,3.8534,R,07/25/2025 11:12:23 AM,0.0000,28.7932,28.4344,28.6620,0.0,0.0
3129,0,7,  0d 00:52:01.47,  0d 00:07:25.01,0.0000,3.8534,R,07/25/2025 11:12:24 AM,0.0000,28.7932,28.4344,28.6620,0.0,0.0
3130,0,7,  0d 00:52:02.47,  0d 00:07:26.01,0.0000,3.8534,R,07/25/2025 11:12:25 AM,0.0000,28.7932,28.4344,28.6465,0.0,0.0
3131,0,7,  0d 00:52:03.47,  0d 00:07:27.01,0.0000,3.8534,R,07/25/2025 11:12:26 AM,0.0000,28.7932,28.4344,28.6465,0.0,0.0
3132,0,7,  0d 00:52:04.47,  0d 00:07:28.01,0.0000,3.8535,R,07/25/2025 11:12:27 AM,0.0000,28.7932,28.4344,28.6465,0.0,0.0
3133,0,7,  0d 00:52:05.47,  0d 00:07:29.01,0.0000,3.8536,R,07/25/2025 11:12:28 AM,0.0000,28.7932,28.4344,28.6465,0.0,0.0
3134,0,7,  0d 00:52:06.47,  0d 00:07:30.01,0.0000,3.8537,R,07/25/2025 11:12:29 AM,0.0000,28.7932,28.4344,28.6465,0.0,0.0
3135,0,7,  0d 00:52:07.47,  0d 00:07:31.01,0.0000,3.8536,R,07/25/2025 11:12:31 AM,0.0000,28.7932,28.4344,28.6465,0.0,0.0
3136,0,7,  0d 00:52:08.47,  0d 00:07:32.01,0.0000,3.8537,R,07/25/2025 11:12:31 AM,0.0000,28.7932,28.4344,28.6465,0.0,0.0
3137,0,7,  0d 00:52:09.47,  0d 00:07:33.01,0.0000,3.8539,R,07/25/2025 11:12:32 AM,0.0000,28.7932,28.4344,28.6465,0.0,0.0
3138,0,7,  0d 00:52:10.47,  0d 00:07:34.01,0.0000,3.8537,R,07/25/2025 11:12:33 AM,0.0000,28.7932,28.4344,28.6465,0.0,0.0
3139,0,7,  0d 00:52:11.47,  0d 00:07:35.01,0.0000,3.8538,R,07/25/2025 11:12:34 AM,0.0000,28.7932,28.4344,28.6465,0.0,0.0
3140,0,7,  0d 00:52:12.47,  0d 00:07:36.01,0.0000,3.8537,R,07/25/2025 11:12:35 AM,0.0000,28.7932,28.4344,28.6465,0.0,0.0
3141,0,7,  0d 00:52:13.47,  0d 00:07:37.01,0.0000,3.8537,R,07/25/2025 11:12:36 AM,0.0000,28.7932,28.4344,28.6465,0.0,0.0
3142,0,7,  0d 00:52:14.47,  0d 00:07:38.01,0.0000,3.8539,R,07/25/2025 11:12:37 AM,0.0000,28.7932,28.4344,28.6465,0.0,0.0
3143,0,7,  0d 00:52:15.47,  0d 00:07:39.01,0.0000,3.8538,R,07/25/2025 11:12:38 AM,0.0000,28.7932,28.4344,28.6465,0.0,0.0
3144,0,7,  0d 00:52:16.47,  0d 00:07:40.01,0.0000,3.8540,R,07/25/2025 11:12:39 AM,0.0000,28.7932,28.4344,28.6465,0.0,0.0
3145,0,7,  0d 00:52:17.47,  0d 00:07:41.01,0.0000,3.8540,R,07/25/2025 11:12:40 AM,0.0000,28.7932,28.4344,28.6620,0.0,0.0
3146,0,7,  0d 00:52:18.47,  0d 00:07:42.01,0.0000,3.8538,R,07/25/2025 11:12:41 AM,0.0000,28.7932,28.4344,28.6620,0.0,0.0
3147,0,7,  0d 00:52:19.47,  0d 00:07:43.01,0.0000,3.8540,R,07/25/2025 11:12:42 AM,0.0000,28.8087,28.4344,28.6620,0.0,0.0
3148,0,7,  0d 00:52:20.47,  0d 00:07:44.01,0.0000,3.8538,R,07/25/2025 11:12:43 AM,0.0000,28.7932,28.4344,28.6465,0.0,0.0
3149,0,7,  0d 00:52:21.47,  0d 00:07:45.01,0.0000,3.8540,R,07/25/2025 11:12:44 AM,0.0000,28.7932,28.4344,28.6465,0.0,0.0
3150,0,7,  0d 00:52:22.47,  0d 00:07:46.01,0.0000,3.8540,R,07/25/2025 11:12:45 AM,0.0000,28.7932,28.4344,28.6465,0.0,0.0
3151,0,7,  0d 00:52:23.47,  0d 00:07:47.01,0.0000,3.8540,R,07/25/2025 11:12:46 AM,0.0000,28.7932,28.4344,28.6465,0.0,0.0
3152,0,7,  0d 00:52:24.47,  0d 00:07:48.01,0.0000,3.8540,R,07/25/2025 11:12:47 AM,0.0000,28.7932,28.4344,28.6465,0.0,0.0
3153,0,7,  0d 00:52:25.47,  0d 00:07:49.01,0.0000,3.8542,R,07/25/2025 11:12:48 AM,0.0000,28.7932,28.4344,28.6465,0.0,0.0
3154,0,7,  0d 00:52:26.47,  0d 00:07:50.01,0.0000,3.8541,R,07/25/2025 11:12:49 AM,0.0000,28.7932,28.4344,28.6620,0.0,0.0
3155,0,7,  0d 00:52:27.47,  0d 00:07:51.01,0.0000,3.8542,R,07/25/2025 11:12:50 AM,0.0000,28.7932,28.4344,28.6620,0.0,0.0
3156,0,7,  0d 00:52:28.47,  0d 00:07:52.01,0.0000,3.8542,R,07/25/2025 11:12:51 AM,0.0000,28.7932,28.4344,28.6620,0.0,0.0
3157,0,7,  0d 00:52:29.47,  0d 00:07:53.01,0.0000,3.8542,R,07/25/2025 11:12:52 AM,0.0000,28.8087,28.4499,28.6620,0.0,0.0
3158,0,7,  0d 00:52:30.47,  0d 00:07:54.01,0.0000,3.8543,R,07/25/2025 11:12:53 AM,0.0000,28.8087,28.4499,28.6620,0.0,0.0
3159,0,7,  0d 00:52:31.47,  0d 00:07:55.01,0.0000,3.8544,R,07/25/2025 11:12:54 AM,0.0000,28.8087,28.4499,28.6620,0.0,0.0
3160,0,7,  0d 00:52:32.47,  0d 00:07:56.01,0.0000,3.8544,R,07/25/2025 11:12:55 AM,0.0000,28.8087,28.4499,28.6620,0.0,0.0
3161,0,7,  0d 00:52:33.47,  0d 00:07:57.01,0.0000,3.8544,R,07/25/2025 11:12:56 AM,0.0000,28.8087,28.4499,28.6620,0.0,0.0
3162,0,7,  0d 00:52:34.47,  0d 00:07:58.01,0.0000,3.8544,R,07/25/2025 11:12:57 AM,0.0000,28.8087,28.4499,28.6620,0.0,0.0
3163,0,7,  0d 00:52:35.47,  0d 00:07:59.01,0.0000,3.8543,R,07/25/2025 11:12:58 AM,0.0000,28.8087,28.4499,28.6620,0.0,0.0
3164,0,7,  0d 00:52:36.47,  0d 00:08:00.01,0.0000,3.8544,R,07/25/2025 11:12:59 AM,0.0000,28.8087,28.4344,28.6620,0.0,0.0
3165,0,7,  0d 00:52:37.47,  0d 00:08:01.01,0.0000,3.8545,R,07/25/2025 11:13:00 AM,0.0000,28.8087,28.4344,28.6620,0.0,0.0
3166,0,7,  0d 00:52:38.47,  0d 00:08:02.01,0.0000,3.8545,R,07/25/2025 11:13:02 AM,0.0000,28.7932,28.4344,28.6620,0.0,0.0
3167,0,7,  0d 00:52:39.47,  0d 00:08:03.01,0.0000,3.8544,R,07/25/2025 11:13:02 AM,0.0000,28.7932,28.4344,28.6620,0.0,0.0
3168,0,7,  0d 00:52:40.47,  0d 00:08:04.01,0.0000,3.8545,R,07/25/2025 11:13:03 AM,0.0000,28.7932,28.4499,28.6465,0.0,0.0
3169,0,7,  0d 00:52:41.47,  0d 00:08:05.01,0.0000,3.8545,R,07/25/2025 11:13:04 AM,0.0000,28.7932,28.4499,28.6465,0.0,0.0
3170,0,7,  0d 00:52:42.47,  0d 00:08:06.01,0.0000,3.8545,R,07/25/2025 11:13:05 AM,0.0000,28.7932,28.4499,28.6465,0.0,0.0
3171,0,7,  0d 00:52:43.47,  0d 00:08:07.01,0.0000,3.8547,R,07/25/2025 11:13:06 AM,0.0000,28.7932,28.4499,28.6465,0.0,0.0
3172,0,7,  0d 00:52:44.47,  0d 00:08:08.01,0.0000,3.8545,R,07/25/2025 11:13:07 AM,0.0000,28.7932,28.4499,28.6465,0.0,0.0
3173,0,7,  0d 00:52:45.47,  0d 00:08:09.01,0.0000,3.8545,R,07/25/2025 11:13:08 AM,0.0000,28.7932,28.4499,28.6465,0.0,0.0
3174,0,7,  0d 00:52:46.47,  0d 00:08:10.01,0.0000,3.8546,R,07/25/2025 11:13:09 AM,0.0000,28.7932,28.4499,28.6465,0.0,0.0
3175,0,7,  0d 00:52:47.47,  0d 00:08:11.01,0.0000,3.8547,R,07/25/2025 11:13:10 AM,0.0000,28.7932,28.4344,28.6465,0.0,0.0
3176,0,7,  0d 00:52:48.47,  0d 00:08:12.01,0.0000,3.8547,R,07/25/2025 11:13:12 AM,0.0000,28.7932,28.4344,28.6465,0.0,0.0
3177,0,7,  0d 00:52:49.47,  0d 00:08:13.01,0.0000,3.8547,R,07/25/2025 11:13:12 AM,0.0000,28.7932,28.4344,28.6465,0.0,0.0
3178,0,7,  0d 00:52:50.47,  0d 00:08:14.01,0.0000,3.8547,R,07/25/2025 11:13:13 AM,0.0000,28.7932,28.4344,28.6465,0.0,0.0
3179,0,7,  0d 00:52:51.47,  0d 00:08:15.01,0.0000,3.8549,R,07/25/2025 11:13:14 AM,0.0000,28.7932,28.4344,28.6465,0.0,0.0
3180,0,7,  0d 00:52:52.47,  0d 00:08:16.01,0.0000,3.8547,R,07/25/2025 11:13:15 AM,0.0000,28.7932,28.4344,28.6465,0.0,0.0
3181,0,7,  0d 00:52:53.47,  0d 00:08:17.01,0.0000,3.8547,R,07/25/2025 11:13:16 AM,0.0000,28.7932,28.4344,28.6465,0.0,0.0
3182,0,7,  0d 00:52:54.47,  0d 00:08:18.01,0.0000,3.8548,R,07/25/2025 11:13:17 AM,0.0000,28.7932,28.4344,28.6465,0.0,0.0
3183,0,7,  0d 00:52:55.47,  0d 00:08:19.01,0.0000,3.8550,R,07/25/2025 11:13:18 AM,0.0000,28.7932,28.4344,28.6465,0.0,0.0
3184,0,7,  0d 00:52:56.47,  0d 00:08:20.01,0.0000,3.8548,R,07/25/2025 11:13:19 AM,0.0000,28.7932,28.4344,28.6465,0.0,0.0
3185,0,7,  0d 00:52:57.47,  0d 00:08:21.01,0.0000,3.8548,R,07/25/2025 11:13:20 AM,0.0000,28.7932,28.4344,28.6465,0.0,0.0
3186,0,7,  0d 00:52:58.47,  0d 00:08:22.01,0.0000,3.8549,R,07/25/2025 11:13:22 AM,0.0000,28.7932,28.4344,28.6465,0.0,0.0
3187,0,7,  0d 00:52:59.47,  0d 00:08:23.01,0.0000,3.8550,R,07/25/2025 11:13:22 AM,0.0000,28.7932,28.4344,28.6465,0.0,0.0
3188,0,7,  0d 00:53:00.47,  0d 00:08:24.01,0.0000,3.8550,R,07/25/2025 11:13:23 AM,0.0000,28.7932,28.4344,28.6465,0.0,0.0
3189,0,7,  0d 00:53:01.47,  0d 00:08:25.01,0.0000,3.8550,R,07/25/2025 11:13:24 AM,0.0000,28.7932,28.4344,28.6465,0.0,0.0
3190,0,7,  0d 00:53:02.47,  0d 00:08:26.01,0.0000,3.8550,R,07/25/2025 11:13:25 AM,0.0000,28.7932,28.4344,28.6465,0.0,0.0
3191,0,7,  0d 00:53:03.47,  0d 00:08:27.01,0.0000,3.8551,R,07/25/2025 11:13:26 AM,0.0000,28.7932,28.4344,28.6465,0.0,0.0
3192,0,7,  0d 00:53:04.47,  0d 00:08:28.01,0.0000,3.8552,R,07/25/2025 11:13:27 AM,0.0000,28.7932,28.4344,28.6465,0.0,0.0
3193,0,7,  0d 00:53:05.47,  0d 00:08:29.01,0.0000,3.8552,R,07/25/2025 11:13:28 AM,0.0000,28.7932,28.4344,28.6465,0.0,0.0
3194,0,7,  0d 00:53:06.47,  0d 00:08:30.01,0.0000,3.8553,R,07/25/2025 11:13:29 AM,0.0000,28.7932,28.4344,28.6465,0.0,0.0
3195,0,7,  0d 00:53:07.47,  0d 00:08:31.01,0.0000,3.8551,R,07/25/2025 11:13:30 AM,0.0000,28.7932,28.4344,28.6465,0.0,0.0
3196,0,7,  0d 00:53:08.47,  0d 00:08:32.01,0.0000,3.8553,R,07/25/2025 11:13:32 AM,0.0000,28.7932,28.4344,28.6465,0.0,0.0
3197,0,7,  0d 00:53:09.47,  0d 00:08:33.01,0.0000,3.8553,R,07/25/2025 11:13:32 AM,0.0000,28.7932,28.4344,28.6465,0.0,0.0
3198,0,7,  0d 00:53:10.47,  0d 00:08:34.01,0.0000,3.8553,R,07/25/2025 11:13:33 AM,0.0000,28.7777,28.4344,28.6465,0.0,0.0
3199,0,7,  0d 00:53:11.47,  0d 00:08:35.01,0.0000,3.8553,R,07/25/2025 11:13:34 AM,0.0000,28.7777,28.4344,28.6465,0.0,0.0
3200,0,7,  0d 00:53:12.47,  0d 00:08:36.01,0.0000,3.8553,R,07/25/2025 11:13:35 AM,0.0000,28.7777,28.4344,28.6465,0.0,0.0
3201,0,7,  0d 00:53:13.47,  0d 00:08:37.01,0.0000,3.8554,R,07/25/2025 11:13:36 AM,0.0000,28.7777,28.4344,28.6465,0.0,0.0
3202,0,7,  0d 00:53:14.47,  0d 00:08:38.01,0.0000,3.8554,R,07/25/2025 11:13:37 AM,0.0000,28.7777,28.4188,28.6465,0.0,0.0
3203,0,7,  0d 00:53:15.47,  0d 00:08:39.01,0.0000,3.8554,R,07/25/2025 11:13:38 AM,0.0000,28.7777,28.4188,28.6465,0.0,0.0
3204,0,7,  0d 00:53:16.47,  0d 00:08:40.01,0.0000,3.8554,R,07/25/2025 11:13:39 AM,0.0000,28.7777,28.4188,28.6465,0.0,0.0
3205,0,7,  0d 00:53:17.47,  0d 00:08:41.01,0.0000,3.8554,R,07/25/2025 11:13:40 AM,0.0000,28.7777,28.4188,28.6465,0.0,0.0
3206,0,7,  0d 00:53:18.47,  0d 00:08:42.01,0.0000,3.8554,R,07/25/2025 11:13:42 AM,0.0000,28.7777,28.4188,28.6465,0.0,0.0
3207,0,7,  0d 00:53:19.47,  0d 00:08:43.01,0.0000,3.8554,R,07/25/2025 11:13:42 AM,0.0000,28.7777,28.4188,28.6465,0.0,0.0
3208,0,7,  0d 00:53:20.47,  0d 00:08:44.01,0.0000,3.8554,R,07/25/2025 11:13:43 AM,0.0000,28.7777,28.4188,28.6465,0.0,0.0
3209,0,7,  0d 00:53:21.47,  0d 00:08:45.01,0.0000,3.8556,R,07/25/2025 11:13:44 AM,0.0000,28.7777,28.4188,28.6310,0.0,0.0
3210,0,7,  0d 00:53:22.47,  0d 00:08:46.01,0.0000,3.8556,R,07/25/2025 11:13:45 AM,0.0000,28.7777,28.4188,28.6310,0.0,0.0
3211,0,7,  0d 00:53:23.47,  0d 00:08:47.01,0.0000,3.8556,R,07/25/2025 11:13:46 AM,0.0000,28.7777,28.4188,28.6465,0.0,0.0
3212,0,7,  0d 00:53:24.47,  0d 00:08:48.01,0.0000,3.8556,R,07/25/2025 11:13:47 AM,0.0000,28.7777,28.4344,28.6465,0.0,0.0
3213,0,7,  0d 00:53:25.47,  0d 00:08:49.01,0.0000,3.8557,R,07/25/2025 11:13:48 AM,0.0000,28.7932,28.4344,28.6465,0.0,0.0
3214,0,7,  0d 00:53:26.47,  0d 00:08:50.01,0.0000,3.8556,R,07/25/2025 11:13:49 AM,0.0000,28.7777,28.4344,28.6465,0.0,0.0
3215,0,7,  0d 00:53:27.47,  0d 00:08:51.01,0.0000,3.8557,R,07/25/2025 11:13:50 AM,0.0000,28.7932,28.4344,28.6465,0.0,0.0
3216,0,7,  0d 00:53:28.47,  0d 00:08:52.01,0.0000,3.8557,R,07/25/2025 11:13:51 AM,0.0000,28.7777,28.4188,28.6465,0.0,0.0
3217,0,7,  0d 00:53:29.47,  0d 00:08:53.01,0.0000,3.8557,R,07/25/2025 11:13:52 AM,0.0000,28.7777,28.4188,28.6465,0.0,0.0
3218,0,7,  0d 00:53:30.47,  0d 00:08:54.01,0.0000,3.8559,R,07/25/2025 11:13:53 AM,0.0000,28.7777,28.4188,28.6465,0.0,0.0
3219,0,7,  0d 00:53:31.47,  0d 00:08:55.01,0.0000,3.8557,R,07/25/2025 11:13:54 AM,0.0000,28.7932,28.4188,28.6465,0.0,0.0
3220,0,7,  0d 00:53:32.47,  0d 00:08:56.01,0.0000,3.8558,R,07/25/2025 11:13:55 AM,0.0000,28.7932,28.4188,28.6465,0.0,0.0
3221,0,7,  0d 00:53:33.47,  0d 00:08:57.01,0.0000,3.8559,R,07/25/2025 11:13:56 AM,0.0000,28.7932,28.4188,28.6310,0.0,0.0
3222,0,7,  0d 00:53:34.47,  0d 00:08:58.01,0.0000,3.8560,R,07/25/2025 11:13:57 AM,0.0000,28.7777,28.4188,28.6310,0.0,0.0
3223,0,7,  0d 00:53:35.47,  0d 00:08:59.01,0.0000,3.8560,R,07/25/2025 11:13:58 AM,0.0000,28.7777,28.4344,28.6310,0.0,0.0
3224,0,7,  0d 00:53:36.47,  0d 00:09:00.01,0.0000,3.8560,R,07/25/2025 11:13:59 AM,0.0000,28.7777,28.4188,28.6310,0.0,0.0
3225,0,7,  0d 00:53:37.47,  0d 00:09:01.01,0.0000,3.8559,R,07/25/2025 11:14:00 AM,0.0000,28.7777,28.4188,28.6310,0.0,0.0
3226,0,7,  0d 00:53:38.47,  0d 00:09:02.01,0.0000,3.8560,R,07/25/2025 11:14:01 AM,0.0000,28.7932,28.4188,28.6310,0.0,0.0
3227,0,7,  0d 00:53:39.47,  0d 00:09:03.01,0.0000,3.8560,R,07/25/2025 11:14:02 AM,0.0000,28.7932,28.4188,28.6310,0.0,0.0
3228,0,7,  0d 00:53:40.47,  0d 00:09:04.01,0.0000,3.8560,R,07/25/2025 11:14:03 AM,0.0000,28.7777,28.4188,28.6465,0.0,0.0
3229,0,7,  0d 00:53:41.47,  0d 00:09:05.01,0.0000,3.8562,R,07/25/2025 11:14:04 AM,0.0000,28.7777,28.4188,28.6465,0.0,0.0
3230,0,7,  0d 00:53:42.47,  0d 00:09:06.01,0.0000,3.8560,R,07/25/2025 11:14:05 AM,0.0000,28.7777,28.4188,28.6465,0.0,0.0
3231,0,7,  0d 00:53:43.47,  0d 00:09:07.01,0.0000,3.8561,R,07/25/2025 11:14:06 AM,0.0000,28.7777,28.4188,28.6465,0.0,0.0
3232,0,7,  0d 00:53:44.47,  0d 00:09:08.01,0.0000,3.8563,R,07/25/2025 11:14:07 AM,0.0000,28.7777,28.4188,28.6465,0.0,0.0
3233,0,7,  0d 00:53:45.47,  0d 00:09:09.01,0.0000,3.8562,R,07/25/2025 11:14:08 AM,0.0000,28.7777,28.4188,28.6465,0.0,0.0
3234,0,7,  0d 00:53:46.47,  0d 00:09:10.01,0.0000,3.8563,R,07/25/2025 11:14:09 AM,0.0000,28.7777,28.4188,28.6465,0.0,0.0
3235,0,7,  0d 00:53:47.47,  0d 00:09:11.01,0.0000,3.8563,R,07/25/2025 11:14:10 AM,0.0000,28.7777,28.4344,28.6310,0.0,0.0
3236,0,7,  0d 00:53:48.47,  0d 00:09:12.01,0.0000,3.8563,R,07/25/2025 11:14:11 AM,0.0000,28.7777,28.4344,28.6310,0.0,0.0
3237,0,7,  0d 00:53:49.47,  0d 00:09:13.01,0.0000,3.8564,R,07/25/2025 11:14:13 AM,0.0000,28.7777,28.4344,28.6310,0.0,0.0
3238,0,7,  0d 00:53:50.47,  0d 00:09:14.01,0.0000,3.8563,R,07/25/2025 11:14:13 AM,0.0000,28.7777,28.4188,28.6310,0.0,0.0
3239,0,7,  0d 00:53:51.47,  0d 00:09:15.01,0.0000,3.8565,R,07/25/2025 11:14:14 AM,0.0000,28.7932,28.4188,28.6310,0.0,0.0
3240,0,7,  0d 00:53:52.47,  0d 00:09:16.01,0.0000,3.8566,R,07/25/2025 11:14:15 AM,0.0000,28.7932,28.4188,28.6465,0.0,0.0
3241,0,7,  0d 00:53:53.47,  0d 00:09:17.01,0.0000,3.8563,R,07/25/2025 11:14:16 AM,0.0000,28.7932,28.4188,28.6465,0.0,0.0
3242,0,7,  0d 00:53:54.47,  0d 00:09:18.01,0.0000,3.8564,R,07/25/2025 11:14:17 AM,0.0000,28.7777,28.4188,28.6465,0.0,0.0
3243,0,7,  0d 00:53:55.47,  0d 00:09:19.01,0.0000,3.8565,R,07/25/2025 11:14:18 AM,0.0000,28.7777,28.4188,28.6465,0.0,0.0
3244,0,7,  0d 00:53:56.47,  0d 00:09:20.01,0.0000,3.8565,R,07/25/2025 11:14:19 AM,0.0000,28.7777,28.4188,28.6465,0.0,0.0
3245,0,7,  0d 00:53:57.47,  0d 00:09:21.01,0.0000,3.8566,R,07/25/2025 11:14:20 AM,0.0000,28.7777,28.4188,28.6465,0.0,0.0
3246,0,7,  0d 00:53:58.47,  0d 00:09:22.01,0.0000,3.8567,R,07/25/2025 11:14:21 AM,0.0000,28.7777,28.4188,28.6465,0.0,0.0
3247,0,7,  0d 00:53:59.47,  0d 00:09:23.01,0.0000,3.8566,R,07/25/2025 11:14:23 AM,0.0000,28.7777,28.4188,28.6465,0.0,0.0
3248,0,7,  0d 00:54:00.47,  0d 00:09:24.01,0.0000,3.8566,R,07/25/2025 11:14:23 AM,0.0000,28.7777,28.4188,28.6465,0.0,0.0
3249,0,7,  0d 00:54:01.47,  0d 00:09:25.01,0.0000,3.8566,R,07/25/2025 11:14:24 AM,0.0000,28.7777,28.4188,28.6465,0.0,0.0
3250,0,7,  0d 00:54:02.47,  0d 00:09:26.01,0.0000,3.8568,R,07/25/2025 11:14:25 AM,0.0000,28.7777,28.4188,28.6465,0.0,0.0
3251,0,7,  0d 00:54:03.47,  0d 00:09:27.01,0.0000,3.8566,R,07/25/2025 11:14:26 AM,0.0000,28.7777,28.4188,28.6465,0.0,0.0
3252,0,7,  0d 00:54:04.47,  0d 00:09:28.01,0.0000,3.8568,R,07/25/2025 11:14:27 AM,0.0000,28.7622,28.4188,28.6310,0.0,0.0
3253,0,7,  0d 00:54:05.47,  0d 00:09:29.01,0.0000,3.8568,R,07/25/2025 11:14:28 AM,0.0000,28.7777,28.4188,28.6310,0.0,0.0
3254,0,7,  0d 00:54:06.47,  0d 00:09:30.01,0.0000,3.8569,R,07/25/2025 11:14:29 AM,0.0000,28.7777,28.4188,28.6310,0.0,0.0
3255,0,7,  0d 00:54:07.47,  0d 00:09:31.01,0.0000,3.8569,R,07/25/2025 11:14:30 AM,0.0000,28.7777,28.4188,28.6310,0.0,0.0
3256,0,7,  0d 00:54:08.47,  0d 00:09:32.01,0.0000,3.8569,R,07/25/2025 11:14:31 AM,0.0000,28.7777,28.4188,28.6310,0.0,0.0
3257,0,7,  0d 00:54:09.47,  0d 00:09:33.01,0.0000,3.8570,R,07/25/2025 11:14:33 AM,0.0000,28.7777,28.4188,28.6310,0.0,0.0
3258,0,7,  0d 00:54:10.47,  0d 00:09:34.01,0.0000,3.8570,R,07/25/2025 11:14:33 AM,0.0000,28.7777,28.4188,28.6310,0.0,0.0
3259,0,7,  0d 00:54:11.47,  0d 00:09:35.01,0.0000,3.8569,R,07/25/2025 11:14:34 AM,0.0000,28.7777,28.4188,28.6310,0.0,0.0
3260,0,7,  0d 00:54:12.47,  0d 00:09:36.01,0.0000,3.8571,R,07/25/2025 11:14:35 AM,0.0000,28.7777,28.4188,28.6310,0.0,0.0
3261,0,7,  0d 00:54:13.47,  0d 00:09:37.01,0.0000,3.8570,R,07/25/2025 11:14:36 AM,0.0000,28.7777,28.4188,28.6310,0.0,0.0
3262,0,7,  0d 00:54:14.47,  0d 00:09:38.01,0.0000,3.8570,R,07/25/2025 11:14:37 AM,0.0000,28.7777,28.4188,28.6310,0.0,0.0
3263,0,7,  0d 00:54:15.47,  0d 00:09:39.01,0.0000,3.8572,R,07/25/2025 11:14:38 AM,0.0000,28.7777,28.4188,28.6310,0.0,0.0
3264,0,7,  0d 00:54:16.47,  0d 00:09:40.01,0.0000,3.8573,R,07/25/2025 11:14:39 AM,0.0000,28.7777,28.4188,28.6310,0.0,0.0
3265,0,7,  0d 00:54:17.47,  0d 00:09:41.01,0.0000,3.8573,R,07/25/2025 11:14:40 AM,0.0000,28.7777,28.4188,28.6310,0.0,0.0
3266,0,7,  0d 00:54:18.47,  0d 00:09:42.01,0.0000,3.8573,R,07/25/2025 11:14:41 AM,0.0000,28.7777,28.4188,28.6310,0.0,0.0
3267,0,7,  0d 00:54:19.47,  0d 00:09:43.01,0.0000,3.8573,R,07/25/2025 11:14:43 AM,0.0000,28.7777,28.4188,28.6310,0.0,0.0
3268,0,7,  0d 00:54:20.47,  0d 00:09:44.01,0.0000,3.8573,R,07/25/2025 11:14:43 AM,0.0000,28.7622,28.4188,28.6310,0.0,0.0
3269,0,7,  0d 00:54:21.47,  0d 00:09:45.01,0.0000,3.8574,R,07/25/2025 11:14:44 AM,0.0000,28.7777,28.4188,28.6310,0.0,0.0
3270,0,7,  0d 00:54:22.47,  0d 00:09:46.01,0.0000,3.8575,R,07/25/2025 11:14:45 AM,0.0000,28.7777,28.4188,28.6310,0.0,0.0
3271,0,7,  0d 00:54:23.47,  0d 00:09:47.01,0.0000,3.8573,R,07/25/2025 11:14:46 AM,0.0000,28.7777,28.4188,28.6310,0.0,0.0
3272,0,7,  0d 00:54:24.47,  0d 00:09:48.01,0.0000,3.8574,R,07/25/2025 11:14:47 AM,0.0000,28.7777,28.4188,28.6310,0.0,0.0
3273,0,7,  0d 00:54:25.47,  0d 00:09:49.01,0.0000,3.8575,R,07/25/2025 11:14:48 AM,0.0000,28.7777,28.4188,28.6310,0.0,0.0
3274,0,7,  0d 00:54:26.47,  0d 00:09:50.01,0.0000,3.8576,R,07/25/2025 11:14:49 AM,0.0000,28.7777,28.4188,28.6310,0.0,0.0
3275,0,7,  0d 00:54:27.47,  0d 00:09:51.01,0.0000,3.8576,R,07/25/2025 11:14:50 AM,0.0000,28.7622,28.4188,28.6310,0.0,0.0
3276,0,7,  0d 00:54:28.47,  0d 00:09:52.01,0.0000,3.8576,R,07/25/2025 11:14:51 AM,0.0000,28.7622,28.4188,28.6310,0.0,0.0
3277,0,7,  0d 00:54:29.47,  0d 00:09:53.01,0.0000,3.8576,R,07/25/2025 11:14:53 AM,0.0000,28.7622,28.4188,28.6310,0.0,0.0
3278,0,7,  0d 00:54:30.47,  0d 00:09:54.01,0.0000,3.8577,R,07/25/2025 11:14:53 AM,0.0000,28.7777,28.4188,28.6310,0.0,0.0
3279,0,7,  0d 00:54:31.47,  0d 00:09:55.01,0.0000,3.8577,R,07/25/2025 11:14:54 AM,0.0000,28.7777,28.4188,28.6310,0.0,0.0
3280,0,7,  0d 00:54:32.47,  0d 00:09:56.01,0.0000,3.8577,R,07/25/2025 11:14:55 AM,0.0000,28.7777,28.4188,28.6310,0.0,0.0
3281,0,7,  0d 00:54:33.47,  0d 00:09:57.01,0.0000,3.8578,R,07/25/2025 11:14:56 AM,0.0000,28.7777,28.4188,28.6310,0.0,0.0
3282,0,7,  0d 00:54:34.47,  0d 00:09:58.01,0.0000,3.8578,R,07/25/2025 11:14:57 AM,0.0000,28.7622,28.4188,28.6310,0.0,0.0
3283,0,7,  0d 00:54:35.47,  0d 00:09:59.01,0.0000,3.8578,R,07/25/2025 11:14:58 AM,0.0000,28.7622,28.4188,28.6310,0.0,0.0
3284,0,7,  0d 00:54:36.46,  0d 00:10:00.00,0.0000,3.8579,R,07/25/2025 11:14:59 AM,0.0000,28.7777,28.4188,28.6310,0.0,0.0
3285,0,8,  0d 00:54:36.51,  0d 00:00:00.05,1.2506,3.8784,C,07/25/2025 11:15:00 AM,0.0000,28.7777,28.4188,28.6310,0.0,0.0
3286,0,8,  0d 00:54:37.51,  0d 00:00:01.05,1.2500,3.8810,C,07/25/2025 11:15:01 AM,0.0000,28.7777,28.4188,28.6310,0.0,0.0
3287,0,8,  0d 00:54:38.51,  0d 00:00:02.05,1.2494,3.8821,C,07/25/2025 11:15:02 AM,0.0000,28.7777,28.4188,28.6310,0.0,0.0
3288,0,8,  0d 00:54:39.51,  0d 00:00:03.05,1.2503,3.8829,C,07/25/2025 11:15:03 AM,0.0000,28.7777,28.4188,28.6310,0.0,0.0
3289,0,8,  0d 00:54:40.51,  0d 00:00:04.05,1.2500,3.8840,C,07/25/2025 11:15:04 AM,0.0000,28.7777,28.4188,28.6310,0.0,0.0
3290,0,8,  0d 00:54:41.51,  0d 00:00:05.05,1.2500,3.8848,C,07/25/2025 11:15:05 AM,0.0000,28.7777,28.4188,28.6310,0.0,0.0
3291,0,8,  0d 00:54:42.51,  0d 00:00:06.05,1.2497,3.8854,C,07/25/2025 11:15:06 AM,0.0000,28.7777,28.4188,28.6310,0.0,0.0
3292,0,8,  0d 00:54:43.51,  0d 00:00:07.05,1.2497,3.8862,C,07/25/2025 11:15:07 AM,0.0000,28.7777,28.4033,28.6310,0.0,0.0
3293,0,8,  0d 00:54:44.51,  0d 00:00:08.05,1.2491,3.8869,C,07/25/2025 11:15:08 AM,0.0000,28.7777,28.4188,28.6310,0.0,0.0
3294,0,8,  0d 00:54:45.51,  0d 00:00:09.05,1.2497,3.8876,C,07/25/2025 11:15:09 AM,0.0000,28.7777,28.4188,28.6310,0.0,0.0
3295,0,8,  0d 00:54:46.51,  0d 00:00:10.05,1.2500,3.8882,C,07/25/2025 11:15:10 AM,0.0000,28.7777,28.4188,28.6310,0.0,0.0
3296,0,8,  0d 00:54:47.51,  0d 00:00:11.05,1.2500,3.8888,C,07/25/2025 11:15:11 AM,0.0000,28.7777,28.4188,28.6310,0.0,0.0
3297,0,8,  0d 00:54:48.51,  0d 00:00:12.05,1.2500,3.8894,C,07/25/2025 11:15:12 AM,0.0000,28.7777,28.4188,28.6310,0.0,0.0
3298,0,8,  0d 00:54:49.51,  0d 00:00:13.05,1.2500,3.8900,C,07/25/2025 11:15:13 AM,0.0000,28.7777,28.4188,28.6310,0.0,0.0
3299,0,8,  0d 00:54:50.51,  0d 00:00:14.05,1.2497,3.8907,C,07/25/2025 11:15:14 AM,0.0000,28.7777,28.4188,28.6310,0.0,0.0
3300,0,8,  0d 00:54:51.51,  0d 00:00:15.05,1.2494,3.8914,C,07/25/2025 11:15:15 AM,0.0000,28.7777,28.4188,28.6310,0.0,0.0
3301,0,8,  0d 00:54:52.51,  0d 00:00:16.05,1.2494,3.8918,C,07/25/2025 11:15:16 AM,0.0000,28.7777,28.4188,28.6310,0.0,0.0
3302,0,8,  0d 00:54:53.51,  0d 00:00:17.05,1.2497,3.8925,C,07/25/2025 11:15:17 AM,0.0000,28.7777,28.4188,28.6310,0.0,0.0
3303,0,8,  0d 00:54:54.51,  0d 00:00:18.05,1.2497,3.8930,C,07/25/2025 11:15:18 AM,0.0000,28.7777,28.4188,28.6310,0.0,0.0
3304,0,8,  0d 00:54:55.51,  0d 00:00:19.05,1.2500,3.8935,C,07/25/2025 11:15:19 AM,0.0000,28.7777,28.4188,28.6310,0.0,0.0
3305,0,8,  0d 00:54:56.51,  0d 00:00:20.05,1.2497,3.8940,C,07/25/2025 11:15:20 AM,0.0000,28.7777,28.4188,28.6310,0.0,0.0
3306,0,8,  0d 00:54:57.51,  0d 00:00:21.05,1.2500,3.8946,C,07/25/2025 11:15:21 AM,0.0000,28.7777,28.4188,28.6310,0.0,0.0
3307,0,8,  0d 00:54:58.51,  0d 00:00:22.05,1.2503,3.8951,C,07/25/2025 11:15:22 AM,0.0000,28.7932,28.4188,28.6465,0.0,0.0
3308,0,8,  0d 00:54:59.51,  0d 00:00:23.05,1.2497,3.8956,C,07/25/2025 11:15:24 AM,0.0000,28.7932,28.4188,28.6465,0.0,0.0
3309,0,8,  0d 00:55:00.51,  0d 00:00:24.05,1.2497,3.8962,C,07/25/2025 11:15:24 AM,0.0000,28.7932,28.4188,28.6465,0.0,0.0
3310,0,8,  0d 00:55:01.51,  0d 00:00:25.05,1.2500,3.8966,C,07/25/2025 11:15:25 AM,0.0000,28.7777,28.4188,28.6465,0.0,0.0
3311,0,8,  0d 00:55:02.51,  0d 00:00:26.05,1.2500,3.8972,C,07/25/2025 11:15:26 AM,0.0000,28.7777,28.4188,28.6310,0.0,0.0
3312,0,8,  0d 00:55:03.51,  0d 00:00:27.05,1.2500,3.8977,C,07/25/2025 11:15:27 AM,0.0000,28.7777,28.4188,28.6310,0.0,0.0
3313,0,8,  0d 00:55:04.51,  0d 00:00:28.05,1.2497,3.8982,C,07/25/2025 11:15:28 AM,0.0000,28.7777,28.4188,28.6310,0.0,0.0
3314,0,8,  0d 00:55:05.51,  0d 00:00:29.05,1.2500,3.8988,C,07/25/2025 11:15:29 AM,0.0000,28.7777,28.4188,28.6310,0.0,0.0
3315,0,8,  0d 00:55:06.51,  0d 00:00:30.05,1.2500,3.8992,C,07/25/2025 11:15:30 AM,0.0000,28.7777,28.4188,28.6465,0.0,0.0
3316,0,8,  0d 00:55:07.51,  0d 00:00:31.05,1.2497,3.8997,C,07/25/2025 11:15:31 AM,0.0000,28.7932,28.4188,28.6465,0.0,0.0
3317,0,8,  0d 00:55:08.51,  0d 00:00:32.05,1.2500,3.9003,C,07/25/2025 11:15:32 AM,0.0000,28.7932,28.4188,28.6465,0.0,0.0
3318,0,8,  0d 00:55:09.51,  0d 00:00:33.05,1.2497,3.9007,C,07/25/2025 11:15:34 AM,0.0000,28.7932,28.4344,28.6465,0.0,0.0
3319,0,8,  0d 00:55:10.51,  0d 00:00:34.05,1.2500,3.9013,C,07/25/2025 11:15:34 AM,0.0000,28.7777,28.4344,28.6465,0.0,0.0
3320,0,8,  0d 00:55:11.51,  0d 00:00:35.05,1.2503,3.9017,C,07/25/2025 11:15:35 AM,0.0000,28.7777,28.4344,28.6465,0.0,0.0
3321,0,8,  0d 00:55:12.51,  0d 00:00:36.05,1.2500,3.9022,C,07/25/2025 11:15:36 AM,0.0000,28.7777,28.4344,28.6310,0.0,0.0
3322,0,8,  0d 00:55:13.51,  0d 00:00:37.05,1.2500,3.9026,C,07/25/2025 11:15:37 AM,0.0000,28.7777,28.4344,28.6310,0.0,0.0
3323,0,8,  0d 00:55:14.51,  0d 00:00:38.05,1.2500,3.9032,C,07/25/2025 11:15:38 AM,0.0000,28.7777,28.4344,28.6465,0.0,0.0
3324,0,8,  0d 00:55:15.51,  0d 00:00:39.05,1.2497,3.9036,C,07/25/2025 11:15:39 AM,0.0000,28.7932,28.4344,28.6465,0.0,0.0
3325,0,8,  0d 00:55:16.51,  0d 00:00:40.05,1.2497,3.9041,C,07/25/2025 11:15:40 AM,0.0000,28.7932,28.4344,28.6465,0.0,0.0
3326,0,8,  0d 00:55:17.51,  0d 00:00:41.05,1.2497,3.9046,C,07/25/2025 11:15:41 AM,0.0000,28.7932,28.4344,28.6465,0.0,0.0
3327,0,8,  0d 00:55:18.51,  0d 00:00:42.05,1.2500,3.9049,C,07/25/2025 11:15:42 AM,0.0000,28.7777,28.4344,28.6465,0.0,0.0
3328,0,8,  0d 00:55:19.51,  0d 00:00:43.05,1.2500,3.9055,C,07/25/2025 11:15:43 AM,0.0000,28.7777,28.4344,28.6465,0.0,0.0
3329,0,8,  0d 00:55:20.51,  0d 00:00:44.05,1.2500,3.9058,C,07/25/2025 11:15:44 AM,0.0000,28.7777,28.4344,28.6465,0.0,0.0
3330,0,8,  0d 00:55:21.51,  0d 00:00:45.05,1.2497,3.9062,C,07/25/2025 11:15:45 AM,0.0000,28.7777,28.4344,28.6465,0.0,0.0
3331,0,8,  0d 00:55:22.51,  0d 00:00:46.05,1.2500,3.9068,C,07/25/2025 11:15:46 AM,0.0000,28.7777,28.4344,28.6465,0.0,0.0
3332,0,8,  0d 00:55:23.51,  0d 00:00:47.05,1.2497,3.9072,C,07/25/2025 11:15:47 AM,0.0000,28.7777,28.4344,28.6465,0.0,0.0
3333,0,8,  0d 00:55:24.51,  0d 00:00:48.05,1.2500,3.9077,C,07/25/2025 11:15:48 AM,0.0000,28.7777,28.4344,28.6465,0.0,0.0
3334,0,8,  0d 00:55:25.51,  0d 00:00:49.05,1.2500,3.9081,C,07/25/2025 11:15:49 AM,0.0000,28.7777,28.4344,28.6465,0.0,0.0
3335,0,8,  0d 00:55:26.51,  0d 00:00:50.05,1.2494,3.9084,C,07/25/2025 11:15:50 AM,0.0000,28.7777,28.4344,28.6465,0.0,0.0
3336,0,8,  0d 00:55:27.51,  0d 00:00:51.05,1.2500,3.9090,C,07/25/2025 11:15:51 AM,0.0000,28.7777,28.4344,28.6465,0.0,0.0
3337,0,8,  0d 00:55:28.51,  0d 00:00:52.05,1.2497,3.9094,C,07/25/2025 11:15:52 AM,0.0000,28.7777,28.4344,28.6465,0.0,0.0
3338,0,8,  0d 00:55:29.51,  0d 00:00:53.05,1.2500,3.9097,C,07/25/2025 11:15:53 AM,0.0000,28.7777,28.4344,28.6465,0.0,0.0
3339,0,8,  0d 00:55:30.51,  0d 00:00:54.05,1.2500,3.9102,C,07/25/2025 11:15:54 AM,0.0000,28.7777,28.4344,28.6465,0.0,0.0
3340,0,8,  0d 00:55:31.51,  0d 00:00:55.05,1.2500,3.9106,C,07/25/2025 11:15:55 AM,0.0000,28.7777,28.4344,28.6465,0.0,0.0
3341,0,8,  0d 00:55:32.51,  0d 00:00:56.05,1.2503,3.9108,C,07/25/2025 11:15:56 AM,0.0000,28.7777,28.4344,28.6465,0.0,0.0
3342,0,8,  0d 00:55:33.51,  0d 00:00:57.05,1.2500,3.9114,C,07/25/2025 11:15:57 AM,0.0000,28.7777,28.4344,28.6465,0.0,0.0
3343,0,8,  0d 00:55:34.51,  0d 00:00:58.05,1.2497,3.9117,C,07/25/2025 11:15:58 AM,0.0000,28.7777,28.4344,28.6465,0.0,0.0
3344,0,8,  0d 00:55:35.51,  0d 00:00:59.05,1.2503,3.9120,C,07/25/2025 11:15:59 AM,0.0000,28.7777,28.4344,28.6465,0.0,0.0
3345,0,8,  0d 00:55:36.51,  0d 00:01:00.05,1.2503,3.9125,C,07/25/2025 11:16:00 AM,0.0000,28.7777,28.4344,28.6465,0.0,0.0
3346,0,8,  0d 00:55:37.51,  0d 00:01:01.05,1.2503,3.9128,C,07/25/2025 11:16:01 AM,0.0000,28.7777,28.4344,28.6465,0.0,0.0
3347,0,8,  0d 00:55:38.51,  0d 00:01:02.05,1.2494,3.9132,C,07/25/2025 11:16:02 AM,0.0000,28.7777,28.4344,28.6465,0.0,0.0
3348,0,8,  0d 00:55:39.51,  0d 00:01:03.05,1.2500,3.9135,C,07/25/2025 11:16:03 AM,0.0000,28.7777,28.4344,28.6465,0.0,0.0
3349,0,8,  0d 00:55:40.51,  0d 00:01:04.05,1.2497,3.9141,C,07/25/2025 11:16:04 AM,0.0000,28.7777,28.4344,28.6465,0.0,0.0
3350,0,8,  0d 00:55:41.51,  0d 00:01:05.05,1.2497,3.9142,C,07/25/2025 11:16:05 AM,0.0000,28.7777,28.4344,28.6310,0.0,0.0
3351,0,8,  0d 00:55:42.51,  0d 00:01:06.05,1.2494,3.9146,C,07/25/2025 11:16:06 AM,0.0000,28.7777,28.4188,28.6310,0.0,0.0
3352,0,8,  0d 00:55:43.51,  0d 00:01:07.05,1.2497,3.9149,C,07/25/2025 11:16:07 AM,0.0000,28.7777,28.4188,28.6465,0.0,0.0
3353,0,8,  0d 00:55:44.51,  0d 00:01:08.05,1.2497,3.9152,C,07/25/2025 11:16:08 AM,0.0000,28.7777,28.4188,28.6465,0.0,0.0
3354,0,8,  0d 00:55:45.51,  0d 00:01:09.05,1.2500,3.9155,C,07/25/2025 11:16:09 AM,0.0000,28.7777,28.4344,28.6465,0.0,0.0
3355,0,8,  0d 00:55:46.51,  0d 00:01:10.05,1.2500,3.9159,C,07/25/2025 11:16:10 AM,0.0000,28.7777,28.4344,28.6465,0.0,0.0
3356,0,8,  0d 00:55:47.51,  0d 00:01:11.05,1.2503,3.9162,C,07/25/2025 11:16:11 AM,0.0000,28.7777,28.4344,28.6465,0.0,0.0
3357,0,8,  0d 00:55:48.51,  0d 00:01:12.05,1.2506,3.9165,C,07/25/2025 11:16:12 AM,0.0000,28.7777,28.4344,28.6465,0.0,0.0
3358,0,8,  0d 00:55:49.51,  0d 00:01:13.05,1.2503,3.9169,C,07/25/2025 11:16:13 AM,0.0000,28.7777,28.4344,28.6465,0.0,0.0
3359,0,8,  0d 00:55:50.51,  0d 00:01:14.05,1.2500,3.9172,C,07/25/2025 11:16:14 AM,0.0000,28.7777,28.4344,28.6465,0.0,0.0
3360,0,8,  0d 00:55:51.51,  0d 00:01:15.05,1.2500,3.9175,C,07/25/2025 11:16:15 AM,0.0000,28.7777,28.4344,28.6465,0.0,0.0
3361,0,8,  0d 00:55:52.51,  0d 00:01:16.05,1.2500,3.9178,C,07/25/2025 11:16:16 AM,0.0000,28.7777,28.4344,28.6465,0.0,0.0
3362,0,8,  0d 00:55:53.51,  0d 00:01:17.05,1.2500,3.9179,C,07/25/2025 11:16:17 AM,0.0000,28.7777,28.4344,28.6465,0.0,0.0
3363,0,8,  0d 00:55:54.51,  0d 00:01:18.05,1.2494,3.9181,C,07/25/2025 11:16:18 AM,0.0000,28.7777,28.4188,28.6465,0.0,0.0
3364,0,8,  0d 00:55:55.51,  0d 00:01:19.05,1.2497,3.9184,C,07/25/2025 11:16:19 AM,0.0000,28.7777,28.4188,28.6465,0.0,0.0
3365,0,8,  0d 00:55:56.51,  0d 00:01:20.05,1.2503,3.9189,C,07/25/2025 11:16:20 AM,0.0000,28.7777,28.4188,28.6465,0.0,0.0
3366,0,8,  0d 00:55:57.51,  0d 00:01:21.05,1.2497,3.9190,C,07/25/2025 11:16:21 AM,0.0000,28.7932,28.4188,28.6465,0.0,0.0
3367,0,8,  0d 00:55:58.51,  0d 00:01:22.05,1.2497,3.9194,C,07/25/2025 11:16:22 AM,0.0000,28.7777,28.4188,28.6465,0.0,0.0
3368,0,8,  0d 00:55:59.51,  0d 00:01:23.05,1.2494,3.9194,C,07/25/2025 11:16:23 AM,0.0000,28.7777,28.4344,28.6465,0.0,0.0
3369,0,8,  0d 00:56:00.51,  0d 00:01:24.05,1.2497,3.9200,C,07/25/2025 11:16:24 AM,0.0000,28.7777,28.4188,28.6465,0.0,0.0
3370,0,8,  0d 00:56:01.51,  0d 00:01:25.05,1.2497,3.9200,C,07/25/2025 11:16:25 AM,0.0000,28.7777,28.4188,28.6465,0.0,0.0
3371,0,8,  0d 00:56:02.51,  0d 00:01:26.05,1.2503,3.9203,C,07/25/2025 11:16:26 AM,0.0000,28.7777,28.4188,28.6465,0.0,0.0
3372,0,8,  0d 00:56:03.51,  0d 00:01:27.05,1.2494,3.9206,C,07/25/2025 11:16:27 AM,0.0000,28.7777,28.4188,28.6465,0.0,0.0
3373,0,8,  0d 00:56:04.51,  0d 00:01:28.05,1.2500,3.9208,C,07/25/2025 11:16:28 AM,0.0000,28.7777,28.4188,28.6465,0.0,0.0
3374,0,8,  0d 00:56:05.51,  0d 00:01:29.05,1.2500,3.9210,C,07/25/2025 11:16:29 AM,0.0000,28.7777,28.4188,28.6310,0.0,0.0
3375,0,8,  0d 00:56:06.51,  0d 00:01:30.05,1.2500,3.9210,C,07/25/2025 11:16:30 AM,0.0000,28.7777,28.4188,28.6465,0.0,0.0
3376,0,8,  0d 00:56:07.51,  0d 00:01:31.05,1.2500,3.9215,C,07/25/2025 11:16:31 AM,0.0000,28.7777,28.4344,28.6310,0.0,0.0
3377,0,8,  0d 00:56:08.51,  0d 00:01:32.05,1.2494,3.9216,C,07/25/2025 11:16:32 AM,0.0000,28.7777,28.4188,28.6310,0.0,0.0
3378,0,8,  0d 00:56:09.51,  0d 00:01:33.05,1.2494,3.9219,C,07/25/2025 11:16:33 AM,0.0000,28.7777,28.4188,28.6310,0.0,0.0
3379,0,8,  0d 00:56:10.51,  0d 00:01:34.05,1.2500,3.9220,C,07/25/2025 11:16:35 AM,0.0000,28.7777,28.4188,28.6310,0.0,0.0
3380,0,8,  0d 00:56:11.51,  0d 00:01:35.05,1.2500,3.9222,C,07/25/2025 11:16:35 AM,0.0000,28.7777,28.4188,28.6310,0.0,0.0
3381,0,8,  0d 00:56:12.51,  0d 00:01:36.05,1.2497,3.9225,C,07/25/2025 11:16:36 AM,0.0000,28.7777,28.4188,28.6310,0.0,0.0
3382,0,8,  0d 00:56:13.51,  0d 00:01:37.05,1.2503,3.9226,C,07/25/2025 11:16:37 AM,0.0000,28.7777,28.4344,28.6310,0.0,0.0
3383,0,8,  0d 00:56:14.51,  0d 00:01:38.05,1.2500,3.9229,C,07/25/2025 11:16:38 AM,0.0000,28.7777,28.4188,28.6310,0.0,0.0
3384,0,8,  0d 00:56:15.51,  0d 00:01:39.05,1.2503,3.9229,C,07/25/2025 11:16:39 AM,0.0000,28.7777,28.4188,28.6310,0.0,0.0
3385,0,8,  0d 00:56:16.51,  0d 00:01:40.05,1.2503,3.9232,C,07/25/2025 11:16:40 AM,0.0000,28.7777,28.4188,28.6310,0.0,0.0
3386,0,8,  0d 00:56:17.51,  0d 00:01:41.05,1.2500,3.9234,C,07/25/2025 11:16:41 AM,0.0000,28.7777,28.4188,28.6310,0.0,0.0
3387,0,8,  0d 00:56:18.51,  0d 00:01:42.05,1.2503,3.9236,C,07/25/2025 11:16:42 AM,0.0000,28.7777,28.4188,28.6310,0.0,0.0
3388,0,8,  0d 00:56:19.51,  0d 00:01:43.05,1.2503,3.9238,C,07/25/2025 11:16:43 AM,0.0000,28.7777,28.4188,28.6310,0.0,0.0
3389,0,8,  0d 00:56:20.51,  0d 00:01:44.05,1.2497,3.9239,C,07/25/2025 11:16:45 AM,0.0000,28.7777,28.4188,28.6310,0.0,0.0
3390,0,8,  0d 00:56:21.51,  0d 00:01:45.05,1.2503,3.9241,C,07/25/2025 11:16:45 AM,0.0000,28.7777,28.4188,28.6310,0.0,0.0
3391,0,8,  0d 00:56:22.51,  0d 00:01:46.05,1.2497,3.9243,C,07/25/2025 11:16:46 AM,0.0000,28.7777,28.4188,28.6310,0.0,0.0
3392,0,8,  0d 00:56:23.51,  0d 00:01:47.05,1.2503,3.9244,C,07/25/2025 11:16:47 AM,0.0000,28.7777,28.4188,28.6310,0.0,0.0
3393,0,8,  0d 00:56:24.51,  0d 00:01:48.05,1.2500,3.9246,C,07/25/2025 11:16:48 AM,0.0000,28.7777,28.4188,28.6310,0.0,0.0
3394,0,8,  0d 00:56:25.51,  0d 00:01:49.05,1.2497,3.9248,C,07/25/2025 11:16:49 AM,0.0000,28.7777,28.4188,28.6310,0.0,0.0
3395,0,8,  0d 00:56:26.51,  0d 00:01:50.05,1.2500,3.9248,C,07/25/2025 11:16:50 AM,0.0000,28.7777,28.4188,28.6310,0.0,0.0
3396,0,8,  0d 00:56:27.51,  0d 00:01:51.05,1.2497,3.9251,C,07/25/2025 11:16:51 AM,0.0000,28.7777,28.4188,28.6310,0.0,0.0
3397,0,8,  0d 00:56:28.51,  0d 00:01:52.05,1.2503,3.9252,C,07/25/2025 11:16:52 AM,0.0000,28.7777,28.4188,28.6310,0.0,0.0
3398,0,8,  0d 00:56:29.51,  0d 00:01:53.05,1.2500,3.9253,C,07/25/2025 11:16:53 AM,0.0000,28.7777,28.4188,28.6310,0.0,0.0
3399,0,8,  0d 00:56:30.51,  0d 00:01:54.05,1.2497,3.9255,C,07/25/2025 11:16:54 AM,0.0000,28.7777,28.4188,28.6310,0.0,0.0
3400,0,8,  0d 00:56:31.51,  0d 00:01:55.05,1.2494,3.9255,C,07/25/2025 11:16:55 AM,0.0000,28.7777,28.4188,28.6310,0.0,0.0
3401,0,8,  0d 00:56:32.51,  0d 00:01:56.05,1.2503,3.9257,C,07/25/2025 11:16:56 AM,0.0000,28.7777,28.4188,28.6310,0.0,0.0
3402,0,8,  0d 00:56:33.51,  0d 00:01:57.05,1.2500,3.9260,C,07/25/2025 11:16:57 AM,0.0000,28.7777,28.4188,28.6310,0.0,0.0
3403,0,8,  0d 00:56:34.51,  0d 00:01:58.05,1.2497,3.9261,C,07/25/2025 11:16:58 AM,0.0000,28.7777,28.4188,28.6310,0.0,0.0
3404,0,8,  0d 00:56:35.51,  0d 00:01:59.05,1.2497,3.9264,C,07/25/2025 11:16:59 AM,0.0000,28.7777,28.4344,28.6310,0.0,0.0
3405,0,8,  0d 00:56:36.51,  0d 00:02:00.05,1.2500,3.9264,C,07/25/2025 11:17:00 AM,0.0000,28.7777,28.4344,28.6310,0.0,0.0
3406,0,8,  0d 00:56:37.51,  0d 00:02:01.05,1.2500,3.9265,C,07/25/2025 11:17:01 AM,0.0000,28.7777,28.4344,28.6310,0.0,0.0
3407,0,8,  0d 00:56:38.51,  0d 00:02:02.05,1.2506,3.9266,C,07/25/2025 11:17:02 AM,0.0000,28.7777,28.4344,28.6310,0.0,0.0
3408,0,8,  0d 00:56:39.51,  0d 00:02:03.05,1.2500,3.9268,C,07/25/2025 11:17:03 AM,0.0000,28.7777,28.4188,28.6310,0.0,0.0
3409,0,8,  0d 00:56:40.51,  0d 00:02:04.05,1.2500,3.9270,C,07/25/2025 11:17:04 AM,0.0000,28.7777,28.4344,28.6465,0.0,0.0
3410,0,8,  0d 00:56:41.51,  0d 00:02:05.05,1.2500,3.9271,C,07/25/2025 11:17:05 AM,0.0000,28.7777,28.4344,28.6310,0.0,0.0
3411,0,8,  0d 00:56:42.51,  0d 00:02:06.05,1.2500,3.9272,C,07/25/2025 11:17:06 AM,0.0000,28.7777,28.4344,28.6465,0.0,0.0
3412,0,8,  0d 00:56:43.51,  0d 00:02:07.05,1.2500,3.9274,C,07/25/2025 11:17:07 AM,0.0000,28.7932,28.4344,28.6465,0.0,0.0
3413,0,8,  0d 00:56:44.51,  0d 00:02:08.05,1.2500,3.9275,C,07/25/2025 11:17:08 AM,0.0000,28.7777,28.4188,28.6465,0.0,0.0
3414,0,8,  0d 00:56:45.51,  0d 00:02:09.05,1.2500,3.9275,C,07/25/2025 11:17:09 AM,0.0000,28.7932,28.4188,28.6465,0.0,0.0
3415,0,8,  0d 00:56:46.51,  0d 00:02:10.05,1.2497,3.9277,C,07/25/2025 11:17:10 AM,0.0000,28.7777,28.4344,28.6465,0.0,0.0
3416,0,8,  0d 00:56:47.51,  0d 00:02:11.05,1.2500,3.9280,C,07/25/2025 11:17:11 AM,0.0000,28.7777,28.4188,28.6465,0.0,0.0
3417,0,8,  0d 00:56:48.51,  0d 00:02:12.05,1.2500,3.9280,C,07/25/2025 11:17:12 AM,0.0000,28.7777,28.4344,28.6465,0.0,0.0
3418,0,8,  0d 00:56:49.51,  0d 00:02:13.05,1.2503,3.9281,C,07/25/2025 11:17:13 AM,0.0000,28.7777,28.4188,28.6465,0.0,0.0
3419,0,8,  0d 00:56:50.51,  0d 00:02:14.05,1.2497,3.9281,C,07/25/2025 11:17:14 AM,0.0000,28.7777,28.4188,28.6465,0.0,0.0
3420,0,8,  0d 00:56:51.51,  0d 00:02:15.05,1.2497,3.9282,C,07/25/2025 11:17:15 AM,0.0000,28.7777,28.4188,28.6465,0.0,0.0
3421,0,8,  0d 00:56:52.51,  0d 00:02:16.05,1.2494,3.9284,C,07/25/2025 11:17:16 AM,0.0000,28.7777,28.4188,28.6465,0.0,0.0
3422,0,8,  0d 00:56:53.51,  0d 00:02:17.05,1.2497,3.9286,C,07/25/2025 11:17:17 AM,0.0000,28.7777,28.4188,28.6465,0.0,0.0
3423,0,8,  0d 00:56:54.51,  0d 00:02:18.05,1.2497,3.9286,C,07/25/2025 11:17:18 AM,0.0000,28.7777,28.4188,28.6465,0.0,0.0
3424,0,8,  0d 00:56:55.51,  0d 00:02:19.05,1.2503,3.9288,C,07/25/2025 11:17:19 AM,0.0000,28.7777,28.4188,28.6465,0.0,0.0
3425,0,8,  0d 00:56:56.51,  0d 00:02:20.05,1.2500,3.9289,C,07/25/2025 11:17:20 AM,0.0000,28.7932,28.4188,28.6465,0.0,0.0
3426,0,8,  0d 00:56:57.51,  0d 00:02:21.05,1.2500,3.9290,C,07/25/2025 11:17:21 AM,0.0000,28.7932,28.4344,28.6465,0.0,0.0
3427,0,8,  0d 00:56:58.51,  0d 00:02:22.05,1.2497,3.9290,C,07/25/2025 11:17:22 AM,0.0000,28.7932,28.4188,28.6465,0.0,0.0
3428,0,8,  0d 00:56:59.51,  0d 00:02:23.05,1.2491,3.9294,C,07/25/2025 11:17:23 AM,0.0000,28.7932,28.4344,28.6465,0.0,0.0
3429,0,8,  0d 00:57:00.51,  0d 00:02:24.05,1.2500,3.9294,C,07/25/2025 11:17:24 AM,0.0000,28.7932,28.4344,28.6465,0.0,0.0
3430,0,8,  0d 00:57:01.51,  0d 00:02:25.05,1.2500,3.9296,C,07/25/2025 11:17:25 AM,0.0000,28.7932,28.4344,28.6465,0.0,0.0
3431,0,8,  0d 00:57:02.51,  0d 00:02:26.05,1.2503,3.9296,C,07/25/2025 11:17:26 AM,0.0000,28.7932,28.4344,28.6465,0.0,0.0
3432,0,8,  0d 00:57:03.51,  0d 00:02:27.05,1.2497,3.9299,C,07/25/2025 11:17:27 AM,0.0000,28.7932,28.4344,28.6465,0.0,0.0
3433,0,8,  0d 00:57:04.51,  0d 00:02:28.05,1.2497,3.9300,C,07/25/2025 11:17:28 AM,0.0000,28.7932,28.4344,28.6465,0.0,0.0
3434,0,8,  0d 00:57:05.51,  0d 00:02:29.05,1.2497,3.9300,C,07/25/2025 11:17:29 AM,0.0000,28.7932,28.4344,28.6465,0.0,0.0
3435,0,8,  0d 00:57:06.51,  0d 00:02:30.05,1.2500,3.9301,C,07/25/2025 11:17:30 AM,0.0000,28.7932,28.4344,28.6465,0.0,0.0
3436,0,8,  0d 00:57:07.51,  0d 00:02:31.05,1.2497,3.9303,C,07/25/2025 11:17:31 AM,0.0000,28.7777,28.4344,28.6465,0.0,0.0
3437,0,8,  0d 00:57:08.51,  0d 00:02:32.05,1.2497,3.9303,C,07/25/2025 11:17:32 AM,0.0000,28.7777,28.4344,28.6465,0.0,0.0
3438,0,8,  0d 00:57:09.51,  0d 00:02:33.05,1.2500,3.9303,C,07/25/2025 11:17:33 AM,0.0000,28.7777,28.4344,28.6465,0.0,0.0
3439,0,8,  0d 00:57:10.51,  0d 00:02:34.05,1.2494,3.9306,C,07/25/2025 11:17:34 AM,0.0000,28.7777,28.4188,28.6465,0.0,0.0
3440,0,8,  0d 00:57:11.51,  0d 00:02:35.05,1.2497,3.9306,C,07/25/2025 11:17:35 AM,0.0000,28.7777,28.4188,28.6465,0.0,0.0
3441,0,8,  0d 00:57:12.51,  0d 00:02:36.05,1.2497,3.9306,C,07/25/2025 11:17:36 AM,0.0000,28.7777,28.4188,28.6465,0.0,0.0
3442,0,8,  0d 00:57:13.51,  0d 00:02:37.05,1.2497,3.9309,C,07/25/2025 11:17:37 AM,0.0000,28.7777,28.4188,28.6465,0.0,0.0
3443,0,8,  0d 00:57:14.51,  0d 00:02:38.05,1.2500,3.9310,C,07/25/2025 11:17:38 AM,0.0000,28.7777,28.4188,28.6310,0.0,0.0
3444,0,8,  0d 00:57:15.51,  0d 00:02:39.05,1.2500,3.9310,C,07/25/2025 11:17:39 AM,0.0000,28.7777,28.4188,28.6310,0.0,0.0
3445,0,8,  0d 00:57:16.51,  0d 00:02:40.05,1.2497,3.9312,C,07/25/2025 11:17:40 AM,0.0000,28.7777,28.4188,28.6310,0.0,0.0
3446,0,8,  0d 00:57:17.51,  0d 00:02:41.05,1.2503,3.9313,C,07/25/2025 11:17:41 AM,0.0000,28.7777,28.4344,28.6310,0.0,0.0
3447,0,8,  0d 00:57:18.51,  0d 00:02:42.05,1.2500,3.9314,C,07/25/2025 11:17:42 AM,0.0000,28.7777,28.4188,28.6310,0.0,0.0
3448,0,8,  0d 00:57:19.51,  0d 00:02:43.05,1.2503,3.9315,C,07/25/2025 11:17:43 AM,0.0000,28.7777,28.4188,28.6310,0.0,0.0
3449,0,8,  0d 00:57:20.51,  0d 00:02:44.05,1.2503,3.9316,C,07/25/2025 11:17:44 AM,0.0000,28.7777,28.4188,28.6465,0.0,0.0
3450,0,8,  0d 00:57:21.51,  0d 00:02:45.05,1.2500,3.9316,C,07/25/2025 11:17:46 AM,0.0000,28.7777,28.4188,28.6310,0.0,0.0
3451,0,8,  0d 00:57:22.51,  0d 00:02:46.05,1.2500,3.9319,C,07/25/2025 11:17:46 AM,0.0000,28.7777,28.4188,28.6310,0.0,0.0
3452,0,8,  0d 00:57:23.51,  0d 00:02:47.05,1.2494,3.9318,C,07/25/2025 11:17:47 AM,0.0000,28.7777,28.4188,28.6310,0.0,0.0
3453,0,8,  0d 00:57:24.51,  0d 00:02:48.05,1.2500,3.9320,C,07/25/2025 11:17:48 AM,0.0000,28.7777,28.4188,28.6310,0.0,0.0
3454,0,8,  0d 00:57:25.51,  0d 00:02:49.05,1.2500,3.9321,C,07/25/2025 11:17:49 AM,0.0000,28.7777,28.4188,28.6310,0.0,0.0
3455,0,8,  0d 00:57:26.51,  0d 00:02:50.05,1.2497,3.9322,C,07/25/2025 11:17:50 AM,0.0000,28.7777,28.4188,28.6310,0.0,0.0
3456,0,8,  0d 00:57:27.51,  0d 00:02:51.05,1.2494,3.9323,C,07/25/2025 11:17:51 AM,0.0000,28.7777,28.4188,28.6310,0.0,0.0
3457,0,8,  0d 00:57:28.51,  0d 00:02:52.05,1.2494,3.9323,C,07/25/2025 11:17:52 AM,0.0000,28.7777,28.4344,28.6465,0.0,0.0
3458,0,8,  0d 00:57:29.51,  0d 00:02:53.05,1.2497,3.9325,C,07/25/2025 11:17:53 AM,0.0000,28.7777,28.4188,28.6465,0.0,0.0
3459,0,8,  0d 00:57:30.51,  0d 00:02:54.05,1.2497,3.9326,C,07/25/2025 11:17:54 AM,0.0000,28.7777,28.4344,28.6465,0.0,0.0
3460,0,8,  0d 00:57:31.51,  0d 00:02:55.05,1.2500,3.9327,C,07/25/2025 11:17:56 AM,0.0000,28.7777,28.4344,28.6465,0.0,0.0
3461,0,8,  0d 00:57:32.51,  0d 00:02:56.05,1.2494,3.9328,C,07/25/2025 11:17:56 AM,0.0000,28.7777,28.4344,28.6465,0.0,0.0
3462,0,8,  0d 00:57:33.51,  0d 00:02:57.05,1.2494,3.9331,C,07/25/2025 11:17:57 AM,0.0000,28.7777,28.4344,28.6465,0.0,0.0
3463,0,8,  0d 00:57:34.51,  0d 00:02:58.05,1.2500,3.9331,C,07/25/2025 11:17:58 AM,0.0000,28.7777,28.4344,28.6310,0.0,0.0
3464,0,8,  0d 00:57:35.51,  0d 00:02:59.05,1.2500,3.9332,C,07/25/2025 11:17:59 AM,0.0000,28.7777,28.4344,28.6465,0.0,0.0
3465,0,8,  0d 00:57:36.51,  0d 00:03:00.05,1.2497,3.9332,C,07/25/2025 11:18:00 AM,0.0000,28.7777,28.4344,28.6465,0.0,0.0
3466,0,8,  0d 00:57:37.51,  0d 00:03:01.05,1.2494,3.9333,C,07/25/2025 11:18:01 AM,0.0000,28.7777,28.4344,28.6465,0.0,0.0
3467,0,8,  0d 00:57:38.51,  0d 00:03:02.05,1.2494,3.9335,C,07/25/2025 11:18:02 AM,0.0000,28.7777,28.4188,28.6465,0.0,0.0
3468,0,8,  0d 00:57:39.51,  0d 00:03:03.05,1.2497,3.9335,C,07/25/2025 11:18:03 AM,0.0000,28.7777,28.4344,28.6465,0.0,0.0
3469,0,8,  0d 00:57:40.51,  0d 00:03:04.05,1.2497,3.9338,C,07/25/2025 11:18:04 AM,0.0000,28.7777,28.4344,28.6465,0.0,0.0
3470,0,8,  0d 00:57:41.51,  0d 00:03:05.05,1.2500,3.9339,C,07/25/2025 11:18:05 AM,0.0000,28.7777,28.4344,28.6310,0.0,0.0
3471,0,8,  0d 00:57:42.51,  0d 00:03:06.05,1.2500,3.9339,C,07/25/2025 11:18:06 AM,0.0000,28.7777,28.4344,28.6310,0.0,0.0
3472,0,8,  0d 00:57:43.51,  0d 00:03:07.05,1.2497,3.9340,C,07/25/2025 11:18:07 AM,0.0000,28.7777,28.4188,28.6465,0.0,0.0
3473,0,8,  0d 00:57:44.51,  0d 00:03:08.05,1.2500,3.9340,C,07/25/2025 11:18:08 AM,0.0000,28.7777,28.4188,28.6465,0.0,0.0
3474,0,8,  0d 00:57:45.51,  0d 00:03:09.05,1.2503,3.9341,C,07/25/2025 11:18:09 AM,0.0000,28.7777,28.4188,28.6465,0.0,0.0
3475,0,8,  0d 00:57:46.51,  0d 00:03:10.05,1.2500,3.9343,C,07/25/2025 11:18:10 AM,0.0000,28.7777,28.4188,28.6465,0.0,0.0
3476,0,8,  0d 00:57:47.51,  0d 00:03:11.05,1.2497,3.9345,C,07/25/2025 11:18:11 AM,0.0000,28.7777,28.4188,28.6465,0.0,0.0
3477,0,8,  0d 00:57:48.51,  0d 00:03:12.05,1.2497,3.9345,C,07/25/2025 11:18:12 AM,0.0000,28.7932,28.4188,28.6465,0.0,0.0
3478,0,8,  0d 00:57:49.51,  0d 00:03:13.05,1.2500,3.9345,C,07/25/2025 11:18:13 AM,0.0000,28.7932,28.4344,28.6465,0.0,0.0
3479,0,8,  0d 00:57:50.51,  0d 00:03:14.05,1.2500,3.9347,C,07/25/2025 11:18:14 AM,0.0000,28.7777,28.4344,28.6465,0.0,0.0
3480,0,8,  0d 00:57:51.51,  0d 00:03:15.05,1.2494,3.9348,C,07/25/2025 11:18:15 AM,0.0000,28.7777,28.4344,28.6465,0.0,0.0
3481,0,8,  0d 00:57:52.51,  0d 00:03:16.05,1.2497,3.9348,C,07/25/2025 11:18:16 AM,0.0000,28.7777,28.4344,28.6465,0.0,0.0
3482,0,8,  0d 00:57:53.51,  0d 00:03:17.05,1.2494,3.9349,C,07/25/2025 11:18:17 AM,0.0000,28.7777,28.4344,28.6465,0.0,0.0
3483,0,8,  0d 00:57:54.51,  0d 00:03:18.05,1.2503,3.9351,C,07/25/2025 11:18:18 AM,0.0000,28.7777,28.4344,28.6465,0.0,0.0
3484,0,8,  0d 00:57:55.51,  0d 00:03:19.05,1.2503,3.9351,C,07/25/2025 11:18:19 AM,0.0000,28.7777,28.4344,28.6310,0.0,0.0
3485,0,8,  0d 00:57:56.51,  0d 00:03:20.05,1.2500,3.9352,C,07/25/2025 11:18:20 AM,0.0000,28.7777,28.4188,28.6310,0.0,0.0
3486,0,8,  0d 00:57:57.51,  0d 00:03:21.05,1.2497,3.9353,C,07/25/2025 11:18:21 AM,0.0000,28.7777,28.4188,28.6465,0.0,0.0
3487,0,8,  0d 00:57:58.51,  0d 00:03:22.05,1.2506,3.9355,C,07/25/2025 11:18:22 AM,0.0000,28.7777,28.4188,28.6465,0.0,0.0
3488,0,8,  0d 00:57:59.51,  0d 00:03:23.05,1.2497,3.9355,C,07/25/2025 11:18:23 AM,0.0000,28.7777,28.4188,28.6465,0.0,0.0
3489,0,8,  0d 00:58:00.51,  0d 00:03:24.05,1.2497,3.9357,C,07/25/2025 11:18:24 AM,0.0000,28.7777,28.4188,28.6465,0.0,0.0
3490,0,8,  0d 00:58:01.51,  0d 00:03:25.05,1.2503,3.9357,C,07/25/2025 11:18:25 AM,0.0000,28.7777,28.4188,28.6465,0.0,0.0
3491,0,8,  0d 00:58:02.51,  0d 00:03:26.05,1.2497,3.9358,C,07/25/2025 11:18:26 AM,0.0000,28.7777,28.4188,28.6465,0.0,0.0
3492,0,8,  0d 00:58:03.51,  0d 00:03:27.05,1.2500,3.9359,C,07/25/2025 11:18:27 AM,0.0000,28.7777,28.4344,28.6465,0.0,0.0
3493,0,8,  0d 00:58:04.51,  0d 00:03:28.05,1.2500,3.9361,C,07/25/2025 11:18:28 AM,0.0000,28.7777,28.4344,28.6465,0.0,0.0
3494,0,8,  0d 00:58:05.51,  0d 00:03:29.05,1.2503,3.9362,C,07/25/2025 11:18:29 AM,0.0000,28.7777,28.4344,28.6465,0.0,0.0
3495,0,8,  0d 00:58:06.51,  0d 00:03:30.05,1.2506,3.9363,C,07/25/2025 11:18:30 AM,0.0000,28.7777,28.4188,28.6465,0.0,0.0
3496,0,8,  0d 00:58:07.51,  0d 00:03:31.05,1.2500,3.9364,C,07/25/2025 11:18:31 AM,0.0000,28.7777,28.4188,28.6465,0.0,0.0
3497,0,8,  0d 00:58:08.51,  0d 00:03:32.05,1.2500,3.9365,C,07/25/2025 11:18:32 AM,0.0000,28.7777,28.4188,28.6310,0.0,0.0
3498,0,8,  0d 00:58:09.51,  0d 00:03:33.05,1.2506,3.9366,C,07/25/2025 11:18:33 AM,0.0000,28.7777,28.4188,28.6310,0.0,0.0
3499,0,8,  0d 00:58:10.51,  0d 00:03:34.05,1.2503,3.9367,C,07/25/2025 11:18:34 AM,0.0000,28.7777,28.4188,28.6310,0.0,0.0
3500,0,8,  0d 00:58:11.51,  0d 00:03:35.05,1.2497,3.9368,C,07/25/2025 11:18:35 AM,0.0000,28.7932,28.4188,28.6310,0.0,0.0
3501,0,8,  0d 00:58:12.51,  0d 00:03:36.05,1.2497,3.9369,C,07/25/2025 11:18:36 AM,0.0000,28.7932,28.4188,28.6310,0.0,0.0
3502,0,8,  0d 00:58:13.51,  0d 00:03:37.05,1.2500,3.9369,C,07/25/2025 11:18:37 AM,0.0000,28.7777,28.4344,28.6310,0.0,0.0
3503,0,8,  0d 00:58:14.51,  0d 00:03:38.05,1.2491,3.9370,C,07/25/2025 11:18:38 AM,0.0000,28.7777,28.4344,28.6310,0.0,0.0
3504,0,8,  0d 00:58:15.51,  0d 00:03:39.05,1.2500,3.9371,C,07/25/2025 11:18:39 AM,0.0000,28.7777,28.4344,28.6310,0.0,0.0
3505,0,8,  0d 00:58:16.51,  0d 00:03:40.05,1.2497,3.9373,C,07/25/2025 11:18:40 AM,0.0000,28.7777,28.4344,28.6310,0.0,0.0
3506,0,8,  0d 00:58:17.51,  0d 00:03:41.05,1.2494,3.9373,C,07/25/2025 11:18:41 AM,0.0000,28.7932,28.4344,28.6465,0.0,0.0
3507,0,8,  0d 00:58:18.51,  0d 00:03:42.05,1.2494,3.9374,C,07/25/2025 11:18:42 AM,0.0000,28.7932,28.4188,28.6465,0.0,0.0
3508,0,8,  0d 00:58:19.51,  0d 00:03:43.05,1.2503,3.9374,C,07/25/2025 11:18:43 AM,0.0000,28.7777,28.4344,28.6465,0.0,0.0
3509,0,8,  0d 00:58:20.51,  0d 00:03:44.05,1.2503,3.9375,C,07/25/2025 11:18:44 AM,0.0000,28.7777,28.4188,28.6465,0.0,0.0
3510,0,8,  0d 00:58:21.51,  0d 00:03:45.05,1.2500,3.9376,C,07/25/2025 11:18:45 AM,0.0000,28.7777,28.4188,28.6465,0.0,0.0
3511,0,8,  0d 00:58:22.51,  0d 00:03:46.05,1.2500,3.9377,C,07/25/2025 11:18:46 AM,0.0000,28.7777,28.4188,28.6465,0.0,0.0
3512,0,8,  0d 00:58:23.51,  0d 00:03:47.05,1.2503,3.9379,C,07/25/2025 11:18:47 AM,0.0000,28.7777,28.4188,28.6465,0.0,0.0
3513,0,8,  0d 00:58:24.51,  0d 00:03:48.05,1.2503,3.9380,C,07/25/2025 11:18:48 AM,0.0000,28.7777,28.4188,28.6465,0.0,0.0
3514,0,8,  0d 00:58:25.51,  0d 00:03:49.05,1.2497,3.9380,C,07/25/2025 11:18:49 AM,0.0000,28.7777,28.4188,28.6465,0.0,0.0
3515,0,8,  0d 00:58:26.51,  0d 00:03:50.05,1.2497,3.9381,C,07/25/2025 11:18:50 AM,0.0000,28.7932,28.4188,28.6465,0.0,0.0
3516,0,8,  0d 00:58:27.51,  0d 00:03:51.05,1.2497,3.9382,C,07/25/2025 11:18:51 AM,0.0000,28.7932,28.4188,28.6465,0.0,0.0
3517,0,8,  0d 00:58:28.51,  0d 00:03:52.05,1.2503,3.9383,C,07/25/2025 11:18:52 AM,0.0000,28.7932,28.4188,28.6465,0.0,0.0
3518,0,8,  0d 00:58:29.51,  0d 00:03:53.05,1.2500,3.9384,C,07/25/2025 11:18:53 AM,0.0000,28.7932,28.4188,28.6465,0.0,0.0
3519,0,8,  0d 00:58:30.51,  0d 00:03:54.05,1.2494,3.9386,C,07/25/2025 11:18:54 AM,0.0000,28.7777,28.4188,28.6310,0.0,0.0
3520,0,8,  0d 00:58:31.51,  0d 00:03:55.05,1.2500,3.9386,C,07/25/2025 11:18:55 AM,0.0000,28.7777,28.4344,28.6310,0.0,0.0
3521,0,8,  0d 00:58:32.51,  0d 00:03:56.05,1.2497,3.9387,C,07/25/2025 11:18:56 AM,0.0000,28.7777,28.4344,28.6310,0.0,0.0
3522,0,8,  0d 00:58:33.51,  0d 00:03:57.05,1.2500,3.9389,C,07/25/2025 11:18:57 AM,0.0000,28.7777,28.4344,28.6310,0.0,0.0
3523,0,8,  0d 00:58:34.51,  0d 00:03:58.05,1.2500,3.9390,C,07/25/2025 11:18:58 AM,0.0000,28.7777,28.4344,28.6310,0.0,0.0
3524,0,8,  0d 00:58:35.51,  0d 00:03:59.05,1.2500,3.9390,C,07/25/2025 11:18:59 AM,0.0000,28.7777,28.4188,28.6310,0.0,0.0
3525,0,8,  0d 00:58:36.51,  0d 00:04:00.05,1.2500,3.9392,C,07/25/2025 11:19:00 AM,0.0000,28.7777,28.4188,28.6310,0.0,0.0
3526,0,8,  0d 00:58:37.51,  0d 00:04:01.05,1.2497,3.9392,C,07/25/2025 11:19:01 AM,0.0000,28.7777,28.4188,28.6310,0.0,0.0
3527,0,8,  0d 00:58:38.51,  0d 00:04:02.05,1.2494,3.9393,C,07/25/2025 11:19:02 AM,0.0000,28.7777,28.4188,28.6310,0.0,0.0
3528,0,8,  0d 00:58:39.51,  0d 00:04:03.05,1.2494,3.9394,C,07/25/2025 11:19:03 AM,0.0000,28.7777,28.4188,28.6310,0.0,0.0
3529,0,8,  0d 00:58:40.51,  0d 00:04:04.05,1.2500,3.9395,C,07/25/2025 11:19:04 AM,0.0000,28.7777,28.4188,28.6310,0.0,0.0
3530,0,8,  0d 00:58:41.51,  0d 00:04:05.05,1.2503,3.9397,C,07/25/2025 11:19:05 AM,0.0000,28.7777,28.4188,28.6310,0.0,0.0
3531,0,8,  0d 00:58:42.51,  0d 00:04:06.05,1.2500,3.9397,C,07/25/2025 11:19:07 AM,0.0000,28.7777,28.4344,28.6310,0.0,0.0
3532,0,8,  0d 00:58:43.51,  0d 00:04:07.05,1.2497,3.9398,C,07/25/2025 11:19:07 AM,0.0000,28.7777,28.4344,28.6310,0.0,0.0
3533,0,8,  0d 00:58:44.51,  0d 00:04:08.05,1.2500,3.9398,C,07/25/2025 11:19:08 AM,0.0000,28.7777,28.4344,28.6310,0.0,0.0
3534,0,8,  0d 00:58:45.51,  0d 00:04:09.05,1.2497,3.9400,C,07/25/2025 11:19:09 AM,0.0000,28.7777,28.4344,28.6465,0.0,0.0
3535,0,8,  0d 00:58:46.51,  0d 00:04:10.05,1.2500,3.9400,C,07/25/2025 11:19:10 AM,0.0000,28.7622,28.4344,28.6465,0.0,0.0
3536,0,8,  0d 00:58:47.51,  0d 00:04:11.05,1.2494,3.9400,C,07/25/2025 11:19:11 AM,0.0000,28.7777,28.4344,28.6310,0.0,0.0
3537,0,8,  0d 00:58:48.51,  0d 00:04:12.05,1.2497,3.9402,C,07/25/2025 11:19:12 AM,0.0000,28.7622,28.4344,28.6310,0.0,0.0
3538,0,8,  0d 00:58:49.51,  0d 00:04:13.05,1.2494,3.9404,C,07/25/2025 11:19:13 AM,0.0000,28.7622,28.4188,28.6465,0.0,0.0
3539,0,8,  0d 00:58:50.51,  0d 00:04:14.05,1.2497,3.9405,C,07/25/2025 11:19:14 AM,0.0000,28.7777,28.4188,28.6310,0.0,0.0
3540,0,8,  0d 00:58:51.51,  0d 00:04:15.05,1.2503,3.9404,C,07/25/2025 11:19:15 AM,0.0000,28.7777,28.4188,28.6310,0.0,0.0
3541,0,8,  0d 00:58:52.51,  0d 00:04:16.05,1.2506,3.9406,C,07/25/2025 11:19:17 AM,0.0000,28.7777,28.4188,28.6310,0.0,0.0
3542,0,8,  0d 00:58:53.51,  0d 00:04:17.05,1.2500,3.9407,C,07/25/2025 11:19:17 AM,0.0000,28.7777,28.4188,28.6310,0.0,0.0
3543,0,8,  0d 00:58:54.51,  0d 00:04:18.05,1.2506,3.9409,C,07/25/2025 11:19:18 AM,0.0000,28.7777,28.4188,28.6310,0.0,0.0
3544,0,8,  0d 00:58:55.51,  0d 00:04:19.05,1.2503,3.9409,C,07/25/2025 11:19:19 AM,0.0000,28.7777,28.4188,28.6310,0.0,0.0
3545,0,8,  0d 00:58:56.51,  0d 00:04:20.05,1.2497,3.9409,C,07/25/2025 11:19:20 AM,0.0000,28.7777,28.4188,28.6310,0.0,0.0
3546,0,8,  0d 00:58:57.51,  0d 00:04:21.05,1.2503,3.9411,C,07/25/2025 11:19:21 AM,0.0000,28.7777,28.4188,28.6310,0.0,0.0
3547,0,8,  0d 00:58:58.51,  0d 00:04:22.05,1.2500,3.9413,C,07/25/2025 11:19:22 AM,0.0000,28.7777,28.4188,28.6310,0.0,0.0
3548,0,8,  0d 00:58:59.51,  0d 00:04:23.05,1.2497,3.9413,C,07/25/2025 11:19:23 AM,0.0000,28.7777,28.4188,28.6310,0.0,0.0
3549,0,8,  0d 00:59:00.51,  0d 00:04:24.05,1.2503,3.9414,C,07/25/2025 11:19:24 AM,0.0000,28.7777,28.4188,28.6310,0.0,0.0
3550,0,8,  0d 00:59:01.51,  0d 00:04:25.05,1.2497,3.9413,C,07/25/2025 11:19:25 AM,0.0000,28.7777,28.4188,28.6310,0.0,0.0
3551,0,8,  0d 00:59:02.51,  0d 00:04:26.05,1.2497,3.9415,C,07/25/2025 11:19:26 AM,0.0000,28.7777,28.4188,28.6310,0.0,0.0
3552,0,8,  0d 00:59:03.51,  0d 00:04:27.05,1.2500,3.9416,C,07/25/2025 11:19:27 AM,0.0000,28.7777,28.4188,28.6310,0.0,0.0
3553,0,8,  0d 00:59:04.51,  0d 00:04:28.05,1.2497,3.9417,C,07/25/2025 11:19:28 AM,0.0000,28.7777,28.4188,28.6310,0.0,0.0
3554,0,8,  0d 00:59:05.51,  0d 00:04:29.05,1.2500,3.9418,C,07/25/2025 11:19:29 AM,0.0000,28.7777,28.4188,28.6310,0.0,0.0
3555,0,8,  0d 00:59:06.51,  0d 00:04:30.05,1.2497,3.9419,C,07/25/2025 11:19:30 AM,0.0000,28.7777,28.4344,28.6310,0.0,0.0
3556,0,8,  0d 00:59:07.51,  0d 00:04:31.05,1.2500,3.9420,C,07/25/2025 11:19:31 AM,0.0000,28.7777,28.4188,28.6310,0.0,0.0
3557,0,8,  0d 00:59:08.51,  0d 00:04:32.05,1.2500,3.9421,C,07/25/2025 11:19:32 AM,0.0000,28.7777,28.4188,28.6465,0.0,0.0
3558,0,8,  0d 00:59:09.51,  0d 00:04:33.05,1.2500,3.9422,C,07/25/2025 11:19:33 AM,0.0000,28.7777,28.4344,28.6310,0.0,0.0
3559,0,8,  0d 00:59:10.51,  0d 00:04:34.05,1.2497,3.9422,C,07/25/2025 11:19:34 AM,0.0000,28.7777,28.4344,28.6465,0.0,0.0
3560,0,8,  0d 00:59:11.51,  0d 00:04:35.05,1.2497,3.9425,C,07/25/2025 11:19:35 AM,0.0000,28.7777,28.4344,28.6465,0.0,0.0
3561,0,8,  0d 00:59:12.51,  0d 00:04:36.05,1.2500,3.9425,C,07/25/2025 11:19:36 AM,0.0000,28.7932,28.4344,28.6465,0.0,0.0
3562,0,8,  0d 00:59:13.51,  0d 00:04:37.05,1.2497,3.9427,C,07/25/2025 11:19:37 AM,0.0000,28.7932,28.4344,28.6465,0.0,0.0
3563,0,8,  0d 00:59:14.51,  0d 00:04:38.05,1.2497,3.9428,C,07/25/2025 11:19:38 AM,0.0000,28.7932,28.4188,28.6465,0.0,0.0
3564,0,8,  0d 00:59:15.51,  0d 00:04:39.05,1.2494,3.9429,C,07/25/2025 11:19:39 AM,0.0000,28.7932,28.4188,28.6465,0.0,0.0
3565,0,8,  0d 00:59:16.51,  0d 00:04:40.05,1.2500,3.9429,C,07/25/2025 11:19:40 AM,0.0000,28.7777,28.4344,28.6310,0.0,0.0
3566,0,8,  0d 00:59:17.51,  0d 00:04:41.05,1.2500,3.9430,C,07/25/2025 11:19:41 AM,0.0000,28.7777,28.4188,28.6310,0.0,0.0
3567,0,8,  0d 00:59:18.51,  0d 00:04:42.05,1.2497,3.9432,C,07/25/2025 11:19:42 AM,0.0000,28.7777,28.4344,28.6465,0.0,0.0
3568,0,8,  0d 00:59:19.51,  0d 00:04:43.05,1.2500,3.9433,C,07/25/2025 11:19:43 AM,0.0000,28.7777,28.4344,28.6465,0.0,0.0
3569,0,8,  0d 00:59:20.51,  0d 00:04:44.05,1.2503,3.9432,C,07/25/2025 11:19:44 AM,0.0000,28.7777,28.4344,28.6465,0.0,0.0
3570,0,8,  0d 00:59:21.51,  0d 00:04:45.05,1.2497,3.9433,C,07/25/2025 11:19:45 AM,0.0000,28.7777,28.4344,28.6465,0.0,0.0
3571,0,8,  0d 00:59:22.51,  0d 00:04:46.05,1.2500,3.9435,C,07/25/2025 11:19:46 AM,0.0000,28.7777,28.4344,28.6465,0.0,0.0
3572,0,8,  0d 00:59:23.51,  0d 00:04:47.05,1.2503,3.9435,C,07/25/2025 11:19:47 AM,0.0000,28.7777,28.4344,28.6465,0.0,0.0
3573,0,8,  0d 00:59:24.51,  0d 00:04:48.05,1.2497,3.9436,C,07/25/2025 11:19:48 AM,0.0000,28.7932,28.4344,28.6465,0.0,0.0
3574,0,8,  0d 00:59:25.51,  0d 00:04:49.05,1.2503,3.9438,C,07/25/2025 11:19:49 AM,0.0000,28.7932,28.4344,28.6465,0.0,0.0
3575,0,8,  0d 00:59:26.51,  0d 00:04:50.05,1.2506,3.9440,C,07/25/2025 11:19:50 AM,0.0000,28.7932,28.4344,28.6465,0.0,0.0
3576,0,8,  0d 00:59:27.51,  0d 00:04:51.05,1.2500,3.9438,C,07/25/2025 11:19:51 AM,0.0000,28.7932,28.4344,28.6465,0.0,0.0
3577,0,8,  0d 00:59:28.51,  0d 00:04:52.05,1.2497,3.9441,C,07/25/2025 11:19:52 AM,0.0000,28.7932,28.4344,28.6465,0.0,0.0
3578,0,8,  0d 00:59:29.51,  0d 00:04:53.05,1.2494,3.9442,C,07/25/2025 11:19:53 AM,0.0000,28.7932,28.4344,28.6465,0.0,0.0
3579,0,8,  0d 00:59:30.51,  0d 00:04:54.05,1.2500,3.9442,C,07/25/2025 11:19:54 AM,0.0000,28.7932,28.4344,28.6465,0.0,0.0
3580,0,8,  0d 00:59:31.51,  0d 00:04:55.05,1.2503,3.9444,C,07/25/2025 11:19:55 AM,0.0000,28.7932,28.4344,28.6465,0.0,0.0
3581,0,8,  0d 00:59:32.51,  0d 00:04:56.05,1.2494,3.9444,C,07/25/2025 11:19:56 AM,0.0000,28.7932,28.4344,28.6465,0.0,0.0
3582,0,8,  0d 00:59:33.51,  0d 00:04:57.05,1.2494,3.9445,C,07/25/2025 11:19:57 AM,0.0000,28.7777,28.4344,28.6465,0.0,0.0
3583,0,8,  0d 00:59:34.51,  0d 00:04:58.05,1.2500,3.9447,C,07/25/2025 11:19:58 AM,0.0000,28.7932,28.4344,28.6465,0.0,0.0
3584,0,8,  0d 00:59:35.51,  0d 00:04:59.05,1.2500,3.9447,C,07/25/2025 11:19:59 AM,0.0000,28.7932,28.4344,28.6465,0.0,0.0
3585,0,8,  0d 00:59:36.51,  0d 00:05:00.05,1.2506,3.9448,C,07/25/2025 11:20:00 AM,0.0000,28.7932,28.4344,28.6465,0.0,0.0
3586,0,8,  0d 00:59:37.51,  0d 00:05:01.05,1.2497,3.9449,C,07/25/2025 11:20:01 AM,0.0000,28.7932,28.4344,28.6465,0.0,0.0
3587,0,8,  0d 00:59:38.51,  0d 00:05:02.05,1.2494,3.9449,C,07/25/2025 11:20:02 AM,0.0000,28.7932,28.4344,28.6465,0.0,0.0
3588,0,8,  0d 00:59:39.51,  0d 00:05:03.05,1.2494,3.9450,C,07/25/2025 11:20:03 AM,0.0000,28.7932,28.4344,28.6465,0.0,0.0
3589,0,8,  0d 00:59:40.51,  0d 00:05:04.05,1.2500,3.9452,C,07/25/2025 11:20:04 AM,0.0000,28.7932,28.4344,28.6465,0.0,0.0
3590,0,8,  0d 00:59:41.51,  0d 00:05:05.05,1.2503,3.9452,C,07/25/2025 11:20:05 AM,0.0000,28.7932,28.4344,28.6465,0.0,0.0
3591,0,8,  0d 00:59:42.51,  0d 00:05:06.05,1.2497,3.9454,C,07/25/2025 11:20:06 AM,0.0000,28.7932,28.4344,28.6465,0.0,0.0
3592,0,8,  0d 00:59:43.51,  0d 00:05:07.05,1.2503,3.9454,C,07/25/2025 11:20:07 AM,0.0000,28.7932,28.4344,28.6465,0.0,0.0
3593,0,8,  0d 00:59:44.51,  0d 00:05:08.05,1.2500,3.9456,C,07/25/2025 11:20:08 AM,0.0000,28.7932,28.4344,28.6465,0.0,0.0
3594,0,8,  0d 00:59:45.51,  0d 00:05:09.05,1.2497,3.9458,C,07/25/2025 11:20:09 AM,0.0000,28.7932,28.4344,28.6465,0.0,0.0
3595,0,8,  0d 00:59:46.51,  0d 00:05:10.05,1.2494,3.9458,C,07/25/2025 11:20:10 AM,0.0000,28.7932,28.4344,28.6465,0.0,0.0
3596,0,8,  0d 00:59:47.51,  0d 00:05:11.05,1.2503,3.9458,C,07/25/2025 11:20:11 AM,0.0000,28.7932,28.4344,28.6465,0.0,0.0
3597,0,8,  0d 00:59:48.51,  0d 00:05:12.05,1.2503,3.9459,C,07/25/2025 11:20:12 AM,0.0000,28.7932,28.4344,28.6465,0.0,0.0
3598,0,8,  0d 00:59:49.51,  0d 00:05:13.05,1.2500,3.9461,C,07/25/2025 11:20:13 AM,0.0000,28.7932,28.4499,28.6465,0.0,0.0
3599,0,8,  0d 00:59:50.51,  0d 00:05:14.05,1.2500,3.9462,C,07/25/2025 11:20:14 AM,0.0000,28.7932,28.4344,28.6465,0.0,0.0
3600,0,8,  0d 00:59:51.51,  0d 00:05:15.05,1.2500,3.9464,C,07/25/2025 11:20:15 AM,0.0000,28.7932,28.4344,28.6465,0.0,0.0
3601,0,8,  0d 00:59:52.51,  0d 00:05:16.05,1.2494,3.9464,C,07/25/2025 11:20:16 AM,0.0000,28.7932,28.4499,28.6465,0.0,0.0
3602,0,8,  0d 00:59:53.51,  0d 00:05:17.05,1.2491,3.9465,C,07/25/2025 11:20:18 AM,0.0000,28.7932,28.4344,28.6465,0.0,0.0
3603,0,8,  0d 00:59:54.51,  0d 00:05:18.05,1.2500,3.9466,C,07/25/2025 11:20:18 AM,0.0000,28.7932,28.4499,28.6465,0.0,0.0
3604,0,8,  0d 00:59:55.51,  0d 00:05:19.05,1.2497,3.9466,C,07/25/2025 11:20:19 AM,0.0000,28.7932,28.4499,28.6620,0.0,0.0
3605,0,8,  0d 00:59:56.51,  0d 00:05:20.05,1.2497,3.9467,C,07/25/2025 11:20:20 AM,0.0000,28.7932,28.4499,28.6620,0.0,0.0
3606,0,8,  0d 00:59:57.51,  0d 00:05:21.05,1.2500,3.9467,C,07/25/2025 11:20:21 AM,0.0000,28.7932,28.4499,28.6465,0.0,0.0
3607,0,8,  0d 00:59:58.51,  0d 00:05:22.05,1.2503,3.9468,C,07/25/2025 11:20:22 AM,0.0000,28.7932,28.4499,28.6465,0.0,0.0
3608,0,8,  0d 00:59:59.51,  0d 00:05:23.05,1.2497,3.9471,C,07/25/2025 11:20:23 AM,0.0000,28.7932,28.4499,28.6465,0.0,0.0
3609,0,8,  0d 01:00:00.51,  0d 00:05:24.05,1.2500,3.9471,C,07/25/2025 11:20:24 AM,0.0000,28.7932,28.4499,28.6465,0.0,0.0
3610,0,8,  0d 01:00:01.51,  0d 00:05:25.05,1.2503,3.9471,C,07/25/2025 11:20:25 AM,0.0000,28.7932,28.4499,28.6620,0.0,0.0
3611,0,8,  0d 01:00:02.51,  0d 00:05:26.05,1.2497,3.9472,C,07/25/2025 11:20:26 AM,0.0000,28.7932,28.4499,28.6620,0.0,0.0
3612,0,8,  0d 01:00:03.51,  0d 00:05:27.05,1.2500,3.9474,C,07/25/2025 11:20:28 AM,0.0000,28.7932,28.4344,28.6620,0.0,0.0
3613,0,8,  0d 01:00:04.51,  0d 00:05:28.05,1.2500,3.9476,C,07/25/2025 11:20:28 AM,0.0000,28.7932,28.4344,28.6620,0.0,0.0
3614,0,8,  0d 01:00:05.51,  0d 00:05:29.05,1.2500,3.9476,C,07/25/2025 11:20:29 AM,0.0000,28.7932,28.4499,28.6620,0.0,0.0
3615,0,8,  0d 01:00:06.51,  0d 00:05:30.05,1.2500,3.9476,C,07/25/2025 11:20:30 AM,0.0000,28.7932,28.4499,28.6620,0.0,0.0
3616,0,8,  0d 01:00:07.51,  0d 00:05:31.05,1.2497,3.9477,C,07/25/2025 11:20:31 AM,0.0000,28.7932,28.4499,28.6620,0.0,0.0
3617,0,8,  0d 01:00:08.51,  0d 00:05:32.05,1.2500,3.9478,C,07/25/2025 11:20:32 AM,0.0000,28.7932,28.4499,28.6620,0.0,0.0
3618,0,8,  0d 01:00:09.51,  0d 00:05:33.05,1.2497,3.9480,C,07/25/2025 11:20:33 AM,0.0000,28.7932,28.4499,28.6465,0.0,0.0
3619,0,8,  0d 01:00:10.51,  0d 00:05:34.05,1.2503,3.9480,C,07/25/2025 11:20:34 AM,0.0000,28.7932,28.4344,28.6465,0.0,0.0
3620,0,8,  0d 01:00:11.51,  0d 00:05:35.05,1.2497,3.9480,C,07/25/2025 11:20:35 AM,0.0000,28.7932,28.4344,28.6465,0.0,0.0
3621,0,8,  0d 01:00:12.51,  0d 00:05:36.05,1.2497,3.9482,C,07/25/2025 11:20:36 AM,0.0000,28.7932,28.4344,28.6465,0.0,0.0
3622,0,8,  0d 01:00:13.51,  0d 00:05:37.05,1.2500,3.9483,C,07/25/2025 11:20:37 AM,0.0000,28.7932,28.4344,28.6465,0.0,0.0
3623,0,8,  0d 01:00:14.51,  0d 00:05:38.05,1.2503,3.9485,C,07/25/2025 11:20:38 AM,0.0000,28.7932,28.4344,28.6465,0.0,0.0
3624,0,8,  0d 01:00:15.51,  0d 00:05:39.05,1.2497,3.9484,C,07/25/2025 11:20:39 AM,0.0000,28.7932,28.4499,28.6620,0.0,0.0
3625,0,8,  0d 01:00:16.51,  0d 00:05:40.05,1.2500,3.9486,C,07/25/2025 11:20:40 AM,0.0000,28.7932,28.4499,28.6620,0.0,0.0
3626,0,8,  0d 01:00:17.51,  0d 00:05:41.05,1.2494,3.9488,C,07/25/2025 11:20:41 AM,0.0000,28.7932,28.4499,28.6620,0.0,0.0
3627,0,8,  0d 01:00:18.51,  0d 00:05:42.05,1.2503,3.9488,C,07/25/2025 11:20:42 AM,0.0000,28.7932,28.4499,28.6620,0.0,0.0
3628,0,8,  0d 01:00:19.51,  0d 00:05:43.05,1.2500,3.9489,C,07/25/2025 11:20:43 AM,0.0000,28.7932,28.4499,28.6620,0.0,0.0
3629,0,8,  0d 01:00:20.51,  0d 00:05:44.05,1.2506,3.9489,C,07/25/2025 11:20:44 AM,0.0000,28.7932,28.4344,28.6620,0.0,0.0
3630,0,8,  0d 01:00:21.51,  0d 00:05:45.05,1.2500,3.9490,C,07/25/2025 11:20:45 AM,0.0000,28.7932,28.4499,28.6465,0.0,0.0
3631,0,8,  0d 01:00:22.51,  0d 00:05:46.05,1.2497,3.9491,C,07/25/2025 11:20:46 AM,0.0000,28.7932,28.4344,28.6465,0.0,0.0
3632,0,8,  0d 01:00:23.51,  0d 00:05:47.05,1.2497,3.9491,C,07/25/2025 11:20:47 AM,0.0000,28.7932,28.4344,28.6465,0.0,0.0
3633,0,8,  0d 01:00:24.51,  0d 00:05:48.05,1.2497,3.9494,C,07/25/2025 11:20:48 AM,0.0000,28.7932,28.4344,28.6465,0.0,0.0
3634,0,8,  0d 01:00:25.51,  0d 00:05:49.05,1.2494,3.9495,C,07/25/2025 11:20:49 AM,0.0000,28.7932,28.4344,28.6465,0.0,0.0
3635,0,8,  0d 01:00:26.51,  0d 00:05:50.05,1.2503,3.9495,C,07/25/2025 11:20:50 AM,0.0000,28.7932,28.4344,28.6465,0.0,0.0
3636,0,8,  0d 01:00:27.51,  0d 00:05:51.05,1.2497,3.9496,C,07/25/2025 11:20:51 AM,0.0000,28.7932,28.4344,28.6465,0.0,0.0
3637,0,8,  0d 01:00:28.51,  0d 00:05:52.05,1.2500,3.9497,C,07/25/2025 11:20:52 AM,0.0000,28.7932,28.4344,28.6465,0.0,0.0
3638,0,8,  0d 01:00:29.51,  0d 00:05:53.05,1.2503,3.9499,C,07/25/2025 11:20:53 AM,0.0000,28.7932,28.4344,28.6465,0.0,0.0
3639,0,8,  0d 01:00:30.51,  0d 00:05:54.05,1.2506,3.9501,C,07/25/2025 11:20:54 AM,0.0000,28.7932,28.4344,28.6465,0.0,0.0
3640,0,8,  0d 01:00:31.51,  0d 00:05:55.05,1.2497,3.9501,C,07/25/2025 11:20:55 AM,0.0000,28.7932,28.4344,28.6465,0.0,0.0
3641,0,8,  0d 01:00:32.51,  0d 00:05:56.05,1.2494,3.9502,C,07/25/2025 11:20:56 AM,0.0000,28.7932,28.4344,28.6465,0.0,0.0
3642,0,8,  0d 01:00:33.51,  0d 00:05:57.05,1.2503,3.9503,C,07/25/2025 11:20:57 AM,0.0000,28.7932,28.4344,28.6465,0.0,0.0
3643,0,8,  0d 01:00:34.51,  0d 00:05:58.05,1.2494,3.9504,C,07/25/2025 11:20:58 AM,0.0000,28.7932,28.4344,28.6465,0.0,0.0
3644,0,8,  0d 01:00:35.51,  0d 00:05:59.05,1.2494,3.9504,C,07/25/2025 11:20:59 AM,0.0000,28.7932,28.4344,28.6465,0.0,0.0
3645,0,8,  0d 01:00:36.51,  0d 00:06:00.05,1.2500,3.9506,C,07/25/2025 11:21:00 AM,0.0000,28.7932,28.4344,28.6465,0.0,0.0
3646,0,8,  0d 01:00:37.51,  0d 00:06:01.05,1.2497,3.9506,C,07/25/2025 11:21:01 AM,0.0000,28.7932,28.4344,28.6465,0.0,0.0
3647,0,8,  0d 01:00:38.51,  0d 00:06:02.05,1.2500,3.9507,C,07/25/2025 11:21:02 AM,0.0000,28.7932,28.4344,28.6465,0.0,0.0
3648,0,8,  0d 01:00:39.51,  0d 00:06:03.05,1.2503,3.9506,C,07/25/2025 11:21:03 AM,0.0000,28.7932,28.4344,28.6465,0.0,0.0
3649,0,8,  0d 01:00:40.51,  0d 00:06:04.05,1.2500,3.9508,C,07/25/2025 11:21:04 AM,0.0000,28.7932,28.4344,28.6465,0.0,0.0
3650,0,8,  0d 01:00:41.51,  0d 00:06:05.05,1.2500,3.9509,C,07/25/2025 11:21:05 AM,0.0000,28.7932,28.4344,28.6465,0.0,0.0
3651,0,8,  0d 01:00:42.51,  0d 00:06:06.05,1.2494,3.9510,C,07/25/2025 11:21:06 AM,0.0000,28.7932,28.4344,28.6465,0.0,0.0
3652,0,8,  0d 01:00:43.51,  0d 00:06:07.05,1.2500,3.9512,C,07/25/2025 11:21:07 AM,0.0000,28.7777,28.4344,28.6465,0.0,0.0
3653,0,8,  0d 01:00:44.51,  0d 00:06:08.05,1.2503,3.9512,C,07/25/2025 11:21:08 AM,0.0000,28.7777,28.4344,28.6465,0.0,0.0
3654,0,8,  0d 01:00:45.51,  0d 00:06:09.05,1.2500,3.9513,C,07/25/2025 11:21:09 AM,0.0000,28.7777,28.4344,28.6465,0.0,0.0
3655,0,8,  0d 01:00:46.51,  0d 00:06:10.05,1.2503,3.9515,C,07/25/2025 11:21:10 AM,0.0000,28.7777,28.4344,28.6465,0.0,0.0
3656,0,8,  0d 01:00:47.51,  0d 00:06:11.05,1.2500,3.9515,C,07/25/2025 11:21:11 AM,0.0000,28.7932,28.4344,28.6465,0.0,0.0
3657,0,8,  0d 01:00:48.51,  0d 00:06:12.05,1.2497,3.9516,C,07/25/2025 11:21:12 AM,0.0000,28.7932,28.4344,28.6465,0.0,0.0
3658,0,8,  0d 01:00:49.51,  0d 00:06:13.05,1.2503,3.9516,C,07/25/2025 11:21:13 AM,0.0000,28.7777,28.4499,28.6465,0.0,0.0
3659,0,8,  0d 01:00:50.51,  0d 00:06:14.05,1.2500,3.9518,C,07/25/2025 11:21:14 AM,0.0000,28.7932,28.4344,28.6465,0.0,0.0
3660,0,8,  0d 01:00:51.51,  0d 00:06:15.05,1.2500,3.9521,C,07/25/2025 11:21:15 AM,0.0000,28.7932,28.4344,28.6465,0.0,0.0
3661,0,8,  0d 01:00:52.51,  0d 00:06:16.05,1.2500,3.9520,C,07/25/2025 11:21:16 AM,0.0000,28.7932,28.4344,28.6465,0.0,0.0
3662,0,8,  0d 01:00:53.51,  0d 00:06:17.05,1.2497,3.9522,C,07/25/2025 11:21:17 AM,0.0000,28.7932,28.4344,28.6465,0.0,0.0
3663,0,8,  0d 01:00:54.51,  0d 00:06:18.05,1.2497,3.9522,C,07/25/2025 11:21:18 AM,0.0000,28.7932,28.4344,28.6465,0.0,0.0
3664,0,8,  0d 01:00:55.51,  0d 00:06:19.05,1.2500,3.9523,C,07/25/2025 11:21:19 AM,0.0000,28.7932,28.4344,28.6465,0.0,0.0
3665,0,8,  0d 01:00:56.51,  0d 00:06:20.05,1.2497,3.9525,C,07/25/2025 11:21:20 AM,0.0000,28.7932,28.4344,28.6465,0.0,0.0
3666,0,8,  0d 01:00:57.51,  0d 00:06:21.05,1.2500,3.9526,C,07/25/2025 11:21:21 AM,0.0000,28.7932,28.4344,28.6465,0.0,0.0
3667,0,8,  0d 01:00:58.51,  0d 00:06:22.05,1.2500,3.9528,C,07/25/2025 11:21:22 AM,0.0000,28.7932,28.4344,28.6465,0.0,0.0
3668,0,8,  0d 01:00:59.51,  0d 00:06:23.05,1.2500,3.9527,C,07/25/2025 11:21:23 AM,0.0000,28.7932,28.4344,28.6465,0.0,0.0
3669,0,8,  0d 01:01:00.51,  0d 00:06:24.05,1.2497,3.9528,C,07/25/2025 11:21:24 AM,0.0000,28.7932,28.4344,28.6465,0.0,0.0
3670,0,8,  0d 01:01:01.51,  0d 00:06:25.05,1.2500,3.9529,C,07/25/2025 11:21:25 AM,0.0000,28.7932,28.4344,28.6465,0.0,0.0
3671,0,8,  0d 01:01:02.51,  0d 00:06:26.05,1.2500,3.9531,C,07/25/2025 11:21:26 AM,0.0000,28.7932,28.4344,28.6465,0.0,0.0
3672,0,8,  0d 01:01:03.51,  0d 00:06:27.05,1.2503,3.9532,C,07/25/2025 11:21:27 AM,0.0000,28.7777,28.4344,28.6465,0.0,0.0
3673,0,8,  0d 01:01:04.51,  0d 00:06:28.05,1.2500,3.9533,C,07/25/2025 11:21:29 AM,0.0000,28.7777,28.4344,28.6465,0.0,0.0
3674,0,8,  0d 01:01:05.51,  0d 00:06:29.05,1.2500,3.9533,C,07/25/2025 11:21:29 AM,0.0000,28.7777,28.4344,28.6465,0.0,0.0
3675,0,8,  0d 01:01:06.51,  0d 00:06:30.05,1.2497,3.9533,C,07/25/2025 11:21:30 AM,0.0000,28.7777,28.4344,28.6465,0.0,0.0
3676,0,8,  0d 01:01:07.51,  0d 00:06:31.05,1.2497,3.9536,C,07/25/2025 11:21:31 AM,0.0000,28.7777,28.4344,28.6465,0.0,0.0
3677,0,8,  0d 01:01:08.51,  0d 00:06:32.05,1.2494,3.9537,C,07/25/2025 11:21:32 AM,0.0000,28.7777,28.4344,28.6465,0.0,0.0
3678,0,8,  0d 01:01:09.51,  0d 00:06:33.05,1.2500,3.9537,C,07/25/2025 11:21:33 AM,0.0000,28.7777,28.4344,28.6465,0.0,0.0
3679,0,8,  0d 01:01:10.51,  0d 00:06:34.05,1.2503,3.9538,C,07/25/2025 11:21:34 AM,0.0000,28.7777,28.4344,28.6465,0.0,0.0
3680,0,8,  0d 01:01:11.51,  0d 00:06:35.05,1.2500,3.9539,C,07/25/2025 11:21:35 AM,0.0000,28.7777,28.4344,28.6465,0.0,0.0
3681,0,8,  0d 01:01:12.51,  0d 00:06:36.05,1.2500,3.9540,C,07/25/2025 11:21:36 AM,0.0000,28.7777,28.4344,28.6465,0.0,0.0
3682,0,8,  0d 01:01:13.51,  0d 00:06:37.05,1.2497,3.9542,C,07/25/2025 11:21:37 AM,0.0000,28.7777,28.4344,28.6465,0.0,0.0
3683,0,8,  0d 01:01:14.51,  0d 00:06:38.05,1.2497,3.9541,C,07/25/2025 11:21:39 AM,0.0000,28.7777,28.4344,28.6465,0.0,0.0
3684,0,8,  0d 01:01:15.51,  0d 00:06:39.05,1.2494,3.9544,C,07/25/2025 11:21:39 AM,0.0000,28.7777,28.4344,28.6465,0.0,0.0
3685,0,8,  0d 01:01:16.51,  0d 00:06:40.05,1.2497,3.9545,C,07/25/2025 11:21:40 AM,0.0000,28.7777,28.4344,28.6465,0.0,0.0
3686,0,8,  0d 01:01:17.51,  0d 00:06:41.05,1.2494,3.9545,C,07/25/2025 11:21:41 AM,0.0000,28.7777,28.4344,28.6465,0.0,0.0
3687,0,8,  0d 01:01:18.51,  0d 00:06:42.05,1.2500,3.9545,C,07/25/2025 11:21:42 AM,0.0000,28.7777,28.4344,28.6465,0.0,0.0
3688,0,8,  0d 01:01:19.51,  0d 00:06:43.05,1.2503,3.9547,C,07/25/2025 11:21:43 AM,0.0000,28.7777,28.4344,28.6310,0.0,0.0
3689,0,8,  0d 01:01:20.51,  0d 00:06:44.05,1.2500,3.9548,C,07/25/2025 11:21:44 AM,0.0000,28.7777,28.4188,28.6310,0.0,0.0
3690,0,8,  0d 01:01:21.51,  0d 00:06:45.05,1.2500,3.9548,C,07/25/2025 11:21:45 AM,0.0000,28.7777,28.4188,28.6465,0.0,0.0
3691,0,8,  0d 01:01:22.51,  0d 00:06:46.05,1.2497,3.9548,C,07/25/2025 11:21:46 AM,0.0000,28.7777,28.4188,28.6310,0.0,0.0
3692,0,8,  0d 01:01:23.51,  0d 00:06:47.05,1.2497,3.9551,C,07/25/2025 11:21:47 AM,0.0000,28.7622,28.4188,28.6310,0.0,0.0
3693,0,8,  0d 01:01:24.51,  0d 00:06:48.05,1.2497,3.9551,C,07/25/2025 11:21:48 AM,0.0000,28.7622,28.4188,28.6310,0.0,0.0
3694,0,8,  0d 01:01:25.51,  0d 00:06:49.05,1.2497,3.9554,C,07/25/2025 11:21:49 AM,0.0000,28.7622,28.4188,28.6310,0.0,0.0
3695,0,8,  0d 01:01:26.51,  0d 00:06:50.05,1.2497,3.9553,C,07/25/2025 11:21:50 AM,0.0000,28.7777,28.4188,28.6310,0.0,0.0
3696,0,8,  0d 01:01:27.51,  0d 00:06:51.05,1.2497,3.9554,C,07/25/2025 11:21:51 AM,0.0000,28.7777,28.4188,28.6310,0.0,0.0
3697,0,8,  0d 01:01:28.51,  0d 00:06:52.05,1.2497,3.9557,C,07/25/2025 11:21:52 AM,0.0000,28.7777,28.4188,28.6310,0.0,0.0
3698,0,8,  0d 01:01:29.51,  0d 00:06:53.05,1.2500,3.9557,C,07/25/2025 11:21:53 AM,0.0000,28.7777,28.4188,28.6310,0.0,0.0
3699,0,8,  0d 01:01:30.51,  0d 00:06:54.05,1.2497,3.9557,C,07/25/2025 11:21:54 AM,0.0000,28.7777,28.4188,28.6465,0.0,0.0
3700,0,8,  0d 01:01:31.51,  0d 00:06:55.05,1.2500,3.9561,C,07/25/2025 11:21:55 AM,0.0000,28.7622,28.4188,28.6465,0.0,0.0
3701,0,8,  0d 01:01:32.51,  0d 00:06:56.05,1.2500,3.9560,C,07/25/2025 11:21:56 AM,0.0000,28.7622,28.4188,28.6310,0.0,0.0
3702,0,8,  0d 01:01:33.51,  0d 00:06:57.05,1.2500,3.9561,C,07/25/2025 11:21:57 AM,0.0000,28.7622,28.4188,28.6310,0.0,0.0
3703,0,8,  0d 01:01:34.51,  0d 00:06:58.05,1.2500,3.9562,C,07/25/2025 11:21:58 AM,0.0000,28.7622,28.4188,28.6310,0.0,0.0
3704,0,8,  0d 01:01:35.51,  0d 00:06:59.05,1.2506,3.9563,C,07/25/2025 11:21:59 AM,0.0000,28.7622,28.4188,28.6310,0.0,0.0
3705,0,8,  0d 01:01:36.51,  0d 00:07:00.05,1.2497,3.9564,C,07/25/2025 11:22:00 AM,0.0000,28.7777,28.4188,28.6310,0.0,0.0
3706,0,8,  0d 01:01:37.51,  0d 00:07:01.05,1.2494,3.9566,C,07/25/2025 11:22:01 AM,0.0000,28.7777,28.4188,28.6310,0.0,0.0
3707,0,8,  0d 01:01:38.51,  0d 00:07:02.05,1.2500,3.9566,C,07/25/2025 11:22:02 AM,0.0000,28.7777,28.4188,28.6310,0.0,0.0
3708,0,8,  0d 01:01:39.51,  0d 00:07:03.05,1.2497,3.9567,C,07/25/2025 11:22:03 AM,0.0000,28.7777,28.4188,28.6310,0.0,0.0
3709,0,8,  0d 01:01:40.51,  0d 00:07:04.05,1.2500,3.9568,C,07/25/2025 11:22:04 AM,0.0000,28.7777,28.4188,28.6310,0.0,0.0
3710,0,8,  0d 01:01:41.51,  0d 00:07:05.05,1.2500,3.9569,C,07/25/2025 11:22:05 AM,0.0000,28.7777,28.4188,28.6310,0.0,0.0
3711,0,8,  0d 01:01:42.51,  0d 00:07:06.05,1.2500,3.9570,C,07/25/2025 11:22:06 AM,0.0000,28.7777,28.4188,28.6310,0.0,0.0
3712,0,8,  0d 01:01:43.51,  0d 00:07:07.05,1.2500,3.9570,C,07/25/2025 11:22:07 AM,0.0000,28.7622,28.4188,28.6310,0.0,0.0
3713,0,8,  0d 01:01:44.51,  0d 00:07:08.05,1.2497,3.9572,C,07/25/2025 11:22:08 AM,0.0000,28.7622,28.4188,28.6310,0.0,0.0
3714,0,8,  0d 01:01:45.51,  0d 00:07:09.05,1.2497,3.9572,C,07/25/2025 11:22:09 AM,0.0000,28.7622,28.4188,28.6310,0.0,0.0
3715,0,8,  0d 01:01:46.51,  0d 00:07:10.05,1.2494,3.9574,C,07/25/2025 11:22:10 AM,0.0000,28.7622,28.4188,28.6310,0.0,0.0
3716,0,8,  0d 01:01:47.51,  0d 00:07:11.05,1.2497,3.9575,C,07/25/2025 11:22:11 AM,0.0000,28.7622,28.4188,28.6310,0.0,0.0
3717,0,8,  0d 01:01:48.51,  0d 00:07:12.05,1.2497,3.9577,C,07/25/2025 11:22:12 AM,0.0000,28.7622,28.4188,28.6310,0.0,0.0
3718,0,8,  0d 01:01:49.51,  0d 00:07:13.05,1.2497,3.9577,C,07/25/2025 11:22:13 AM,0.0000,28.7777,28.4188,28.6310,0.0,0.0
3719,0,8,  0d 01:01:50.51,  0d 00:07:14.05,1.2494,3.9577,C,07/25/2025 11:22:14 AM,0.0000,28.7777,28.4188,28.6310,0.0,0.0
3720,0,8,  0d 01:01:51.51,  0d 00:07:15.05,1.2500,3.9578,C,07/25/2025 11:22:15 AM,0.0000,28.7777,28.4188,28.6310,0.0,0.0
3721,0,8,  0d 01:01:52.51,  0d 00:07:16.05,1.2494,3.9579,C,07/25/2025 11:22:16 AM,0.0000,28.7777,28.4188,28.6310,0.0,0.0
3722,0,8,  0d 01:01:53.51,  0d 00:07:17.05,1.2494,3.9580,C,07/25/2025 11:22:17 AM,0.0000,28.7777,28.4188,28.6310,0.0,0.0
3723,0,8,  0d 01:01:54.51,  0d 00:07:18.05,1.2500,3.9581,C,07/25/2025 11:22:18 AM,0.0000,28.7622,28.4188,28.6310,0.0,0.0
3724,0,8,  0d 01:01:55.51,  0d 00:07:19.05,1.2500,3.9582,C,07/25/2025 11:22:19 AM,0.0000,28.7622,28.4188,28.6310,0.0,0.0
3725,0,8,  0d 01:01:56.51,  0d 00:07:20.05,1.2500,3.9583,C,07/25/2025 11:22:20 AM,0.0000,28.7622,28.4188,28.6310,0.0,0.0
3726,0,8,  0d 01:01:57.51,  0d 00:07:21.05,1.2503,3.9583,C,07/25/2025 11:22:21 AM,0.0000,28.7622,28.4188,28.6310,0.0,0.0
3727,0,8,  0d 01:01:58.51,  0d 00:07:22.05,1.2500,3.9586,C,07/25/2025 11:22:22 AM,0.0000,28.7622,28.4188,28.6310,0.0,0.0
3728,0,8,  0d 01:01:59.51,  0d 00:07:23.05,1.2497,3.9586,C,07/25/2025 11:22:23 AM,0.0000,28.7622,28.4188,28.6310,0.0,0.0
3729,0,8,  0d 01:02:00.51,  0d 00:07:24.05,1.2503,3.9586,C,07/25/2025 11:22:24 AM,0.0000,28.7622,28.4188,28.6310,0.0,0.0
3730,0,8,  0d 01:02:01.51,  0d 00:07:25.05,1.2500,3.9589,C,07/25/2025 11:22:25 AM,0.0000,28.7622,28.4188,28.6310,0.0,0.0
3731,0,8,  0d 01:02:02.51,  0d 00:07:26.05,1.2503,3.9590,C,07/25/2025 11:22:26 AM,0.0000,28.7622,28.4188,28.6310,0.0,0.0
3732,0,8,  0d 01:02:03.51,  0d 00:07:27.05,1.2500,3.9591,C,07/25/2025 11:22:27 AM,0.0000,28.7622,28.4188,28.6310,0.0,0.0
3733,0,8,  0d 01:02:04.51,  0d 00:07:28.05,1.2503,3.9591,C,07/25/2025 11:22:28 AM,0.0000,28.7622,28.4188,28.6310,0.0,0.0
3734,0,8,  0d 01:02:05.51,  0d 00:07:29.05,1.2497,3.9593,C,07/25/2025 11:22:29 AM,0.0000,28.7622,28.4188,28.6310,0.0,0.0
3735,0,8,  0d 01:02:06.51,  0d 00:07:30.05,1.2500,3.9594,C,07/25/2025 11:22:30 AM,0.0000,28.7777,28.4188,28.6310,0.0,0.0
3736,0,8,  0d 01:02:07.51,  0d 00:07:31.05,1.2497,3.9595,C,07/25/2025 11:22:31 AM,0.0000,28.7622,28.4188,28.6310,0.0,0.0
3737,0,8,  0d 01:02:08.51,  0d 00:07:32.05,1.2500,3.9596,C,07/25/2025 11:22:32 AM,0.0000,28.7777,28.4188,28.6310,0.0,0.0
3738,0,8,  0d 01:02:09.51,  0d 00:07:33.05,1.2500,3.9596,C,07/25/2025 11:22:33 AM,0.0000,28.7777,28.4188,28.6310,0.0,0.0
3739,0,8,  0d 01:02:10.51,  0d 00:07:34.05,1.2503,3.9598,C,07/25/2025 11:22:34 AM,0.0000,28.7622,28.4188,28.6310,0.0,0.0
3740,0,8,  0d 01:02:11.51,  0d 00:07:35.05,1.2491,3.9599,C,07/25/2025 11:22:35 AM,0.0000,28.7622,28.4188,28.6310,0.0,0.0
3741,0,8,  0d 01:02:12.51,  0d 00:07:36.05,1.2500,3.9599,C,07/25/2025 11:22:36 AM,0.0000,28.7622,28.4188,28.6310,0.0,0.0
3742,0,8,  0d 01:02:13.51,  0d 00:07:37.05,1.2500,3.9601,C,07/25/2025 11:22:37 AM,0.0000,28.7622,28.4188,28.6310,0.0,0.0
3743,0,8,  0d 01:02:14.51,  0d 00:07:38.05,1.2500,3.9602,C,07/25/2025 11:22:38 AM,0.0000,28.7622,28.4188,28.6310,0.0,0.0
3744,0,8,  0d 01:02:15.51,  0d 00:07:39.05,1.2497,3.9603,C,07/25/2025 11:22:40 AM,0.0000,28.7622,28.4188,28.6310,0.0,0.0
3745,0,8,  0d 01:02:16.51,  0d 00:07:40.05,1.2497,3.9604,C,07/25/2025 11:22:40 AM,0.0000,28.7622,28.4188,28.6310,0.0,0.0
3746,0,8,  0d 01:02:17.51,  0d 00:07:41.05,1.2497,3.9605,C,07/25/2025 11:22:41 AM,0.0000,28.7622,28.4188,28.6310,0.0,0.0
3747,0,8,  0d 01:02:18.51,  0d 00:07:42.05,1.2500,3.9606,C,07/25/2025 11:22:42 AM,0.0000,28.7622,28.4188,28.6155,0.0,0.0
3748,0,8,  0d 01:02:19.51,  0d 00:07:43.05,1.2497,3.9606,C,07/25/2025 11:22:43 AM,0.0000,28.7622,28.4188,28.6155,0.0,0.0
3749,0,8,  0d 01:02:20.51,  0d 00:07:44.05,1.2494,3.9607,C,07/25/2025 11:22:44 AM,0.0000,28.7622,28.4033,28.6310,0.0,0.0
3750,0,8,  0d 01:02:21.51,  0d 00:07:45.05,1.2500,3.9609,C,07/25/2025 11:22:45 AM,0.0000,28.7622,28.4033,28.6310,0.0,0.0
3751,0,8,  0d 01:02:22.51,  0d 00:07:46.05,1.2500,3.9611,C,07/25/2025 11:22:46 AM,0.0000,28.7622,28.4188,28.6310,0.0,0.0
3752,0,8,  0d 01:02:23.51,  0d 00:07:47.05,1.2503,3.9610,C,07/25/2025 11:22:47 AM,0.0000,28.7622,28.4188,28.6310,0.0,0.0
3753,0,8,  0d 01:02:24.51,  0d 00:07:48.05,1.2497,3.9612,C,07/25/2025 11:22:48 AM,0.0000,28.7622,28.4188,28.6310,0.0,0.0
3754,0,8,  0d 01:02:25.51,  0d 00:07:49.05,1.2503,3.9612,C,07/25/2025 11:22:50 AM,0.0000,28.7622,28.4188,28.6310,0.0,0.0
3755,0,8,  0d 01:02:26.51,  0d 00:07:50.05,1.2497,3.9615,C,07/25/2025 11:22:50 AM,0.0000,28.7622,28.4188,28.6310,0.0,0.0
3756,0,8,  0d 01:02:27.51,  0d 00:07:51.05,1.2503,3.9615,C,07/25/2025 11:22:51 AM,0.0000,28.7622,28.4188,28.6310,0.0,0.0
3757,0,8,  0d 01:02:28.51,  0d 00:07:52.05,1.2500,3.9617,C,07/25/2025 11:22:52 AM,0.0000,28.7622,28.4188,28.6310,0.0,0.0
3758,0,8,  0d 01:02:29.51,  0d 00:07:53.05,1.2497,3.9618,C,07/25/2025 11:22:53 AM,0.0000,28.7622,28.4188,28.6310,0.0,0.0
3759,0,8,  0d 01:02:30.51,  0d 00:07:54.05,1.2500,3.9618,C,07/25/2025 11:22:54 AM,0.0000,28.7622,28.4188,28.6310,0.0,0.0
3760,0,8,  0d 01:02:31.51,  0d 00:07:55.05,1.2503,3.9619,C,07/25/2025 11:22:55 AM,0.0000,28.7622,28.4188,28.6310,0.0,0.0
3761,0,8,  0d 01:02:32.51,  0d 00:07:56.05,1.2497,3.9621,C,07/25/2025 11:22:56 AM,0.0000,28.7622,28.4188,28.6310,0.0,0.0
3762,0,8,  0d 01:02:33.51,  0d 00:07:57.05,1.2497,3.9622,C,07/25/2025 11:22:57 AM,0.0000,28.7622,28.4033,28.6310,0.0,0.0
3763,0,8,  0d 01:02:34.51,  0d 00:07:58.05,1.2497,3.9622,C,07/25/2025 11:22:58 AM,0.0000,28.7622,28.4033,28.6310,0.0,0.0
3764,0,8,  0d 01:02:35.51,  0d 00:07:59.05,1.2503,3.9625,C,07/25/2025 11:22:59 AM,0.0000,28.7622,28.4188,28.6310,0.0,0.0
3765,0,8,  0d 01:02:36.51,  0d 00:08:00.05,1.2497,3.9625,C,07/25/2025 11:23:00 AM,0.0000,28.7622,28.4188,28.6310,0.0,0.0
3766,0,8,  0d 01:02:37.51,  0d 00:08:01.05,1.2500,3.9627,C,07/25/2025 11:23:01 AM,0.0000,28.7622,28.4188,28.6310,0.0,0.0
3767,0,8,  0d 01:02:38.51,  0d 00:08:02.05,1.2497,3.9628,C,07/25/2025 11:23:02 AM,0.0000,28.7777,28.4188,28.6310,0.0,0.0
3768,0,8,  0d 01:02:39.51,  0d 00:08:03.05,1.2500,3.9628,C,07/25/2025 11:23:03 AM,0.0000,28.7622,28.4188,28.6310,0.0,0.0
3769,0,8,  0d 01:02:40.51,  0d 00:08:04.05,1.2503,3.9629,C,07/25/2025 11:23:04 AM,0.0000,28.7622,28.4188,28.6310,0.0,0.0
3770,0,8,  0d 01:02:41.51,  0d 00:08:05.05,1.2497,3.9629,C,07/25/2025 11:23:05 AM,0.0000,28.7622,28.4188,28.6310,0.0,0.0
3771,0,8,  0d 01:02:42.51,  0d 00:08:06.05,1.2500,3.9631,C,07/25/2025 11:23:06 AM,0.0000,28.7622,28.4188,28.6310,0.0,0.0
3772,0,8,  0d 01:02:43.51,  0d 00:08:07.05,1.2491,3.9632,C,07/25/2025 11:23:07 AM,0.0000,28.7622,28.4188,28.6310,0.0,0.0
3773,0,8,  0d 01:02:44.51,  0d 00:08:08.05,1.2500,3.9633,C,07/25/2025 11:23:08 AM,0.0000,28.7622,28.4188,28.6310,0.0,0.0
3774,0,8,  0d 01:02:45.51,  0d 00:08:09.05,1.2500,3.9633,C,07/25/2025 11:23:09 AM,0.0000,28.7777,28.4188,28.6310,0.0,0.0
3775,0,8,  0d 01:02:46.51,  0d 00:08:10.05,1.2497,3.9635,C,07/25/2025 11:23:10 AM,0.0000,28.7777,28.4188,28.6310,0.0,0.0
3776,0,8,  0d 01:02:47.51,  0d 00:08:11.05,1.2500,3.9636,C,07/25/2025 11:23:11 AM,0.0000,28.7777,28.4188,28.6155,0.0,0.0
3777,0,8,  0d 01:02:48.51,  0d 00:08:12.05,1.2497,3.9637,C,07/25/2025 11:23:12 AM,0.0000,28.7622,28.4188,28.6155,0.0,0.0
3778,0,8,  0d 01:02:49.51,  0d 00:08:13.05,1.2500,3.9638,C,07/25/2025 11:23:13 AM,0.0000,28.7622,28.4188,28.6310,0.0,0.0
3779,0,8,  0d 01:02:50.51,  0d 00:08:14.05,1.2500,3.9640,C,07/25/2025 11:23:14 AM,0.0000,28.7622,28.4188,28.6310,0.0,0.0
3780,0,8,  0d 01:02:51.51,  0d 00:08:15.05,1.2497,3.9641,C,07/25/2025 11:23:15 AM,0.0000,28.7622,28.4188,28.6310,0.0,0.0
3781,0,8,  0d 01:02:52.51,  0d 00:08:16.05,1.2497,3.9641,C,07/25/2025 11:23:16 AM,0.0000,28.7622,28.4188,28.6310,0.0,0.0
3782,0,8,  0d 01:02:53.51,  0d 00:08:17.05,1.2503,3.9642,C,07/25/2025 11:23:17 AM,0.0000,28.7622,28.4033,28.6310,0.0,0.0
3783,0,8,  0d 01:02:54.51,  0d 00:08:18.05,1.2506,3.9643,C,07/25/2025 11:23:18 AM,0.0000,28.7622,28.4033,28.6310,0.0,0.0
3784,0,8,  0d 01:02:55.51,  0d 00:08:19.05,1.2500,3.9644,C,07/25/2025 11:23:19 AM,0.0000,28.7622,28.4033,28.6310,0.0,0.0
3785,0,8,  0d 01:02:56.51,  0d 00:08:20.05,1.2500,3.9645,C,07/25/2025 11:23:20 AM,0.0000,28.7622,28.4188,28.6310,0.0,0.0
3786,0,8,  0d 01:02:57.51,  0d 00:08:21.05,1.2500,3.9646,C,07/25/2025 11:23:21 AM,0.0000,28.7622,28.4188,28.6310,0.0,0.0
3787,0,8,  0d 01:02:58.51,  0d 00:08:22.05,1.2497,3.9647,C,07/25/2025 11:23:22 AM,0.0000,28.7622,28.4188,28.6310,0.0,0.0
3788,0,8,  0d 01:02:59.51,  0d 00:08:23.05,1.2497,3.9649,C,07/25/2025 11:23:23 AM,0.0000,28.7622,28.4188,28.6310,0.0,0.0
3789,0,8,  0d 01:03:00.51,  0d 00:08:24.05,1.2503,3.9651,C,07/25/2025 11:23:24 AM,0.0000,28.7622,28.4188,28.6310,0.0,0.0
3790,0,8,  0d 01:03:01.51,  0d 00:08:25.05,1.2503,3.9651,C,07/25/2025 11:23:25 AM,0.0000,28.7622,28.4188,28.6155,0.0,0.0
3791,0,8,  0d 01:03:02.51,  0d 00:08:26.05,1.2497,3.9652,C,07/25/2025 11:23:26 AM,0.0000,28.7622,28.4188,28.6155,0.0,0.0
3792,0,8,  0d 01:03:03.51,  0d 00:08:27.05,1.2497,3.9653,C,07/25/2025 11:23:27 AM,0.0000,28.7622,28.4188,28.6310,0.0,0.0
3793,0,8,  0d 01:03:04.51,  0d 00:08:28.05,1.2497,3.9654,C,07/25/2025 11:23:28 AM,0.0000,28.7622,28.4188,28.6310,0.0,0.0
3794,0,8,  0d 01:03:05.51,  0d 00:08:29.05,1.2500,3.9656,C,07/25/2025 11:23:29 AM,0.0000,28.7622,28.4188,28.6310,0.0,0.0
3795,0,8,  0d 01:03:06.51,  0d 00:08:30.05,1.2500,3.9657,C,07/25/2025 11:23:30 AM,0.0000,28.7622,28.4188,28.6310,0.0,0.0
3796,0,8,  0d 01:03:07.51,  0d 00:08:31.05,1.2494,3.9657,C,07/25/2025 11:23:31 AM,0.0000,28.7622,28.4188,28.6310,0.0,0.0
3797,0,8,  0d 01:03:08.51,  0d 00:08:32.05,1.2500,3.9657,C,07/25/2025 11:23:32 AM,0.0000,28.7622,28.4188,28.6310,0.0,0.0
3798,0,8,  0d 01:03:09.51,  0d 00:08:33.05,1.2500,3.9660,C,07/25/2025 11:23:33 AM,0.0000,28.7622,28.4188,28.6310,0.0,0.0
3799,0,8,  0d 01:03:10.51,  0d 00:08:34.05,1.2497,3.9660,C,07/25/2025 11:23:34 AM,0.0000,28.7622,28.4188,28.6310,0.0,0.0
3800,0,8,  0d 01:03:11.51,  0d 00:08:35.05,1.2494,3.9662,C,07/25/2025 11:23:35 AM,0.0000,28.7777,28.4188,28.6310,0.0,0.0
3801,0,8,  0d 01:03:12.51,  0d 00:08:36.05,1.2497,3.9664,C,07/25/2025 11:23:36 AM,0.0000,28.7777,28.4188,28.6310,0.0,0.0
3802,0,8,  0d 01:03:13.51,  0d 00:08:37.05,1.2500,3.9664,C,07/25/2025 11:23:37 AM,0.0000,28.7777,28.4188,28.6310,0.0,0.0
3803,0,8,  0d 01:03:14.51,  0d 00:08:38.05,1.2497,3.9664,C,07/25/2025 11:23:38 AM,0.0000,28.7777,28.4188,28.6310,0.0,0.0
3804,0,8,  0d 01:03:15.51,  0d 00:08:39.05,1.2503,3.9667,C,07/25/2025 11:23:39 AM,0.0000,28.7777,28.4188,28.6310,0.0,0.0
3805,0,8,  0d 01:03:16.51,  0d 00:08:40.05,1.2500,3.9667,C,07/25/2025 11:23:40 AM,0.0000,28.7777,28.4188,28.6310,0.0,0.0
3806,0,8,  0d 01:03:17.51,  0d 00:08:41.05,1.2500,3.9669,C,07/25/2025 11:23:41 AM,0.0000,28.7777,28.4188,28.6310,0.0,0.0
3807,0,8,  0d 01:03:18.51,  0d 00:08:42.05,1.2497,3.9670,C,07/25/2025 11:23:42 AM,0.0000,28.7777,28.4188,28.6310,0.0,0.0
3808,0,8,  0d 01:03:19.51,  0d 00:08:43.05,1.2497,3.9670,C,07/25/2025 11:23:43 AM,0.0000,28.7777,28.4188,28.6310,0.0,0.0
3809,0,8,  0d 01:03:20.51,  0d 00:08:44.05,1.2500,3.9672,C,07/25/2025 11:23:44 AM,0.0000,28.7777,28.4188,28.6310,0.0,0.0
3810,0,8,  0d 01:03:21.51,  0d 00:08:45.05,1.2497,3.9673,C,07/25/2025 11:23:45 AM,0.0000,28.7622,28.4188,28.6310,0.0,0.0
3811,0,8,  0d 01:03:22.51,  0d 00:08:46.05,1.2494,3.9673,C,07/25/2025 11:23:46 AM,0.0000,28.7622,28.4188,28.6310,0.0,0.0
3812,0,8,  0d 01:03:23.51,  0d 00:08:47.05,1.2503,3.9675,C,07/25/2025 11:23:47 AM,0.0000,28.7622,28.4188,28.6310,0.0,0.0
3813,0,8,  0d 01:03:24.51,  0d 00:08:48.05,1.2497,3.9676,C,07/25/2025 11:23:48 AM,0.0000,28.7622,28.4188,28.6310,0.0,0.0
3814,0,8,  0d 01:03:25.51,  0d 00:08:49.05,1.2506,3.9677,C,07/25/2025 11:23:49 AM,0.0000,28.7622,28.4188,28.6310,0.0,0.0
3815,0,8,  0d 01:03:26.51,  0d 00:08:50.05,1.2497,3.9678,C,07/25/2025 11:23:51 AM,0.0000,28.7622,28.4033,28.6310,0.0,0.0
3816,0,8,  0d 01:03:27.51,  0d 00:08:51.05,1.2500,3.9679,C,07/25/2025 11:23:51 AM,0.0000,28.7622,28.4033,28.6310,0.0,0.0
3817,0,8,  0d 01:03:28.51,  0d 00:08:52.05,1.2500,3.9681,C,07/25/2025 11:23:52 AM,0.0000,28.7622,28.4033,28.6310,0.0,0.0
3818,0,8,  0d 01:03:29.51,  0d 00:08:53.05,1.2500,3.9682,C,07/25/2025 11:23:53 AM,0.0000,28.7622,28.4033,28.6310,0.0,0.0
3819,0,8,  0d 01:03:30.51,  0d 00:08:54.05,1.2503,3.9682,C,07/25/2025 11:23:54 AM,0.0000,28.7622,28.4188,28.6310,0.0,0.0
3820,0,8,  0d 01:03:31.51,  0d 00:08:55.05,1.2497,3.9684,C,07/25/2025 11:23:55 AM,0.0000,28.7622,28.4188,28.6310,0.0,0.0
3821,0,8,  0d 01:03:32.51,  0d 00:08:56.05,1.2503,3.9686,C,07/25/2025 11:23:56 AM,0.0000,28.7777,28.4188,28.6310,0.0,0.0
3822,0,8,  0d 01:03:33.51,  0d 00:08:57.05,1.2500,3.9687,C,07/25/2025 11:23:57 AM,0.0000,28.7622,28.4188,28.6310,0.0,0.0
3823,0,8,  0d 01:03:34.51,  0d 00:08:58.05,1.2506,3.9686,C,07/25/2025 11:23:58 AM,0.0000,28.7777,28.4188,28.6310,0.0,0.0
3824,0,8,  0d 01:03:35.51,  0d 00:08:59.05,1.2506,3.9689,C,07/25/2025 11:23:59 AM,0.0000,28.7777,28.4188,28.6310,0.0,0.0
3825,0,8,  0d 01:03:36.51,  0d 00:09:00.05,1.2503,3.9689,C,07/25/2025 11:24:01 AM,0.0000,28.7777,28.4188,28.6310,0.0,0.0
3826,0,8,  0d 01:03:37.51,  0d 00:09:01.05,1.2494,3.9689,C,07/25/2025 11:24:01 AM,0.0000,28.7777,28.4188,28.6310,0.0,0.0
3827,0,8,  0d 01:03:38.51,  0d 00:09:02.05,1.2494,3.9692,C,07/25/2025 11:24:02 AM,0.0000,28.7777,28.4188,28.6310,0.0,0.0
3828,0,8,  0d 01:03:39.51,  0d 00:09:03.05,1.2494,3.9693,C,07/25/2025 11:24:03 AM,0.0000,28.7777,28.4188,28.6310,0.0,0.0
3829,0,8,  0d 01:03:40.51,  0d 00:09:04.05,1.2503,3.9694,C,07/25/2025 11:24:04 AM,0.0000,28.7777,28.4188,28.6310,0.0,0.0
3830,0,8,  0d 01:03:41.51,  0d 00:09:05.05,1.2509,3.9694,C,07/25/2025 11:24:05 AM,0.0000,28.7777,28.4188,28.6310,0.0,0.0
3831,0,8,  0d 01:03:42.51,  0d 00:09:06.05,1.2503,3.9696,C,07/25/2025 11:24:06 AM,0.0000,28.7622,28.4188,28.6310,0.0,0.0
3832,0,8,  0d 01:03:43.51,  0d 00:09:07.05,1.2503,3.9696,C,07/25/2025 11:24:07 AM,0.0000,28.7622,28.4188,28.6310,0.0,0.0
3833,0,8,  0d 01:03:44.51,  0d 00:09:08.05,1.2500,3.9697,C,07/25/2025 11:24:08 AM,0.0000,28.7622,28.4188,28.6310,0.0,0.0
3834,0,8,  0d 01:03:45.51,  0d 00:09:09.05,1.2500,3.9699,C,07/25/2025 11:24:09 AM,0.0000,28.7777,28.4188,28.6310,0.0,0.0
3835,0,8,  0d 01:03:46.51,  0d 00:09:10.05,1.2503,3.9699,C,07/25/2025 11:24:10 AM,0.0000,28.7777,28.4188,28.6310,0.0,0.0
3836,0,8,  0d 01:03:47.51,  0d 00:09:11.05,1.2500,3.9702,C,07/25/2025 11:24:11 AM,0.0000,28.7777,28.4188,28.6310,0.0,0.0
3837,0,8,  0d 01:03:48.51,  0d 00:09:12.05,1.2500,3.9702,C,07/25/2025 11:24:12 AM,0.0000,28.7622,28.4188,28.6310,0.0,0.0
3838,0,8,  0d 01:03:49.51,  0d 00:09:13.05,1.2497,3.9703,C,07/25/2025 11:24:13 AM,0.0000,28.7622,28.4188,28.6310,0.0,0.0
3839,0,8,  0d 01:03:50.51,  0d 00:09:14.05,1.2500,3.9704,C,07/25/2025 11:24:14 AM,0.0000,28.7777,28.4188,28.6310,0.0,0.0
3840,0,8,  0d 01:03:51.51,  0d 00:09:15.05,1.2500,3.9706,C,07/25/2025 11:24:15 AM,0.0000,28.7777,28.4188,28.6310,0.0,0.0
3841,0,8,  0d 01:03:52.51,  0d 00:09:16.05,1.2500,3.9706,C,07/25/2025 11:24:16 AM,0.0000,28.7777,28.4188,28.6310,0.0,0.0
3842,0,8,  0d 01:03:53.51,  0d 00:09:17.05,1.2497,3.9707,C,07/25/2025 11:24:17 AM,0.0000,28.7777,28.4344,28.6310,0.0,0.0
3843,0,8,  0d 01:03:54.51,  0d 00:09:18.05,1.2503,3.9709,C,07/25/2025 11:24:18 AM,0.0000,28.7777,28.4344,28.6310,0.0,0.0
3844,0,8,  0d 01:03:55.51,  0d 00:09:19.05,1.2500,3.9709,C,07/25/2025 11:24:19 AM,0.0000,28.7777,28.4188,28.6310,0.0,0.0
3845,0,8,  0d 01:03:56.51,  0d 00:09:20.05,1.2497,3.9710,C,07/25/2025 11:24:20 AM,0.0000,28.7777,28.4188,28.6310,0.0,0.0
3846,0,8,  0d 01:03:57.51,  0d 00:09:21.05,1.2500,3.9712,C,07/25/2025 11:24:21 AM,0.0000,28.7777,28.4188,28.6310,0.0,0.0
3847,0,8,  0d 01:03:58.51,  0d 00:09:22.05,1.2497,3.9715,C,07/25/2025 11:24:22 AM,0.0000,28.7777,28.4188,28.6310,0.0,0.0
3848,0,8,  0d 01:03:59.51,  0d 00:09:23.05,1.2497,3.9716,C,07/25/2025 11:24:23 AM,0.0000,28.7777,28.4188,28.6310,0.0,0.0
3849,0,8,  0d 01:04:00.51,  0d 00:09:24.05,1.2500,3.9716,C,07/25/2025 11:24:24 AM,0.0000,28.7932,28.4188,28.6310,0.0,0.0
3850,0,8,  0d 01:04:01.51,  0d 00:09:25.05,1.2503,3.9717,C,07/25/2025 11:24:25 AM,0.0000,28.7932,28.4188,28.6310,0.0,0.0
3851,0,8,  0d 01:04:02.51,  0d 00:09:26.05,1.2503,3.9718,C,07/25/2025 11:24:26 AM,0.0000,28.7932,28.4344,28.6465,0.0,0.0
3852,0,8,  0d 01:04:03.51,  0d 00:09:27.05,1.2497,3.9719,C,07/25/2025 11:24:27 AM,0.0000,28.7932,28.4344,28.6465,0.0,0.0
3853,0,8,  0d 01:04:04.51,  0d 00:09:28.05,1.2506,3.9720,C,07/25/2025 11:24:28 AM,0.0000,28.7932,28.4344,28.6465,0.0,0.0
3854,0,8,  0d 01:04:05.51,  0d 00:09:29.05,1.2500,3.9722,C,07/25/2025 11:24:29 AM,0.0000,28.7932,28.4344,28.6465,0.0,0.0
3855,0,8,  0d 01:04:06.51,  0d 00:09:30.05,1.2497,3.9724,C,07/25/2025 11:24:30 AM,0.0000,28.7777,28.4344,28.6465,0.0,0.0
3856,0,8,  0d 01:04:07.51,  0d 00:09:31.05,1.2494,3.9724,C,07/25/2025 11:24:31 AM,0.0000,28.7777,28.4344,28.6465,0.0,0.0
3857,0,8,  0d 01:04:08.51,  0d 00:09:32.05,1.2497,3.9725,C,07/25/2025 11:24:32 AM,0.0000,28.7932,28.4344,28.6465,0.0,0.0
3858,0,8,  0d 01:04:09.51,  0d 00:09:33.05,1.2503,3.9726,C,07/25/2025 11:24:33 AM,0.0000,28.7777,28.4344,28.6465,0.0,0.0
3859,0,8,  0d 01:04:10.51,  0d 00:09:34.05,1.2497,3.9728,C,07/25/2025 11:24:34 AM,0.0000,28.7777,28.4344,28.6465,0.0,0.0
3860,0,8,  0d 01:04:11.51,  0d 00:09:35.05,1.2497,3.9729,C,07/25/2025 11:24:35 AM,0.0000,28.7777,28.4344,28.6465,0.0,0.0
3861,0,8,  0d 01:04:12.51,  0d 00:09:36.05,1.2497,3.9729,C,07/25/2025 11:24:36 AM,0.0000,28.7777,28.4344,28.6465,0.0,0.0
3862,0,8,  0d 01:04:13.51,  0d 00:09:37.05,1.2500,3.9731,C,07/25/2025 11:24:37 AM,0.0000,28.7777,28.4344,28.6465,0.0,0.0
3863,0,8,  0d 01:04:14.51,  0d 00:09:38.05,1.2497,3.9731,C,07/25/2025 11:24:38 AM,0.0000,28.7932,28.4344,28.6465,0.0,0.0
3864,0,8,  0d 01:04:15.51,  0d 00:09:39.05,1.2506,3.9733,C,07/25/2025 11:24:39 AM,0.0000,28.7932,28.4344,28.6465,0.0,0.0
3865,0,8,  0d 01:04:16.51,  0d 00:09:40.05,1.2497,3.9734,C,07/25/2025 11:24:40 AM,0.0000,28.7932,28.4344,28.6465,0.0,0.0
3866,0,8,  0d 01:04:17.51,  0d 00:09:41.05,1.2503,3.9734,C,07/25/2025 11:24:41 AM,0.0000,28.7932,28.4344,28.6465,0.0,0.0
3867,0,8,  0d 01:04:18.51,  0d 00:09:42.05,1.2503,3.9737,C,07/25/2025 11:24:42 AM,0.0000,28.7777,28.4344,28.6465,0.0,0.0
3868,0,8,  0d 01:04:19.51,  0d 00:09:43.05,1.2500,3.9738,C,07/25/2025 11:24:43 AM,0.0000,28.7777,28.4344,28.6465,0.0,0.0
3869,0,8,  0d 01:04:20.51,  0d 00:09:44.05,1.2497,3.9739,C,07/25/2025 11:24:44 AM,0.0000,28.7777,28.4344,28.6465,0.0,0.0
3870,0,8,  0d 01:04:21.51,  0d 00:09:45.05,1.2506,3.9741,C,07/25/2025 11:24:45 AM,0.0000,28.7932,28.4344,28.6465,0.0,0.0
3871,0,8,  0d 01:04:22.51,  0d 00:09:46.05,1.2500,3.9741,C,07/25/2025 11:24:46 AM,0.0000,28.7932,28.4344,28.6465,0.0,0.0
3872,0,8,  0d 01:04:23.51,  0d 00:09:47.05,1.2500,3.9741,C,07/25/2025 11:24:47 AM,0.0000,28.7932,28.4344,28.6465,0.0,0.0
3873,0,8,  0d 01:04:24.51,  0d 00:09:48.05,1.2503,3.9743,C,07/25/2025 11:24:48 AM,0.0000,28.7932,28.4344,28.6465,0.0,0.0
3874,0,8,  0d 01:04:25.51,  0d 00:09:49.05,1.2500,3.9744,C,07/25/2025 11:24:49 AM,0.0000,28.7932,28.4344,28.6465,0.0,0.0
3875,0,8,  0d 01:04:26.51,  0d 00:09:50.05,1.2497,3.9744,C,07/25/2025 11:24:50 AM,0.0000,28.7932,28.4344,28.6465,0.0,0.0
3876,0,8,  0d 01:04:27.51,  0d 00:09:51.05,1.2500,3.9745,C,07/25/2025 11:24:51 AM,0.0000,28.7932,28.4344,28.6465,0.0,0.0
3877,0,8,  0d 01:04:28.51,  0d 00:09:52.05,1.2497,3.9748,C,07/25/2025 11:24:52 AM,0.0000,28.7932,28.4344,28.6465,0.0,0.0
3878,0,8,  0d 01:04:29.51,  0d 00:09:53.05,1.2503,3.9750,C,07/25/2025 11:24:53 AM,0.0000,28.7932,28.4344,28.6465,0.0,0.0
3879,0,8,  0d 01:04:30.51,  0d 00:09:54.05,1.2497,3.9751,C,07/25/2025 11:24:54 AM,0.0000,28.7932,28.4344,28.6465,0.0,0.0
3880,0,8,  0d 01:04:31.51,  0d 00:09:55.05,1.2500,3.9753,C,07/25/2025 11:24:55 AM,0.0000,28.7777,28.4188,28.6465,0.0,0.0
3881,0,8,  0d 01:04:32.51,  0d 00:09:56.05,1.2500,3.9753,C,07/25/2025 11:24:56 AM,0.0000,28.7777,28.4344,28.6465,0.0,0.0
3882,0,8,  0d 01:04:33.51,  0d 00:09:57.05,1.2503,3.9755,C,07/25/2025 11:24:57 AM,0.0000,28.7777,28.4344,28.6465,0.0,0.0
3883,0,8,  0d 01:04:34.51,  0d 00:09:58.05,1.2497,3.9755,C,07/25/2025 11:24:58 AM,0.0000,28.7622,28.4344,28.6465,0.0,0.0
3884,0,8,  0d 01:04:35.51,  0d 00:09:59.05,1.2494,3.9756,C,07/25/2025 11:24:59 AM,0.0000,28.7777,28.4344,28.6465,0.0,0.0
3885,0,8,  0d 01:04:36.51,  0d 00:10:00.05,1.2497,3.9758,C,07/25/2025 11:25:00 AM,0.0000,28.7777,28.4344,28.6310,0.0,0.0
3886,0,8,  0d 01:04:37.51,  0d 00:10:01.05,1.2503,3.9759,C,07/25/2025 11:25:02 AM,0.0000,28.7777,28.4344,28.6310,0.0,0.0
3887,0,8,  0d 01:04:38.51,  0d 00:10:02.05,1.2500,3.9761,C,07/25/2025 11:25:02 AM,0.0000,28.7932,28.4344,28.6310,0.0,0.0
3888,0,8,  0d 01:04:39.51,  0d 00:10:03.05,1.2500,3.9762,C,07/25/2025 11:25:03 AM,0.0000,28.7932,28.4344,28.6310,0.0,0.0
3889,0,8,  0d 01:04:40.51,  0d 00:10:04.05,1.2500,3.9762,C,07/25/2025 11:25:04 AM,0.0000,28.7932,28.4344,28.6310,0.0,0.0
3890,0,8,  0d 01:04:41.51,  0d 00:10:05.05,1.2497,3.9763,C,07/25/2025 11:25:05 AM,0.0000,28.7777,28.4344,28.6465,0.0,0.0
3891,0,8,  0d 01:04:42.51,  0d 00:10:06.05,1.2503,3.9765,C,07/25/2025 11:25:06 AM,0.0000,28.7777,28.4344,28.6465,0.0,0.0
3892,0,8,  0d 01:04:43.51,  0d 00:10:07.05,1.2500,3.9766,C,07/25/2025 11:25:07 AM,0.0000,28.7777,28.4344,28.6465,0.0,0.0
3893,0,8,  0d 01:04:44.51,  0d 00:10:08.05,1.2497,3.9767,C,07/25/2025 11:25:08 AM,0.0000,28.7777,28.4344,28.6465,0.0,0.0
3894,0,8,  0d 01:04:45.51,  0d 00:10:09.05,1.2500,3.9770,C,07/25/2025 11:25:09 AM,0.0000,28.7777,28.4344,28.6465,0.0,0.0
3895,0,8,  0d 01:04:46.51,  0d 00:10:10.05,1.2500,3.9770,C,07/25/2025 11:25:10 AM,0.0000,28.7777,28.4344,28.6465,0.0,0.0
3896,0,8,  0d 01:04:47.51,  0d 00:10:11.05,1.2497,3.9771,C,07/25/2025 11:25:12 AM,0.0000,28.7932,28.4344,28.6465,0.0,0.0
3897,0,8,  0d 01:04:48.51,  0d 00:10:12.05,1.2494,3.9772,C,07/25/2025 11:25:12 AM,0.0000,28.7932,28.4344,28.6310,0.0,0.0
3898,0,8,  0d 01:04:49.51,  0d 00:10:13.05,1.2500,3.9773,C,07/25/2025 11:25:13 AM,0.0000,28.7777,28.4344,28.6310,0.0,0.0
3899,0,8,  0d 01:04:50.51,  0d 00:10:14.05,1.2503,3.9775,C,07/25/2025 11:25:14 AM,0.0000,28.7777,28.4344,28.6465,0.0,0.0
3900,0,8,  0d 01:04:51.51,  0d 00:10:15.05,1.2500,3.9775,C,07/25/2025 11:25:15 AM,0.0000,28.7777,28.4344,28.6465,0.0,0.0
3901,0,8,  0d 01:04:52.51,  0d 00:10:16.05,1.2500,3.9776,C,07/25/2025 11:25:16 AM,0.0000,28.7932,28.4344,28.6465,0.0,0.0
3902,0,8,  0d 01:04:53.51,  0d 00:10:17.05,1.2500,3.9780,C,07/25/2025 11:25:17 AM,0.0000,28.7932,28.4344,28.6465,0.0,0.0
3903,0,8,  0d 01:04:54.51,  0d 00:10:18.05,1.2494,3.9780,C,07/25/2025 11:25:18 AM,0.0000,28.7932,28.4344,28.6465,0.0,0.0
3904,0,8,  0d 01:04:55.51,  0d 00:10:19.05,1.2497,3.9781,C,07/25/2025 11:25:19 AM,0.0000,28.7777,28.4344,28.6465,0.0,0.0
3905,0,8,  0d 01:04:56.51,  0d 00:10:20.05,1.2497,3.9783,C,07/25/2025 11:25:20 AM,0.0000,28.7777,28.4344,28.6465,0.0,0.0
3906,0,8,  0d 01:04:57.51,  0d 00:10:21.05,1.2497,3.9784,C,07/25/2025 11:25:21 AM,0.0000,28.7777,28.4344,28.6465,0.0,0.0
3907,0,8,  0d 01:04:58.51,  0d 00:10:22.05,1.2494,3.9784,C,07/25/2025 11:25:22 AM,0.0000,28.7777,28.4344,28.6465,0.0,0.0
3908,0,8,  0d 01:04:59.51,  0d 00:10:23.05,1.2500,3.9786,C,07/25/2025 11:25:23 AM,0.0000,28.7777,28.4344,28.6465,0.0,0.0
3909,0,8,  0d 01:05:00.51,  0d 00:10:24.05,1.2500,3.9788,C,07/25/2025 11:25:24 AM,0.0000,28.7777,28.4344,28.6465,0.0,0.0
3910,0,8,  0d 01:05:01.51,  0d 00:10:25.05,1.2503,3.9789,C,07/25/2025 11:25:25 AM,0.0000,28.7777,28.4344,28.6465,0.0,0.0
3911,0,8,  0d 01:05:02.51,  0d 00:10:26.05,1.2500,3.9790,C,07/25/2025 11:25:26 AM,0.0000,28.7932,28.4344,28.6465,0.0,0.0
3912,0,8,  0d 01:05:03.51,  0d 00:10:27.05,1.2497,3.9790,C,07/25/2025 11:25:27 AM,0.0000,28.7932,28.4344,28.6465,0.0,0.0
3913,0,8,  0d 01:05:04.51,  0d 00:10:28.05,1.2500,3.9792,C,07/25/2025 11:25:28 AM,0.0000,28.7932,28.4344,28.6465,0.0,0.0
3914,0,8,  0d 01:05:05.51,  0d 00:10:29.05,1.2503,3.9794,C,07/25/2025 11:25:29 AM,0.0000,28.7932,28.4344,28.6465,0.0,0.0
3915,0,8,  0d 01:05:06.51,  0d 00:10:30.05,1.2497,3.9793,C,07/25/2025 11:25:30 AM,0.0000,28.7932,28.4344,28.6465,0.0,0.0
3916,0,8,  0d 01:05:07.51,  0d 00:10:31.05,1.2503,3.9795,C,07/25/2025 11:25:31 AM,0.0000,28.7932,28.4344,28.6620,0.0,0.0
3917,0,8,  0d 01:05:08.51,  0d 00:10:32.05,1.2497,3.9796,C,07/25/2025 11:25:32 AM,0.0000,28.7932,28.4344,28.6620,0.0,0.0
3918,0,8,  0d 01:05:09.51,  0d 00:10:33.05,1.2503,3.9797,C,07/25/2025 11:25:33 AM,0.0000,28.7932,28.4499,28.6620,0.0,0.0
3919,0,8,  0d 01:05:10.51,  0d 00:10:34.05,1.2494,3.9799,C,07/25/2025 11:25:34 AM,0.0000,28.7932,28.4499,28.6620,0.0,0.0
3920,0,8,  0d 01:05:11.51,  0d 00:10:35.05,1.2497,3.9800,C,07/25/2025 11:25:35 AM,0.0000,28.7932,28.4499,28.6620,0.0,0.0
3921,0,8,  0d 01:05:12.51,  0d 00:10:36.05,1.2503,3.9801,C,07/25/2025 11:25:36 AM,0.0000,28.7932,28.4499,28.6620,0.0,0.0
3922,0,8,  0d 01:05:13.51,  0d 00:10:37.05,1.2497,3.9802,C,07/25/2025 11:25:37 AM,0.0000,28.7932,28.4344,28.6465,0.0,0.0
3923,0,8,  0d 01:05:14.51,  0d 00:10:38.05,1.2500,3.9802,C,07/25/2025 11:25:38 AM,0.0000,28.7932,28.4499,28.6465,0.0,0.0
3924,0,8,  0d 01:05:15.51,  0d 00:10:39.05,1.2497,3.9805,C,07/25/2025 11:25:39 AM,0.0000,28.7932,28.4499,28.6465,0.0,0.0
3925,0,8,  0d 01:05:16.51,  0d 00:10:40.05,1.2503,3.9807,C,07/25/2025 11:25:40 AM,0.0000,28.7932,28.4499,28.6465,0.0,0.0
3926,0,8,  0d 01:05:17.51,  0d 00:10:41.05,1.2500,3.9808,C,07/25/2025 11:25:41 AM,0.0000,28.7932,28.4499,28.6465,0.0,0.0
3927,0,8,  0d 01:05:18.51,  0d 00:10:42.05,1.2500,3.9809,C,07/25/2025 11:25:42 AM,0.0000,28.7932,28.4499,28.6465,0.0,0.0
3928,0,8,  0d 01:05:19.51,  0d 00:10:43.05,1.2500,3.9809,C,07/25/2025 11:25:43 AM,0.0000,28.7932,28.4344,28.6465,0.0,0.0
3929,0,8,  0d 01:05:20.51,  0d 00:10:44.05,1.2497,3.9812,C,07/25/2025 11:25:44 AM,0.0000,28.7932,28.4344,28.6465,0.0,0.0
3930,0,8,  0d 01:05:21.51,  0d 00:10:45.05,1.2500,3.9812,C,07/25/2025 11:25:45 AM,0.0000,28.7932,28.4344,28.6465,0.0,0.0
3931,0,8,  0d 01:05:22.51,  0d 00:10:46.05,1.2500,3.9815,C,07/25/2025 11:25:46 AM,0.0000,28.7932,28.4344,28.6465,0.0,0.0
3932,0,8,  0d 01:05:23.51,  0d 00:10:47.05,1.2500,3.9815,C,07/25/2025 11:25:47 AM,0.0000,28.7777,28.4344,28.6465,0.0,0.0
3933,0,8,  0d 01:05:24.51,  0d 00:10:48.05,1.2497,3.9817,C,07/25/2025 11:25:48 AM,0.0000,28.7777,28.4344,28.6465,0.0,0.0
3934,0,8,  0d 01:05:25.51,  0d 00:10:49.05,1.2500,3.9818,C,07/25/2025 11:25:49 AM,0.0000,28.7777,28.4344,28.6465,0.0,0.0
3935,0,8,  0d 01:05:26.51,  0d 00:10:50.05,1.2491,3.9819,C,07/25/2025 11:25:50 AM,0.0000,28.7777,28.4344,28.6465,0.0,0.0
3936,0,8,  0d 01:05:27.51,  0d 00:10:51.05,1.2497,3.9820,C,07/25/2025 11:25:51 AM,0.0000,28.7777,28.4344,28.6465,0.0,0.0
3937,0,8,  0d 01:05:28.51,  0d 00:10:52.05,1.2500,3.9821,C,07/25/2025 11:25:52 AM,0.0000,28.7777,28.4344,28.6465,0.0,0.0
3938,0,8,  0d 01:05:29.51,  0d 00:10:53.05,1.2500,3.9824,C,07/25/2025 11:25:53 AM,0.0000,28.7777,28.4344,28.6465,0.0,0.0
3939,0,8,  0d 01:05:30.51,  0d 00:10:54.05,1.2500,3.9824,C,07/25/2025 11:25:54 AM,0.0000,28.7932,28.4344,28.6465,0.0,0.0
3940,0,8,  0d 01:05:31.51,  0d 00:10:55.05,1.2497,3.9826,C,07/25/2025 11:25:55 AM,0.0000,28.7932,28.4344,28.6465,0.0,0.0
3941,0,8,  0d 01:05:32.51,  0d 00:10:56.05,1.2497,3.9826,C,07/25/2025 11:25:56 AM,0.0000,28.7777,28.4188,28.6465,0.0,0.0
3942,0,8,  0d 01:05:33.51,  0d 00:10:57.05,1.2497,3.9829,C,07/25/2025 11:25:57 AM,0.0000,28.7777,28.4188,28.6465,0.0,0.0
3943,0,8,  0d 01:05:34.51,  0d 00:10:58.05,1.2500,3.9830,C,07/25/2025 11:25:58 AM,0.0000,28.7777,28.4188,28.6465,0.0,0.0
3944,0,8,  0d 01:05:35.51,  0d 00:10:59.05,1.2494,3.9831,C,07/25/2025 11:25:59 AM,0.0000,28.7777,28.4344,28.6465,0.0,0.0
3945,0,8,  0d 01:05:36.51,  0d 00:11:00.05,1.2500,3.9832,C,07/25/2025 11:26:00 AM,0.0000,28.7777,28.4344,28.6465,0.0,0.0
3946,0,8,  0d 01:05:37.51,  0d 00:11:01.05,1.2500,3.9834,C,07/25/2025 11:26:01 AM,0.0000,28.7777,28.4344,28.6465,0.0,0.0
3947,0,8,  0d 01:05:38.51,  0d 00:11:02.05,1.2503,3.9834,C,07/25/2025 11:26:02 AM,0.0000,28.7777,28.4344,28.6465,0.0,0.0
3948,0,8,  0d 01:05:39.51,  0d 00:11:03.05,1.2503,3.9834,C,07/25/2025 11:26:03 AM,0.0000,28.7777,28.4188,28.6310,0.0,0.0
3949,0,8,  0d 01:05:40.51,  0d 00:11:04.05,1.2500,3.9837,C,07/25/2025 11:26:04 AM,0.0000,28.7777,28.4344,28.6310,0.0,0.0
3950,0,8,  0d 01:05:41.51,  0d 00:11:05.05,1.2503,3.9837,C,07/25/2025 11:26:05 AM,0.0000,28.7777,28.4344,28.6310,0.0,0.0
3951,0,8,  0d 01:05:42.51,  0d 00:11:06.05,1.2497,3.9841,C,07/25/2025 11:26:06 AM,0.0000,28.7777,28.4344,28.6310,0.0,0.0
3952,0,8,  0d 01:05:43.51,  0d 00:11:07.05,1.2500,3.9839,C,07/25/2025 11:26:07 AM,0.0000,28.7777,28.4188,28.6310,0.0,0.0
3953,0,8,  0d 01:05:44.51,  0d 00:11:08.05,1.2494,3.9842,C,07/25/2025 11:26:08 AM,0.0000,28.7777,28.4188,28.6310,0.0,0.0
3954,0,8,  0d 01:05:45.51,  0d 00:11:09.05,1.2494,3.9843,C,07/25/2025 11:26:09 AM,0.0000,28.7777,28.4188,28.6310,0.0,0.0
3955,0,8,  0d 01:05:46.51,  0d 00:11:10.05,1.2494,3.9845,C,07/25/2025 11:26:10 AM,0.0000,28.7777,28.4344,28.6310,0.0,0.0
3956,0,8,  0d 01:05:47.51,  0d 00:11:11.05,1.2500,3.9845,C,07/25/2025 11:26:11 AM,0.0000,28.7777,28.4188,28.6310,0.0,0.0
3957,0,8,  0d 01:05:48.51,  0d 00:11:12.05,1.2503,3.9848,C,07/25/2025 11:26:13 AM,0.0000,28.7622,28.4188,28.6310,0.0,0.0
3958,0,8,  0d 01:05:49.51,  0d 00:11:13.05,1.2500,3.9849,C,07/25/2025 11:26:13 AM,0.0000,28.7622,28.4188,28.6310,0.0,0.0
3959,0,8,  0d 01:05:50.51,  0d 00:11:14.05,1.2497,3.9851,C,07/25/2025 11:26:14 AM,0.0000,28.7622,28.4344,28.6465,0.0,0.0
3960,0,8,  0d 01:05:51.51,  0d 00:11:15.05,1.2500,3.9850,C,07/25/2025 11:26:15 AM,0.0000,28.7622,28.4344,28.6465,0.0,0.0
3961,0,8,  0d 01:05:52.51,  0d 00:11:16.05,1.2503,3.9853,C,07/25/2025 11:26:16 AM,0.0000,28.7777,28.4344,28.6465,0.0,0.0
3962,0,8,  0d 01:05:53.51,  0d 00:11:17.05,1.2497,3.9854,C,07/25/2025 11:26:17 AM,0.0000,28.7777,28.4344,28.6310,0.0,0.0
3963,0,8,  0d 01:05:54.51,  0d 00:11:18.05,1.2497,3.9855,C,07/25/2025 11:26:18 AM,0.0000,28.7777,28.4344,28.6465,0.0,0.0
3964,0,8,  0d 01:05:55.51,  0d 00:11:19.05,1.2500,3.9856,C,07/25/2025 11:26:19 AM,0.0000,28.7777,28.4344,28.6465,0.0,0.0
3965,0,8,  0d 01:05:56.51,  0d 00:11:20.05,1.2491,3.9858,C,07/25/2025 11:26:20 AM,0.0000,28.7932,28.4344,28.6465,0.0,0.0
3966,0,8,  0d 01:05:57.51,  0d 00:11:21.05,1.2497,3.9858,C,07/25/2025 11:26:21 AM,0.0000,28.7932,28.4344,28.6465,0.0,0.0
3967,0,8,  0d 01:05:58.51,  0d 00:11:22.05,1.2500,3.9860,C,07/25/2025 11:26:23 AM,0.0000,28.7932,28.4344,28.6310,0.0,0.0
3968,0,8,  0d 01:05:59.51,  0d 00:11:23.05,1.2500,3.9861,C,07/25/2025 11:26:23 AM,0.0000,28.7932,28.4344,28.6310,0.0,0.0
3969,0,8,  0d 01:06:00.51,  0d 00:11:24.05,1.2500,3.9862,C,07/25/2025 11:26:24 AM,0.0000,28.7777,28.4344,28.6310,0.0,0.0
3970,0,8,  0d 01:06:01.51,  0d 00:11:25.05,1.2494,3.9864,C,07/25/2025 11:26:25 AM,0.0000,28.7777,28.4188,28.6465,0.0,0.0
3971,0,8,  0d 01:06:02.51,  0d 00:11:26.05,1.2497,3.9866,C,07/25/2025 11:26:26 AM,0.0000,28.7777,28.4344,28.6465,0.0,0.0
3972,0,8,  0d 01:06:03.51,  0d 00:11:27.05,1.2497,3.9866,C,07/25/2025 11:26:27 AM,0.0000,28.7932,28.4344,28.6465,0.0,0.0
3973,0,8,  0d 01:06:04.51,  0d 00:11:28.05,1.2497,3.9868,C,07/25/2025 11:26:28 AM,0.0000,28.7932,28.4344,28.6465,0.0,0.0
3974,0,8,  0d 01:06:05.51,  0d 00:11:29.05,1.2506,3.9868,C,07/25/2025 11:26:29 AM,0.0000,28.7932,28.4344,28.6465,0.0,0.0
3975,0,8,  0d 01:06:06.51,  0d 00:11:30.05,1.2500,3.9871,C,07/25/2025 11:26:30 AM,0.0000,28.7932,28.4344,28.6465,0.0,0.0
3976,0,8,  0d 01:06:07.51,  0d 00:11:31.05,1.2494,3.9873,C,07/25/2025 11:26:31 AM,0.0000,28.7932,28.4344,28.6465,0.0,0.0
3977,0,8,  0d 01:06:08.51,  0d 00:11:32.05,1.2497,3.9873,C,07/25/2025 11:26:33 AM,0.0000,28.7777,28.4344,28.6465,0.0,0.0
3978,0,8,  0d 01:06:09.51,  0d 00:11:33.05,1.2494,3.9873,C,07/25/2025 11:26:33 AM,0.0000,28.7777,28.4344,28.6465,0.0,0.0
3979,0,8,  0d 01:06:10.51,  0d 00:11:34.05,1.2500,3.9876,C,07/25/2025 11:26:34 AM,0.0000,28.7932,28.4344,28.6465,0.0,0.0
3980,0,8,  0d 01:06:11.51,  0d 00:11:35.05,1.2503,3.9878,C,07/25/2025 11:26:35 AM,0.0000,28.7932,28.4344,28.6465,0.0,0.0
3981,0,8,  0d 01:06:12.51,  0d 00:11:36.05,1.2497,3.9879,C,07/25/2025 11:26:36 AM,0.0000,28.7932,28.4344,28.6465,0.0,0.0
3982,0,8,  0d 01:06:13.51,  0d 00:11:37.05,1.2494,3.9880,C,07/25/2025 11:26:37 AM,0.0000,28.7932,28.4344,28.6465,0.0,0.0
3983,0,8,  0d 01:06:14.51,  0d 00:11:38.05,1.2503,3.9883,C,07/25/2025 11:26:38 AM,0.0000,28.7932,28.4344,28.6465,0.0,0.0
3984,0,8,  0d 01:06:15.51,  0d 00:11:39.05,1.2500,3.9883,C,07/25/2025 11:26:39 AM,0.0000,28.7932,28.4344,28.6465,0.0,0.0
3985,0,8,  0d 01:06:16.51,  0d 00:11:40.05,1.2497,3.9883,C,07/25/2025 11:26:40 AM,0.0000,28.7932,28.4344,28.6465,0.0,0.0
3986,0,8,  0d 01:06:17.51,  0d 00:11:41.05,1.2500,3.9885,C,07/25/2025 11:26:41 AM,0.0000,28.7932,28.4344,28.6465,0.0,0.0
3987,0,8,  0d 01:06:18.51,  0d 00:11:42.05,1.2497,3.9887,C,07/25/2025 11:26:42 AM,0.0000,28.7932,28.4344,28.6465,0.0,0.0
3988,0,8,  0d 01:06:19.51,  0d 00:11:43.05,1.2500,3.9889,C,07/25/2025 11:26:43 AM,0.0000,28.7932,28.4344,28.6465,0.0,0.0
3989,0,8,  0d 01:06:20.51,  0d 00:11:44.05,1.2500,3.9890,C,07/25/2025 11:26:44 AM,0.0000,28.7777,28.4344,28.6465,0.0,0.0
3990,0,8,  0d 01:06:21.51,  0d 00:11:45.05,1.2497,3.9892,C,07/25/2025 11:26:45 AM,0.0000,28.7777,28.4499,28.6465,0.0,0.0
3991,0,8,  0d 01:06:22.51,  0d 00:11:46.05,1.2500,3.9892,C,07/25/2025 11:26:46 AM,0.0000,28.7777,28.4344,28.6465,0.0,0.0
3992,0,8,  0d 01:06:23.51,  0d 00:11:47.05,1.2497,3.9892,C,07/25/2025 11:26:47 AM,0.0000,28.7777,28.4499,28.6465,0.0,0.0
3993,0,8,  0d 01:06:24.51,  0d 00:11:48.05,1.2497,3.9893,C,07/25/2025 11:26:48 AM,0.0000,28.7777,28.4499,28.6465,0.0,0.0
3994,0,8,  0d 01:06:25.51,  0d 00:11:49.05,1.2497,3.9896,C,07/25/2025 11:26:49 AM,0.0000,28.7777,28.4499,28.6465,0.0,0.0
3995,0,8,  0d 01:06:26.51,  0d 00:11:50.05,1.2500,3.9897,C,07/25/2025 11:26:50 AM,0.0000,28.7777,28.4499,28.6465,0.0,0.0
3996,0,8,  0d 01:06:27.51,  0d 00:11:51.05,1.2503,3.9899,C,07/25/2025 11:26:51 AM,0.0000,28.7777,28.4344,28.6465,0.0,0.0
3997,0,8,  0d 01:06:28.51,  0d 00:11:52.05,1.2503,3.9899,C,07/25/2025 11:26:52 AM,0.0000,28.7932,28.4344,28.6465,0.0,0.0
3998,0,8,  0d 01:06:29.51,  0d 00:11:53.05,1.2500,3.9902,C,07/25/2025 11:26:53 AM,0.0000,28.7932,28.4344,28.6465,0.0,0.0
3999,0,8,  0d 01:06:30.51,  0d 00:11:54.05,1.2500,3.9902,C,07/25/2025 11:26:54 AM,0.0000,28.7932,28.4344,28.6465,0.0,0.0
4000,0,8,  0d 01:06:31.51,  0d 00:11:55.05,1.2500,3.9903,C,07/25/2025 11:26:55 AM,0.0000,28.7932,28.4344,28.6465,0.0,0.0
4001,0,8,  0d 01:06:32.51,  0d 00:11:56.05,1.2497,3.9904,C,07/25/2025 11:26:56 AM,0.0000,28.7932,28.4344,28.6465,0.0,0.0
4002,0,8,  0d 01:06:33.51,  0d 00:11:57.05,1.2500,3.9905,C,07/25/2025 11:26:57 AM,0.0000,28.7932,28.4344,28.6465,0.0,0.0
4003,0,8,  0d 01:06:34.51,  0d 00:11:58.05,1.2497,3.9909,C,07/25/2025 11:26:58 AM,0.0000,28.7932,28.4344,28.6465,0.0,0.0
4004,0,8,  0d 01:06:35.51,  0d 00:11:59.05,1.2494,3.9911,C,07/25/2025 11:26:59 AM,0.0000,28.7932,28.4344,28.6465,0.0,0.0
4005,0,8,  0d 01:06:36.51,  0d 00:12:00.05,1.2494,3.9912,C,07/25/2025 11:27:00 AM,0.0000,28.7932,28.4344,28.6465,0.0,0.0
4006,0,8,  0d 01:06:37.51,  0d 00:12:01.05,1.2494,3.9914,C,07/25/2025 11:27:01 AM,0.0000,28.7777,28.4344,28.6465,0.0,0.0
4007,0,8,  0d 01:06:38.51,  0d 00:12:02.05,1.2500,3.9915,C,07/25/2025 11:27:02 AM,0.0000,28.7932,28.4344,28.6465,0.0,0.0
4008,0,8,  0d 01:06:39.51,  0d 00:12:03.05,1.2503,3.9916,C,07/25/2025 11:27:03 AM,0.0000,28.7932,28.4344,28.6465,0.0,0.0
4009,0,8,  0d 01:06:40.51,  0d 00:12:04.05,1.2506,3.9918,C,07/25/2025 11:27:04 AM,0.0000,28.7932,28.4344,28.6465,0.0,0.0
4010,0,8,  0d 01:06:41.51,  0d 00:12:05.05,1.2500,3.9918,C,07/25/2025 11:27:05 AM,0.0000,28.7932,28.4344,28.6465,0.0,0.0
4011,0,8,  0d 01:06:42.51,  0d 00:12:06.05,1.2500,3.9920,C,07/25/2025 11:27:06 AM,0.0000,28.7932,28.4344,28.6465,0.0,0.0
4012,0,8,  0d 01:06:43.51,  0d 00:12:07.05,1.2500,3.9921,C,07/25/2025 11:27:07 AM,0.0000,28.7932,28.4344,28.6465,0.0,0.0
4013,0,8,  0d 01:06:44.51,  0d 00:12:08.05,1.2497,3.9921,C,07/25/2025 11:27:08 AM,0.0000,28.7932,28.4188,28.6465,0.0,0.0
4014,0,8,  0d 01:06:45.51,  0d 00:12:09.05,1.2500,3.9924,C,07/25/2025 11:27:09 AM,0.0000,28.7932,28.4188,28.6465,0.0,0.0
4015,0,8,  0d 01:06:46.51,  0d 00:12:10.05,1.2500,3.9926,C,07/25/2025 11:27:10 AM,0.0000,28.7932,28.4344,28.6465,0.0,0.0
4016,0,8,  0d 01:06:47.51,  0d 00:12:11.05,1.2500,3.9926,C,07/25/2025 11:27:11 AM,0.0000,28.7777,28.4344,28.6465,0.0,0.0
4017,0,8,  0d 01:06:48.51,  0d 00:12:12.05,1.2503,3.9928,C,07/25/2025 11:27:12 AM,0.0000,28.7777,28.4344,28.6465,0.0,0.0
4018,0,8,  0d 01:06:49.51,  0d 00:12:13.05,1.2497,3.9929,C,07/25/2025 11:27:13 AM,0.0000,28.7777,28.4344,28.6465,0.0,0.0
4019,0,8,  0d 01:06:50.51,  0d 00:12:14.05,1.2500,3.9931,C,07/25/2025 11:27:14 AM,0.0000,28.7777,28.4344,28.6465,0.0,0.0
4020,0,8,  0d 01:06:51.51,  0d 00:12:15.05,1.2500,3.9932,C,07/25/2025 11:27:15 AM,0.0000,28.7932,28.4344,28.6310,0.0,0.0
4021,0,8,  0d 01:06:52.51,  0d 00:12:16.05,1.2500,3.9933,C,07/25/2025 11:27:16 AM,0.0000,28.7777,28.4344,28.6465,0.0,0.0
4022,0,8,  0d 01:06:53.51,  0d 00:12:17.05,1.2500,3.9935,C,07/25/2025 11:27:17 AM,0.0000,28.7777,28.4344,28.6465,0.0,0.0
4023,0,8,  0d 01:06:54.51,  0d 00:12:18.05,1.2500,3.9937,C,07/25/2025 11:27:18 AM,0.0000,28.7777,28.4188,28.6465,0.0,0.0
4024,0,8,  0d 01:06:55.51,  0d 00:12:19.05,1.2500,3.9937,C,07/25/2025 11:27:19 AM,0.0000,28.7777,28.4188,28.6465,0.0,0.0
4025,0,8,  0d 01:06:56.51,  0d 00:12:20.05,1.2500,3.9938,C,07/25/2025 11:27:20 AM,0.0000,28.7932,28.4188,28.6465,0.0,0.0
4026,0,8,  0d 01:06:57.51,  0d 00:12:21.05,1.2500,3.9941,C,07/25/2025 11:27:21 AM,0.0000,28.7932,28.4188,28.6465,0.0,0.0
4027,0,8,  0d 01:06:58.51,  0d 00:12:22.05,1.2497,3.9943,C,07/25/2025 11:27:22 AM,0.0000,28.7932,28.4344,28.6465,0.0,0.0
4028,0,8,  0d 01:06:59.51,  0d 00:12:23.05,1.2500,3.9944,C,07/25/2025 11:27:23 AM,0.0000,28.7932,28.4344,28.6465,0.0,0.0
4029,0,8,  0d 01:07:00.51,  0d 00:12:24.05,1.2500,3.9945,C,07/25/2025 11:27:24 AM,0.0000,28.7777,28.4344,28.6465,0.0,0.0
4030,0,8,  0d 01:07:01.51,  0d 00:12:25.05,1.2503,3.9946,C,07/25/2025 11:27:25 AM,0.0000,28.7777,28.4344,28.6465,0.0,0.0
4031,0,8,  0d 01:07:02.51,  0d 00:12:26.05,1.2500,3.9948,C,07/25/2025 11:27:26 AM,0.0000,28.7777,28.4344,28.6465,0.0,0.0
4032,0,8,  0d 01:07:03.51,  0d 00:12:27.05,1.2503,3.9950,C,07/25/2025 11:27:27 AM,0.0000,28.7777,28.4344,28.6465,0.0,0.0
4033,0,8,  0d 01:07:04.51,  0d 00:12:28.05,1.2497,3.9950,C,07/25/2025 11:27:28 AM,0.0000,28.7777,28.4344,28.6465,0.0,0.0
4034,0,8,  0d 01:07:05.51,  0d 00:12:29.05,1.2500,3.9952,C,07/25/2025 11:27:29 AM,0.0000,28.7622,28.4344,28.6465,0.0,0.0
4035,0,8,  0d 01:07:06.51,  0d 00:12:30.05,1.2500,3.9954,C,07/25/2025 11:27:30 AM,0.0000,28.7777,28.4344,28.6465,0.0,0.0
4036,0,8,  0d 01:07:07.51,  0d 00:12:31.05,1.2500,3.9955,C,07/25/2025 11:27:31 AM,0.0000,28.7777,28.4344,28.6465,0.0,0.0
4037,0,8,  0d 01:07:08.51,  0d 00:12:32.05,1.2497,3.9955,C,07/25/2025 11:27:32 AM,0.0000,28.7777,28.4344,28.6465,0.0,0.0
4038,0,8,  0d 01:07:09.51,  0d 00:12:33.05,1.2503,3.9957,C,07/25/2025 11:27:34 AM,0.0000,28.7777,28.4344,28.6465,0.0,0.0
4039,0,8,  0d 01:07:10.51,  0d 00:12:34.05,1.2497,3.9959,C,07/25/2025 11:27:34 AM,0.0000,28.7932,28.4344,28.6465,0.0,0.0
4040,0,8,  0d 01:07:11.51,  0d 00:12:35.05,1.2494,3.9960,C,07/25/2025 11:27:35 AM,0.0000,28.7932,28.4344,28.6465,0.0,0.0
4041,0,8,  0d 01:07:12.51,  0d 00:12:36.05,1.2506,3.9962,C,07/25/2025 11:27:36 AM,0.0000,28.7932,28.4344,28.6465,0.0,0.0
4042,0,8,  0d 01:07:13.51,  0d 00:12:37.05,1.2497,3.9963,C,07/25/2025 11:27:37 AM,0.0000,28.7932,28.4344,28.6465,0.0,0.0
4043,0,8,  0d 01:07:14.51,  0d 00:12:38.05,1.2497,3.9964,C,07/25/2025 11:27:38 AM,0.0000,28.7932,28.4344,28.6465,0.0,0.0
4044,0,8,  0d 01:07:15.51,  0d 00:12:39.05,1.2494,3.9966,C,07/25/2025 11:27:39 AM,0.0000,28.7932,28.4344,28.6465,0.0,0.0
4045,0,8,  0d 01:07:16.51,  0d 00:12:40.05,1.2500,3.9967,C,07/25/2025 11:27:40 AM,0.0000,28.7932,28.4344,28.6465,0.0,0.0
4046,0,8,  0d 01:07:17.51,  0d 00:12:41.05,1.2497,3.9969,C,07/25/2025 11:27:41 AM,0.0000,28.7932,28.4344,28.6465,0.0,0.0
4047,0,8,  0d 01:07:18.51,  0d 00:12:42.05,1.2500,3.9969,C,07/25/2025 11:27:42 AM,0.0000,28.7932,28.4344,28.6465,0.0,0.0
4048,0,8,  0d 01:07:19.51,  0d 00:12:43.05,1.2497,3.9972,C,07/25/2025 11:27:44 AM,0.0000,28.7932,28.4344,28.6465,0.0,0.0
4049,0,8,  0d 01:07:20.51,  0d 00:12:44.05,1.2500,3.9973,C,07/25/2025 11:27:44 AM,0.0000,28.7932,28.4344,28.6465,0.0,0.0
4050,0,8,  0d 01:07:21.51,  0d 00:12:45.05,1.2503,3.9973,C,07/25/2025 11:27:45 AM,0.0000,28.7932,28.4344,28.6465,0.0,0.0
4051,0,8,  0d 01:07:22.51,  0d 00:12:46.05,1.2500,3.9976,C,07/25/2025 11:27:46 AM,0.0000,28.7932,28.4344,28.6465,0.0,0.0
4052,0,8,  0d 01:07:23.51,  0d 00:12:47.05,1.2500,3.9979,C,07/25/2025 11:27:47 AM,0.0000,28.7932,28.4344,28.6465,0.0,0.0
4053,0,8,  0d 01:07:24.51,  0d 00:12:48.05,1.2500,3.9979,C,07/25/2025 11:27:48 AM,0.0000,28.7932,28.4499,28.6465,0.0,0.0
4054,0,8,  0d 01:07:25.51,  0d 00:12:49.05,1.2497,3.9981,C,07/25/2025 11:27:49 AM,0.0000,28.7932,28.4499,28.6465,0.0,0.0
4055,0,8,  0d 01:07:26.51,  0d 00:12:50.05,1.2494,3.9982,C,07/25/2025 11:27:50 AM,0.0000,28.7932,28.4499,28.6465,0.0,0.0
4056,0,8,  0d 01:07:27.51,  0d 00:12:51.05,1.2497,3.9982,C,07/25/2025 11:27:51 AM,0.0000,28.7932,28.4499,28.6465,0.0,0.0
4057,0,8,  0d 01:07:28.51,  0d 00:12:52.05,1.2503,3.9985,C,07/25/2025 11:27:52 AM,0.0000,28.8087,28.4499,28.6620,0.0,0.0
4058,0,8,  0d 01:07:29.51,  0d 00:12:53.05,1.2500,3.9989,C,07/25/2025 11:27:53 AM,0.0000,28.8087,28.4499,28.6620,0.0,0.0
4059,0,8,  0d 01:07:30.51,  0d 00:12:54.05,1.2500,3.9988,C,07/25/2025 11:27:54 AM,0.0000,28.8087,28.4499,28.6620,0.0,0.0
4060,0,8,  0d 01:07:31.51,  0d 00:12:55.05,1.2497,3.9989,C,07/25/2025 11:27:55 AM,0.0000,28.7932,28.4499,28.6620,0.0,0.0
4061,0,8,  0d 01:07:32.51,  0d 00:12:56.05,1.2497,3.9991,C,07/25/2025 11:27:56 AM,0.0000,28.7932,28.4499,28.6620,0.0,0.0
4062,0,8,  0d 01:07:33.51,  0d 00:12:57.05,1.2497,3.9992,C,07/25/2025 11:27:57 AM,0.0000,28.7932,28.4499,28.6620,0.0,0.0
4063,0,8,  0d 01:07:34.51,  0d 00:12:58.05,1.2503,3.9994,C,07/25/2025 11:27:58 AM,0.0000,28.7932,28.4499,28.6620,0.0,0.0
4064,0,8,  0d 01:07:35.51,  0d 00:12:59.05,1.2497,3.9995,C,07/25/2025 11:27:59 AM,0.0000,28.7932,28.4499,28.6620,0.0,0.0
4065,0,8,  0d 01:07:36.51,  0d 00:13:00.05,1.2503,3.9997,C,07/25/2025 11:28:00 AM,0.0000,28.7932,28.4499,28.6620,0.0,0.0
4066,0,8,  0d 01:07:37.51,  0d 00:13:01.05,1.2500,3.9998,C,07/25/2025 11:28:01 AM,0.0000,28.7932,28.4499,28.6620,0.0,0.0
4067,0,8,  0d 01:07:38.51,  0d 00:13:02.05,1.2500,4.0001,C,07/25/2025 11:28:02 AM,0.0000,28.7932,28.4499,28.6465,0.0,0.0
4068,0,8,  0d 01:07:39.51,  0d 00:13:03.05,1.2497,4.0002,C,07/25/2025 11:28:03 AM,0.0000,28.7932,28.4499,28.6620,0.0,0.0
4069,0,8,  0d 01:07:40.51,  0d 00:13:04.05,1.2497,4.0003,C,07/25/2025 11:28:04 AM,0.0000,28.7932,28.4499,28.6620,0.0,0.0
4070,0,8,  0d 01:07:41.51,  0d 00:13:05.05,1.2506,4.0005,C,07/25/2025 11:28:05 AM,0.0000,28.7932,28.4344,28.6465,0.0,0.0
4071,0,8,  0d 01:07:42.51,  0d 00:13:06.05,1.2500,4.0005,C,07/25/2025 11:28:06 AM,0.0000,28.7932,28.4344,28.6465,0.0,0.0
4072,0,8,  0d 01:07:43.51,  0d 00:13:07.05,1.2503,4.0007,C,07/25/2025 11:28:07 AM,0.0000,28.7932,28.4344,28.6465,0.0,0.0
4073,0,8,  0d 01:07:44.51,  0d 00:13:08.05,1.2500,4.0010,C,07/25/2025 11:28:08 AM,0.0000,28.7932,28.4344,28.6465,0.0,0.0
4074,0,8,  0d 01:07:45.51,  0d 00:13:09.05,1.2500,4.0011,C,07/25/2025 11:28:09 AM,0.0000,28.7777,28.4344,28.6465,0.0,0.0
4075,0,8,  0d 01:07:46.51,  0d 00:13:10.05,1.2500,4.0012,C,07/25/2025 11:28:10 AM,0.0000,28.7777,28.4344,28.6465,0.0,0.0
4076,0,8,  0d 01:07:47.51,  0d 00:13:11.05,1.2500,4.0014,C,07/25/2025 11:28:11 AM,0.0000,28.7777,28.4344,28.6465,0.0,0.0
4077,0,8,  0d 01:07:48.51,  0d 00:13:12.05,1.2497,4.0015,C,07/25/2025 11:28:12 AM,0.0000,28.7932,28.4344,28.6465,0.0,0.0
4078,0,8,  0d 01:07:49.51,  0d 00:13:13.05,1.2500,4.0018,C,07/25/2025 11:28:13 AM,0.0000,28.7932,28.4344,28.6465,0.0,0.0
4079,0,8,  0d 01:07:50.51,  0d 00:13:14.05,1.2497,4.0018,C,07/25/2025 11:28:14 AM,0.0000,28.7932,28.4344,28.6465,0.0,0.0
4080,0,8,  0d 01:07:51.51,  0d 00:13:15.05,1.2494,4.0020,C,07/25/2025 11:28:15 AM,0.0000,28.7777,28.4344,28.6465,0.0,0.0
4081,0,8,  0d 01:07:52.51,  0d 00:13:16.05,1.2494,4.0021,C,07/25/2025 11:28:16 AM,0.0000,28.7932,28.4344,28.6465,0.0,0.0
4082,0,8,  0d 01:07:53.51,  0d 00:13:17.05,1.2503,4.0023,C,07/25/2025 11:28:17 AM,0.0000,28.7932,28.4344,28.6465,0.0,0.0
4083,0,8,  0d 01:07:54.51,  0d 00:13:18.05,1.2503,4.0023,C,07/25/2025 11:28:18 AM,0.0000,28.7932,28.4344,28.6465,0.0,0.0
4084,0,8,  0d 01:07:55.51,  0d 00:13:19.05,1.2494,4.0025,C,07/25/2025 11:28:19 AM,0.0000,28.7932,28.4344,28.6465,0.0,0.0
4085,0,8,  0d 01:07:56.51,  0d 00:13:20.05,1.2500,4.0026,C,07/25/2025 11:28:20 AM,0.0000,28.7932,28.4344,28.6465,0.0,0.0
4086,0,8,  0d 01:07:57.51,  0d 00:13:21.05,1.2503,4.0029,C,07/25/2025 11:28:21 AM,0.0000,28.7932,28.4344,28.6465,0.0,0.0
4087,0,8,  0d 01:07:58.51,  0d 00:13:22.05,1.2503,4.0029,C,07/25/2025 11:28:22 AM,0.0000,28.7932,28.4344,28.6465,0.0,0.0
4088,0,8,  0d 01:07:59.51,  0d 00:13:23.05,1.2497,4.0031,C,07/25/2025 11:28:23 AM,0.0000,28.7932,28.4344,28.6465,0.0,0.0
4089,0,8,  0d 01:08:00.51,  0d 00:13:24.05,1.2497,4.0033,C,07/25/2025 11:28:24 AM,0.0000,28.7932,28.4344,28.6465,0.0,0.0
4090,0,8,  0d 01:08:01.51,  0d 00:13:25.05,1.2500,4.0034,C,07/25/2025 11:28:25 AM,0.0000,28.7777,28.4344,28.6465,0.0,0.0
4091,0,8,  0d 01:08:02.51,  0d 00:13:26.05,1.2497,4.0037,C,07/25/2025 11:28:26 AM,0.0000,28.7777,28.4344,28.6465,0.0,0.0
4092,0,8,  0d 01:08:03.51,  0d 00:13:27.05,1.2497,4.0037,C,07/25/2025 11:28:27 AM,0.0000,28.7777,28.4344,28.6310,0.0,0.0
4093,0,8,  0d 01:08:04.51,  0d 00:13:28.05,1.2500,4.0040,C,07/25/2025 11:28:28 AM,0.0000,28.7932,28.4344,28.6465,0.0,0.0
4094,0,8,  0d 01:08:05.51,  0d 00:13:29.05,1.2497,4.0041,C,07/25/2025 11:28:29 AM,0.0000,28.7932,28.4344,28.6465,0.0,0.0
4095,0,8,  0d 01:08:06.51,  0d 00:13:30.05,1.2500,4.0043,C,07/25/2025 11:28:30 AM,0.0000,28.7932,28.4344,28.6310,0.0,0.0
4096,0,8,  0d 01:08:07.51,  0d 00:13:31.05,1.2500,4.0043,C,07/25/2025 11:28:31 AM,0.0000,28.7932,28.4344,28.6465,0.0,0.0
4097,0,8,  0d 01:08:08.51,  0d 00:13:32.05,1.2500,4.0046,C,07/25/2025 11:28:32 AM,0.0000,28.7932,28.4344,28.6465,0.0,0.0
4098,0,8,  0d 01:08:09.51,  0d 00:13:33.05,1.2500,4.0047,C,07/25/2025 11:28:33 AM,0.0000,28.7932,28.4344,28.6465,0.0,0.0
4099,0,8,  0d 01:08:10.51,  0d 00:13:34.05,1.2500,4.0048,C,07/25/2025 11:28:34 AM,0.0000,28.7932,28.4344,28.6465,0.0,0.0
4100,0,8,  0d 01:08:11.51,  0d 00:13:35.05,1.2503,4.0050,C,07/25/2025 11:28:35 AM,0.0000,28.7932,28.4344,28.6465,0.0,0.0
4101,0,8,  0d 01:08:12.51,  0d 00:13:36.05,1.2500,4.0053,C,07/25/2025 11:28:36 AM,0.0000,28.7932,28.4344,28.6465,0.0,0.0
4102,0,8,  0d 01:08:13.51,  0d 00:13:37.05,1.2503,4.0052,C,07/25/2025 11:28:37 AM,0.0000,28.7932,28.4344,28.6465,0.0,0.0
4103,0,8,  0d 01:08:14.51,  0d 00:13:38.05,1.2500,4.0054,C,07/25/2025 11:28:38 AM,0.0000,28.7932,28.4344,28.6465,0.0,0.0
4104,0,8,  0d 01:08:15.51,  0d 00:13:39.05,1.2503,4.0056,C,07/25/2025 11:28:39 AM,0.0000,28.7932,28.4344,28.6465,0.0,0.0
4105,0,8,  0d 01:08:16.51,  0d 00:13:40.05,1.2503,4.0057,C,07/25/2025 11:28:40 AM,0.0000,28.7932,28.4344,28.6465,0.0,0.0
4106,0,8,  0d 01:08:17.51,  0d 00:13:41.05,1.2497,4.0059,C,07/25/2025 11:28:41 AM,0.0000,28.7932,28.4344,28.6465,0.0,0.0
4107,0,8,  0d 01:08:18.51,  0d 00:13:42.05,1.2497,4.0060,C,07/25/2025 11:28:42 AM,0.0000,28.7932,28.4344,28.6465,0.0,0.0
4108,0,8,  0d 01:08:19.51,  0d 00:13:43.05,1.2500,4.0063,C,07/25/2025 11:28:43 AM,0.0000,28.7932,28.4344,28.6465,0.0,0.0
4109,0,8,  0d 01:08:20.51,  0d 00:13:44.05,1.2500,4.0063,C,07/25/2025 11:28:45 AM,0.0000,28.7777,28.4344,28.6465,0.0,0.0
4110,0,8,  0d 01:08:21.51,  0d 00:13:45.05,1.2497,4.0064,C,07/25/2025 11:28:45 AM,0.0000,28.7777,28.4344,28.6465,0.0,0.0
4111,0,8,  0d 01:08:22.51,  0d 00:13:46.05,1.2497,4.0066,C,07/25/2025 11:28:46 AM,0.0000,28.7777,28.4344,28.6465,0.0,0.0
4112,0,8,  0d 01:08:23.51,  0d 00:13:47.05,1.2503,4.0069,C,07/25/2025 11:28:47 AM,0.0000,28.7777,28.4344,28.6465,0.0,0.0
4113,0,8,  0d 01:08:24.51,  0d 00:13:48.05,1.2500,4.0071,C,07/25/2025 11:28:48 AM,0.0000,28.7932,28.4344,28.6465,0.0,0.0
4114,0,8,  0d 01:08:25.51,  0d 00:13:49.05,1.2494,4.0072,C,07/25/2025 11:28:49 AM,0.0000,28.7932,28.4344,28.6465,0.0,0.0
4115,0,8,  0d 01:08:26.51,  0d 00:13:50.05,1.2509,4.0075,C,07/25/2025 11:28:50 AM,0.0000,28.7932,28.4344,28.6465,0.0,0.0
4116,0,8,  0d 01:08:27.51,  0d 00:13:51.05,1.2503,4.0075,C,07/25/2025 11:28:51 AM,0.0000,28.7932,28.4344,28.6465,0.0,0.0
4117,0,8,  0d 01:08:28.51,  0d 00:13:52.05,1.2494,4.0076,C,07/25/2025 11:28:52 AM,0.0000,28.7932,28.4344,28.6465,0.0,0.0
4118,0,8,  0d 01:08:29.51,  0d 00:13:53.05,1.2506,4.0077,C,07/25/2025 11:28:53 AM,0.0000,28.7932,28.4344,28.6465,0.0,0.0
4119,0,8,  0d 01:08:30.51,  0d 00:13:54.05,1.2494,4.0080,C,07/25/2025 11:28:55 AM,0.0000,28.7932,28.4344,28.6465,0.0,0.0
4120,0,8,  0d 01:08:31.51,  0d 00:13:55.05,1.2494,4.0082,C,07/25/2025 11:28:55 AM,0.0000,28.7932,28.4344,28.6465,0.0,0.0
4121,0,8,  0d 01:08:32.51,  0d 00:13:56.05,1.2500,4.0082,C,07/25/2025 11:28:56 AM,0.0000,28.7932,28.4499,28.6465,0.0,0.0
4122,0,8,  0d 01:08:33.51,  0d 00:13:57.05,1.2503,4.0083,C,07/25/2025 11:28:57 AM,0.0000,28.7932,28.4499,28.6465,0.0,0.0
4123,0,8,  0d 01:08:34.51,  0d 00:13:58.05,1.2497,4.0085,C,07/25/2025 11:28:58 AM,0.0000,28.7932,28.4499,28.6465,0.0,0.0
4124,0,8,  0d 01:08:35.51,  0d 00:13:59.05,1.2506,4.0086,C,07/25/2025 11:28:59 AM,0.0000,28.7932,28.4344,28.6465,0.0,0.0
4125,0,8,  0d 01:08:36.51,  0d 00:14:00.05,1.2494,4.0088,C,07/25/2025 11:29:00 AM,0.0000,28.7932,28.4344,28.6465,0.0,0.0
4126,0,8,  0d 01:08:37.51,  0d 00:14:01.05,1.2500,4.0090,C,07/25/2025 11:29:01 AM,0.0000,28.7932,28.4344,28.6465,0.0,0.0
4127,0,8,  0d 01:08:38.51,  0d 00:14:02.05,1.2491,4.0092,C,07/25/2025 11:29:02 AM,0.0000,28.7932,28.4344,28.6465,0.0,0.0
4128,0,8,  0d 01:08:39.51,  0d 00:14:03.05,1.2497,4.0093,C,07/25/2025 11:29:03 AM,0.0000,28.7932,28.4344,28.6465,0.0,0.0
4129,0,8,  0d 01:08:40.51,  0d 00:14:04.05,1.2500,4.0095,C,07/25/2025 11:29:04 AM,0.0000,28.7932,28.4344,28.6465,0.0,0.0
4130,0,8,  0d 01:08:41.51,  0d 00:14:05.05,1.2497,4.0096,C,07/25/2025 11:29:05 AM,0.0000,28.7932,28.4344,28.6465,0.0,0.0
4131,0,8,  0d 01:08:42.51,  0d 00:14:06.05,1.2497,4.0098,C,07/25/2025 11:29:06 AM,0.0000,28.7932,28.4344,28.6465,0.0,0.0
4132,0,8,  0d 01:08:43.51,  0d 00:14:07.05,1.2497,4.0099,C,07/25/2025 11:29:07 AM,0.0000,28.7932,28.4344,28.6465,0.0,0.0
4133,0,8,  0d 01:08:44.51,  0d 00:14:08.05,1.2497,4.0101,C,07/25/2025 11:29:08 AM,0.0000,28.7932,28.4499,28.6465,0.0,0.0
4134,0,8,  0d 01:08:45.51,  0d 00:14:09.05,1.2494,4.0101,C,07/25/2025 11:29:09 AM,0.0000,28.7932,28.4499,28.6465,0.0,0.0
4135,0,8,  0d 01:08:46.51,  0d 00:14:10.05,1.2500,4.0105,C,07/25/2025 11:29:10 AM,0.0000,28.7932,28.4499,28.6465,0.0,0.0
4136,0,8,  0d 01:08:47.51,  0d 00:14:11.05,1.2497,4.0106,C,07/25/2025 11:29:11 AM,0.0000,28.7932,28.4499,28.6465,0.0,0.0
4137,0,8,  0d 01:08:48.51,  0d 00:14:12.05,1.2500,4.0108,C,07/25/2025 11:29:12 AM,0.0000,28.7932,28.4499,28.6620,0.0,0.0
4138,0,8,  0d 01:08:49.51,  0d 00:14:13.05,1.2500,4.0108,C,07/25/2025 11:29:13 AM,0.0000,28.7932,28.4499,28.6620,0.0,0.0
4139,0,8,  0d 01:08:50.51,  0d 00:14:14.05,1.2503,4.0111,C,07/25/2025 11:29:14 AM,0.0000,28.7932,28.4499,28.6465,0.0,0.0
4140,0,8,  0d 01:08:51.51,  0d 00:14:15.05,1.2497,4.0113,C,07/25/2025 11:29:15 AM,0.0000,28.7932,28.4499,28.6465,0.0,0.0
4141,0,8,  0d 01:08:52.51,  0d 00:14:16.05,1.2497,4.0114,C,07/25/2025 11:29:16 AM,0.0000,28.7932,28.4344,28.6620,0.0,0.0
4142,0,8,  0d 01:08:53.51,  0d 00:14:17.05,1.2503,4.0117,C,07/25/2025 11:29:17 AM,0.0000,28.7932,28.4344,28.6620,0.0,0.0
4143,0,8,  0d 01:08:54.51,  0d 00:14:18.05,1.2503,4.0117,C,07/25/2025 11:29:18 AM,0.0000,28.7932,28.4344,28.6620,0.0,0.0
4144,0,8,  0d 01:08:55.51,  0d 00:14:19.05,1.2506,4.0119,C,07/25/2025 11:29:19 AM,0.0000,28.7932,28.4344,28.6620,0.0,0.0
4145,0,8,  0d 01:08:56.51,  0d 00:14:20.05,1.2500,4.0120,C,07/25/2025 11:29:20 AM,0.0000,28.8087,28.4499,28.6620,0.0,0.0
4146,0,8,  0d 01:08:57.51,  0d 00:14:21.05,1.2503,4.0121,C,07/25/2025 11:29:21 AM,0.0000,28.8087,28.4499,28.6620,0.0,0.0
4147,0,8,  0d 01:08:58.51,  0d 00:14:22.05,1.2500,4.0122,C,07/25/2025 11:29:22 AM,0.0000,28.7932,28.4499,28.6620,0.0,0.0
4148,0,8,  0d 01:08:59.51,  0d 00:14:23.05,1.2500,4.0125,C,07/25/2025 11:29:23 AM,0.0000,28.7932,28.4499,28.6620,0.0,0.0
4149,0,8,  0d 01:09:00.51,  0d 00:14:24.05,1.2500,4.0127,C,07/25/2025 11:29:24 AM,0.0000,28.7932,28.4499,28.6620,0.0,0.0
4150,0,8,  0d 01:09:01.51,  0d 00:14:25.05,1.2497,4.0128,C,07/25/2025 11:29:25 AM,0.0000,28.7932,28.4499,28.6620,0.0,0.0
4151,0,8,  0d 01:09:02.51,  0d 00:14:26.05,1.2500,4.0128,C,07/25/2025 11:29:26 AM,0.0000,28.7932,28.4499,28.6620,0.0,0.0
4152,0,8,  0d 01:09:03.51,  0d 00:14:27.05,1.2500,4.0131,C,07/25/2025 11:29:27 AM,0.0000,28.7932,28.4499,28.6620,0.0,0.0
4153,0,8,  0d 01:09:04.51,  0d 00:14:28.05,1.2497,4.0133,C,07/25/2025 11:29:28 AM,0.0000,28.7932,28.4499,28.6465,0.0,0.0
4154,0,8,  0d 01:09:05.51,  0d 00:14:29.05,1.2503,4.0135,C,07/25/2025 11:29:29 AM,0.0000,28.7932,28.4499,28.6620,0.0,0.0
4155,0,8,  0d 01:09:06.51,  0d 00:14:30.05,1.2500,4.0137,C,07/25/2025 11:29:30 AM,0.0000,28.7932,28.4499,28.6620,0.0,0.0
4156,0,8,  0d 01:09:07.51,  0d 00:14:31.05,1.2500,4.0139,C,07/25/2025 11:29:31 AM,0.0000,28.7932,28.4499,28.6620,0.0,0.0
4157,0,8,  0d 01:09:08.51,  0d 00:14:32.05,1.2497,4.0140,C,07/25/2025 11:29:32 AM,0.0000,28.7932,28.4499,28.6620,0.0,0.0
4158,0,8,  0d 01:09:09.51,  0d 00:14:33.05,1.2497,4.0142,C,07/25/2025 11:29:33 AM,0.0000,28.7932,28.4499,28.6620,0.0,0.0
4159,0,8,  0d 01:09:10.51,  0d 00:14:34.05,1.2494,4.0143,C,07/25/2025 11:29:34 AM,0.0000,28.7932,28.4499,28.6465,0.0,0.0
4160,0,8,  0d 01:09:11.51,  0d 00:14:35.05,1.2500,4.0144,C,07/25/2025 11:29:35 AM,0.0000,28.7932,28.4499,28.6465,0.0,0.0
4161,0,8,  0d 01:09:12.51,  0d 00:14:36.05,1.2497,4.0146,C,07/25/2025 11:29:36 AM,0.0000,28.7932,28.4344,28.6465,0.0,0.0
4162,0,8,  0d 01:09:13.51,  0d 00:14:37.05,1.2500,4.0147,C,07/25/2025 11:29:37 AM,0.0000,28.7932,28.4344,28.6465,0.0,0.0
4163,0,8,  0d 01:09:14.51,  0d 00:14:38.05,1.2491,4.0147,C,07/25/2025 11:29:38 AM,0.0000,28.7932,28.4499,28.6465,0.0,0.0
4164,0,8,  0d 01:09:15.51,  0d 00:14:39.05,1.2497,4.0150,C,07/25/2025 11:29:39 AM,0.0000,28.7932,28.4344,28.6465,0.0,0.0
4165,0,8,  0d 01:09:16.51,  0d 00:14:40.05,1.2503,4.0152,C,07/25/2025 11:29:40 AM,0.0000,28.7932,28.4344,28.6465,0.0,0.0
4166,0,8,  0d 01:09:17.51,  0d 00:14:41.05,1.2506,4.0153,C,07/25/2025 11:29:41 AM,0.0000,28.7932,28.4344,28.6465,0.0,0.0
4167,0,8,  0d 01:09:18.51,  0d 00:14:42.05,1.2497,4.0154,C,07/25/2025 11:29:42 AM,0.0000,28.7932,28.4344,28.6465,0.0,0.0
4168,0,8,  0d 01:09:19.51,  0d 00:14:43.05,1.2497,4.0158,C,07/25/2025 11:29:43 AM,0.0000,28.7932,28.4344,28.6465,0.0,0.0
4169,0,8,  0d 01:09:20.51,  0d 00:14:44.05,1.2497,4.0158,C,07/25/2025 11:29:44 AM,0.0000,28.7932,28.4344,28.6465,0.0,0.0
4170,0,8,  0d 01:09:21.51,  0d 00:14:45.05,1.2497,4.0162,C,07/25/2025 11:29:45 AM,0.0000,28.7932,28.4344,28.6465,0.0,0.0
4171,0,8,  0d 01:09:22.51,  0d 00:14:46.05,1.2500,4.0163,C,07/25/2025 11:29:46 AM,0.0000,28.8087,28.4344,28.6465,0.0,0.0
4172,0,8,  0d 01:09:23.51,  0d 00:14:47.05,1.2494,4.0165,C,07/25/2025 11:29:47 AM,0.0000,28.7932,28.4344,28.6465,0.0,0.0
4173,0,8,  0d 01:09:24.51,  0d 00:14:48.05,1.2500,4.0166,C,07/25/2025 11:29:48 AM,0.0000,28.7932,28.4344,28.6465,0.0,0.0
4174,0,8,  0d 01:09:25.51,  0d 00:14:49.05,1.2500,4.0168,C,07/25/2025 11:29:49 AM,0.0000,28.7932,28.4344,28.6465,0.0,0.0
4175,0,8,  0d 01:09:26.51,  0d 00:14:50.05,1.2500,4.0169,C,07/25/2025 11:29:50 AM,0.0000,28.7777,28.4344,28.6465,0.0,0.0
4176,0,8,  0d 01:09:27.51,  0d 00:14:51.05,1.2497,4.0171,C,07/25/2025 11:29:51 AM,0.0000,28.7777,28.4499,28.6465,0.0,0.0
4177,0,8,  0d 01:09:28.51,  0d 00:14:52.05,1.2500,4.0173,C,07/25/2025 11:29:52 AM,0.0000,28.7777,28.4499,28.6465,0.0,0.0
4178,0,8,  0d 01:09:29.51,  0d 00:14:53.05,1.2500,4.0175,C,07/25/2025 11:29:53 AM,0.0000,28.7932,28.4344,28.6465,0.0,0.0
4179,0,8,  0d 01:09:30.51,  0d 00:14:54.05,1.2494,4.0175,C,07/25/2025 11:29:54 AM,0.0000,28.7932,28.4344,28.6465,0.0,0.0
4180,0,8,  0d 01:09:31.51,  0d 00:14:55.05,1.2500,4.0177,C,07/25/2025 11:29:56 AM,0.0000,28.7932,28.4344,28.6465,0.0,0.0
4181,0,8,  0d 01:09:32.51,  0d 00:14:56.05,1.2503,4.0179,C,07/25/2025 11:29:56 AM,0.0000,28.7932,28.4344,28.6465,0.0,0.0
4182,0,8,  0d 01:09:33.51,  0d 00:14:57.05,1.2500,4.0181,C,07/25/2025 11:29:57 AM,0.0000,28.7932,28.4344,28.6465,0.0,0.0
4183,0,8,  0d 01:09:34.51,  0d 00:14:58.05,1.2500,4.0182,C,07/25/2025 11:29:58 AM,0.0000,28.7932,28.4344,28.6465,0.0,0.0
4184,0,8,  0d 01:09:35.51,  0d 00:14:59.05,1.2500,4.0184,C,07/25/2025 11:29:59 AM,0.0000,28.7932,28.4344,28.6465,0.0,0.0
4185,0,8,  0d 01:09:36.51,  0d 00:15:00.05,1.2494,4.0185,C,07/25/2025 11:30:00 AM,0.0000,28.7932,28.4344,28.6465,0.0,0.0
4186,0,8,  0d 01:09:37.51,  0d 00:15:01.05,1.2500,4.0185,C,07/25/2025 11:30:01 AM,0.0000,28.7932,28.4344,28.6465,0.0,0.0
4187,0,8,  0d 01:09:38.51,  0d 00:15:02.05,1.2497,4.0188,C,07/25/2025 11:30:02 AM,0.0000,28.7932,28.4344,28.6465,0.0,0.0
4188,0,8,  0d 01:09:39.51,  0d 00:15:03.05,1.2497,4.0189,C,07/25/2025 11:30:03 AM,0.0000,28.7932,28.4344,28.6465,0.0,0.0
4189,0,8,  0d 01:09:40.51,  0d 00:15:04.05,1.2503,4.0192,C,07/25/2025 11:30:04 AM,0.0000,28.7932,28.4344,28.6465,0.0,0.0
4190,0,8,  0d 01:09:41.51,  0d 00:15:05.05,1.2500,4.0194,C,07/25/2025 11:30:06 AM,0.0000,28.7932,28.4344,28.6465,0.0,0.0
4191,0,8,  0d 01:09:42.51,  0d 00:15:06.05,1.2503,4.0195,C,07/25/2025 11:30:06 AM,0.0000,28.7932,28.4344,28.6465,0.0,0.0
4192,0,8,  0d 01:09:43.51,  0d 00:15:07.05,1.2503,4.0195,C,07/25/2025 11:30:07 AM,0.0000,28.7932,28.4344,28.6465,0.0,0.0
4193,0,8,  0d 01:09:44.51,  0d 00:15:08.05,1.2500,4.0199,C,07/25/2025 11:30:08 AM,0.0000,28.7932,28.4344,28.6465,0.0,0.0
4194,0,8,  0d 01:09:45.51,  0d 00:15:09.05,1.2497,4.0201,C,07/25/2025 11:30:09 AM,0.0000,28.7932,28.4344,28.6465,0.0,0.0
4195,0,8,  0d 01:09:46.51,  0d 00:15:10.05,1.2494,4.0201,C,07/25/2025 11:30:10 AM,0.0000,28.7932,28.4344,28.6465,0.0,0.0
4196,0,8,  0d 01:09:47.51,  0d 00:15:11.05,1.2500,4.0205,C,07/25/2025 11:30:11 AM,0.0000,28.7932,28.4344,28.6465,0.0,0.0
4197,0,8,  0d 01:09:48.51,  0d 00:15:12.05,1.2497,4.0205,C,07/25/2025 11:30:12 AM,0.0000,28.7932,28.4344,28.6465,0.0,0.0
4198,0,8,  0d 01:09:49.51,  0d 00:15:13.05,1.2503,4.0207,C,07/25/2025 11:30:13 AM,0.0000,28.8087,28.4344,28.6465,0.0,0.0
4199,0,8,  0d 01:09:50.51,  0d 00:15:14.05,1.2497,4.0208,C,07/25/2025 11:30:14 AM,0.0000,28.8087,28.4344,28.6465,0.0,0.0
4200,0,8,  0d 01:09:51.51,  0d 00:15:15.05,1.2506,4.0210,C,07/25/2025 11:30:15 AM,0.0000,28.8087,28.4344,28.6465,0.0,0.0
4201,0,8,  0d 01:09:52.51,  0d 00:15:16.05,1.2503,4.0211,C,07/25/2025 11:30:16 AM,0.0000,28.8087,28.4344,28.6465,0.0,0.0
4202,0,8,  0d 01:09:53.51,  0d 00:15:17.05,1.2500,4.0215,C,07/25/2025 11:30:17 AM,0.0000,28.8087,28.4344,28.6465,0.0,0.0
4203,0,8,  0d 01:09:54.51,  0d 00:15:18.05,1.2500,4.0215,C,07/25/2025 11:30:18 AM,0.0000,28.7932,28.4344,28.6465,0.0,0.0
4204,0,8,  0d 01:09:55.51,  0d 00:15:19.05,1.2500,4.0217,C,07/25/2025 11:30:19 AM,0.0000,28.7932,28.4344,28.6465,0.0,0.0
4205,0,8,  0d 01:09:56.51,  0d 00:15:20.05,1.2497,4.0217,C,07/25/2025 11:30:20 AM,0.0000,28.7932,28.4344,28.6465,0.0,0.0
4206,0,8,  0d 01:09:57.51,  0d 00:15:21.05,1.2500,4.0220,C,07/25/2025 11:30:21 AM,0.0000,28.7932,28.4344,28.6465,0.0,0.0
4207,0,8,  0d 01:09:58.51,  0d 00:15:22.05,1.2503,4.0221,C,07/25/2025 11:30:22 AM,0.0000,28.7932,28.4344,28.6465,0.0,0.0
4208,0,8,  0d 01:09:59.51,  0d 00:15:23.05,1.2503,4.0223,C,07/25/2025 11:30:23 AM,0.0000,28.7932,28.4499,28.6465,0.0,0.0
4209,0,8,  0d 01:10:00.51,  0d 00:15:24.05,1.2497,4.0225,C,07/25/2025 11:30:24 AM,0.0000,28.7932,28.4499,28.6465,0.0,0.0
4210,0,8,  0d 01:10:01.51,  0d 00:15:25.05,1.2497,4.0228,C,07/25/2025 11:30:25 AM,0.0000,28.7932,28.4499,28.6465,0.0,0.0
4211,0,8,  0d 01:10:02.51,  0d 00:15:26.05,1.2500,4.0227,C,07/25/2025 11:30:26 AM,0.0000,28.7932,28.4499,28.6465,0.0,0.0
4212,0,8,  0d 01:10:03.51,  0d 00:15:27.05,1.2497,4.0229,C,07/25/2025 11:30:27 AM,0.0000,28.7932,28.4499,28.6465,0.0,0.0
4213,0,8,  0d 01:10:04.51,  0d 00:15:28.05,1.2503,4.0232,C,07/25/2025 11:30:28 AM,0.0000,28.7932,28.4344,28.6465,0.0,0.0
4214,0,8,  0d 01:10:05.51,  0d 00:15:29.05,1.2500,4.0233,C,07/25/2025 11:30:29 AM,0.0000,28.7932,28.4344,28.6620,0.0,0.0
4215,0,8,  0d 01:10:06.51,  0d 00:15:30.05,1.2503,4.0235,C,07/25/2025 11:30:30 AM,0.0000,28.7932,28.4344,28.6465,0.0,0.0
4216,0,8,  0d 01:10:07.51,  0d 00:15:31.05,1.2500,4.0235,C,07/25/2025 11:30:31 AM,0.0000,28.7932,28.4344,28.6465,0.0,0.0
4217,0,8,  0d 01:10:08.51,  0d 00:15:32.05,1.2500,4.0238,C,07/25/2025 11:30:32 AM,0.0000,28.7932,28.4344,28.6465,0.0,0.0
4218,0,8,  0d 01:10:09.51,  0d 00:15:33.05,1.2500,4.0240,C,07/25/2025 11:30:33 AM,0.0000,28.7932,28.4344,28.6465,0.0,0.0
4219,0,8,  0d 01:10:10.51,  0d 00:15:34.05,1.2500,4.0242,C,07/25/2025 11:30:34 AM,0.0000,28.7932,28.4499,28.6465,0.0,0.0
4220,0,8,  0d 01:10:11.51,  0d 00:15:35.05,1.2500,4.0243,C,07/25/2025 11:30:35 AM,0.0000,28.7932,28.4344,28.6465,0.0,0.0
4221,0,8,  0d 01:10:12.51,  0d 00:15:36.05,1.2500,4.0246,C,07/25/2025 11:30:36 AM,0.0000,28.7932,28.4344,28.6465,0.0,0.0
4222,0,8,  0d 01:10:13.51,  0d 00:15:37.05,1.2503,4.0247,C,07/25/2025 11:30:37 AM,0.0000,28.7932,28.4344,28.6465,0.0,0.0
4223,0,8,  0d 01:10:14.51,  0d 00:15:38.05,1.2503,4.0248,C,07/25/2025 11:30:38 AM,0.0000,28.7932,28.4344,28.6465,0.0,0.0
4224,0,8,  0d 01:10:15.51,  0d 00:15:39.05,1.2500,4.0250,C,07/25/2025 11:30:39 AM,0.0000,28.7932,28.4344,28.6465,0.0,0.0
4225,0,8,  0d 01:10:16.51,  0d 00:15:40.05,1.2500,4.0251,C,07/25/2025 11:30:40 AM,0.0000,28.7932,28.4344,28.6465,0.0,0.0
4226,0,8,  0d 01:10:17.51,  0d 00:15:41.05,1.2494,4.0254,C,07/25/2025 11:30:41 AM,0.0000,28.7932,28.4344,28.6465,0.0,0.0
4227,0,8,  0d 01:10:18.51,  0d 00:15:42.05,1.2497,4.0256,C,07/25/2025 11:30:42 AM,0.0000,28.7932,28.4344,28.6465,0.0,0.0
4228,0,8,  0d 01:10:19.51,  0d 00:15:43.05,1.2503,4.0256,C,07/25/2025 11:30:43 AM,0.0000,28.7932,28.4344,28.6465,0.0,0.0
4229,0,8,  0d 01:10:20.51,  0d 00:15:44.05,1.2494,4.0258,C,07/25/2025 11:30:44 AM,0.0000,28.7932,28.4344,28.6465,0.0,0.0
4230,0,8,  0d 01:10:21.51,  0d 00:15:45.05,1.2497,4.0260,C,07/25/2025 11:30:45 AM,0.0000,28.7932,28.4344,28.6465,0.0,0.0
4231,0,8,  0d 01:10:22.51,  0d 00:15:46.05,1.2503,4.0261,C,07/25/2025 11:30:46 AM,0.0000,28.7932,28.4344,28.6465,0.0,0.0
4232,0,8,  0d 01:10:23.51,  0d 00:15:47.05,1.2500,4.0266,C,07/25/2025 11:30:47 AM,0.0000,28.7932,28.4344,28.6465,0.0,0.0
4233,0,8,  0d 01:10:24.51,  0d 00:15:48.05,1.2497,4.0267,C,07/25/2025 11:30:48 AM,0.0000,28.7932,28.4188,28.6310,0.0,0.0
4234,0,8,  0d 01:10:25.51,  0d 00:15:49.05,1.2497,4.0267,C,07/25/2025 11:30:49 AM,0.0000,28.7932,28.4188,28.6310,0.0,0.0
4235,0,8,  0d 01:10:26.51,  0d 00:15:50.05,1.2494,4.0270,C,07/25/2025 11:30:50 AM,0.0000,28.7932,28.4344,28.6310,0.0,0.0
4236,0,8,  0d 01:10:27.51,  0d 00:15:51.05,1.2503,4.0271,C,07/25/2025 11:30:51 AM,0.0000,28.7932,28.4344,28.6465,0.0,0.0
4237,0,8,  0d 01:10:28.51,  0d 00:15:52.05,1.2500,4.0272,C,07/25/2025 11:30:52 AM,0.0000,28.7932,28.4344,28.6465,0.0,0.0
4238,0,8,  0d 01:10:29.51,  0d 00:15:53.05,1.2503,4.0275,C,07/25/2025 11:30:53 AM,0.0000,28.7932,28.4344,28.6465,0.0,0.0
4239,0,8,  0d 01:10:30.51,  0d 00:15:54.05,1.2503,4.0275,C,07/25/2025 11:30:54 AM,0.0000,28.7932,28.4344,28.6465,0.0,0.0
4240,0,8,  0d 01:10:31.51,  0d 00:15:55.05,1.2494,4.0278,C,07/25/2025 11:30:55 AM,0.0000,28.7777,28.4344,28.6465,0.0,0.0
4241,0,8,  0d 01:10:32.51,  0d 00:15:56.05,1.2497,4.0280,C,07/25/2025 11:30:56 AM,0.0000,28.7932,28.4344,28.6465,0.0,0.0
4242,0,8,  0d 01:10:33.51,  0d 00:15:57.05,1.2500,4.0281,C,07/25/2025 11:30:57 AM,0.0000,28.7777,28.4344,28.6465,0.0,0.0
4243,0,8,  0d 01:10:34.51,  0d 00:15:58.05,1.2497,4.0283,C,07/25/2025 11:30:58 AM,0.0000,28.7777,28.4188,28.6310,0.0,0.0
4244,0,8,  0d 01:10:35.51,  0d 00:15:59.05,1.2500,4.0284,C,07/25/2025 11:30:59 AM,0.0000,28.7777,28.4188,28.6465,0.0,0.0
4245,0,8,  0d 01:10:36.51,  0d 00:16:00.05,1.2497,4.0285,C,07/25/2025 11:31:00 AM,0.0000,28.7777,28.4344,28.6465,0.0,0.0
4246,0,8,  0d 01:10:37.51,  0d 00:16:01.05,1.2503,4.0288,C,07/25/2025 11:31:01 AM,0.0000,28.7777,28.4344,28.6465,0.0,0.0
4247,0,8,  0d 01:10:38.51,  0d 00:16:02.05,1.2500,4.0289,C,07/25/2025 11:31:02 AM,0.0000,28.7932,28.4344,28.6465,0.0,0.0
4248,0,8,  0d 01:10:39.51,  0d 00:16:03.05,1.2500,4.0291,C,07/25/2025 11:31:03 AM,0.0000,28.7932,28.4344,28.6465,0.0,0.0
4249,0,8,  0d 01:10:40.51,  0d 00:16:04.05,1.2500,4.0292,C,07/25/2025 11:31:04 AM,0.0000,28.7932,28.4344,28.6310,0.0,0.0
4250,0,8,  0d 01:10:41.51,  0d 00:16:05.05,1.2500,4.0294,C,07/25/2025 11:31:05 AM,0.0000,28.7777,28.4344,28.6465,0.0,0.0
4251,0,8,  0d 01:10:42.51,  0d 00:16:06.05,1.2500,4.0297,C,07/25/2025 11:31:07 AM,0.0000,28.7777,28.4344,28.6465,0.0,0.0
4252,0,8,  0d 01:10:43.51,  0d 00:16:07.05,1.2500,4.0299,C,07/25/2025 11:31:07 AM,0.0000,28.7777,28.4344,28.6465,0.0,0.0
4253,0,8,  0d 01:10:44.51,  0d 00:16:08.05,1.2500,4.0300,C,07/25/2025 11:31:08 AM,0.0000,28.7777,28.4344,28.6465,0.0,0.0
4254,0,8,  0d 01:10:45.51,  0d 00:16:09.05,1.2497,4.0301,C,07/25/2025 11:31:09 AM,0.0000,28.7777,28.4344,28.6465,0.0,0.0
4255,0,8,  0d 01:10:46.51,  0d 00:16:10.05,1.2497,4.0304,C,07/25/2025 11:31:10 AM,0.0000,28.7777,28.4344,28.6465,0.0,0.0
4256,0,8,  0d 01:10:47.51,  0d 00:16:11.05,1.2500,4.0307,C,07/25/2025 11:31:11 AM,0.0000,28.7932,28.4344,28.6465,0.0,0.0
4257,0,8,  0d 01:10:48.51,  0d 00:16:12.05,1.2500,4.0307,C,07/25/2025 11:31:12 AM,0.0000,28.7932,28.4344,28.6465,0.0,0.0
4258,0,8,  0d 01:10:49.51,  0d 00:16:13.05,1.2494,4.0308,C,07/25/2025 11:31:13 AM,0.0000,28.7932,28.4344,28.6465,0.0,0.0
4259,0,8,  0d 01:10:50.51,  0d 00:16:14.05,1.2497,4.0310,C,07/25/2025 11:31:14 AM,0.0000,28.7932,28.4344,28.6465,0.0,0.0
4260,0,8,  0d 01:10:51.51,  0d 00:16:15.05,1.2497,4.0311,C,07/25/2025 11:31:15 AM,0.0000,28.7777,28.4344,28.6465,0.0,0.0
4261,0,8,  0d 01:10:52.51,  0d 00:16:16.05,1.2500,4.0315,C,07/25/2025 11:31:17 AM,0.0000,28.7932,28.4344,28.6465,0.0,0.0
4262,0,8,  0d 01:10:53.51,  0d 00:16:17.05,1.2503,4.0316,C,07/25/2025 11:31:17 AM,0.0000,28.7932,28.4344,28.6465,0.0,0.0
4263,0,8,  0d 01:10:54.51,  0d 00:16:18.05,1.2497,4.0318,C,07/25/2025 11:31:18 AM,0.0000,28.7932,28.4344,28.6465,0.0,0.0
4264,0,8,  0d 01:10:55.51,  0d 00:16:19.05,1.2500,4.0319,C,07/25/2025 11:31:19 AM,0.0000,28.7932,28.4344,28.6465,0.0,0.0
4265,0,8,  0d 01:10:56.51,  0d 00:16:20.05,1.2500,4.0320,C,07/25/2025 11:31:20 AM,0.0000,28.7932,28.4344,28.6465,0.0,0.0
4266,0,8,  0d 01:10:57.51,  0d 00:16:21.05,1.2500,4.0321,C,07/25/2025 11:31:21 AM,0.0000,28.7932,28.4344,28.6465,0.0,0.0
4267,0,8,  0d 01:10:58.51,  0d 00:16:22.05,1.2503,4.0323,C,07/25/2025 11:31:22 AM,0.0000,28.7932,28.4344,28.6620,0.0,0.0
4268,0,8,  0d 01:10:59.51,  0d 00:16:23.05,1.2500,4.0327,C,07/25/2025 11:31:23 AM,0.0000,28.7932,28.4344,28.6465,0.0,0.0
4269,0,8,  0d 01:11:00.51,  0d 00:16:24.05,1.2500,4.0327,C,07/25/2025 11:31:24 AM,0.0000,28.7932,28.4344,28.6465,0.0,0.0
4270,0,8,  0d 01:11:01.51,  0d 00:16:25.05,1.2503,4.0330,C,07/25/2025 11:31:25 AM,0.0000,28.7932,28.4344,28.6465,0.0,0.0
4271,0,8,  0d 01:11:02.51,  0d 00:16:26.05,1.2497,4.0331,C,07/25/2025 11:31:26 AM,0.0000,28.7932,28.4344,28.6465,0.0,0.0
4272,0,8,  0d 01:11:03.51,  0d 00:16:27.05,1.2503,4.0333,C,07/25/2025 11:31:27 AM,0.0000,28.7932,28.4344,28.6465,0.0,0.0
4273,0,8,  0d 01:11:04.51,  0d 00:16:28.05,1.2500,4.0334,C,07/25/2025 11:31:28 AM,0.0000,28.7932,28.4344,28.6465,0.0,0.0
4274,0,8,  0d 01:11:05.51,  0d 00:16:29.05,1.2497,4.0337,C,07/25/2025 11:31:29 AM,0.0000,28.7932,28.4344,28.6465,0.0,0.0
4275,0,8,  0d 01:11:06.51,  0d 00:16:30.05,1.2500,4.0338,C,07/25/2025 11:31:30 AM,0.0000,28.8087,28.4344,28.6465,0.0,0.0
4276,0,8,  0d 01:11:07.51,  0d 00:16:31.05,1.2497,4.0341,C,07/25/2025 11:31:31 AM,0.0000,28.7932,28.4344,28.6465,0.0,0.0
4277,0,8,  0d 01:11:08.51,  0d 00:16:32.05,1.2506,4.0342,C,07/25/2025 11:31:32 AM,0.0000,28.7932,28.4499,28.6465,0.0,0.0
4278,0,8,  0d 01:11:09.51,  0d 00:16:33.05,1.2497,4.0343,C,07/25/2025 11:31:33 AM,0.0000,28.7932,28.4499,28.6465,0.0,0.0
4279,0,8,  0d 01:11:10.51,  0d 00:16:34.05,1.2497,4.0344,C,07/25/2025 11:31:34 AM,0.0000,28.7932,28.4499,28.6465,0.0,0.0
4280,0,8,  0d 01:11:11.51,  0d 00:16:35.05,1.2497,4.0346,C,07/25/2025 11:31:35 AM,0.0000,28.7932,28.4499,28.6465,0.0,0.0
4281,0,8,  0d 01:11:12.51,  0d 00:16:36.05,1.2494,4.0349,C,07/25/2025 11:31:36 AM,0.0000,28.7932,28.4499,28.6465,0.0,0.0
4282,0,8,  0d 01:11:13.51,  0d 00:16:37.05,1.2503,4.0350,C,07/25/2025 11:31:37 AM,0.0000,28.7932,28.4499,28.6465,0.0,0.0
4283,0,8,  0d 01:11:14.51,  0d 00:16:38.05,1.2497,4.0352,C,07/25/2025 11:31:38 AM,0.0000,28.7932,28.4344,28.6465,0.0,0.0
4284,0,8,  0d 01:11:15.51,  0d 00:16:39.05,1.2500,4.0353,C,07/25/2025 11:31:39 AM,0.0000,28.7932,28.4344,28.6465,0.0,0.0
4285,0,8,  0d 01:11:16.51,  0d 00:16:40.05,1.2494,4.0355,C,07/25/2025 11:31:40 AM,0.0000,28.7932,28.4344,28.6465,0.0,0.0
4286,0,8,  0d 01:11:17.51,  0d 00:16:41.05,1.2506,4.0357,C,07/25/2025 11:31:41 AM,0.0000,28.7932,28.4499,28.6465,0.0,0.0
4287,0,8,  0d 01:11:18.51,  0d 00:16:42.05,1.2500,4.0359,C,07/25/2025 11:31:42 AM,0.0000,28.7932,28.4499,28.6465,0.0,0.0
4288,0,8,  0d 01:11:19.51,  0d 00:16:43.05,1.2500,4.0362,C,07/25/2025 11:31:43 AM,0.0000,28.7932,28.4499,28.6465,0.0,0.0
4289,0,8,  0d 01:11:20.51,  0d 00:16:44.05,1.2497,4.0363,C,07/25/2025 11:31:44 AM,0.0000,28.7932,28.4499,28.6465,0.0,0.0
4290,0,8,  0d 01:11:21.51,  0d 00:16:45.05,1.2497,4.0365,C,07/25/2025 11:31:45 AM,0.0000,28.7932,28.4499,28.6465,0.0,0.0
4291,0,8,  0d 01:11:22.51,  0d 00:16:46.05,1.2497,4.0367,C,07/25/2025 11:31:46 AM,0.0000,28.7932,28.4499,28.6465,0.0,0.0
4292,0,8,  0d 01:11:23.51,  0d 00:16:47.05,1.2500,4.0369,C,07/25/2025 11:31:47 AM,0.0000,28.7932,28.4499,28.6465,0.0,0.0
4293,0,8,  0d 01:11:24.51,  0d 00:16:48.05,1.2503,4.0370,C,07/25/2025 11:31:48 AM,0.0000,28.8087,28.4499,28.6620,0.0,0.0
4294,0,8,  0d 01:11:25.51,  0d 00:16:49.05,1.2500,4.0372,C,07/25/2025 11:31:49 AM,0.0000,28.8087,28.4499,28.6620,0.0,0.0
4295,0,8,  0d 01:11:26.51,  0d 00:16:50.05,1.2500,4.0373,C,07/25/2025 11:31:50 AM,0.0000,28.8087,28.4499,28.6620,0.0,0.0
4296,0,8,  0d 01:11:27.51,  0d 00:16:51.05,1.2494,4.0375,C,07/25/2025 11:31:51 AM,0.0000,28.8087,28.4499,28.6620,0.0,0.0
4297,0,8,  0d 01:11:28.51,  0d 00:16:52.05,1.2494,4.0377,C,07/25/2025 11:31:52 AM,0.0000,28.7932,28.4499,28.6620,0.0,0.0
4298,0,8,  0d 01:11:29.51,  0d 00:16:53.05,1.2500,4.0378,C,07/25/2025 11:31:53 AM,0.0000,28.8087,28.4499,28.6620,0.0,0.0
4299,0,8,  0d 01:11:30.51,  0d 00:16:54.05,1.2503,4.0381,C,07/25/2025 11:31:54 AM,0.0000,28.7932,28.4344,28.6620,0.0,0.0
4300,0,8,  0d 01:11:31.51,  0d 00:16:55.05,1.2500,4.0382,C,07/25/2025 11:31:55 AM,0.0000,28.7932,28.4499,28.6620,0.0,0.0
4301,0,8,  0d 01:11:32.51,  0d 00:16:56.05,1.2494,4.0384,C,07/25/2025 11:31:56 AM,0.0000,28.8087,28.4499,28.6620,0.0,0.0
4302,0,8,  0d 01:11:33.51,  0d 00:16:57.05,1.2503,4.0385,C,07/25/2025 11:31:57 AM,0.0000,28.8087,28.4499,28.6620,0.0,0.0
4303,0,8,  0d 01:11:34.51,  0d 00:16:58.05,1.2500,4.0388,C,07/25/2025 11:31:58 AM,0.0000,28.8087,28.4499,28.6620,0.0,0.0
4304,0,8,  0d 01:11:35.51,  0d 00:16:59.05,1.2500,4.0388,C,07/25/2025 11:31:59 AM,0.0000,28.8087,28.4499,28.6620,0.0,0.0
4305,0,8,  0d 01:11:36.51,  0d 00:17:00.05,1.2506,4.0391,C,07/25/2025 11:32:00 AM,0.0000,28.7932,28.4499,28.6620,0.0,0.0
4306,0,8,  0d 01:11:37.51,  0d 00:17:01.05,1.2497,4.0391,C,07/25/2025 11:32:01 AM,0.0000,28.7932,28.4499,28.6620,0.0,0.0
4307,0,8,  0d 01:11:38.51,  0d 00:17:02.05,1.2500,4.0395,C,07/25/2025 11:32:02 AM,0.0000,28.7932,28.4499,28.6620,0.0,0.0
4308,0,8,  0d 01:11:39.51,  0d 00:17:03.05,1.2497,4.0397,C,07/25/2025 11:32:03 AM,0.0000,28.7932,28.4499,28.6620,0.0,0.0
4309,0,8,  0d 01:11:40.51,  0d 00:17:04.05,1.2497,4.0398,C,07/25/2025 11:32:04 AM,0.0000,28.7932,28.4499,28.6620,0.0,0.0
4310,0,8,  0d 01:11:41.51,  0d 00:17:05.05,1.2497,4.0401,C,07/25/2025 11:32:05 AM,0.0000,28.7932,28.4499,28.6465,0.0,0.0
4311,0,8,  0d 01:11:42.51,  0d 00:17:06.05,1.2497,4.0401,C,07/25/2025 11:32:06 AM,0.0000,28.7932,28.4499,28.6465,0.0,0.0
4312,0,8,  0d 01:11:43.51,  0d 00:17:07.05,1.2503,4.0404,C,07/25/2025 11:32:07 AM,0.0000,28.7932,28.4499,28.6465,0.0,0.0
4313,0,8,  0d 01:11:44.51,  0d 00:17:08.05,1.2500,4.0404,C,07/25/2025 11:32:08 AM,0.0000,28.7932,28.4499,28.6620,0.0,0.0
4314,0,8,  0d 01:11:45.51,  0d 00:17:09.05,1.2500,4.0406,C,07/25/2025 11:32:09 AM,0.0000,28.7932,28.4499,28.6620,0.0,0.0
4315,0,8,  0d 01:11:46.51,  0d 00:17:10.05,1.2497,4.0407,C,07/25/2025 11:32:10 AM,0.0000,28.7932,28.4499,28.6620,0.0,0.0
4316,0,8,  0d 01:11:47.51,  0d 00:17:11.05,1.2500,4.0409,C,07/25/2025 11:32:11 AM,0.0000,28.7932,28.4499,28.6620,0.0,0.0
4317,0,8,  0d 01:11:48.51,  0d 00:17:12.05,1.2494,4.0411,C,07/25/2025 11:32:12 AM,0.0000,28.7932,28.4499,28.6620,0.0,0.0
4318,0,8,  0d 01:11:49.51,  0d 00:17:13.05,1.2497,4.0414,C,07/25/2025 11:32:13 AM,0.0000,28.7932,28.4499,28.6620,0.0,0.0
4319,0,8,  0d 01:11:50.51,  0d 00:17:14.05,1.2503,4.0414,C,07/25/2025 11:32:14 AM,0.0000,28.7932,28.4499,28.6620,0.0,0.0
4320,0,8,  0d 01:11:51.51,  0d 00:17:15.05,1.2500,4.0417,C,07/25/2025 11:32:15 AM,0.0000,28.7932,28.4499,28.6620,0.0,0.0
4321,0,8,  0d 01:11:52.51,  0d 00:17:16.05,1.2497,4.0418,C,07/25/2025 11:32:16 AM,0.0000,28.7932,28.4499,28.6620,0.0,0.0
4322,0,8,  0d 01:11:53.51,  0d 00:17:17.05,1.2500,4.0421,C,07/25/2025 11:32:18 AM,0.0000,28.7932,28.4499,28.6620,0.0,0.0
4323,0,8,  0d 01:11:54.51,  0d 00:17:18.05,1.2500,4.0422,C,07/25/2025 11:32:18 AM,0.0000,28.7932,28.4499,28.6620,0.0,0.0
4324,0,8,  0d 01:11:55.51,  0d 00:17:19.05,1.2503,4.0423,C,07/25/2025 11:32:19 AM,0.0000,28.7932,28.4499,28.6620,0.0,0.0
4325,0,8,  0d 01:11:56.51,  0d 00:17:20.05,1.2500,4.0426,C,07/25/2025 11:32:20 AM,0.0000,28.7932,28.4499,28.6465,0.0,0.0
4326,0,8,  0d 01:11:57.51,  0d 00:17:21.05,1.2503,4.0428,C,07/25/2025 11:32:21 AM,0.0000,28.7932,28.4499,28.6465,0.0,0.0
4327,0,8,  0d 01:11:58.51,  0d 00:17:22.05,1.2497,4.0429,C,07/25/2025 11:32:22 AM,0.0000,28.7932,28.4344,28.6465,0.0,0.0
4328,0,8,  0d 01:11:59.51,  0d 00:17:23.05,1.2497,4.0432,C,07/25/2025 11:32:23 AM,0.0000,28.8087,28.4499,28.6620,0.0,0.0
4329,0,8,  0d 01:12:00.51,  0d 00:17:24.05,1.2506,4.0433,C,07/25/2025 11:32:24 AM,0.0000,28.7932,28.4499,28.6620,0.0,0.0
4330,0,8,  0d 01:12:01.51,  0d 00:17:25.05,1.2503,4.0433,C,07/25/2025 11:32:25 AM,0.0000,28.7932,28.4499,28.6620,0.0,0.0
4331,0,8,  0d 01:12:02.51,  0d 00:17:26.05,1.2497,4.0436,C,07/25/2025 11:32:26 AM,0.0000,28.7932,28.4499,28.6620,0.0,0.0
4332,0,8,  0d 01:12:03.51,  0d 00:17:27.05,1.2503,4.0439,C,07/25/2025 11:32:28 AM,0.0000,28.7932,28.4499,28.6620,0.0,0.0
4333,0,8,  0d 01:12:04.51,  0d 00:17:28.05,1.2500,4.0441,C,07/25/2025 11:32:28 AM,0.0000,28.7932,28.4499,28.6620,0.0,0.0
4334,0,8,  0d 01:12:05.51,  0d 00:17:29.05,1.2497,4.0441,C,07/25/2025 11:32:29 AM,0.0000,28.7932,28.4499,28.6620,0.0,0.0
4335,0,8,  0d 01:12:06.51,  0d 00:17:30.05,1.2503,4.0444,C,07/25/2025 11:32:30 AM,0.0000,28.7932,28.4499,28.6620,0.0,0.0
4336,0,8,  0d 01:12:07.51,  0d 00:17:31.05,1.2497,4.0445,C,07/25/2025 11:32:31 AM,0.0000,28.8087,28.4499,28.6620,0.0,0.0
4337,0,8,  0d 01:12:08.51,  0d 00:17:32.05,1.2497,4.0446,C,07/25/2025 11:32:32 AM,0.0000,28.8087,28.4499,28.6620,0.0,0.0
4338,0,8,  0d 01:12:09.51,  0d 00:17:33.05,1.2497,4.0449,C,07/25/2025 11:32:33 AM,0.0000,28.8087,28.4499,28.6620,0.0,0.0
4339,0,8,  0d 01:12:10.51,  0d 00:17:34.05,1.2506,4.0450,C,07/25/2025 11:32:34 AM,0.0000,28.8087,28.4499,28.6620,0.0,0.0
4340,0,8,  0d 01:12:11.51,  0d 00:17:35.05,1.2497,4.0452,C,07/25/2025 11:32:35 AM,0.0000,28.8087,28.4499,28.6620,0.0,0.0
4341,0,8,  0d 01:12:12.51,  0d 00:17:36.05,1.2497,4.0455,C,07/25/2025 11:32:36 AM,0.0000,28.8087,28.4499,28.6620,0.0,0.0
4342,0,8,  0d 01:12:13.51,  0d 00:17:37.05,1.2497,4.0455,C,07/25/2025 11:32:37 AM,0.0000,28.8087,28.4499,28.6620,0.0,0.0
4343,0,8,  0d 01:12:14.51,  0d 00:17:38.05,1.2497,4.0458,C,07/25/2025 11:32:38 AM,0.0000,28.8087,28.4499,28.6620,0.0,0.0
4344,0,8,  0d 01:12:15.51,  0d 00:17:39.05,1.2500,4.0459,C,07/25/2025 11:32:39 AM,0.0000,28.7932,28.4499,28.6620,0.0,0.0
4345,0,8,  0d 01:12:16.51,  0d 00:17:40.05,1.2497,4.0460,C,07/25/2025 11:32:40 AM,0.0000,28.7932,28.4499,28.6620,0.0,0.0
4346,0,8,  0d 01:12:17.51,  0d 00:17:41.05,1.2500,4.0464,C,07/25/2025 11:32:41 AM,0.0000,28.7932,28.4499,28.6620,0.0,0.0
4347,0,8,  0d 01:12:18.51,  0d 00:17:42.05,1.2503,4.0464,C,07/25/2025 11:32:42 AM,0.0000,28.7932,28.4499,28.6620,0.0,0.0
4348,0,8,  0d 01:12:19.51,  0d 00:17:43.05,1.2503,4.0466,C,07/25/2025 11:32:43 AM,0.0000,28.8087,28.4499,28.6620,0.0,0.0
4349,0,8,  0d 01:12:20.51,  0d 00:17:44.05,1.2497,4.0468,C,07/25/2025 11:32:44 AM,0.0000,28.8087,28.4499,28.6620,0.0,0.0
4350,0,8,  0d 01:12:21.51,  0d 00:17:45.05,1.2503,4.0469,C,07/25/2025 11:32:45 AM,0.0000,28.8087,28.4499,28.6620,0.0,0.0
4351,0,8,  0d 01:12:22.51,  0d 00:17:46.05,1.2500,4.0471,C,07/25/2025 11:32:46 AM,0.0000,28.8087,28.4499,28.6620,0.0,0.0
4352,0,8,  0d 01:12:23.51,  0d 00:17:47.05,1.2497,4.0473,C,07/25/2025 11:32:47 AM,0.0000,28.8087,28.4499,28.6620,0.0,0.0
4353,0,8,  0d 01:12:24.51,  0d 00:17:48.05,1.2497,4.0475,C,07/25/2025 11:32:48 AM,0.0000,28.8087,28.4499,28.6620,0.0,0.0
4354,0,8,  0d 01:12:25.51,  0d 00:17:49.05,1.2494,4.0477,C,07/25/2025 11:32:49 AM,0.0000,28.8087,28.4344,28.6620,0.0,0.0
4355,0,8,  0d 01:12:26.51,  0d 00:17:50.05,1.2500,4.0478,C,07/25/2025 11:32:50 AM,0.0000,28.8087,28.4499,28.6620,0.0,0.0
4356,0,8,  0d 01:12:27.51,  0d 00:17:51.05,1.2497,4.0481,C,07/25/2025 11:32:51 AM,0.0000,28.8087,28.4499,28.6620,0.0,0.0
4357,0,8,  0d 01:12:28.51,  0d 00:17:52.05,1.2494,4.0482,C,07/25/2025 11:32:52 AM,0.0000,28.8087,28.4499,28.6620,0.0,0.0
4358,0,8,  0d 01:12:29.51,  0d 00:17:53.05,1.2494,4.0484,C,07/25/2025 11:32:53 AM,0.0000,28.8087,28.4499,28.6620,0.0,0.0
4359,0,8,  0d 01:12:30.51,  0d 00:17:54.05,1.2497,4.0487,C,07/25/2025 11:32:54 AM,0.0000,28.8087,28.4499,28.6620,0.0,0.0
4360,0,8,  0d 01:12:31.51,  0d 00:17:55.05,1.2497,4.0487,C,07/25/2025 11:32:55 AM,0.0000,28.8087,28.4499,28.6620,0.0,0.0
4361,0,8,  0d 01:12:32.51,  0d 00:17:56.05,1.2503,4.0489,C,07/25/2025 11:32:56 AM,0.0000,28.8087,28.4499,28.6620,0.0,0.0
4362,0,8,  0d 01:12:33.51,  0d 00:17:57.05,1.2503,4.0491,C,07/25/2025 11:32:57 AM,0.0000,28.8087,28.4499,28.6620,0.0,0.0
4363,0,8,  0d 01:12:34.51,  0d 00:17:58.05,1.2497,4.0493,C,07/25/2025 11:32:58 AM,0.0000,28.8087,28.4499,28.6620,0.0,0.0
4364,0,8,  0d 01:12:35.51,  0d 00:17:59.05,1.2500,4.0495,C,07/25/2025 11:32:59 AM,0.0000,28.7932,28.4499,28.6774,0.0,0.0
4365,0,8,  0d 01:12:36.51,  0d 00:18:00.05,1.2500,4.0496,C,07/25/2025 11:33:00 AM,0.0000,28.7932,28.4499,28.6774,0.0,0.0
4366,0,8,  0d 01:12:37.51,  0d 00:18:01.05,1.2500,4.0497,C,07/25/2025 11:33:01 AM,0.0000,28.7932,28.4499,28.6620,0.0,0.0
4367,0,8,  0d 01:12:38.51,  0d 00:18:02.05,1.2500,4.0498,C,07/25/2025 11:33:02 AM,0.0000,28.7932,28.4499,28.6620,0.0,0.0
4368,0,8,  0d 01:12:39.51,  0d 00:18:03.05,1.2497,4.0501,C,07/25/2025 11:33:03 AM,0.0000,28.8087,28.4499,28.6620,0.0,0.0
4369,0,8,  0d 01:12:40.51,  0d 00:18:04.05,1.2503,4.0502,C,07/25/2025 11:33:04 AM,0.0000,28.8087,28.4499,28.6620,0.0,0.0
4370,0,8,  0d 01:12:41.51,  0d 00:18:05.05,1.2503,4.0504,C,07/25/2025 11:33:05 AM,0.0000,28.8087,28.4499,28.6620,0.0,0.0
4371,0,8,  0d 01:12:42.51,  0d 00:18:06.05,1.2500,4.0506,C,07/25/2025 11:33:06 AM,0.0000,28.8087,28.4499,28.6620,0.0,0.0
4372,0,8,  0d 01:12:43.51,  0d 00:18:07.05,1.2503,4.0509,C,07/25/2025 11:33:07 AM,0.0000,28.8087,28.4499,28.6620,0.0,0.0
4373,0,8,  0d 01:12:44.51,  0d 00:18:08.05,1.2503,4.0509,C,07/25/2025 11:33:08 AM,0.0000,28.8087,28.4499,28.6620,0.0,0.0
4374,0,8,  0d 01:12:45.51,  0d 00:18:09.05,1.2500,4.0511,C,07/25/2025 11:33:09 AM,0.0000,28.7932,28.4499,28.6620,0.0,0.0
4375,0,8,  0d 01:12:46.51,  0d 00:18:10.05,1.2500,4.0513,C,07/25/2025 11:33:10 AM,0.0000,28.7932,28.4499,28.6620,0.0,0.0
4376,0,8,  0d 01:12:47.51,  0d 00:18:11.05,1.2497,4.0516,C,07/25/2025 11:33:11 AM,0.0000,28.7932,28.4499,28.6620,0.0,0.0
4377,0,8,  0d 01:12:48.51,  0d 00:18:12.05,1.2500,4.0517,C,07/25/2025 11:33:12 AM,0.0000,28.7932,28.4499,28.6620,0.0,0.0
4378,0,8,  0d 01:12:49.51,  0d 00:18:13.05,1.2506,4.0518,C,07/25/2025 11:33:13 AM,0.0000,28.7932,28.4499,28.6620,0.0,0.0
4379,0,8,  0d 01:12:50.51,  0d 00:18:14.05,1.2503,4.0521,C,07/25/2025 11:33:14 AM,0.0000,28.7932,28.4499,28.6465,0.0,0.0
4380,0,8,  0d 01:12:51.51,  0d 00:18:15.05,1.2497,4.0522,C,07/25/2025 11:33:15 AM,0.0000,28.8087,28.4499,28.6620,0.0,0.0
4381,0,8,  0d 01:12:52.51,  0d 00:18:16.05,1.2497,4.0524,C,07/25/2025 11:33:16 AM,0.0000,28.8087,28.4499,28.6620,0.0,0.0
4382,0,8,  0d 01:12:53.51,  0d 00:18:17.05,1.2500,4.0526,C,07/25/2025 11:33:17 AM,0.0000,28.8087,28.4499,28.6620,0.0,0.0
4383,0,8,  0d 01:12:54.51,  0d 00:18:18.05,1.2500,4.0529,C,07/25/2025 11:33:18 AM,0.0000,28.8087,28.4499,28.6620,0.0,0.0
4384,0,8,  0d 01:12:55.51,  0d 00:18:19.05,1.2497,4.0529,C,07/25/2025 11:33:19 AM,0.0000,28.8087,28.4499,28.6620,0.0,0.0
4385,0,8,  0d 01:12:56.51,  0d 00:18:20.05,1.2497,4.0531,C,07/25/2025 11:33:20 AM,0.0000,28.8087,28.4499,28.6620,0.0,0.0
4386,0,8,  0d 01:12:57.51,  0d 00:18:21.05,1.2497,4.0533,C,07/25/2025 11:33:21 AM,0.0000,28.8087,28.4499,28.6620,0.0,0.0
4387,0,8,  0d 01:12:58.51,  0d 00:18:22.05,1.2497,4.0534,C,07/25/2025 11:33:22 AM,0.0000,28.8087,28.4499,28.6620,0.0,0.0
4388,0,8,  0d 01:12:59.51,  0d 00:18:23.05,1.2497,4.0536,C,07/25/2025 11:33:23 AM,0.0000,28.8087,28.4499,28.6620,0.0,0.0
4389,0,8,  0d 01:13:00.51,  0d 00:18:24.05,1.2503,4.0538,C,07/25/2025 11:33:24 AM,0.0000,28.8087,28.4499,28.6620,0.0,0.0
4390,0,8,  0d 01:13:01.51,  0d 00:18:25.05,1.2500,4.0539,C,07/25/2025 11:33:25 AM,0.0000,28.8087,28.4499,28.6620,0.0,0.0
4391,0,8,  0d 01:13:02.51,  0d 00:18:26.05,1.2500,4.0542,C,07/25/2025 11:33:26 AM,0.0000,28.7932,28.4499,28.6620,0.0,0.0
4392,0,8,  0d 01:13:03.51,  0d 00:18:27.05,1.2500,4.0544,C,07/25/2025 11:33:27 AM,0.0000,28.7932,28.4499,28.6620,0.0,0.0
4393,0,8,  0d 01:13:04.51,  0d 00:18:28.05,1.2500,4.0545,C,07/25/2025 11:33:29 AM,0.0000,28.7932,28.4499,28.6620,0.0,0.0
4394,0,8,  0d 01:13:05.51,  0d 00:18:29.05,1.2503,4.0546,C,07/25/2025 11:33:29 AM,0.0000,28.8087,28.4499,28.6620,0.0,0.0
4395,0,8,  0d 01:13:06.51,  0d 00:18:30.05,1.2500,4.0548,C,07/25/2025 11:33:30 AM,0.0000,28.8087,28.4499,28.6620,0.0,0.0
4396,0,8,  0d 01:13:07.51,  0d 00:18:31.05,1.2503,4.0550,C,07/25/2025 11:33:31 AM,0.0000,28.8087,28.4499,28.6620,0.0,0.0
4397,0,8,  0d 01:13:08.51,  0d 00:18:32.05,1.2503,4.0552,C,07/25/2025 11:33:32 AM,0.0000,28.7932,28.4499,28.6620,0.0,0.0
4398,0,8,  0d 01:13:09.51,  0d 00:18:33.05,1.2494,4.0554,C,07/25/2025 11:33:33 AM,0.0000,28.7932,28.4499,28.6620,0.0,0.0
4399,0,8,  0d 01:13:10.51,  0d 00:18:34.05,1.2500,4.0555,C,07/25/2025 11:33:34 AM,0.0000,28.7932,28.4499,28.6620,0.0,0.0
4400,0,8,  0d 01:13:11.51,  0d 00:18:35.05,1.2506,4.0558,C,07/25/2025 11:33:35 AM,0.0000,28.7932,28.4499,28.6620,0.0,0.0
4401,0,8,  0d 01:13:12.51,  0d 00:18:36.05,1.2494,4.0559,C,07/25/2025 11:33:36 AM,0.0000,28.7932,28.4499,28.6620,0.0,0.0
4402,0,8,  0d 01:13:13.51,  0d 00:18:37.05,1.2500,4.0560,C,07/25/2025 11:33:37 AM,0.0000,28.8087,28.4499,28.6620,0.0,0.0
4403,0,8,  0d 01:13:14.51,  0d 00:18:38.05,1.2500,4.0561,C,07/25/2025 11:33:39 AM,0.0000,28.8087,28.4499,28.6620,0.0,0.0
4404,0,8,  0d 01:13:15.51,  0d 00:18:39.05,1.2503,4.0565,C,07/25/2025 11:33:39 AM,0.0000,28.7932,28.4499,28.6620,0.0,0.0
4405,0,8,  0d 01:13:16.51,  0d 00:18:40.05,1.2494,4.0566,C,07/25/2025 11:33:40 AM,0.0000,28.7932,28.4499,28.6620,0.0,0.0
4406,0,8,  0d 01:13:17.51,  0d 00:18:41.05,1.2503,4.0568,C,07/25/2025 11:33:41 AM,0.0000,28.7932,28.4499,28.6620,0.0,0.0
4407,0,8,  0d 01:13:18.51,  0d 00:18:42.05,1.2503,4.0570,C,07/25/2025 11:33:42 AM,0.0000,28.8087,28.4499,28.6620,0.0,0.0
4408,0,8,  0d 01:13:19.51,  0d 00:18:43.05,1.2500,4.0571,C,07/25/2025 11:33:43 AM,0.0000,28.8087,28.4499,28.6620,0.0,0.0
4409,0,8,  0d 01:13:20.51,  0d 00:18:44.05,1.2500,4.0572,C,07/25/2025 11:33:44 AM,0.0000,28.8087,28.4499,28.6620,0.0,0.0
4410,0,8,  0d 01:13:21.51,  0d 00:18:45.05,1.2497,4.0575,C,07/25/2025 11:33:45 AM,0.0000,28.8087,28.4499,28.6620,0.0,0.0
4411,0,8,  0d 01:13:22.51,  0d 00:18:46.05,1.2500,4.0578,C,07/25/2025 11:33:46 AM,0.0000,28.8087,28.4499,28.6620,0.0,0.0
4412,0,8,  0d 01:13:23.51,  0d 00:18:47.05,1.2497,4.0578,C,07/25/2025 11:33:47 AM,0.0000,28.8087,28.4499,28.6620,0.0,0.0
4413,0,8,  0d 01:13:24.51,  0d 00:18:48.05,1.2500,4.0579,C,07/25/2025 11:33:49 AM,0.0000,28.8087,28.4499,28.6620,0.0,0.0
4414,0,8,  0d 01:13:25.51,  0d 00:18:49.05,1.2500,4.0581,C,07/25/2025 11:33:49 AM,0.0000,28.8087,28.4499,28.6620,0.0,0.0
4415,0,8,  0d 01:13:26.51,  0d 00:18:50.05,1.2500,4.0584,C,07/25/2025 11:33:50 AM,0.0000,28.7932,28.4654,28.6620,0.0,0.0
4416,0,8,  0d 01:13:27.51,  0d 00:18:51.05,1.2500,4.0584,C,07/25/2025 11:33:51 AM,0.0000,28.8087,28.4654,28.6620,0.0,0.0
4417,0,8,  0d 01:13:28.51,  0d 00:18:52.05,1.2500,4.0585,C,07/25/2025 11:33:52 AM,0.0000,28.7932,28.4654,28.6620,0.0,0.0
4418,0,8,  0d 01:13:29.51,  0d 00:18:53.05,1.2500,4.0589,C,07/25/2025 11:33:53 AM,0.0000,28.7932,28.4499,28.6620,0.0,0.0
4419,0,8,  0d 01:13:30.51,  0d 00:18:54.05,1.2497,4.0590,C,07/25/2025 11:33:54 AM,0.0000,28.7932,28.4499,28.6620,0.0,0.0
4420,0,8,  0d 01:13:31.51,  0d 00:18:55.05,1.2500,4.0592,C,07/25/2025 11:33:55 AM,0.0000,28.7932,28.4499,28.6620,0.0,0.0
4421,0,8,  0d 01:13:32.51,  0d 00:18:56.05,1.2497,4.0593,C,07/25/2025 11:33:56 AM,0.0000,28.7932,28.4499,28.6620,0.0,0.0
4422,0,8,  0d 01:13:33.51,  0d 00:18:57.05,1.2500,4.0595,C,07/25/2025 11:33:57 AM,0.0000,28.7932,28.4499,28.6620,0.0,0.0
4423,0,8,  0d 01:13:34.51,  0d 00:18:58.05,1.2500,4.0597,C,07/25/2025 11:33:58 AM,0.0000,28.7932,28.4499,28.6620,0.0,0.0
4424,0,8,  0d 01:13:35.51,  0d 00:18:59.05,1.2500,4.0599,C,07/25/2025 11:33:59 AM,0.0000,28.8087,28.4499,28.6620,0.0,0.0
4425,0,8,  0d 01:13:36.51,  0d 00:19:00.05,1.2500,4.0600,C,07/25/2025 11:34:00 AM,0.0000,28.8087,28.4499,28.6620,0.0,0.0
4426,0,8,  0d 01:13:37.51,  0d 00:19:01.05,1.2494,4.0602,C,07/25/2025 11:34:01 AM,0.0000,28.8087,28.4499,28.6620,0.0,0.0
4427,0,8,  0d 01:13:38.51,  0d 00:19:02.05,1.2494,4.0603,C,07/25/2025 11:34:02 AM,0.0000,28.8087,28.4499,28.6620,0.0,0.0
4428,0,8,  0d 01:13:39.51,  0d 00:19:03.05,1.2494,4.0604,C,07/25/2025 11:34:03 AM,0.0000,28.7932,28.4499,28.6620,0.0,0.0
4429,0,8,  0d 01:13:40.51,  0d 00:19:04.05,1.2500,4.0606,C,07/25/2025 11:34:04 AM,0.0000,28.7932,28.4499,28.6620,0.0,0.0
4430,0,8,  0d 01:13:41.51,  0d 00:19:05.05,1.2500,4.0608,C,07/25/2025 11:34:05 AM,0.0000,28.7932,28.4499,28.6620,0.0,0.0
4431,0,8,  0d 01:13:42.51,  0d 00:19:06.05,1.2500,4.0610,C,07/25/2025 11:34:06 AM,0.0000,28.7932,28.4499,28.6620,0.0,0.0
4432,0,8,  0d 01:13:43.51,  0d 00:19:07.05,1.2500,4.0613,C,07/25/2025 11:34:07 AM,0.0000,28.8087,28.4499,28.6620,0.0,0.0
4433,0,8,  0d 01:13:44.51,  0d 00:19:08.05,1.2494,4.0613,C,07/25/2025 11:34:08 AM,0.0000,28.8087,28.4499,28.6620,0.0,0.0
4434,0,8,  0d 01:13:45.51,  0d 00:19:09.05,1.2497,4.0616,C,07/25/2025 11:34:09 AM,0.0000,28.8087,28.4499,28.6620,0.0,0.0
4435,0,8,  0d 01:13:46.51,  0d 00:19:10.05,1.2500,4.0616,C,07/25/2025 11:34:10 AM,0.0000,28.8087,28.4499,28.6620,0.0,0.0
4436,0,8,  0d 01:13:47.51,  0d 00:19:11.05,1.2494,4.0619,C,07/25/2025 11:34:11 AM,0.0000,28.7932,28.4499,28.6620,0.0,0.0
4437,0,8,  0d 01:13:48.51,  0d 00:19:12.05,1.2497,4.0621,C,07/25/2025 11:34:12 AM,0.0000,28.8087,28.4499,28.6620,0.0,0.0
4438,0,8,  0d 01:13:49.51,  0d 00:19:13.05,1.2500,4.0623,C,07/25/2025 11:34:13 AM,0.0000,28.8087,28.4499,28.6620,0.0,0.0
4439,0,8,  0d 01:13:50.51,  0d 00:19:14.05,1.2500,4.0624,C,07/25/2025 11:34:14 AM,0.0000,28.8087,28.4499,28.6620,0.0,0.0
4440,0,8,  0d 01:13:51.51,  0d 00:19:15.05,1.2494,4.0627,C,07/25/2025 11:34:15 AM,0.0000,28.8087,28.4499,28.6620,0.0,0.0
4441,0,8,  0d 01:13:52.51,  0d 00:19:16.05,1.2494,4.0627,C,07/25/2025 11:34:16 AM,0.0000,28.8087,28.4499,28.6620,0.0,0.0
4442,0,8,  0d 01:13:53.51,  0d 00:19:17.05,1.2500,4.0629,C,07/25/2025 11:34:17 AM,0.0000,28.8087,28.4499,28.6620,0.0,0.0
4443,0,8,  0d 01:13:54.51,  0d 00:19:18.05,1.2500,4.0632,C,07/25/2025 11:34:18 AM,0.0000,28.8087,28.4499,28.6620,0.0,0.0
4444,0,8,  0d 01:13:55.51,  0d 00:19:19.05,1.2494,4.0632,C,07/25/2025 11:34:19 AM,0.0000,28.8087,28.4499,28.6620,0.0,0.0
4445,0,8,  0d 01:13:56.51,  0d 00:19:20.05,1.2500,4.0632,C,07/25/2025 11:34:20 AM,0.0000,28.7932,28.4499,28.6620,0.0,0.0
4446,0,8,  0d 01:13:57.51,  0d 00:19:21.05,1.2497,4.0635,C,07/25/2025 11:34:21 AM,0.0000,28.7932,28.4499,28.6620,0.0,0.0
4447,0,8,  0d 01:13:58.51,  0d 00:19:22.05,1.2503,4.0638,C,07/25/2025 11:34:22 AM,0.0000,28.7932,28.4499,28.6620,0.0,0.0
4448,0,8,  0d 01:13:59.51,  0d 00:19:23.05,1.2500,4.0639,C,07/25/2025 11:34:23 AM,0.0000,28.7932,28.4499,28.6620,0.0,0.0
4449,0,8,  0d 01:14:00.51,  0d 00:19:24.05,1.2497,4.0640,C,07/25/2025 11:34:24 AM,0.0000,28.7932,28.4499,28.6465,0.0,0.0
4450,0,8,  0d 01:14:01.51,  0d 00:19:25.05,1.2494,4.0642,C,07/25/2025 11:34:25 AM,0.0000,28.7932,28.4499,28.6620,0.0,0.0
4451,0,8,  0d 01:14:02.51,  0d 00:19:26.05,1.2500,4.0645,C,07/25/2025 11:34:26 AM,0.0000,28.7932,28.4499,28.6620,0.0,0.0
4452,0,8,  0d 01:14:03.51,  0d 00:19:27.05,1.2497,4.0646,C,07/25/2025 11:34:27 AM,0.0000,28.7932,28.4499,28.6620,0.0,0.0
4453,0,8,  0d 01:14:04.51,  0d 00:19:28.05,1.2494,4.0646,C,07/25/2025 11:34:28 AM,0.0000,28.7932,28.4499,28.6620,0.0,0.0
4454,0,8,  0d 01:14:05.51,  0d 00:19:29.05,1.2503,4.0650,C,07/25/2025 11:34:29 AM,0.0000,28.7932,28.4499,28.6620,0.0,0.0
4455,0,8,  0d 01:14:06.51,  0d 00:19:30.05,1.2497,4.0650,C,07/25/2025 11:34:30 AM,0.0000,28.7932,28.4499,28.6620,0.0,0.0
4456,0,8,  0d 01:14:07.51,  0d 00:19:31.05,1.2497,4.0652,C,07/25/2025 11:34:31 AM,0.0000,28.7932,28.4499,28.6620,0.0,0.0
4457,0,8,  0d 01:14:08.51,  0d 00:19:32.05,1.2500,4.0654,C,07/25/2025 11:34:32 AM,0.0000,28.7932,28.4499,28.6620,0.0,0.0
4458,0,8,  0d 01:14:09.51,  0d 00:19:33.05,1.2500,4.0655,C,07/25/2025 11:34:33 AM,0.0000,28.8087,28.4499,28.6620,0.0,0.0
4459,0,8,  0d 01:14:10.51,  0d 00:19:34.05,1.2500,4.0658,C,07/25/2025 11:34:34 AM,0.0000,28.8087,28.4499,28.6620,0.0,0.0
4460,0,8,  0d 01:14:11.51,  0d 00:19:35.05,1.2500,4.0658,C,07/25/2025 11:34:35 AM,0.0000,28.8087,28.4499,28.6620,0.0,0.0
4461,0,8,  0d 01:14:12.51,  0d 00:19:36.05,1.2497,4.0661,C,07/25/2025 11:34:36 AM,0.0000,28.8087,28.4499,28.6620,0.0,0.0
4462,0,8,  0d 01:14:13.51,  0d 00:19:37.05,1.2497,4.0664,C,07/25/2025 11:34:37 AM,0.0000,28.8087,28.4499,28.6620,0.0,0.0
4463,0,8,  0d 01:14:14.51,  0d 00:19:38.05,1.2500,4.0665,C,07/25/2025 11:34:38 AM,0.0000,28.7932,28.4499,28.6620,0.0,0.0
4464,0,8,  0d 01:14:15.51,  0d 00:19:39.05,1.2500,4.0667,C,07/25/2025 11:34:40 AM,0.0000,28.7932,28.4499,28.6620,0.0,0.0
4465,0,8,  0d 01:14:16.51,  0d 00:19:40.05,1.2497,4.0668,C,07/25/2025 11:34:40 AM,0.0000,28.7932,28.4499,28.6465,0.0,0.0
4466,0,8,  0d 01:14:17.51,  0d 00:19:41.05,1.2500,4.0670,C,07/25/2025 11:34:41 AM,0.0000,28.7932,28.4499,28.6465,0.0,0.0
4467,0,8,  0d 01:14:18.51,  0d 00:19:42.05,1.2497,4.0671,C,07/25/2025 11:34:42 AM,0.0000,28.7932,28.4499,28.6465,0.0,0.0
4468,0,8,  0d 01:14:19.51,  0d 00:19:43.05,1.2497,4.0672,C,07/25/2025 11:34:43 AM,0.0000,28.7932,28.4499,28.6465,0.0,0.0
4469,0,8,  0d 01:14:20.51,  0d 00:19:44.05,1.2503,4.0674,C,07/25/2025 11:34:44 AM,0.0000,28.7932,28.4499,28.6620,0.0,0.0
4470,0,8,  0d 01:14:21.51,  0d 00:19:45.05,1.2497,4.0677,C,07/25/2025 11:34:45 AM,0.0000,28.8087,28.4499,28.6620,0.0,0.0
4471,0,8,  0d 01:14:22.51,  0d 00:19:46.05,1.2500,4.0677,C,07/25/2025 11:34:46 AM,0.0000,28.8087,28.4499,28.6620,0.0,0.0
4472,0,8,  0d 01:14:23.51,  0d 00:19:47.05,1.2500,4.0680,C,07/25/2025 11:34:47 AM,0.0000,28.8087,28.4499,28.6620,0.0,0.0
4473,0,8,  0d 01:14:24.51,  0d 00:19:48.05,1.2497,4.0681,C,07/25/2025 11:34:48 AM,0.0000,28.8087,28.4499,28.6620,0.0,0.0
4474,0,8,  0d 01:14:25.51,  0d 00:19:49.05,1.2503,4.0681,C,07/25/2025 11:34:50 AM,0.0000,28.8087,28.4499,28.6620,0.0,0.0
4475,0,8,  0d 01:14:26.51,  0d 00:19:50.05,1.2497,4.0684,C,07/25/2025 11:34:50 AM,0.0000,28.8087,28.4499,28.6620,0.0,0.0
4476,0,8,  0d 01:14:27.51,  0d 00:19:51.05,1.2503,4.0687,C,07/25/2025 11:34:51 AM,0.0000,28.7932,28.4499,28.6620,0.0,0.0
4477,0,8,  0d 01:14:28.51,  0d 00:19:52.05,1.2500,4.0686,C,07/25/2025 11:34:52 AM,0.0000,28.8087,28.4499,28.6620,0.0,0.0
4478,0,8,  0d 01:14:29.51,  0d 00:19:53.05,1.2500,4.0690,C,07/25/2025 11:34:53 AM,0.0000,28.8087,28.4499,28.6620,0.0,0.0
4479,0,8,  0d 01:14:30.51,  0d 00:19:54.05,1.2500,4.0690,C,07/25/2025 11:34:54 AM,0.0000,28.8087,28.4499,28.6620,0.0,0.0
4480,0,8,  0d 01:14:31.51,  0d 00:19:55.05,1.2497,4.0694,C,07/25/2025 11:34:55 AM,0.0000,28.8242,28.4499,28.6620,0.0,0.0
4481,0,8,  0d 01:14:32.51,  0d 00:19:56.05,1.2503,4.0694,C,07/25/2025 11:34:56 AM,0.0000,28.8087,28.4499,28.6620,0.0,0.0
4482,0,8,  0d 01:14:33.51,  0d 00:19:57.05,1.2497,4.0696,C,07/25/2025 11:34:57 AM,0.0000,28.8087,28.4499,28.6620,0.0,0.0
4483,0,8,  0d 01:14:34.51,  0d 00:19:58.05,1.2500,4.0697,C,07/25/2025 11:34:58 AM,0.0000,28.8087,28.4499,28.6620,0.0,0.0
4484,0,8,  0d 01:14:35.51,  0d 00:19:59.05,1.2503,4.0700,C,07/25/2025 11:35:00 AM,0.0000,28.8087,28.4499,28.6620,0.0,0.0
4485,0,8,  0d 01:14:36.51,  0d 00:20:00.05,1.2500,4.0701,C,07/25/2025 11:35:00 AM,0.0000,28.8087,28.4499,28.6620,0.0,0.0
4486,0,8,  0d 01:14:37.51,  0d 00:20:01.05,1.2506,4.0702,C,07/25/2025 11:35:01 AM,0.0000,28.8087,28.4499,28.6620,0.0,0.0
4487,0,8,  0d 01:14:38.51,  0d 00:20:02.05,1.2503,4.0703,C,07/25/2025 11:35:02 AM,0.0000,28.8087,28.4499,28.6620,0.0,0.0
4488,0,8,  0d 01:14:39.51,  0d 00:20:03.05,1.2500,4.0706,C,07/25/2025 11:35:03 AM,0.0000,28.8242,28.4654,28.6620,0.0,0.0
4489,0,8,  0d 01:14:40.51,  0d 00:20:04.05,1.2500,4.0707,C,07/25/2025 11:35:04 AM,0.0000,28.8087,28.4654,28.6620,0.0,0.0
4490,0,8,  0d 01:14:41.51,  0d 00:20:05.05,1.2497,4.0708,C,07/25/2025 11:35:05 AM,0.0000,28.8242,28.4654,28.6620,0.0,0.0
4491,0,8,  0d 01:14:42.51,  0d 00:20:06.05,1.2494,4.0710,C,07/25/2025 11:35:06 AM,0.0000,28.8242,28.4654,28.6620,0.0,0.0
4492,0,8,  0d 01:14:43.51,  0d 00:20:07.05,1.2500,4.0713,C,07/25/2025 11:35:07 AM,0.0000,28.8242,28.4654,28.6620,0.0,0.0
4493,0,8,  0d 01:14:44.51,  0d 00:20:08.05,1.2497,4.0714,C,07/25/2025 11:35:08 AM,0.0000,28.8242,28.4654,28.6774,0.0,0.0
4494,0,8,  0d 01:14:45.51,  0d 00:20:09.05,1.2494,4.0716,C,07/25/2025 11:35:09 AM,0.0000,28.8242,28.4654,28.6774,0.0,0.0
4495,0,8,  0d 01:14:46.51,  0d 00:20:10.05,1.2497,4.0718,C,07/25/2025 11:35:10 AM,0.0000,28.8242,28.4654,28.6774,0.0,0.0
4496,0,8,  0d 01:14:47.51,  0d 00:20:11.05,1.2497,4.0719,C,07/25/2025 11:35:11 AM,0.0000,28.8242,28.4654,28.6774,0.0,0.0
4497,0,8,  0d 01:14:48.51,  0d 00:20:12.05,1.2500,4.0719,C,07/25/2025 11:35:12 AM,0.0000,28.8242,28.4654,28.6774,0.0,0.0
4498,0,8,  0d 01:14:49.51,  0d 00:20:13.05,1.2503,4.0723,C,07/25/2025 11:35:13 AM,0.0000,28.8242,28.4654,28.6774,0.0,0.0
4499,0,8,  0d 01:14:50.51,  0d 00:20:14.05,1.2491,4.0724,C,07/25/2025 11:35:14 AM,0.0000,28.8242,28.4654,28.6774,0.0,0.0
4500,0,8,  0d 01:14:51.51,  0d 00:20:15.05,1.2494,4.0725,C,07/25/2025 11:35:15 AM,0.0000,28.8242,28.4654,28.6774,0.0,0.0
4501,0,8,  0d 01:14:52.51,  0d 00:20:16.05,1.2500,4.0727,C,07/25/2025 11:35:16 AM,0.0000,28.8242,28.4654,28.6774,0.0,0.0
4502,0,8,  0d 01:14:53.51,  0d 00:20:17.05,1.2494,4.0728,C,07/25/2025 11:35:17 AM,0.0000,28.8242,28.4654,28.6774,0.0,0.0
4503,0,8,  0d 01:14:54.51,  0d 00:20:18.05,1.2497,4.0729,C,07/25/2025 11:35:18 AM,0.0000,28.8242,28.4654,28.6774,0.0,0.0
4504,0,8,  0d 01:14:55.51,  0d 00:20:19.05,1.2497,4.0732,C,07/25/2025 11:35:19 AM,0.0000,28.8242,28.4654,28.6774,0.0,0.0
4505,0,8,  0d 01:14:56.51,  0d 00:20:20.05,1.2497,4.0733,C,07/25/2025 11:35:20 AM,0.0000,28.8242,28.4654,28.6774,0.0,0.0
4506,0,8,  0d 01:14:57.51,  0d 00:20:21.05,1.2497,4.0735,C,07/25/2025 11:35:21 AM,0.0000,28.8242,28.4809,28.6774,0.0,0.0
4507,0,8,  0d 01:14:58.51,  0d 00:20:22.05,1.2503,4.0737,C,07/25/2025 11:35:22 AM,0.0000,28.8242,28.4809,28.6774,0.0,0.0
4508,0,8,  0d 01:14:59.51,  0d 00:20:23.05,1.2503,4.0739,C,07/25/2025 11:35:23 AM,0.0000,28.8242,28.4809,28.6620,0.0,0.0
4509,0,8,  0d 01:15:00.51,  0d 00:20:24.05,1.2500,4.0740,C,07/25/2025 11:35:24 AM,0.0000,28.8242,28.4809,28.6620,0.0,0.0
4510,0,8,  0d 01:15:01.51,  0d 00:20:25.05,1.2497,4.0739,C,07/25/2025 11:35:25 AM,0.0000,28.8242,28.4654,28.6774,0.0,0.0
4511,0,8,  0d 01:15:02.51,  0d 00:20:26.05,1.2497,4.0742,C,07/25/2025 11:35:26 AM,0.0000,28.8242,28.4654,28.6774,0.0,0.0
4512,0,8,  0d 01:15:03.51,  0d 00:20:27.05,1.2500,4.0744,C,07/25/2025 11:35:27 AM,0.0000,28.8242,28.4654,28.6774,0.0,0.0
4513,0,8,  0d 01:15:04.51,  0d 00:20:28.05,1.2497,4.0747,C,07/25/2025 11:35:28 AM,0.0000,28.8242,28.4654,28.6774,0.0,0.0
4514,0,8,  0d 01:15:05.51,  0d 00:20:29.05,1.2503,4.0747,C,07/25/2025 11:35:29 AM,0.0000,28.8242,28.4654,28.6774,0.0,0.0
4515,0,8,  0d 01:15:06.51,  0d 00:20:30.05,1.2497,4.0749,C,07/25/2025 11:35:30 AM,0.0000,28.8242,28.4654,28.6774,0.0,0.0
4516,0,8,  0d 01:15:07.51,  0d 00:20:31.05,1.2494,4.0752,C,07/25/2025 11:35:31 AM,0.0000,28.8242,28.4654,28.6774,0.0,0.0
4517,0,8,  0d 01:15:08.51,  0d 00:20:32.05,1.2494,4.0753,C,07/25/2025 11:35:32 AM,0.0000,28.8242,28.4654,28.6774,0.0,0.0
4518,0,8,  0d 01:15:09.51,  0d 00:20:33.05,1.2500,4.0755,C,07/25/2025 11:35:33 AM,0.0000,28.8242,28.4654,28.6620,0.0,0.0
4519,0,8,  0d 01:15:10.51,  0d 00:20:34.05,1.2500,4.0756,C,07/25/2025 11:35:34 AM,0.0000,28.8087,28.4654,28.6620,0.0,0.0
4520,0,8,  0d 01:15:11.51,  0d 00:20:35.05,1.2497,4.0758,C,07/25/2025 11:35:35 AM,0.0000,28.8087,28.4654,28.6620,0.0,0.0
4521,0,8,  0d 01:15:12.51,  0d 00:20:36.05,1.2503,4.0758,C,07/25/2025 11:35:36 AM,0.0000,28.8087,28.4654,28.6620,0.0,0.0
4522,0,8,  0d 01:15:13.51,  0d 00:20:37.05,1.2500,4.0761,C,07/25/2025 11:35:37 AM,0.0000,28.8087,28.4499,28.6620,0.0,0.0
4523,0,8,  0d 01:15:14.51,  0d 00:20:38.05,1.2500,4.0762,C,07/25/2025 11:35:38 AM,0.0000,28.8087,28.4499,28.6620,0.0,0.0
4524,0,8,  0d 01:15:15.51,  0d 00:20:39.05,1.2497,4.0764,C,07/25/2025 11:35:39 AM,0.0000,28.8087,28.4499,28.6620,0.0,0.0
4525,0,8,  0d 01:15:16.51,  0d 00:20:40.05,1.2497,4.0765,C,07/25/2025 11:35:40 AM,0.0000,28.8087,28.4499,28.6620,0.0,0.0
4526,0,8,  0d 01:15:17.51,  0d 00:20:41.05,1.2500,4.0767,C,07/25/2025 11:35:41 AM,0.0000,28.8087,28.4499,28.6465,0.0,0.0
4527,0,8,  0d 01:15:18.51,  0d 00:20:42.05,1.2497,4.0769,C,07/25/2025 11:35:42 AM,0.0000,28.7932,28.4499,28.6465,0.0,0.0
4528,0,8,  0d 01:15:19.51,  0d 00:20:43.05,1.2497,4.0771,C,07/25/2025 11:35:43 AM,0.0000,28.7932,28.4499,28.6465,0.0,0.0
4529,0,8,  0d 01:15:20.51,  0d 00:20:44.05,1.2503,4.0773,C,07/25/2025 11:35:44 AM,0.0000,28.7932,28.4499,28.6465,0.0,0.0
4530,0,8,  0d 01:15:21.51,  0d 00:20:45.05,1.2500,4.0772,C,07/25/2025 11:35:45 AM,0.0000,28.7932,28.4499,28.6465,0.0,0.0
4531,0,8,  0d 01:15:22.51,  0d 00:20:46.05,1.2500,4.0774,C,07/25/2025 11:35:46 AM,0.0000,28.7932,28.4499,28.6465,0.0,0.0
4532,0,8,  0d 01:15:23.51,  0d 00:20:47.05,1.2503,4.0777,C,07/25/2025 11:35:47 AM,0.0000,28.7932,28.4499,28.6465,0.0,0.0
4533,0,8,  0d 01:15:24.51,  0d 00:20:48.05,1.2500,4.0777,C,07/25/2025 11:35:48 AM,0.0000,28.7932,28.4499,28.6465,0.0,0.0
4534,0,8,  0d 01:15:25.51,  0d 00:20:49.05,1.2500,4.0780,C,07/25/2025 11:35:49 AM,0.0000,28.7932,28.4499,28.6465,0.0,0.0
4535,0,8,  0d 01:15:26.51,  0d 00:20:50.05,1.2500,4.0782,C,07/25/2025 11:35:50 AM,0.0000,28.7932,28.4499,28.6465,0.0,0.0
4536,0,8,  0d 01:15:27.51,  0d 00:20:51.05,1.2500,4.0784,C,07/25/2025 11:35:51 AM,0.0000,28.7932,28.4499,28.6465,0.0,0.0
4537,0,8,  0d 01:15:28.51,  0d 00:20:52.05,1.2494,4.0784,C,07/25/2025 11:35:52 AM,0.0000,28.7932,28.4499,28.6465,0.0,0.0
4538,0,8,  0d 01:15:29.51,  0d 00:20:53.05,1.2500,4.0786,C,07/25/2025 11:35:53 AM,0.0000,28.7932,28.4499,28.6465,0.0,0.0
4539,0,8,  0d 01:15:30.51,  0d 00:20:54.05,1.2494,4.0787,C,07/25/2025 11:35:54 AM,0.0000,28.7932,28.4499,28.6465,0.0,0.0
4540,0,8,  0d 01:15:31.51,  0d 00:20:55.05,1.2500,4.0790,C,07/25/2025 11:35:55 AM,0.0000,28.7932,28.4499,28.6465,0.0,0.0
4541,0,8,  0d 01:15:32.51,  0d 00:20:56.05,1.2497,4.0792,C,07/25/2025 11:35:56 AM,0.0000,28.7932,28.4499,28.6465,0.0,0.0
4542,0,8,  0d 01:15:33.51,  0d 00:20:57.05,1.2497,4.0793,C,07/25/2025 11:35:57 AM,0.0000,28.7932,28.4499,28.6465,0.0,0.0
4543,0,8,  0d 01:15:34.51,  0d 00:20:58.05,1.2503,4.0793,C,07/25/2025 11:35:58 AM,0.0000,28.7932,28.4499,28.6465,0.0,0.0
4544,0,8,  0d 01:15:35.51,  0d 00:20:59.05,1.2494,4.0795,C,07/25/2025 11:35:59 AM,0.0000,28.7932,28.4499,28.6465,0.0,0.0
4545,0,8,  0d 01:15:36.51,  0d 00:21:00.05,1.2503,4.0796,C,07/25/2025 11:36:01 AM,0.0000,28.7932,28.4344,28.6465,0.0,0.0
4546,0,8,  0d 01:15:37.51,  0d 00:21:01.05,1.2494,4.0800,C,07/25/2025 11:36:01 AM,0.0000,28.7932,28.4344,28.6465,0.0,0.0
4547,0,8,  0d 01:15:38.51,  0d 00:21:02.05,1.2500,4.0800,C,07/25/2025 11:36:02 AM,0.0000,28.7932,28.4344,28.6465,0.0,0.0
4548,0,8,  0d 01:15:39.51,  0d 00:21:03.05,1.2497,4.0800,C,07/25/2025 11:36:03 AM,0.0000,28.7932,28.4344,28.6465,0.0,0.0
4549,0,8,  0d 01:15:40.51,  0d 00:21:04.05,1.2497,4.0803,C,07/25/2025 11:36:04 AM,0.0000,28.7932,28.4344,28.6465,0.0,0.0
4550,0,8,  0d 01:15:41.51,  0d 00:21:05.05,1.2500,4.0804,C,07/25/2025 11:36:05 AM,0.0000,28.7932,28.4344,28.6465,0.0,0.0
4551,0,8,  0d 01:15:42.51,  0d 00:21:06.05,1.2494,4.0806,C,07/25/2025 11:36:06 AM,0.0000,28.7932,28.4344,28.6465,0.0,0.0
4552,0,8,  0d 01:15:43.51,  0d 00:21:07.05,1.2503,4.0808,C,07/25/2025 11:36:07 AM,0.0000,28.7777,28.4344,28.6465,0.0,0.0
4553,0,8,  0d 01:15:44.51,  0d 00:21:08.05,1.2500,4.0809,C,07/25/2025 11:36:08 AM,0.0000,28.7932,28.4344,28.6465,0.0,0.0
4554,0,8,  0d 01:15:45.51,  0d 00:21:09.05,1.2494,4.0811,C,07/25/2025 11:36:09 AM,0.0000,28.7932,28.4344,28.6465,0.0,0.0
4555,0,8,  0d 01:15:46.51,  0d 00:21:10.05,1.2500,4.0813,C,07/25/2025 11:36:11 AM,0.0000,28.7932,28.4344,28.6465,0.0,0.0
4556,0,8,  0d 01:15:47.51,  0d 00:21:11.05,1.2500,4.0815,C,07/25/2025 11:36:11 AM,0.0000,28.7932,28.4344,28.6465,0.0,0.0
4557,0,8,  0d 01:15:48.51,  0d 00:21:12.05,1.2503,4.0816,C,07/25/2025 11:36:12 AM,0.0000,28.7777,28.4344,28.6465,0.0,0.0
4558,0,8,  0d 01:15:49.51,  0d 00:21:13.05,1.2494,4.0817,C,07/25/2025 11:36:13 AM,0.0000,28.7777,28.4344,28.6465,0.0,0.0
4559,0,8,  0d 01:15:50.51,  0d 00:21:14.05,1.2497,4.0819,C,07/25/2025 11:36:14 AM,0.0000,28.7777,28.4499,28.6465,0.0,0.0
4560,0,8,  0d 01:15:51.51,  0d 00:21:15.05,1.2500,4.0821,C,07/25/2025 11:36:15 AM,0.0000,28.7777,28.4344,28.6465,0.0,0.0
4561,0,8,  0d 01:15:52.51,  0d 00:21:16.05,1.2506,4.0822,C,07/25/2025 11:36:16 AM,0.0000,28.7932,28.4344,28.6465,0.0,0.0
4562,0,8,  0d 01:15:53.51,  0d 00:21:17.05,1.2500,4.0822,C,07/25/2025 11:36:17 AM,0.0000,28.7932,28.4344,28.6465,0.0,0.0
4563,0,8,  0d 01:15:54.51,  0d 00:21:18.05,1.2497,4.0825,C,07/25/2025 11:36:18 AM,0.0000,28.7932,28.4344,28.6465,0.0,0.0
4564,0,8,  0d 01:15:55.51,  0d 00:21:19.05,1.2503,4.0826,C,07/25/2025 11:36:19 AM,0.0000,28.7932,28.4499,28.6465,0.0,0.0
4565,0,8,  0d 01:15:56.51,  0d 00:21:20.05,1.2500,4.0829,C,07/25/2025 11:36:20 AM,0.0000,28.7932,28.4344,28.6465,0.0,0.0
4566,0,8,  0d 01:15:57.51,  0d 00:21:21.05,1.2491,4.0830,C,07/25/2025 11:36:21 AM,0.0000,28.7777,28.4344,28.6465,0.0,0.0
4567,0,8,  0d 01:15:58.51,  0d 00:21:22.05,1.2500,4.0831,C,07/25/2025 11:36:22 AM,0.0000,28.7777,28.4344,28.6465,0.0,0.0
4568,0,8,  0d 01:15:59.51,  0d 00:21:23.05,1.2500,4.0833,C,07/25/2025 11:36:23 AM,0.0000,28.7622,28.4344,28.6465,0.0,0.0
4569,0,8,  0d 01:16:00.51,  0d 00:21:24.05,1.2503,4.0835,C,07/25/2025 11:36:24 AM,0.0000,28.7777,28.4344,28.6465,0.0,0.0
4570,0,8,  0d 01:16:01.51,  0d 00:21:25.05,1.2497,4.0836,C,07/25/2025 11:36:25 AM,0.0000,28.7777,28.4344,28.6465,0.0,0.0
4571,0,8,  0d 01:16:02.51,  0d 00:21:26.05,1.2500,4.0837,C,07/25/2025 11:36:26 AM,0.0000,28.7777,28.4344,28.6465,0.0,0.0
4572,0,8,  0d 01:16:03.51,  0d 00:21:27.05,1.2500,4.0838,C,07/25/2025 11:36:27 AM,0.0000,28.7932,28.4344,28.6465,0.0,0.0
4573,0,8,  0d 01:16:04.51,  0d 00:21:28.05,1.2497,4.0839,C,07/25/2025 11:36:28 AM,0.0000,28.7777,28.4344,28.6465,0.0,0.0
4574,0,8,  0d 01:16:05.51,  0d 00:21:29.05,1.2506,4.0841,C,07/25/2025 11:36:29 AM,0.0000,28.7932,28.4344,28.6465,0.0,0.0
4575,0,8,  0d 01:16:06.51,  0d 00:21:30.05,1.2506,4.0843,C,07/25/2025 11:36:30 AM,0.0000,28.7777,28.4344,28.6465,0.0,0.0
4576,0,8,  0d 01:16:07.51,  0d 00:21:31.05,1.2497,4.0844,C,07/25/2025 11:36:31 AM,0.0000,28.7777,28.4344,28.6465,0.0,0.0
4577,0,8,  0d 01:16:08.51,  0d 00:21:32.05,1.2500,4.0846,C,07/25/2025 11:36:32 AM,0.0000,28.7932,28.4344,28.6465,0.0,0.0
4578,0,8,  0d 01:16:09.51,  0d 00:21:33.05,1.2497,4.0848,C,07/25/2025 11:36:33 AM,0.0000,28.7932,28.4344,28.6465,0.0,0.0
4579,0,8,  0d 01:16:10.51,  0d 00:21:34.05,1.2500,4.0848,C,07/25/2025 11:36:34 AM,0.0000,28.7932,28.4344,28.6465,0.0,0.0
4580,0,8,  0d 01:16:11.51,  0d 00:21:35.05,1.2497,4.0850,C,07/25/2025 11:36:35 AM,0.0000,28.7932,28.4344,28.6465,0.0,0.0
4581,0,8,  0d 01:16:12.51,  0d 00:21:36.05,1.2503,4.0852,C,07/25/2025 11:36:36 AM,0.0000,28.7932,28.4344,28.6465,0.0,0.0
4582,0,8,  0d 01:16:13.51,  0d 00:21:37.05,1.2494,4.0853,C,07/25/2025 11:36:37 AM,0.0000,28.7932,28.4344,28.6465,0.0,0.0
4583,0,8,  0d 01:16:14.51,  0d 00:21:38.05,1.2500,4.0856,C,07/25/2025 11:36:38 AM,0.0000,28.7932,28.4344,28.6465,0.0,0.0
4584,0,8,  0d 01:16:15.51,  0d 00:21:39.05,1.2497,4.0857,C,07/25/2025 11:36:39 AM,0.0000,28.7932,28.4344,28.6465,0.0,0.0
4585,0,8,  0d 01:16:16.51,  0d 00:21:40.05,1.2503,4.0859,C,07/25/2025 11:36:40 AM,0.0000,28.7932,28.4344,28.6465,0.0,0.0
4586,0,8,  0d 01:16:17.51,  0d 00:21:41.05,1.2497,4.0859,C,07/25/2025 11:36:41 AM,0.0000,28.7932,28.4344,28.6465,0.0,0.0
4587,0,8,  0d 01:16:18.51,  0d 00:21:42.05,1.2500,4.0862,C,07/25/2025 11:36:42 AM,0.0000,28.7777,28.4344,28.6465,0.0,0.0
4588,0,8,  0d 01:16:19.51,  0d 00:21:43.05,1.2497,4.0863,C,07/25/2025 11:36:43 AM,0.0000,28.7777,28.4344,28.6465,0.0,0.0
4589,0,8,  0d 01:16:20.51,  0d 00:21:44.05,1.2494,4.0864,C,07/25/2025 11:36:44 AM,0.0000,28.7777,28.4344,28.6465,0.0,0.0
4590,0,8,  0d 01:16:21.51,  0d 00:21:45.05,1.2500,4.0865,C,07/25/2025 11:36:45 AM,0.0000,28.7777,28.4344,28.6465,0.0,0.0
4591,0,8,  0d 01:16:22.51,  0d 00:21:46.05,1.2497,4.0867,C,07/25/2025 11:36:46 AM,0.0000,28.7777,28.4344,28.6465,0.0,0.0
4592,0,8,  0d 01:16:23.51,  0d 00:21:47.05,1.2500,4.0869,C,07/25/2025 11:36:47 AM,0.0000,28.7777,28.4344,28.6465,0.0,0.0
4593,0,8,  0d 01:16:24.51,  0d 00:21:48.05,1.2503,4.0871,C,07/25/2025 11:36:48 AM,0.0000,28.7777,28.4344,28.6465,0.0,0.0
4594,0,8,  0d 01:16:25.51,  0d 00:21:49.05,1.2491,4.0873,C,07/25/2025 11:36:49 AM,0.0000,28.7777,28.4344,28.6465,0.0,0.0
4595,0,8,  0d 01:16:26.51,  0d 00:21:50.05,1.2503,4.0873,C,07/25/2025 11:36:50 AM,0.0000,28.7777,28.4344,28.6465,0.0,0.0
4596,0,8,  0d 01:16:27.51,  0d 00:21:51.05,1.2494,4.0874,C,07/25/2025 11:36:51 AM,0.0000,28.7777,28.4344,28.6465,0.0,0.0
4597,0,8,  0d 01:16:28.51,  0d 00:21:52.05,1.2497,4.0877,C,07/25/2025 11:36:52 AM,0.0000,28.7777,28.4344,28.6465,0.0,0.0
4598,0,8,  0d 01:16:29.51,  0d 00:21:53.05,1.2497,4.0879,C,07/25/2025 11:36:53 AM,0.0000,28.7777,28.4344,28.6465,0.0,0.0
4599,0,8,  0d 01:16:30.51,  0d 00:21:54.05,1.2494,4.0880,C,07/25/2025 11:36:54 AM,0.0000,28.7932,28.4344,28.6465,0.0,0.0
4600,0,8,  0d 01:16:31.51,  0d 00:21:55.05,1.2503,4.0881,C,07/25/2025 11:36:55 AM,0.0000,28.7777,28.4344,28.6465,0.0,0.0
4601,0,8,  0d 01:16:32.51,  0d 00:21:56.05,1.2497,4.0883,C,07/25/2025 11:36:56 AM,0.0000,28.7777,28.4188,28.6465,0.0,0.0
4602,0,8,  0d 01:16:33.51,  0d 00:21:57.05,1.2500,4.0884,C,07/25/2025 11:36:57 AM,0.0000,28.7777,28.4188,28.6465,0.0,0.0
4603,0,8,  0d 01:16:34.51,  0d 00:21:58.05,1.2500,4.0886,C,07/25/2025 11:36:58 AM,0.0000,28.7777,28.4344,28.6465,0.0,0.0
4604,0,8,  0d 01:16:35.51,  0d 00:21:59.05,1.2497,4.0887,C,07/25/2025 11:36:59 AM,0.0000,28.7777,28.4344,28.6465,0.0,0.0
4605,0,8,  0d 01:16:36.51,  0d 00:22:00.05,1.2497,4.0888,C,07/25/2025 11:37:00 AM,0.0000,28.7777,28.4344,28.6465,0.0,0.0
4606,0,8,  0d 01:16:37.51,  0d 00:22:01.05,1.2503,4.0890,C,07/25/2025 11:37:01 AM,0.0000,28.7777,28.4344,28.6465,0.0,0.0
4607,0,8,  0d 01:16:38.51,  0d 00:22:02.05,1.2500,4.0891,C,07/25/2025 11:37:02 AM,0.0000,28.7777,28.4188,28.6465,0.0,0.0
4608,0,8,  0d 01:16:39.51,  0d 00:22:03.05,1.2494,4.0893,C,07/25/2025 11:37:03 AM,0.0000,28.7777,28.4188,28.6465,0.0,0.0
4609,0,8,  0d 01:16:40.51,  0d 00:22:04.05,1.2497,4.0893,C,07/25/2025 11:37:04 AM,0.0000,28.7777,28.4188,28.6310,0.0,0.0
4610,0,8,  0d 01:16:41.51,  0d 00:22:05.05,1.2503,4.0896,C,07/25/2025 11:37:05 AM,0.0000,28.7777,28.4188,28.6310,0.0,0.0
4611,0,8,  0d 01:16:42.51,  0d 00:22:06.05,1.2494,4.0896,C,07/25/2025 11:37:06 AM,0.0000,28.7777,28.4188,28.6310,0.0,0.0
4612,0,8,  0d 01:16:43.51,  0d 00:22:07.05,1.2497,4.0897,C,07/25/2025 11:37:07 AM,0.0000,28.7777,28.4188,28.6310,0.0,0.0
4613,0,8,  0d 01:16:44.51,  0d 00:22:08.05,1.2497,4.0900,C,07/25/2025 11:37:08 AM,0.0000,28.7777,28.4188,28.6310,0.0,0.0
4614,0,8,  0d 01:16:45.51,  0d 00:22:09.05,1.2497,4.0900,C,07/25/2025 11:37:09 AM,0.0000,28.7777,28.4188,28.6310,0.0,0.0
4615,0,8,  0d 01:16:46.51,  0d 00:22:10.05,1.2497,4.0900,C,07/25/2025 11:37:10 AM,0.0000,28.7777,28.4188,28.6310,0.0,0.0
4616,0,8,  0d 01:16:47.51,  0d 00:22:11.05,1.2491,4.0903,C,07/25/2025 11:37:12 AM,0.0000,28.7777,28.4188,28.6310,0.0,0.0
4617,0,8,  0d 01:16:48.51,  0d 00:22:12.05,1.2494,4.0904,C,07/25/2025 11:37:12 AM,0.0000,28.7777,28.4188,28.6310,0.0,0.0
4618,0,8,  0d 01:16:49.51,  0d 00:22:13.05,1.2500,4.0906,C,07/25/2025 11:37:13 AM,0.0000,28.7777,28.4188,28.6310,0.0,0.0
4619,0,8,  0d 01:16:50.51,  0d 00:22:14.05,1.2497,4.0907,C,07/25/2025 11:37:14 AM,0.0000,28.7777,28.4188,28.6310,0.0,0.0
4620,0,8,  0d 01:16:51.51,  0d 00:22:15.05,1.2497,4.0910,C,07/25/2025 11:37:15 AM,0.0000,28.7777,28.4188,28.6310,0.0,0.0
4621,0,8,  0d 01:16:52.51,  0d 00:22:16.05,1.2500,4.0910,C,07/25/2025 11:37:16 AM,0.0000,28.7777,28.4188,28.6310,0.0,0.0
4622,0,8,  0d 01:16:53.51,  0d 00:22:17.05,1.2497,4.0912,C,07/25/2025 11:37:17 AM,0.0000,28.7777,28.4188,28.6310,0.0,0.0
4623,0,8,  0d 01:16:54.51,  0d 00:22:18.05,1.2497,4.0914,C,07/25/2025 11:37:18 AM,0.0000,28.7777,28.4188,28.6310,0.0,0.0
4624,0,8,  0d 01:16:55.51,  0d 00:22:19.05,1.2491,4.0915,C,07/25/2025 11:37:19 AM,0.0000,28.7777,28.4188,28.6310,0.0,0.0
4625,0,8,  0d 01:16:56.51,  0d 00:22:20.05,1.2500,4.0916,C,07/25/2025 11:37:20 AM,0.0000,28.7777,28.4188,28.6310,0.0,0.0
4626,0,8,  0d 01:16:57.51,  0d 00:22:21.05,1.2500,4.0918,C,07/25/2025 11:37:22 AM,0.0000,28.7777,28.4188,28.6310,0.0,0.0
4627,0,8,  0d 01:16:58.51,  0d 00:22:22.05,1.2494,4.0919,C,07/25/2025 11:37:22 AM,0.0000,28.7777,28.4188,28.6310,0.0,0.0
4628,0,8,  0d 01:16:59.51,  0d 00:22:23.05,1.2497,4.0921,C,07/25/2025 11:37:23 AM,0.0000,28.7622,28.4188,28.6310,0.0,0.0
4629,0,8,  0d 01:17:00.51,  0d 00:22:24.05,1.2506,4.0923,C,07/25/2025 11:37:24 AM,0.0000,28.7777,28.4188,28.6310,0.0,0.0
4630,0,8,  0d 01:17:01.51,  0d 00:22:25.05,1.2497,4.0923,C,07/25/2025 11:37:25 AM,0.0000,28.7777,28.4188,28.6310,0.0,0.0
4631,0,8,  0d 01:17:02.51,  0d 00:22:26.05,1.2500,4.0926,C,07/25/2025 11:37:26 AM,0.0000,28.7777,28.4188,28.6310,0.0,0.0
4632,0,8,  0d 01:17:03.51,  0d 00:22:27.05,1.2506,4.0926,C,07/25/2025 11:37:27 AM,0.0000,28.7932,28.4188,28.6310,0.0,0.0
4633,0,8,  0d 01:17:04.51,  0d 00:22:28.05,1.2500,4.0929,C,07/25/2025 11:37:28 AM,0.0000,28.7777,28.4344,28.6465,0.0,0.0
4634,0,8,  0d 01:17:05.51,  0d 00:22:29.05,1.2497,4.0929,C,07/25/2025 11:37:29 AM,0.0000,28.7777,28.4344,28.6465,0.0,0.0
4635,0,8,  0d 01:17:06.51,  0d 00:22:30.05,1.2500,4.0931,C,07/25/2025 11:37:30 AM,0.0000,28.7777,28.4344,28.6465,0.0,0.0
4636,0,8,  0d 01:17:07.51,  0d 00:22:31.05,1.2500,4.0932,C,07/25/2025 11:37:31 AM,0.0000,28.7777,28.4188,28.6465,0.0,0.0
4637,0,8,  0d 01:17:08.51,  0d 00:22:32.05,1.2497,4.0933,C,07/25/2025 11:37:32 AM,0.0000,28.7777,28.4188,28.6465,0.0,0.0
4638,0,8,  0d 01:17:09.51,  0d 00:22:33.05,1.2500,4.0934,C,07/25/2025 11:37:33 AM,0.0000,28.7777,28.4344,28.6465,0.0,0.0
4639,0,8,  0d 01:17:10.51,  0d 00:22:34.05,1.2491,4.0935,C,07/25/2025 11:37:34 AM,0.0000,28.7932,28.4344,28.6465,0.0,0.0
4640,0,8,  0d 01:17:11.51,  0d 00:22:35.05,1.2497,4.0938,C,07/25/2025 11:37:35 AM,0.0000,28.7777,28.4344,28.6465,0.0,0.0
4641,0,8,  0d 01:17:12.51,  0d 00:22:36.05,1.2503,4.0939,C,07/25/2025 11:37:36 AM,0.0000,28.7932,28.4344,28.6465,0.0,0.0
4642,0,8,  0d 01:17:13.51,  0d 00:22:37.05,1.2503,4.0940,C,07/25/2025 11:37:37 AM,0.0000,28.7932,28.4188,28.6465,0.0,0.0
4643,0,8,  0d 01:17:14.51,  0d 00:22:38.05,1.2497,4.0941,C,07/25/2025 11:37:38 AM,0.0000,28.7932,28.4188,28.6465,0.0,0.0
4644,0,8,  0d 01:17:15.51,  0d 00:22:39.05,1.2497,4.0943,C,07/25/2025 11:37:39 AM,0.0000,28.7932,28.4344,28.6310,0.0,0.0
4645,0,8,  0d 01:17:16.51,  0d 00:22:40.05,1.2500,4.0945,C,07/25/2025 11:37:40 AM,0.0000,28.7932,28.4344,28.6465,0.0,0.0
4646,0,8,  0d 01:17:17.51,  0d 00:22:41.05,1.2503,4.0947,C,07/25/2025 11:37:41 AM,0.0000,28.7777,28.4344,28.6465,0.0,0.0
4647,0,8,  0d 01:17:18.51,  0d 00:22:42.05,1.2497,4.0948,C,07/25/2025 11:37:42 AM,0.0000,28.7777,28.4344,28.6465,0.0,0.0
4648,0,8,  0d 01:17:19.51,  0d 00:22:43.05,1.2500,4.0948,C,07/25/2025 11:37:43 AM,0.0000,28.7932,28.4188,28.6465,0.0,0.0
4649,0,8,  0d 01:17:20.51,  0d 00:22:44.05,1.2500,4.0950,C,07/25/2025 11:37:44 AM,0.0000,28.7932,28.4188,28.6465,0.0,0.0
4650,0,8,  0d 01:17:21.51,  0d 00:22:45.05,1.2497,4.0952,C,07/25/2025 11:37:45 AM,0.0000,28.7777,28.4188,28.6465,0.0,0.0
4651,0,8,  0d 01:17:22.51,  0d 00:22:46.05,1.2497,4.0953,C,07/25/2025 11:37:46 AM,0.0000,28.7777,28.4344,28.6465,0.0,0.0
4652,0,8,  0d 01:17:23.51,  0d 00:22:47.05,1.2497,4.0954,C,07/25/2025 11:37:47 AM,0.0000,28.7777,28.4344,28.6465,0.0,0.0
4653,0,8,  0d 01:17:24.51,  0d 00:22:48.05,1.2503,4.0954,C,07/25/2025 11:37:48 AM,0.0000,28.7932,28.4344,28.6465,0.0,0.0
4654,0,8,  0d 01:17:25.51,  0d 00:22:49.05,1.2500,4.0958,C,07/25/2025 11:37:49 AM,0.0000,28.7932,28.4344,28.6465,0.0,0.0
4655,0,8,  0d 01:17:26.51,  0d 00:22:50.05,1.2497,4.0958,C,07/25/2025 11:37:50 AM,0.0000,28.7932,28.4344,28.6465,0.0,0.0
4656,0,8,  0d 01:17:27.51,  0d 00:22:51.05,1.2506,4.0961,C,07/25/2025 11:37:51 AM,0.0000,28.7932,28.4344,28.6465,0.0,0.0
4657,0,8,  0d 01:17:28.51,  0d 00:22:52.05,1.2497,4.0961,C,07/25/2025 11:37:52 AM,0.0000,28.7932,28.4344,28.6465,0.0,0.0
4658,0,8,  0d 01:17:29.51,  0d 00:22:53.05,1.2500,4.0963,C,07/25/2025 11:37:53 AM,0.0000,28.7777,28.4344,28.6465,0.0,0.0
4659,0,8,  0d 01:17:30.51,  0d 00:22:54.05,1.2506,4.0963,C,07/25/2025 11:37:54 AM,0.0000,28.7777,28.4188,28.6465,0.0,0.0
4660,0,8,  0d 01:17:31.51,  0d 00:22:55.05,1.2503,4.0965,C,07/25/2025 11:37:55 AM,0.0000,28.7777,28.4344,28.6465,0.0,0.0
4661,0,8,  0d 01:17:32.51,  0d 00:22:56.05,1.2500,4.0966,C,07/25/2025 11:37:56 AM,0.0000,28.7777,28.4344,28.6465,0.0,0.0
4662,0,8,  0d 01:17:33.51,  0d 00:22:57.05,1.2503,4.0969,C,07/25/2025 11:37:57 AM,0.0000,28.7777,28.4344,28.6465,0.0,0.0
4663,0,8,  0d 01:17:34.51,  0d 00:22:58.05,1.2503,4.0969,C,07/25/2025 11:37:58 AM,0.0000,28.7777,28.4188,28.6310,0.0,0.0
4664,0,8,  0d 01:17:35.51,  0d 00:22:59.05,1.2500,4.0970,C,07/25/2025 11:37:59 AM,0.0000,28.7777,28.4344,28.6310,0.0,0.0
4665,0,8,  0d 01:17:36.51,  0d 00:23:00.05,1.2500,4.0971,C,07/25/2025 11:38:00 AM,0.0000,28.7777,28.4188,28.6310,0.0,0.0
4666,0,8,  0d 01:17:37.51,  0d 00:23:01.05,1.2500,4.0971,C,07/25/2025 11:38:01 AM,0.0000,28.7777,28.4188,28.6310,0.0,0.0
4667,0,8,  0d 01:17:38.51,  0d 00:23:02.05,1.2500,4.0974,C,07/25/2025 11:38:02 AM,0.0000,28.7777,28.4344,28.6465,0.0,0.0
4668,0,8,  0d 01:17:39.51,  0d 00:23:03.05,1.2503,4.0977,C,07/25/2025 11:38:03 AM,0.0000,28.7777,28.4188,28.6465,0.0,0.0
4669,0,8,  0d 01:17:40.51,  0d 00:23:04.05,1.2497,4.0978,C,07/25/2025 11:38:04 AM,0.0000,28.7777,28.4188,28.6465,0.0,0.0
4670,0,8,  0d 01:17:41.51,  0d 00:23:05.05,1.2497,4.0979,C,07/25/2025 11:38:05 AM,0.0000,28.7777,28.4188,28.6465,0.0,0.0
4671,0,8,  0d 01:17:42.51,  0d 00:23:06.05,1.2500,4.0980,C,07/25/2025 11:38:06 AM,0.0000,28.7777,28.4344,28.6465,0.0,0.0
4672,0,8,  0d 01:17:43.51,  0d 00:23:07.05,1.2497,4.0981,C,07/25/2025 11:38:07 AM,0.0000,28.7777,28.4344,28.6465,0.0,0.0
4673,0,8,  0d 01:17:44.51,  0d 00:23:08.05,1.2503,4.0983,C,07/25/2025 11:38:08 AM,0.0000,28.7777,28.4344,28.6465,0.0,0.0
4674,0,8,  0d 01:17:45.51,  0d 00:23:09.05,1.2494,4.0985,C,07/25/2025 11:38:09 AM,0.0000,28.7777,28.4188,28.6465,0.0,0.0
4675,0,8,  0d 01:17:46.51,  0d 00:23:10.05,1.2494,4.0985,C,07/25/2025 11:38:10 AM,0.0000,28.7777,28.4188,28.6465,0.0,0.0
4676,0,8,  0d 01:17:47.51,  0d 00:23:11.05,1.2497,4.0986,C,07/25/2025 11:38:11 AM,0.0000,28.7777,28.4188,28.6465,0.0,0.0
4677,0,8,  0d 01:17:48.51,  0d 00:23:12.05,1.2500,4.0987,C,07/25/2025 11:38:12 AM,0.0000,28.7777,28.4188,28.6465,0.0,0.0
4678,0,8,  0d 01:17:49.51,  0d 00:23:13.05,1.2503,4.0989,C,07/25/2025 11:38:13 AM,0.0000,28.7777,28.4344,28.6310,0.0,0.0
4679,0,8,  0d 01:17:50.51,  0d 00:23:14.05,1.2494,4.0991,C,07/25/2025 11:38:14 AM,0.0000,28.7777,28.4188,28.6310,0.0,0.0
4680,0,8,  0d 01:17:51.51,  0d 00:23:15.05,1.2494,4.0991,C,07/25/2025 11:38:15 AM,0.0000,28.7777,28.4188,28.6310,0.0,0.0
4681,0,8,  0d 01:17:52.51,  0d 00:23:16.05,1.2497,4.0993,C,07/25/2025 11:38:16 AM,0.0000,28.7777,28.4188,28.6310,0.0,0.0
4682,0,8,  0d 01:17:53.51,  0d 00:23:17.05,1.2500,4.0993,C,07/25/2025 11:38:17 AM,0.0000,28.7777,28.4188,28.6465,0.0,0.0
4683,0,8,  0d 01:17:54.51,  0d 00:23:18.05,1.2491,4.0995,C,07/25/2025 11:38:18 AM,0.0000,28.7777,28.4188,28.6465,0.0,0.0
4684,0,8,  0d 01:17:55.51,  0d 00:23:19.05,1.2500,4.0996,C,07/25/2025 11:38:19 AM,0.0000,28.7777,28.4188,28.6465,0.0,0.0
4685,0,8,  0d 01:17:56.51,  0d 00:23:20.05,1.2503,4.0998,C,07/25/2025 11:38:20 AM,0.0000,28.7777,28.4188,28.6465,0.0,0.0
4686,0,8,  0d 01:17:57.51,  0d 00:23:21.05,1.2500,4.0999,C,07/25/2025 11:38:21 AM,0.0000,28.7777,28.4188,28.6465,0.0,0.0
4687,0,8,  0d 01:17:58.51,  0d 00:23:22.05,1.2497,4.1000,C,07/25/2025 11:38:23 AM,0.0000,28.7777,28.4188,28.6465,0.0,0.0
4688,0,8,  0d 01:17:59.51,  0d 00:23:23.05,1.2500,4.1002,C,07/25/2025 11:38:23 AM,0.0000,28.7777,28.4188,28.6310,0.0,0.0
4689,0,8,  0d 01:18:00.51,  0d 00:23:24.05,1.2500,4.1003,C,07/25/2025 11:38:24 AM,0.0000,28.7777,28.4188,28.6465,0.0,0.0
4690,0,8,  0d 01:18:01.51,  0d 00:23:25.05,1.2497,4.1005,C,07/25/2025 11:38:25 AM,0.0000,28.7777,28.4188,28.6310,0.0,0.0
4691,0,8,  0d 01:18:02.51,  0d 00:23:26.05,1.2497,4.1005,C,07/25/2025 11:38:26 AM,0.0000,28.7777,28.4188,28.6310,0.0,0.0
4692,0,8,  0d 01:18:03.51,  0d 00:23:27.05,1.2500,4.1006,C,07/25/2025 11:38:27 AM,0.0000,28.7777,28.4188,28.6310,0.0,0.0
4693,0,8,  0d 01:18:04.51,  0d 00:23:28.05,1.2500,4.1008,C,07/25/2025 11:38:28 AM,0.0000,28.7777,28.4188,28.6310,0.0,0.0
4694,0,8,  0d 01:18:05.51,  0d 00:23:29.05,1.2503,4.1010,C,07/25/2025 11:38:29 AM,0.0000,28.7777,28.4188,28.6310,0.0,0.0
4695,0,8,  0d 01:18:06.51,  0d 00:23:30.05,1.2497,4.1010,C,07/25/2025 11:38:30 AM,0.0000,28.7777,28.4188,28.6310,0.0,0.0
4696,0,8,  0d 01:18:07.51,  0d 00:23:31.05,1.2497,4.1012,C,07/25/2025 11:38:31 AM,0.0000,28.7777,28.4188,28.6310,0.0,0.0
4697,0,8,  0d 01:18:08.51,  0d 00:23:32.05,1.2500,4.1012,C,07/25/2025 11:38:33 AM,0.0000,28.7777,28.4188,28.6310,0.0,0.0
4698,0,8,  0d 01:18:09.51,  0d 00:23:33.05,1.2494,4.1015,C,07/25/2025 11:38:33 AM,0.0000,28.7777,28.4188,28.6310,0.0,0.0
4699,0,8,  0d 01:18:10.51,  0d 00:23:34.05,1.2500,4.1015,C,07/25/2025 11:38:34 AM,0.0000,28.7777,28.4188,28.6310,0.0,0.0
4700,0,8,  0d 01:18:11.51,  0d 00:23:35.05,1.2500,4.1017,C,07/25/2025 11:38:35 AM,0.0000,28.7777,28.4188,28.6310,0.0,0.0
4701,0,8,  0d 01:18:12.51,  0d 00:23:36.05,1.2497,4.1019,C,07/25/2025 11:38:36 AM,0.0000,28.7777,28.4188,28.6310,0.0,0.0
4702,0,8,  0d 01:18:13.51,  0d 00:23:37.05,1.2506,4.1019,C,07/25/2025 11:38:37 AM,0.0000,28.7777,28.4188,28.6310,0.0,0.0
4703,0,8,  0d 01:18:14.51,  0d 00:23:38.05,1.2503,4.1020,C,07/25/2025 11:38:38 AM,0.0000,28.7777,28.4188,28.6310,0.0,0.0
4704,0,8,  0d 01:18:15.51,  0d 00:23:39.05,1.2500,4.1021,C,07/25/2025 11:38:39 AM,0.0000,28.7777,28.4188,28.6310,0.0,0.0
4705,0,8,  0d 01:18:16.51,  0d 00:23:40.05,1.2500,4.1022,C,07/25/2025 11:38:40 AM,0.0000,28.7777,28.4188,28.6465,0.0,0.0
4706,0,8,  0d 01:18:17.51,  0d 00:23:41.05,1.2500,4.1024,C,07/25/2025 11:38:41 AM,0.0000,28.7777,28.4188,28.6465,0.0,0.0
4707,0,8,  0d 01:18:18.51,  0d 00:23:42.05,1.2497,4.1025,C,07/25/2025 11:38:42 AM,0.0000,28.7777,28.4188,28.6465,0.0,0.0
4708,0,8,  0d 01:18:19.51,  0d 00:23:43.05,1.2494,4.1026,C,07/25/2025 11:38:43 AM,0.0000,28.7777,28.4188,28.6465,0.0,0.0
4709,0,8,  0d 01:18:20.51,  0d 00:23:44.05,1.2503,4.1027,C,07/25/2025 11:38:44 AM,0.0000,28.7777,28.4344,28.6465,0.0,0.0
4710,0,8,  0d 01:18:21.51,  0d 00:23:45.05,1.2500,4.1028,C,07/25/2025 11:38:45 AM,0.0000,28.7932,28.4344,28.6465,0.0,0.0
4711,0,8,  0d 01:18:22.51,  0d 00:23:46.05,1.2500,4.1030,C,07/25/2025 11:38:46 AM,0.0000,28.7932,28.4344,28.6465,0.0,0.0
4712,0,8,  0d 01:18:23.51,  0d 00:23:47.05,1.2497,4.1032,C,07/25/2025 11:38:47 AM,0.0000,28.7932,28.4344,28.6465,0.0,0.0
4713,0,8,  0d 01:18:24.51,  0d 00:23:48.05,1.2503,4.1032,C,07/25/2025 11:38:48 AM,0.0000,28.7932,28.4344,28.6465,0.0,0.0
4714,0,8,  0d 01:18:25.51,  0d 00:23:49.05,1.2500,4.1033,C,07/25/2025 11:38:49 AM,0.0000,28.7777,28.4344,28.6465,0.0,0.0
4715,0,8,  0d 01:18:26.51,  0d 00:23:50.05,1.2503,4.1034,C,07/25/2025 11:38:50 AM,0.0000,28.7777,28.4344,28.6465,0.0,0.0
4716,0,8,  0d 01:18:27.51,  0d 00:23:51.05,1.2500,4.1036,C,07/25/2025 11:38:51 AM,0.0000,28.7777,28.4344,28.6465,0.0,0.0
4717,0,8,  0d 01:18:28.51,  0d 00:23:52.05,1.2494,4.1037,C,07/25/2025 11:38:52 AM,0.0000,28.7777,28.4344,28.6465,0.0,0.0
4718,0,8,  0d 01:18:29.51,  0d 00:23:53.05,1.2506,4.1039,C,07/25/2025 11:38:53 AM,0.0000,28.7777,28.4344,28.6465,0.0,0.0
4719,0,8,  0d 01:18:30.51,  0d 00:23:54.05,1.2497,4.1040,C,07/25/2025 11:38:54 AM,0.0000,28.7932,28.4344,28.6465,0.0,0.0
4720,0,8,  0d 01:18:31.51,  0d 00:23:55.05,1.2497,4.1042,C,07/25/2025 11:38:55 AM,0.0000,28.7932,28.4344,28.6465,0.0,0.0
4721,0,8,  0d 01:18:32.51,  0d 00:23:56.05,1.2494,4.1042,C,07/25/2025 11:38:56 AM,0.0000,28.7932,28.4344,28.6465,0.0,0.0
4722,0,8,  0d 01:18:33.51,  0d 00:23:57.05,1.2497,4.1044,C,07/25/2025 11:38:57 AM,0.0000,28.7932,28.4344,28.6465,0.0,0.0
4723,0,8,  0d 01:18:34.51,  0d 00:23:58.05,1.2500,4.1044,C,07/25/2025 11:38:58 AM,0.0000,28.7932,28.4344,28.6465,0.0,0.0
4724,0,8,  0d 01:18:35.51,  0d 00:23:59.05,1.2497,4.1047,C,07/25/2025 11:38:59 AM,0.0000,28.7932,28.4499,28.6620,0.0,0.0
4725,0,8,  0d 01:18:36.51,  0d 00:24:00.05,1.2500,4.1047,C,07/25/2025 11:39:00 AM,0.0000,28.7932,28.4344,28.6620,0.0,0.0
4726,0,8,  0d 01:18:37.51,  0d 00:24:01.05,1.2494,4.1048,C,07/25/2025 11:39:01 AM,0.0000,28.7932,28.4499,28.6465,0.0,0.0
4727,0,8,  0d 01:18:38.51,  0d 00:24:02.05,1.2497,4.1048,C,07/25/2025 11:39:02 AM,0.0000,28.7932,28.4499,28.6465,0.0,0.0
4728,0,8,  0d 01:18:39.51,  0d 00:24:03.05,1.2497,4.1051,C,07/25/2025 11:39:03 AM,0.0000,28.7932,28.4499,28.6465,0.0,0.0
4729,0,8,  0d 01:18:40.51,  0d 00:24:04.05,1.2500,4.1052,C,07/25/2025 11:39:04 AM,0.0000,28.7932,28.4499,28.6620,0.0,0.0
4730,0,8,  0d 01:18:41.51,  0d 00:24:05.05,1.2503,4.1052,C,07/25/2025 11:39:05 AM,0.0000,28.7932,28.4499,28.6620,0.0,0.0
4731,0,8,  0d 01:18:42.51,  0d 00:24:06.05,1.2497,4.1054,C,07/25/2025 11:39:06 AM,0.0000,28.7932,28.4499,28.6620,0.0,0.0
4732,0,8,  0d 01:18:43.51,  0d 00:24:07.05,1.2497,4.1054,C,07/25/2025 11:39:07 AM,0.0000,28.7932,28.4499,28.6620,0.0,0.0
4733,0,8,  0d 01:18:44.51,  0d 00:24:08.05,1.2500,4.1057,C,07/25/2025 11:39:08 AM,0.0000,28.7932,28.4499,28.6620,0.0,0.0
4734,0,8,  0d 01:18:45.51,  0d 00:24:09.05,1.2497,4.1057,C,07/25/2025 11:39:09 AM,0.0000,28.7932,28.4499,28.6620,0.0,0.0
4735,0,8,  0d 01:18:46.51,  0d 00:24:10.05,1.2497,4.1057,C,07/25/2025 11:39:10 AM,0.0000,28.7932,28.4499,28.6620,0.0,0.0
4736,0,8,  0d 01:18:47.51,  0d 00:24:11.05,1.2500,4.1060,C,07/25/2025 11:39:11 AM,0.0000,28.7932,28.4499,28.6620,0.0,0.0
4737,0,8,  0d 01:18:48.51,  0d 00:24:12.05,1.2494,4.1060,C,07/25/2025 11:39:12 AM,0.0000,28.7932,28.4499,28.6620,0.0,0.0
4738,0,8,  0d 01:18:49.51,  0d 00:24:13.05,1.2497,4.1062,C,07/25/2025 11:39:13 AM,0.0000,28.7932,28.4499,28.6620,0.0,0.0
4739,0,8,  0d 01:18:50.51,  0d 00:24:14.05,1.2497,4.1063,C,07/25/2025 11:39:14 AM,0.0000,28.8087,28.4499,28.6620,0.0,0.0
4740,0,8,  0d 01:18:51.51,  0d 00:24:15.05,1.2500,4.1064,C,07/25/2025 11:39:15 AM,0.0000,28.8087,28.4499,28.6620,0.0,0.0
4741,0,8,  0d 01:18:52.51,  0d 00:24:16.05,1.2497,4.1066,C,07/25/2025 11:39:16 AM,0.0000,28.8087,28.4499,28.6620,0.0,0.0
4742,0,8,  0d 01:18:53.51,  0d 00:24:17.05,1.2497,4.1066,C,07/25/2025 11:39:17 AM,0.0000,28.8087,28.4499,28.6620,0.0,0.0
4743,0,8,  0d 01:18:54.51,  0d 00:24:18.05,1.2500,4.1069,C,07/25/2025 11:39:18 AM,0.0000,28.8087,28.4499,28.6620,0.0,0.0
4744,0,8,  0d 01:18:55.51,  0d 00:24:19.05,1.2491,4.1068,C,07/25/2025 11:39:19 AM,0.0000,28.7932,28.4499,28.6620,0.0,0.0
4745,0,8,  0d 01:18:56.51,  0d 00:24:20.05,1.2497,4.1069,C,07/25/2025 11:39:20 AM,0.0000,28.7932,28.4499,28.6620,0.0,0.0
4746,0,8,  0d 01:18:57.51,  0d 00:24:21.05,1.2500,4.1071,C,07/25/2025 11:39:21 AM,0.0000,28.7932,28.4654,28.6620,0.0,0.0
4747,0,8,  0d 01:18:58.51,  0d 00:24:22.05,1.2500,4.1072,C,07/25/2025 11:39:22 AM,0.0000,28.7932,28.4654,28.6620,0.0,0.0
4748,0,8,  0d 01:18:59.51,  0d 00:24:23.05,1.2497,4.1073,C,07/25/2025 11:39:23 AM,0.0000,28.7932,28.4654,28.6620,0.0,0.0
4749,0,8,  0d 01:19:00.51,  0d 00:24:24.05,1.2500,4.1076,C,07/25/2025 11:39:24 AM,0.0000,28.8087,28.4499,28.6620,0.0,0.0
4750,0,8,  0d 01:19:01.51,  0d 00:24:25.05,1.2497,4.1076,C,07/25/2025 11:39:25 AM,0.0000,28.8087,28.4499,28.6620,0.0,0.0
4751,0,8,  0d 01:19:02.51,  0d 00:24:26.05,1.2500,4.1077,C,07/25/2025 11:39:26 AM,0.0000,28.8087,28.4499,28.6620,0.0,0.0
4752,0,8,  0d 01:19:03.51,  0d 00:24:27.05,1.2500,4.1078,C,07/25/2025 11:39:27 AM,0.0000,28.8087,28.4499,28.6620,0.0,0.0
4753,0,8,  0d 01:19:04.51,  0d 00:24:28.05,1.2500,4.1080,C,07/25/2025 11:39:28 AM,0.0000,28.8087,28.4499,28.6620,0.0,0.0
4754,0,8,  0d 01:19:05.51,  0d 00:24:29.05,1.2500,4.1080,C,07/25/2025 11:39:29 AM,0.0000,28.8087,28.4499,28.6620,0.0,0.0
4755,0,8,  0d 01:19:06.51,  0d 00:24:30.05,1.2503,4.1081,C,07/25/2025 11:39:30 AM,0.0000,28.8087,28.4499,28.6620,0.0,0.0
4756,0,8,  0d 01:19:07.51,  0d 00:24:31.05,1.2500,4.1082,C,07/25/2025 11:39:31 AM,0.0000,28.8087,28.4499,28.6620,0.0,0.0
4757,0,8,  0d 01:19:08.51,  0d 00:24:32.05,1.2494,4.1083,C,07/25/2025 11:39:32 AM,0.0000,28.8087,28.4499,28.6620,0.0,0.0
4758,0,8,  0d 01:19:09.51,  0d 00:24:33.05,1.2497,4.1083,C,07/25/2025 11:39:34 AM,0.0000,28.8087,28.4499,28.6620,0.0,0.0
4759,0,8,  0d 01:19:10.51,  0d 00:24:34.05,1.2500,4.1084,C,07/25/2025 11:39:34 AM,0.0000,28.8087,28.4499,28.6620,0.0,0.0
4760,0,8,  0d 01:19:11.51,  0d 00:24:35.05,1.2503,4.1087,C,07/25/2025 11:39:35 AM,0.0000,28.8087,28.4499,28.6620,0.0,0.0
4761,0,8,  0d 01:19:12.51,  0d 00:24:36.05,1.2497,4.1086,C,07/25/2025 11:39:36 AM,0.0000,28.8087,28.4499,28.6620,0.0,0.0
4762,0,8,  0d 01:19:13.51,  0d 00:24:37.05,1.2497,4.1089,C,07/25/2025 11:39:37 AM,0.0000,28.8087,28.4499,28.6620,0.0,0.0
4763,0,8,  0d 01:19:14.51,  0d 00:24:38.05,1.2500,4.1089,C,07/25/2025 11:39:38 AM,0.0000,28.8087,28.4499,28.6620,0.0,0.0
4764,0,8,  0d 01:19:15.51,  0d 00:24:39.05,1.2500,4.1090,C,07/25/2025 11:39:39 AM,0.0000,28.8087,28.4499,28.6620,0.0,0.0
4765,0,8,  0d 01:19:16.51,  0d 00:24:40.05,1.2497,4.1091,C,07/25/2025 11:39:40 AM,0.0000,28.8087,28.4499,28.6620,0.0,0.0
4766,0,8,  0d 01:19:17.51,  0d 00:24:41.05,1.2500,4.1092,C,07/25/2025 11:39:41 AM,0.0000,28.8087,28.4499,28.6620,0.0,0.0
4767,0,8,  0d 01:19:18.51,  0d 00:24:42.05,1.2494,4.1093,C,07/25/2025 11:39:42 AM,0.0000,28.7932,28.4499,28.6620,0.0,0.0
4768,0,8,  0d 01:19:19.51,  0d 00:24:43.05,1.2497,4.1095,C,07/25/2025 11:39:44 AM,0.0000,28.7932,28.4499,28.6620,0.0,0.0
4769,0,8,  0d 01:19:20.51,  0d 00:24:44.05,1.2503,4.1096,C,07/25/2025 11:39:44 AM,0.0000,28.7932,28.4499,28.6620,0.0,0.0
4770,0,8,  0d 01:19:21.51,  0d 00:24:45.05,1.2494,4.1095,C,07/25/2025 11:39:45 AM,0.0000,28.7777,28.4499,28.6620,0.0,0.0
4771,0,8,  0d 01:19:22.51,  0d 00:24:46.05,1.2506,4.1098,C,07/25/2025 11:39:46 AM,0.0000,28.7932,28.4499,28.6620,0.0,0.0
4772,0,8,  0d 01:19:23.51,  0d 00:24:47.05,1.2500,4.1099,C,07/25/2025 11:39:47 AM,0.0000,28.7932,28.4499,28.6620,0.0,0.0
4773,0,8,  0d 01:19:24.51,  0d 00:24:48.05,1.2497,4.1099,C,07/25/2025 11:39:48 AM,0.0000,28.7932,28.4499,28.6620,0.0,0.0
4774,0,8,  0d 01:19:25.51,  0d 00:24:49.05,1.2497,4.1101,C,07/25/2025 11:39:49 AM,0.0000,28.7932,28.4499,28.6620,0.0,0.0
4775,0,8,  0d 01:19:26.51,  0d 00:24:50.05,1.2503,4.1102,C,07/25/2025 11:39:50 AM,0.0000,28.8087,28.4499,28.6620,0.0,0.0
4776,0,8,  0d 01:19:27.51,  0d 00:24:51.05,1.2500,4.1103,C,07/25/2025 11:39:51 AM,0.0000,28.8087,28.4499,28.6620,0.0,0.0
4777,0,8,  0d 01:19:28.51,  0d 00:24:52.05,1.2506,4.1103,C,07/25/2025 11:39:52 AM,0.0000,28.8087,28.4499,28.6620,0.0,0.0
4778,0,8,  0d 01:19:29.51,  0d 00:24:53.05,1.2497,4.1105,C,07/25/2025 11:39:53 AM,0.0000,28.7932,28.4499,28.6620,0.0,0.0
4779,0,8,  0d 01:19:30.51,  0d 00:24:54.05,1.2494,4.1106,C,07/25/2025 11:39:54 AM,0.0000,28.7932,28.4499,28.6620,0.0,0.0
4780,0,8,  0d 01:19:31.51,  0d 00:24:55.05,1.2497,4.1107,C,07/25/2025 11:39:55 AM,0.0000,28.7932,28.4499,28.6620,0.0,0.0
4781,0,8,  0d 01:19:32.51,  0d 00:24:56.05,1.2500,4.1108,C,07/25/2025 11:39:56 AM,0.0000,28.7932,28.4499,28.6620,0.0,0.0
4782,0,8,  0d 01:19:33.51,  0d 00:24:57.05,1.2497,4.1108,C,07/25/2025 11:39:57 AM,0.0000,28.7932,28.4499,28.6620,0.0,0.0
4783,0,8,  0d 01:19:34.51,  0d 00:24:58.05,1.2494,4.1109,C,07/25/2025 11:39:58 AM,0.0000,28.7932,28.4499,28.6620,0.0,0.0
4784,0,8,  0d 01:19:35.51,  0d 00:24:59.05,1.2497,4.1111,C,07/25/2025 11:39:59 AM,0.0000,28.7932,28.4499,28.6620,0.0,0.0
4785,0,8,  0d 01:19:36.51,  0d 00:25:00.05,1.2500,4.1113,C,07/25/2025 11:40:00 AM,0.0000,28.7932,28.4499,28.6465,0.0,0.0
4786,0,8,  0d 01:19:37.51,  0d 00:25:01.05,1.2500,4.1113,C,07/25/2025 11:40:01 AM,0.0000,28.7932,28.4499,28.6465,0.0,0.0
4787,0,8,  0d 01:19:38.51,  0d 00:25:02.05,1.2497,4.1115,C,07/25/2025 11:40:02 AM,0.0000,28.7932,28.4499,28.6620,0.0,0.0
4788,0,8,  0d 01:19:39.51,  0d 00:25:03.05,1.2500,4.1115,C,07/25/2025 11:40:03 AM,0.0000,28.7932,28.4499,28.6620,0.0,0.0
4789,0,8,  0d 01:19:40.51,  0d 00:25:04.05,1.2500,4.1116,C,07/25/2025 11:40:04 AM,0.0000,28.7932,28.4499,28.6620,0.0,0.0
4790,0,8,  0d 01:19:41.51,  0d 00:25:05.05,1.2497,4.1116,C,07/25/2025 11:40:05 AM,0.0000,28.7932,28.4499,28.6620,0.0,0.0
4791,0,8,  0d 01:19:42.51,  0d 00:25:06.05,1.2500,4.1118,C,07/25/2025 11:40:06 AM,0.0000,28.8087,28.4499,28.6620,0.0,0.0
4792,0,8,  0d 01:19:43.51,  0d 00:25:07.05,1.2494,4.1118,C,07/25/2025 11:40:07 AM,0.0000,28.7932,28.4499,28.6620,0.0,0.0
4793,0,8,  0d 01:19:44.51,  0d 00:25:08.05,1.2497,4.1120,C,07/25/2025 11:40:08 AM,0.0000,28.7932,28.4344,28.6620,0.0,0.0
4794,0,8,  0d 01:19:45.51,  0d 00:25:09.05,1.2500,4.1121,C,07/25/2025 11:40:09 AM,0.0000,28.7932,28.4344,28.6620,0.0,0.0
4795,0,8,  0d 01:19:46.51,  0d 00:25:10.05,1.2503,4.1122,C,07/25/2025 11:40:10 AM,0.0000,28.7932,28.4344,28.6620,0.0,0.0
4796,0,8,  0d 01:19:47.51,  0d 00:25:11.05,1.2494,4.1122,C,07/25/2025 11:40:11 AM,0.0000,28.8087,28.4344,28.6620,0.0,0.0
4797,0,8,  0d 01:19:48.51,  0d 00:25:12.05,1.2497,4.1124,C,07/25/2025 11:40:12 AM,0.0000,28.7932,28.4344,28.6620,0.0,0.0
4798,0,8,  0d 01:19:49.51,  0d 00:25:13.05,1.2494,4.1124,C,07/25/2025 11:40:13 AM,0.0000,28.7932,28.4499,28.6465,0.0,0.0
4799,0,8,  0d 01:19:50.51,  0d 00:25:14.05,1.2497,4.1126,C,07/25/2025 11:40:14 AM,0.0000,28.7932,28.4499,28.6465,0.0,0.0
4800,0,8,  0d 01:19:51.51,  0d 00:25:15.05,1.2497,4.1125,C,07/25/2025 11:40:15 AM,0.0000,28.7932,28.4499,28.6465,0.0,0.0
4801,0,8,  0d 01:19:52.51,  0d 00:25:16.05,1.2500,4.1128,C,07/25/2025 11:40:16 AM,0.0000,28.7932,28.4499,28.6620,0.0,0.0
4802,0,8,  0d 01:19:53.51,  0d 00:25:17.05,1.2497,4.1127,C,07/25/2025 11:40:17 AM,0.0000,28.7932,28.4499,28.6620,0.0,0.0
4803,0,8,  0d 01:19:54.51,  0d 00:25:18.05,1.2503,4.1129,C,07/25/2025 11:40:18 AM,0.0000,28.7932,28.4499,28.6620,0.0,0.0
4804,0,8,  0d 01:19:55.51,  0d 00:25:19.05,1.2497,4.1130,C,07/25/2025 11:40:19 AM,0.0000,28.8087,28.4499,28.6620,0.0,0.0
4805,0,8,  0d 01:19:56.51,  0d 00:25:20.05,1.2494,4.1130,C,07/25/2025 11:40:20 AM,0.0000,28.8087,28.4499,28.6620,0.0,0.0
4806,0,8,  0d 01:19:57.51,  0d 00:25:21.05,1.2497,4.1132,C,07/25/2025 11:40:21 AM,0.0000,28.8087,28.4499,28.6620,0.0,0.0
4807,0,8,  0d 01:19:58.51,  0d 00:25:22.05,1.2500,4.1132,C,07/25/2025 11:40:22 AM,0.0000,28.8087,28.4499,28.6620,0.0,0.0
4808,0,8,  0d 01:19:59.51,  0d 00:25:23.05,1.2503,4.1132,C,07/25/2025 11:40:23 AM,0.0000,28.8087,28.4499,28.6620,0.0,0.0
4809,0,8,  0d 01:20:00.51,  0d 00:25:24.05,1.2497,4.1135,C,07/25/2025 11:40:24 AM,0.0000,28.8087,28.4499,28.6620,0.0,0.0
4810,0,8,  0d 01:20:01.51,  0d 00:25:25.05,1.2500,4.1135,C,07/25/2025 11:40:25 AM,0.0000,28.8087,28.4499,28.6620,0.0,0.0
4811,0,8,  0d 01:20:02.51,  0d 00:25:26.05,1.2500,4.1137,C,07/25/2025 11:40:26 AM,0.0000,28.8087,28.4499,28.6620,0.0,0.0
4812,0,8,  0d 01:20:03.51,  0d 00:25:27.05,1.2503,4.1138,C,07/25/2025 11:40:27 AM,0.0000,28.8087,28.4499,28.6620,0.0,0.0
4813,0,8,  0d 01:20:04.51,  0d 00:25:28.05,1.2494,4.1138,C,07/25/2025 11:40:28 AM,0.0000,28.8087,28.4499,28.6620,0.0,0.0
4814,0,8,  0d 01:20:05.51,  0d 00:25:29.05,1.2506,4.1139,C,07/25/2025 11:40:29 AM,0.0000,28.8087,28.4499,28.6620,0.0,0.0
4815,0,8,  0d 01:20:06.51,  0d 00:25:30.05,1.2497,4.1140,C,07/25/2025 11:40:30 AM,0.0000,28.8087,28.4499,28.6620,0.0,0.0
4816,0,8,  0d 01:20:07.51,  0d 00:25:31.05,1.2500,4.1141,C,07/25/2025 11:40:31 AM,0.0000,28.8087,28.4499,28.6620,0.0,0.0
4817,0,8,  0d 01:20:08.51,  0d 00:25:32.05,1.2497,4.1141,C,07/25/2025 11:40:32 AM,0.0000,28.8087,28.4499,28.6620,0.0,0.0
4818,0,8,  0d 01:20:09.51,  0d 00:25:33.05,1.2500,4.1142,C,07/25/2025 11:40:33 AM,0.0000,28.8087,28.4499,28.6620,0.0,0.0
4819,0,8,  0d 01:20:10.51,  0d 00:25:34.05,1.2500,4.1142,C,07/25/2025 11:40:34 AM,0.0000,28.8087,28.4654,28.6620,0.0,0.0
4820,0,8,  0d 01:20:11.51,  0d 00:25:35.05,1.2500,4.1144,C,07/25/2025 11:40:35 AM,0.0000,28.8087,28.4654,28.6620,0.0,0.0
4821,0,8,  0d 01:20:12.51,  0d 00:25:36.05,1.2503,4.1144,C,07/25/2025 11:40:36 AM,0.0000,28.8087,28.4499,28.6620,0.0,0.0
4822,0,8,  0d 01:20:13.51,  0d 00:25:37.05,1.2497,4.1146,C,07/25/2025 11:40:37 AM,0.0000,28.8087,28.4499,28.6620,0.0,0.0
4823,0,8,  0d 01:20:14.51,  0d 00:25:38.05,1.2500,4.1146,C,07/25/2025 11:40:38 AM,0.0000,28.8087,28.4499,28.6620,0.0,0.0
4824,0,8,  0d 01:20:15.51,  0d 00:25:39.05,1.2500,4.1147,C,07/25/2025 11:40:39 AM,0.0000,28.8087,28.4499,28.6620,0.0,0.0
4825,0,8,  0d 01:20:16.51,  0d 00:25:40.05,1.2500,4.1149,C,07/25/2025 11:40:40 AM,0.0000,28.8087,28.4499,28.6620,0.0,0.0
4826,0,8,  0d 01:20:17.51,  0d 00:25:41.05,1.2497,4.1150,C,07/25/2025 11:40:41 AM,0.0000,28.7932,28.4499,28.6620,0.0,0.0
4827,0,8,  0d 01:20:18.51,  0d 00:25:42.05,1.2497,4.1150,C,07/25/2025 11:40:42 AM,0.0000,28.8087,28.4499,28.6620,0.0,0.0
4828,0,8,  0d 01:20:19.51,  0d 00:25:43.05,1.2497,4.1151,C,07/25/2025 11:40:43 AM,0.0000,28.8087,28.4499,28.6620,0.0,0.0
4829,0,8,  0d 01:20:20.51,  0d 00:25:44.05,1.2497,4.1152,C,07/25/2025 11:40:45 AM,0.0000,28.8087,28.4499,28.6620,0.0,0.0
4830,0,8,  0d 01:20:21.51,  0d 00:25:45.05,1.2503,4.1153,C,07/25/2025 11:40:45 AM,0.0000,28.8087,28.4499,28.6620,0.0,0.0
4831,0,8,  0d 01:20:22.51,  0d 00:25:46.05,1.2500,4.1153,C,07/25/2025 11:40:46 AM,0.0000,28.8087,28.4499,28.6620,0.0,0.0
4832,0,8,  0d 01:20:23.51,  0d 00:25:47.05,1.2497,4.1153,C,07/25/2025 11:40:47 AM,0.0000,28.8087,28.4499,28.6620,0.0,0.0
4833,0,8,  0d 01:20:24.51,  0d 00:25:48.05,1.2500,4.1154,C,07/25/2025 11:40:48 AM,0.0000,28.8087,28.4499,28.6620,0.0,0.0
4834,0,8,  0d 01:20:25.51,  0d 00:25:49.05,1.2500,4.1155,C,07/25/2025 11:40:49 AM,0.0000,28.8087,28.4499,28.6620,0.0,0.0
4835,0,8,  0d 01:20:26.51,  0d 00:25:50.05,1.2497,4.1156,C,07/25/2025 11:40:50 AM,0.0000,28.8087,28.4499,28.6620,0.0,0.0
4836,0,8,  0d 01:20:27.51,  0d 00:25:51.05,1.2497,4.1157,C,07/25/2025 11:40:51 AM,0.0000,28.8087,28.4499,28.6620,0.0,0.0
4837,0,8,  0d 01:20:28.51,  0d 00:25:52.05,1.2500,4.1159,C,07/25/2025 11:40:52 AM,0.0000,28.8087,28.4654,28.6620,0.0,0.0
4838,0,8,  0d 01:20:29.51,  0d 00:25:53.05,1.2500,4.1158,C,07/25/2025 11:40:53 AM,0.0000,28.8087,28.4654,28.6620,0.0,0.0
4839,0,8,  0d 01:20:30.51,  0d 00:25:54.05,1.2494,4.1159,C,07/25/2025 11:40:55 AM,0.0000,28.8087,28.4654,28.6620,0.0,0.0
4840,0,8,  0d 01:20:31.51,  0d 00:25:55.05,1.2506,4.1160,C,07/25/2025 11:40:55 AM,0.0000,28.8087,28.4654,28.6620,0.0,0.0
4841,0,8,  0d 01:20:32.51,  0d 00:25:56.05,1.2500,4.1159,C,07/25/2025 11:40:56 AM,0.0000,28.8087,28.4654,28.6620,0.0,0.0
4842,0,8,  0d 01:20:33.51,  0d 00:25:57.05,1.2500,4.1161,C,07/25/2025 11:40:57 AM,0.0000,28.8087,28.4654,28.6774,0.0,0.0
4843,0,8,  0d 01:20:34.51,  0d 00:25:58.05,1.2503,4.1164,C,07/25/2025 11:40:58 AM,0.0000,28.8242,28.4809,28.6774,0.0,0.0
4844,0,8,  0d 01:20:35.51,  0d 00:25:59.05,1.2494,4.1164,C,07/25/2025 11:40:59 AM,0.0000,28.8242,28.4654,28.6774,0.0,0.0
4845,0,8,  0d 01:20:36.51,  0d 00:26:00.05,1.2497,4.1164,C,07/25/2025 11:41:00 AM,0.0000,28.8242,28.4654,28.6774,0.0,0.0
4846,0,8,  0d 01:20:37.51,  0d 00:26:01.05,1.2494,4.1164,C,07/25/2025 11:41:01 AM,0.0000,28.8242,28.4654,28.6774,0.0,0.0
4847,0,8,  0d 01:20:38.51,  0d 00:26:02.05,1.2500,4.1164,C,07/25/2025 11:41:02 AM,0.0000,28.8242,28.4654,28.6774,0.0,0.0
4848,0,8,  0d 01:20:39.51,  0d 00:26:03.05,1.2494,4.1167,C,07/25/2025 11:41:03 AM,0.0000,28.8242,28.4654,28.6774,0.0,0.0
4849,0,8,  0d 01:20:40.51,  0d 00:26:04.05,1.2500,4.1167,C,07/25/2025 11:41:04 AM,0.0000,28.8242,28.4654,28.6774,0.0,0.0
4850,0,8,  0d 01:20:41.51,  0d 00:26:05.05,1.2497,4.1167,C,07/25/2025 11:41:05 AM,0.0000,28.8242,28.4654,28.6774,0.0,0.0
4851,0,8,  0d 01:20:42.51,  0d 00:26:06.05,1.2494,4.1170,C,07/25/2025 11:41:06 AM,0.0000,28.8087,28.4654,28.6774,0.0,0.0
4852,0,8,  0d 01:20:43.51,  0d 00:26:07.05,1.2497,4.1170,C,07/25/2025 11:41:07 AM,0.0000,28.8087,28.4654,28.6774,0.0,0.0
4853,0,8,  0d 01:20:44.51,  0d 00:26:08.05,1.2500,4.1173,C,07/25/2025 11:41:08 AM,0.0000,28.8087,28.4654,28.6774,0.0,0.0
4854,0,8,  0d 01:20:45.51,  0d 00:26:09.05,1.2500,4.1172,C,07/25/2025 11:41:09 AM,0.0000,28.8242,28.4654,28.6774,0.0,0.0
4855,0,8,  0d 01:20:46.51,  0d 00:26:10.05,1.2494,4.1173,C,07/25/2025 11:41:10 AM,0.0000,28.8242,28.4654,28.6620,0.0,0.0
4856,0,8,  0d 01:20:47.51,  0d 00:26:11.05,1.2500,4.1173,C,07/25/2025 11:41:11 AM,0.0000,28.8242,28.4654,28.6774,0.0,0.0
4857,0,8,  0d 01:20:48.51,  0d 00:26:12.05,1.2500,4.1173,C,07/25/2025 11:41:12 AM,0.0000,28.8242,28.4654,28.6774,0.0,0.0
4858,0,8,  0d 01:20:49.51,  0d 00:26:13.05,1.2497,4.1173,C,07/25/2025 11:41:13 AM,0.0000,28.8242,28.4654,28.6774,0.0,0.0
4859,0,8,  0d 01:20:50.51,  0d 00:26:14.05,1.2500,4.1174,C,07/25/2025 11:41:14 AM,0.0000,28.8242,28.4654,28.6774,0.0,0.0
4860,0,8,  0d 01:20:51.51,  0d 00:26:15.05,1.2500,4.1175,C,07/25/2025 11:41:15 AM,0.0000,28.8242,28.4654,28.6774,0.0,0.0
4861,0,8,  0d 01:20:52.51,  0d 00:26:16.05,1.2500,4.1174,C,07/25/2025 11:41:16 AM,0.0000,28.8087,28.4654,28.6620,0.0,0.0
4862,0,8,  0d 01:20:53.51,  0d 00:26:17.05,1.2500,4.1176,C,07/25/2025 11:41:17 AM,0.0000,28.8087,28.4654,28.6620,0.0,0.0
4863,0,8,  0d 01:20:54.51,  0d 00:26:18.05,1.2500,4.1177,C,07/25/2025 11:41:18 AM,0.0000,28.8087,28.4654,28.6620,0.0,0.0
4864,0,8,  0d 01:20:55.51,  0d 00:26:19.05,1.2506,4.1178,C,07/25/2025 11:41:19 AM,0.0000,28.8087,28.4499,28.6620,0.0,0.0
4865,0,8,  0d 01:20:56.51,  0d 00:26:20.05,1.2500,4.1179,C,07/25/2025 11:41:20 AM,0.0000,28.8087,28.4499,28.6620,0.0,0.0
4866,0,8,  0d 01:20:57.51,  0d 00:26:21.05,1.2500,4.1180,C,07/25/2025 11:41:21 AM,0.0000,28.8087,28.4499,28.6620,0.0,0.0
4867,0,8,  0d 01:20:58.51,  0d 00:26:22.05,1.2497,4.1181,C,07/25/2025 11:41:22 AM,0.0000,28.8087,28.4499,28.6620,0.0,0.0
4868,0,8,  0d 01:20:59.51,  0d 00:26:23.05,1.2500,4.1181,C,07/25/2025 11:41:23 AM,0.0000,28.8087,28.4499,28.6620,0.0,0.0
4869,0,8,  0d 01:21:00.51,  0d 00:26:24.05,1.2500,4.1183,C,07/25/2025 11:41:24 AM,0.0000,28.8087,28.4499,28.6620,0.0,0.0
4870,0,8,  0d 01:21:01.51,  0d 00:26:25.05,1.2497,4.1183,C,07/25/2025 11:41:25 AM,0.0000,28.8087,28.4499,28.6620,0.0,0.0
4871,0,8,  0d 01:21:02.51,  0d 00:26:26.05,1.2500,4.1183,C,07/25/2025 11:41:26 AM,0.0000,28.8087,28.4499,28.6620,0.0,0.0
4872,0,8,  0d 01:21:03.51,  0d 00:26:27.05,1.2497,4.1183,C,07/25/2025 11:41:27 AM,0.0000,28.8087,28.4499,28.6620,0.0,0.0
4873,0,8,  0d 01:21:04.51,  0d 00:26:28.05,1.2494,4.1185,C,07/25/2025 11:41:28 AM,0.0000,28.7932,28.4499,28.6620,0.0,0.0
4874,0,8,  0d 01:21:05.51,  0d 00:26:29.05,1.2494,4.1186,C,07/25/2025 11:41:29 AM,0.0000,28.7932,28.4499,28.6620,0.0,0.0
4875,0,8,  0d 01:21:06.51,  0d 00:26:30.05,1.2497,4.1186,C,07/25/2025 11:41:30 AM,0.0000,28.8087,28.4499,28.6620,0.0,0.0
4876,0,8,  0d 01:21:07.51,  0d 00:26:31.05,1.2497,4.1186,C,07/25/2025 11:41:31 AM,0.0000,28.7932,28.4499,28.6620,0.0,0.0
4877,0,8,  0d 01:21:08.51,  0d 00:26:32.05,1.2500,4.1188,C,07/25/2025 11:41:32 AM,0.0000,28.7932,28.4499,28.6620,0.0,0.0
4878,0,8,  0d 01:21:09.51,  0d 00:26:33.05,1.2494,4.1189,C,07/25/2025 11:41:33 AM,0.0000,28.7932,28.4499,28.6620,0.0,0.0
4879,0,8,  0d 01:21:10.51,  0d 00:26:34.05,1.2497,4.1189,C,07/25/2025 11:41:34 AM,0.0000,28.7932,28.4499,28.6620,0.0,0.0
4880,0,8,  0d 01:21:11.51,  0d 00:26:35.05,1.2500,4.1189,C,07/25/2025 11:41:35 AM,0.0000,28.7932,28.4499,28.6620,0.0,0.0
4881,0,8,  0d 01:21:12.51,  0d 00:26:36.05,1.2497,4.1189,C,07/25/2025 11:41:36 AM,0.0000,28.7932,28.4344,28.6465,0.0,0.0
4882,0,8,  0d 01:21:13.51,  0d 00:26:37.05,1.2500,4.1191,C,07/25/2025 11:41:37 AM,0.0000,28.7932,28.4344,28.6465,0.0,0.0
4883,0,8,  0d 01:21:14.51,  0d 00:26:38.05,1.2500,4.1192,C,07/25/2025 11:41:38 AM,0.0000,28.7932,28.4344,28.6465,0.0,0.0
4884,0,8,  0d 01:21:15.51,  0d 00:26:39.05,1.2500,4.1192,C,07/25/2025 11:41:39 AM,0.0000,28.7932,28.4344,28.6465,0.0,0.0
4885,0,8,  0d 01:21:16.51,  0d 00:26:40.05,1.2500,4.1192,C,07/25/2025 11:41:40 AM,0.0000,28.7932,28.4344,28.6465,0.0,0.0
4886,0,8,  0d 01:21:17.51,  0d 00:26:41.05,1.2500,4.1193,C,07/25/2025 11:41:41 AM,0.0000,28.7932,28.4344,28.6465,0.0,0.0
4887,0,8,  0d 01:21:18.51,  0d 00:26:42.05,1.2506,4.1192,C,07/25/2025 11:41:42 AM,0.0000,28.7932,28.4344,28.6465,0.0,0.0
4888,0,8,  0d 01:21:19.51,  0d 00:26:43.05,1.2497,4.1194,C,07/25/2025 11:41:43 AM,0.0000,28.7932,28.4344,28.6465,0.0,0.0
4889,0,8,  0d 01:21:20.51,  0d 00:26:44.05,1.2500,4.1196,C,07/25/2025 11:41:44 AM,0.0000,28.7777,28.4344,28.6465,0.0,0.0
4890,0,8,  0d 01:21:21.51,  0d 00:26:45.05,1.2500,4.1196,C,07/25/2025 11:41:45 AM,0.0000,28.7932,28.4344,28.6465,0.0,0.0
4891,0,8,  0d 01:21:22.51,  0d 00:26:46.05,1.2497,4.1196,C,07/25/2025 11:41:46 AM,0.0000,28.7932,28.4344,28.6465,0.0,0.0
4892,0,8,  0d 01:21:23.51,  0d 00:26:47.05,1.2497,4.1197,C,07/25/2025 11:41:47 AM,0.0000,28.7932,28.4344,28.6465,0.0,0.0
4893,0,8,  0d 01:21:24.51,  0d 00:26:48.05,1.2500,4.1198,C,07/25/2025 11:41:48 AM,0.0000,28.7932,28.4344,28.6465,0.0,0.0
4894,0,8,  0d 01:21:25.51,  0d 00:26:49.05,1.2500,4.1199,C,07/25/2025 11:41:49 AM,0.0000,28.7932,28.4344,28.6465,0.0,0.0
4895,0,8,  0d 01:21:26.51,  0d 00:26:50.05,1.2503,4.1199,C,07/25/2025 11:41:50 AM,0.0000,28.7777,28.4344,28.6310,0.0,0.0
4896,0,8,  0d 01:21:27.51,  0d 00:26:51.05,1.2497,4.1199,C,07/25/2025 11:41:51 AM,0.0000,28.7777,28.4344,28.6310,0.0,0.0
4897,0,8,  0d 01:21:28.51,  0d 00:26:52.05,1.2491,4.1199,C,07/25/2025 11:41:52 AM,0.0000,28.7777,28.4344,28.6465,0.0,0.0
4898,0,8,  0d 01:21:29.51,  0d 00:26:53.05,1.2491,4.1201,C,07/25/2025 11:41:53 AM,0.0000,28.7777,28.4344,28.6465,0.0,0.0
4899,0,8,  0d 01:21:30.51,  0d 00:26:54.05,1.2503,4.1202,C,07/25/2025 11:41:54 AM,0.0000,28.7932,28.4344,28.6465,0.0,0.0
4900,0,8,  0d 01:21:31.51,  0d 00:26:55.05,1.2503,4.1202,C,07/25/2025 11:41:56 AM,0.0000,28.7932,28.4344,28.6465,0.0,0.0
4901,0,8,  0d 01:21:32.51,  0d 00:26:56.05,1.2500,4.1203,C,07/25/2025 11:41:56 AM,0.0000,28.7777,28.4344,28.6465,0.0,0.0
4902,0,8,  0d 01:21:33.51,  0d 00:26:57.05,1.2497,4.1203,C,07/25/2025 11:41:57 AM,0.0000,28.7777,28.4344,28.6465,0.0,0.0
4903,0,8,  0d 01:21:34.51,  0d 00:26:58.05,1.2503,4.1203,C,07/25/2025 11:41:58 AM,0.0000,28.7777,28.4344,28.6465,0.0,0.0
4904,0,8,  0d 01:21:35.51,  0d 00:26:59.05,1.2497,4.1205,C,07/25/2025 11:41:59 AM,0.0000,28.7777,28.4344,28.6465,0.0,0.0
4905,0,8,  0d 01:21:36.51,  0d 00:27:00.05,1.2494,4.1205,C,07/25/2025 11:42:00 AM,0.0000,28.7932,28.4344,28.6465,0.0,0.0
4906,0,8,  0d 01:21:37.51,  0d 00:27:01.05,1.2494,4.1206,C,07/25/2025 11:42:01 AM,0.0000,28.7932,28.4344,28.6465,0.0,0.0
4907,0,8,  0d 01:21:38.51,  0d 00:27:02.05,1.2500,4.1206,C,07/25/2025 11:42:02 AM,0.0000,28.7932,28.4499,28.6465,0.0,0.0
4908,0,8,  0d 01:21:39.51,  0d 00:27:03.05,1.2497,4.1207,C,07/25/2025 11:42:03 AM,0.0000,28.7932,28.4499,28.6620,0.0,0.0
4909,0,8,  0d 01:21:40.51,  0d 00:27:04.05,1.2497,4.1207,C,07/25/2025 11:42:04 AM,0.0000,28.8087,28.4499,28.6620,0.0,0.0
4910,0,8,  0d 01:21:41.51,  0d 00:27:05.05,1.2494,4.1208,C,07/25/2025 11:42:06 AM,0.0000,28.7932,28.4499,28.6620,0.0,0.0
4911,0,8,  0d 01:21:42.51,  0d 00:27:06.05,1.2500,4.1209,C,07/25/2025 11:42:06 AM,0.0000,28.8087,28.4499,28.6620,0.0,0.0
4912,0,8,  0d 01:21:43.51,  0d 00:27:07.05,1.2494,4.1211,C,07/25/2025 11:42:07 AM,0.0000,28.8087,28.4499,28.6620,0.0,0.0
4913,0,8,  0d 01:21:44.51,  0d 00:27:08.05,1.2500,4.1211,C,07/25/2025 11:42:08 AM,0.0000,28.8087,28.4499,28.6620,0.0,0.0
4914,0,8,  0d 01:21:45.51,  0d 00:27:09.05,1.2500,4.1210,C,07/25/2025 11:42:09 AM,0.0000,28.8087,28.4499,28.6620,0.0,0.0
4915,0,8,  0d 01:21:46.51,  0d 00:27:10.05,1.2491,4.1212,C,07/25/2025 11:42:10 AM,0.0000,28.8087,28.4499,28.6620,0.0,0.0
4916,0,8,  0d 01:21:47.51,  0d 00:27:11.05,1.2497,4.1211,C,07/25/2025 11:42:11 AM,0.0000,28.8087,28.4499,28.6620,0.0,0.0
4917,0,8,  0d 01:21:48.51,  0d 00:27:12.05,1.2497,4.1212,C,07/25/2025 11:42:12 AM,0.0000,28.8087,28.4499,28.6620,0.0,0.0
4918,0,8,  0d 01:21:49.51,  0d 00:27:13.05,1.2494,4.1214,C,07/25/2025 11:42:13 AM,0.0000,28.8087,28.4499,28.6620,0.0,0.0
4919,0,8,  0d 01:21:50.51,  0d 00:27:14.05,1.2497,4.1215,C,07/25/2025 11:42:14 AM,0.0000,28.8087,28.4499,28.6620,0.0,0.0
4920,0,8,  0d 01:21:51.51,  0d 00:27:15.05,1.2494,4.1214,C,07/25/2025 11:42:16 AM,0.0000,28.8087,28.4499,28.6620,0.0,0.0
4921,0,8,  0d 01:21:52.51,  0d 00:27:16.05,1.2500,4.1216,C,07/25/2025 11:42:16 AM,0.0000,28.8087,28.4499,28.6620,0.0,0.0
4922,0,8,  0d 01:21:53.51,  0d 00:27:17.05,1.2500,4.1216,C,07/25/2025 11:42:17 AM,0.0000,28.8087,28.4499,28.6620,0.0,0.0
4923,0,8,  0d 01:21:54.51,  0d 00:27:18.05,1.2500,4.1217,C,07/25/2025 11:42:18 AM,0.0000,28.8087,28.4499,28.6620,0.0,0.0
4924,0,8,  0d 01:21:55.51,  0d 00:27:19.05,1.2500,4.1218,C,07/25/2025 11:42:19 AM,0.0000,28.8087,28.4499,28.6620,0.0,0.0
4925,0,8,  0d 01:21:56.51,  0d 00:27:20.05,1.2500,4.1218,C,07/25/2025 11:42:20 AM,0.0000,28.8087,28.4499,28.6620,0.0,0.0
4926,0,8,  0d 01:21:57.51,  0d 00:27:21.05,1.2500,4.1219,C,07/25/2025 11:42:21 AM,0.0000,28.8087,28.4499,28.6620,0.0,0.0
4927,0,8,  0d 01:21:58.51,  0d 00:27:22.05,1.2491,4.1219,C,07/25/2025 11:42:22 AM,0.0000,28.8087,28.4499,28.6620,0.0,0.0
4928,0,8,  0d 01:21:59.51,  0d 00:27:23.05,1.2497,4.1220,C,07/25/2025 11:42:23 AM,0.0000,28.8087,28.4499,28.6620,0.0,0.0
4929,0,8,  0d 01:22:00.51,  0d 00:27:24.05,1.2503,4.1220,C,07/25/2025 11:42:24 AM,0.0000,28.8087,28.4499,28.6620,0.0,0.0
4930,0,8,  0d 01:22:01.51,  0d 00:27:25.05,1.2494,4.1221,C,07/25/2025 11:42:25 AM,0.0000,28.8087,28.4499,28.6620,0.0,0.0
4931,0,8,  0d 01:22:02.51,  0d 00:27:26.05,1.2500,4.1221,C,07/25/2025 11:42:26 AM,0.0000,28.8087,28.4499,28.6620,0.0,0.0
4932,0,8,  0d 01:22:03.51,  0d 00:27:27.05,1.2494,4.1221,C,07/25/2025 11:42:27 AM,0.0000,28.8087,28.4499,28.6774,0.0,0.0
4933,0,8,  0d 01:22:04.51,  0d 00:27:28.05,1.2500,4.1223,C,07/25/2025 11:42:28 AM,0.0000,28.8087,28.4499,28.6774,0.0,0.0
4934,0,8,  0d 01:22:05.51,  0d 00:27:29.05,1.2497,4.1221,C,07/25/2025 11:42:29 AM,0.0000,28.8087,28.4499,28.6620,0.0,0.0
4935,0,8,  0d 01:22:06.51,  0d 00:27:30.05,1.2503,4.1221,C,07/25/2025 11:42:30 AM,0.0000,28.8087,28.4654,28.6620,0.0,0.0
4936,0,8,  0d 01:22:07.51,  0d 00:27:31.05,1.2503,4.1223,C,07/25/2025 11:42:31 AM,0.0000,28.8087,28.4654,28.6620,0.0,0.0
4937,0,8,  0d 01:22:08.51,  0d 00:27:32.05,1.2500,4.1225,C,07/25/2025 11:42:32 AM,0.0000,28.8087,28.4654,28.6620,0.0,0.0
4938,0,8,  0d 01:22:09.51,  0d 00:27:33.05,1.2497,4.1226,C,07/25/2025 11:42:33 AM,0.0000,28.8087,28.4654,28.6620,0.0,0.0
4939,0,8,  0d 01:22:10.51,  0d 00:27:34.05,1.2494,4.1225,C,07/25/2025 11:42:34 AM,0.0000,28.8087,28.4654,28.6620,0.0,0.0
4940,0,8,  0d 01:22:11.51,  0d 00:27:35.05,1.2497,4.1225,C,07/25/2025 11:42:35 AM,0.0000,28.8087,28.4654,28.6620,0.0,0.0
4941,0,8,  0d 01:22:12.51,  0d 00:27:36.05,1.2497,4.1227,C,07/25/2025 11:42:36 AM,0.0000,28.8087,28.4654,28.6620,0.0,0.0
4942,0,8,  0d 01:22:13.51,  0d 00:27:37.05,1.2500,4.1227,C,07/25/2025 11:42:37 AM,0.0000,28.8087,28.4499,28.6620,0.0,0.0
4943,0,8,  0d 01:22:14.51,  0d 00:27:38.05,1.2497,4.1228,C,07/25/2025 11:42:38 AM,0.0000,28.8087,28.4499,28.6620,0.0,0.0
4944,0,8,  0d 01:22:15.51,  0d 00:27:39.05,1.2500,4.1228,C,07/25/2025 11:42:39 AM,0.0000,28.8087,28.4499,28.6620,0.0,0.0
4945,0,8,  0d 01:22:16.51,  0d 00:27:40.05,1.2497,4.1229,C,07/25/2025 11:42:40 AM,0.0000,28.8087,28.4499,28.6620,0.0,0.0
4946,0,8,  0d 01:22:17.51,  0d 00:27:41.05,1.2494,4.1230,C,07/25/2025 11:42:41 AM,0.0000,28.8087,28.4499,28.6620,0.0,0.0
4947,0,8,  0d 01:22:18.51,  0d 00:27:42.05,1.2503,4.1229,C,07/25/2025 11:42:42 AM,0.0000,28.8087,28.4499,28.6620,0.0,0.0
4948,0,8,  0d 01:22:19.51,  0d 00:27:43.05,1.2500,4.1232,C,07/25/2025 11:42:43 AM,0.0000,28.8087,28.4499,28.6620,0.0,0.0
4949,0,8,  0d 01:22:20.51,  0d 00:27:44.05,1.2497,4.1232,C,07/25/2025 11:42:44 AM,0.0000,28.8087,28.4499,28.6620,0.0,0.0
4950,0,8,  0d 01:22:21.51,  0d 00:27:45.05,1.2491,4.1233,C,07/25/2025 11:42:45 AM,0.0000,28.7932,28.4499,28.6620,0.0,0.0
4951,0,8,  0d 01:22:22.51,  0d 00:27:46.05,1.2497,4.1232,C,07/25/2025 11:42:46 AM,0.0000,28.7932,28.4499,28.6620,0.0,0.0
4952,0,8,  0d 01:22:23.51,  0d 00:27:47.05,1.2500,4.1233,C,07/25/2025 11:42:47 AM,0.0000,28.7932,28.4499,28.6620,0.0,0.0
4953,0,8,  0d 01:22:24.51,  0d 00:27:48.05,1.2500,4.1234,C,07/25/2025 11:42:48 AM,0.0000,28.7932,28.4499,28.6620,0.0,0.0
4954,0,8,  0d 01:22:25.51,  0d 00:27:49.05,1.2500,4.1234,C,07/25/2025 11:42:49 AM,0.0000,28.7932,28.4499,28.6620,0.0,0.0
4955,0,8,  0d 01:22:26.51,  0d 00:27:50.05,1.2503,4.1234,C,07/25/2025 11:42:50 AM,0.0000,28.7932,28.4499,28.6620,0.0,0.0
4956,0,8,  0d 01:22:27.51,  0d 00:27:51.05,1.2497,4.1237,C,07/25/2025 11:42:51 AM,0.0000,28.7932,28.4499,28.6465,0.0,0.0
4957,0,8,  0d 01:22:28.51,  0d 00:27:52.05,1.2497,4.1234,C,07/25/2025 11:42:52 AM,0.0000,28.8087,28.4499,28.6465,0.0,0.0
4958,0,8,  0d 01:22:29.51,  0d 00:27:53.05,1.2497,4.1236,C,07/25/2025 11:42:53 AM,0.0000,28.8087,28.4499,28.6465,0.0,0.0
4959,0,8,  0d 01:22:30.51,  0d 00:27:54.05,1.2497,4.1237,C,07/25/2025 11:42:54 AM,0.0000,28.8087,28.4499,28.6620,0.0,0.0
4960,0,8,  0d 01:22:31.51,  0d 00:27:55.05,1.2500,4.1238,C,07/25/2025 11:42:55 AM,0.0000,28.7932,28.4499,28.6620,0.0,0.0
4961,0,8,  0d 01:22:32.51,  0d 00:27:56.05,1.2497,4.1238,C,07/25/2025 11:42:56 AM,0.0000,28.7932,28.4499,28.6620,0.0,0.0
4962,0,8,  0d 01:22:33.51,  0d 00:27:57.05,1.2500,4.1240,C,07/25/2025 11:42:57 AM,0.0000,28.7932,28.4499,28.6465,0.0,0.0
4963,0,8,  0d 01:22:34.51,  0d 00:27:58.05,1.2500,4.1240,C,07/25/2025 11:42:58 AM,0.0000,28.7932,28.4499,28.6465,0.0,0.0
4964,0,8,  0d 01:22:35.51,  0d 00:27:59.05,1.2500,4.1241,C,07/25/2025 11:42:59 AM,0.0000,28.7932,28.4499,28.6465,0.0,0.0
4965,0,8,  0d 01:22:36.51,  0d 00:28:00.05,1.2500,4.1240,C,07/25/2025 11:43:00 AM,0.0000,28.7932,28.4344,28.6465,0.0,0.0
4966,0,8,  0d 01:22:37.51,  0d 00:28:01.05,1.2500,4.1240,C,07/25/2025 11:43:01 AM,0.0000,28.7932,28.4344,28.6465,0.0,0.0
4967,0,8,  0d 01:22:38.51,  0d 00:28:02.05,1.2500,4.1242,C,07/25/2025 11:43:02 AM,0.0000,28.7932,28.4344,28.6465,0.0,0.0
4968,0,8,  0d 01:22:39.51,  0d 00:28:03.05,1.2500,4.1242,C,07/25/2025 11:43:03 AM,0.0000,28.7932,28.4344,28.6465,0.0,0.0
4969,0,8,  0d 01:22:40.51,  0d 00:28:04.05,1.2503,4.1244,C,07/25/2025 11:43:04 AM,0.0000,28.7932,28.4344,28.6465,0.0,0.0
4970,0,8,  0d 01:22:41.51,  0d 00:28:05.05,1.2500,4.1244,C,07/25/2025 11:43:05 AM,0.0000,28.7932,28.4344,28.6465,0.0,0.0
4971,0,8,  0d 01:22:42.51,  0d 00:28:06.05,1.2497,4.1244,C,07/25/2025 11:43:07 AM,0.0000,28.7932,28.4344,28.6465,0.0,0.0
4972,0,8,  0d 01:22:43.51,  0d 00:28:07.05,1.2494,4.1244,C,07/25/2025 11:43:07 AM,0.0000,28.7932,28.4344,28.6465,0.0,0.0
4973,0,8,  0d 01:22:44.51,  0d 00:28:08.05,1.2497,4.1244,C,07/25/2025 11:43:08 AM,0.0000,28.7932,28.4344,28.6465,0.0,0.0
4974,0,8,  0d 01:22:45.51,  0d 00:28:09.05,1.2503,4.1244,C,07/25/2025 11:43:09 AM,0.0000,28.7932,28.4499,28.6465,0.0,0.0
4975,0,8,  0d 01:22:46.51,  0d 00:28:10.05,1.2494,4.1245,C,07/25/2025 11:43:10 AM,0.0000,28.7932,28.4344,28.6465,0.0,0.0
4976,0,8,  0d 01:22:47.51,  0d 00:28:11.05,1.2494,4.1245,C,07/25/2025 11:43:11 AM,0.0000,28.7932,28.4344,28.6465,0.0,0.0
4977,0,8,  0d 01:22:48.51,  0d 00:28:12.05,1.2497,4.1246,C,07/25/2025 11:43:12 AM,0.0000,28.7932,28.4344,28.6465,0.0,0.0
4978,0,8,  0d 01:22:49.51,  0d 00:28:13.05,1.2497,4.1247,C,07/25/2025 11:43:13 AM,0.0000,28.7932,28.4344,28.6465,0.0,0.0
4979,0,8,  0d 01:22:50.51,  0d 00:28:14.05,1.2500,4.1248,C,07/25/2025 11:43:14 AM,0.0000,28.7932,28.4344,28.6465,0.0,0.0
4980,0,8,  0d 01:22:51.51,  0d 00:28:15.05,1.2491,4.1248,C,07/25/2025 11:43:15 AM,0.0000,28.7932,28.4344,28.6465,0.0,0.0
4981,0,8,  0d 01:22:52.51,  0d 00:28:16.05,1.2500,4.1250,C,07/25/2025 11:43:17 AM,0.0000,28.7932,28.4499,28.6465,0.0,0.0
4982,0,8,  0d 01:22:53.51,  0d 00:28:17.05,1.2506,4.1249,C,07/25/2025 11:43:17 AM,0.0000,28.8087,28.4499,28.6620,0.0,0.0
4983,0,8,  0d 01:22:54.51,  0d 00:28:18.05,1.2500,4.1251,C,07/25/2025 11:43:18 AM,0.0000,28.8087,28.4499,28.6620,0.0,0.0
4984,0,8,  0d 01:22:55.51,  0d 00:28:19.05,1.2497,4.1250,C,07/25/2025 11:43:19 AM,0.0000,28.8087,28.4499,28.6620,0.0,0.0
4985,0,8,  0d 01:22:56.51,  0d 00:28:20.05,1.2494,4.1250,C,07/25/2025 11:43:20 AM,0.0000,28.8087,28.4499,28.6620,0.0,0.0
4986,0,8,  0d 01:22:57.51,  0d 00:28:21.05,1.2500,4.1252,C,07/25/2025 11:43:21 AM,0.0000,28.8087,28.4499,28.6620,0.0,0.0
4987,0,8,  0d 01:22:58.51,  0d 00:28:22.05,1.2500,4.1252,C,07/25/2025 11:43:22 AM,0.0000,28.8087,28.4499,28.6620,0.0,0.0
4988,0,8,  0d 01:22:59.51,  0d 00:28:23.05,1.2497,4.1254,C,07/25/2025 11:43:23 AM,0.0000,28.8087,28.4499,28.6465,0.0,0.0
4989,0,8,  0d 01:23:00.51,  0d 00:28:24.05,1.2500,4.1253,C,07/25/2025 11:43:24 AM,0.0000,28.8087,28.4499,28.6620,0.0,0.0
4990,0,8,  0d 01:23:01.51,  0d 00:28:25.05,1.2500,4.1254,C,07/25/2025 11:43:25 AM,0.0000,28.8087,28.4499,28.6620,0.0,0.0
4991,0,8,  0d 01:23:02.51,  0d 00:28:26.05,1.2500,4.1255,C,07/25/2025 11:43:27 AM,0.0000,28.8087,28.4499,28.6620,0.0,0.0
4992,0,8,  0d 01:23:03.51,  0d 00:28:27.05,1.2500,4.1254,C,07/25/2025 11:43:27 AM,0.0000,28.8087,28.4499,28.6620,0.0,0.0
4993,0,8,  0d 01:23:04.51,  0d 00:28:28.05,1.2497,4.1255,C,07/25/2025 11:43:28 AM,0.0000,28.7932,28.4499,28.6620,0.0,0.0
4994,0,8,  0d 01:23:05.51,  0d 00:28:29.05,1.2500,4.1255,C,07/25/2025 11:43:29 AM,0.0000,28.7932,28.4499,28.6620,0.0,0.0
4995,0,8,  0d 01:23:06.51,  0d 00:28:30.05,1.2503,4.1257,C,07/25/2025 11:43:30 AM,0.0000,28.7932,28.4499,28.6620,0.0,0.0
4996,0,8,  0d 01:23:07.51,  0d 00:28:31.05,1.2497,4.1257,C,07/25/2025 11:43:31 AM,0.0000,28.7932,28.4499,28.6465,0.0,0.0
4997,0,8,  0d 01:23:08.51,  0d 00:28:32.05,1.2497,4.1257,C,07/25/2025 11:43:32 AM,0.0000,28.7932,28.4499,28.6465,0.0,0.0
4998,0,8,  0d 01:23:09.51,  0d 00:28:33.05,1.2503,4.1257,C,07/25/2025 11:43:33 AM,0.0000,28.8087,28.4499,28.6465,0.0,0.0
4999,0,8,  0d 01:23:10.51,  0d 00:28:34.05,1.2500,4.1258,C,07/25/2025 11:43:34 AM,0.0000,28.7932,28.4499,28.6465,0.0,0.0
5000,0,8,  0d 01:23:11.51,  0d 00:28:35.05,1.2500,4.1258,C,07/25/2025 11:43:35 AM,0.0000,28.7932,28.4499,28.6465,0.0,0.0
5001,0,8,  0d 01:23:12.51,  0d 00:28:36.05,1.2500,4.1259,C,07/25/2025 11:43:36 AM,0.0000,28.8087,28.4499,28.6620,0.0,0.0
5002,0,8,  0d 01:23:13.51,  0d 00:28:37.05,1.2497,4.1259,C,07/25/2025 11:43:37 AM,0.0000,28.8087,28.4499,28.6620,0.0,0.0
5003,0,8,  0d 01:23:14.51,  0d 00:28:38.05,1.2500,4.1260,C,07/25/2025 11:43:38 AM,0.0000,28.7932,28.4499,28.6620,0.0,0.0
5004,0,8,  0d 01:23:15.51,  0d 00:28:39.05,1.2494,4.1260,C,07/25/2025 11:43:39 AM,0.0000,28.7932,28.4499,28.6620,0.0,0.0
5005,0,8,  0d 01:23:16.51,  0d 00:28:40.05,1.2503,4.1263,C,07/25/2025 11:43:40 AM,0.0000,28.7932,28.4499,28.6620,0.0,0.0
5006,0,8,  0d 01:23:17.51,  0d 00:28:41.05,1.2500,4.1261,C,07/25/2025 11:43:41 AM,0.0000,28.7932,28.4499,28.6620,0.0,0.0
5007,0,8,  0d 01:23:18.51,  0d 00:28:42.05,1.2494,4.1263,C,07/25/2025 11:43:42 AM,0.0000,28.7932,28.4499,28.6620,0.0,0.0
5008,0,8,  0d 01:23:19.51,  0d 00:28:43.05,1.2500,4.1263,C,07/25/2025 11:43:43 AM,0.0000,28.7932,28.4344,28.6620,0.0,0.0
5009,0,8,  0d 01:23:20.51,  0d 00:28:44.05,1.2497,4.1263,C,07/25/2025 11:43:44 AM,0.0000,28.7932,28.4499,28.6620,0.0,0.0
5010,0,8,  0d 01:23:21.51,  0d 00:28:45.05,1.2497,4.1265,C,07/25/2025 11:43:45 AM,0.0000,28.7932,28.4499,28.6620,0.0,0.0
5011,0,8,  0d 01:23:22.51,  0d 00:28:46.05,1.2497,4.1265,C,07/25/2025 11:43:46 AM,0.0000,28.7932,28.4499,28.6620,0.0,0.0
5012,0,8,  0d 01:23:23.51,  0d 00:28:47.05,1.2500,4.1266,C,07/25/2025 11:43:47 AM,0.0000,28.7932,28.4499,28.6620,0.0,0.0
5013,0,8,  0d 01:23:24.51,  0d 00:28:48.05,1.2503,4.1267,C,07/25/2025 11:43:48 AM,0.0000,28.7932,28.4499,28.6465,0.0,0.0
5014,0,8,  0d 01:23:25.51,  0d 00:28:49.05,1.2500,4.1266,C,07/25/2025 11:43:49 AM,0.0000,28.7932,28.4344,28.6465,0.0,0.0
5015,0,8,  0d 01:23:26.51,  0d 00:28:50.05,1.2500,4.1268,C,07/25/2025 11:43:50 AM,0.0000,28.7932,28.4499,28.6465,0.0,0.0
5016,0,8,  0d 01:23:27.51,  0d 00:28:51.05,1.2494,4.1269,C,07/25/2025 11:43:51 AM,0.0000,28.7932,28.4499,28.6620,0.0,0.0
5017,0,8,  0d 01:23:28.51,  0d 00:28:52.05,1.2500,4.1268,C,07/25/2025 11:43:52 AM,0.0000,28.7932,28.4499,28.6620,0.0,0.0
5018,0,8,  0d 01:23:29.51,  0d 00:28:53.05,1.2500,4.1268,C,07/25/2025 11:43:53 AM,0.0000,28.7932,28.4499,28.6620,0.0,0.0
5019,0,8,  0d 01:23:30.51,  0d 00:28:54.05,1.2500,4.1269,C,07/25/2025 11:43:54 AM,0.0000,28.7932,28.4499,28.6620,0.0,0.0
5020,0,8,  0d 01:23:31.51,  0d 00:28:55.05,1.2500,4.1270,C,07/25/2025 11:43:55 AM,0.0000,28.7932,28.4499,28.6620,0.0,0.0
5021,0,8,  0d 01:23:32.51,  0d 00:28:56.05,1.2500,4.1270,C,07/25/2025 11:43:56 AM,0.0000,28.7932,28.4344,28.6620,0.0,0.0
5022,0,8,  0d 01:23:33.51,  0d 00:28:57.05,1.2503,4.1270,C,07/25/2025 11:43:57 AM,0.0000,28.7932,28.4344,28.6620,0.0,0.0
5023,0,8,  0d 01:23:34.51,  0d 00:28:58.05,1.2503,4.1271,C,07/25/2025 11:43:58 AM,0.0000,28.7932,28.4344,28.6620,0.0,0.0
5024,0,8,  0d 01:23:35.51,  0d 00:28:59.05,1.2503,4.1272,C,07/25/2025 11:43:59 AM,0.0000,28.7932,28.4344,28.6620,0.0,0.0
5025,0,8,  0d 01:23:36.51,  0d 00:29:00.05,1.2500,4.1272,C,07/25/2025 11:44:00 AM,0.0000,28.7932,28.4344,28.6620,0.0,0.0
5026,0,8,  0d 01:23:37.51,  0d 00:29:01.05,1.2500,4.1273,C,07/25/2025 11:44:01 AM,0.0000,28.7932,28.4499,28.6620,0.0,0.0
5027,0,8,  0d 01:23:38.51,  0d 00:29:02.05,1.2500,4.1273,C,07/25/2025 11:44:02 AM,0.0000,28.7932,28.4344,28.6620,0.0,0.0
5028,0,8,  0d 01:23:39.51,  0d 00:29:03.05,1.2503,4.1274,C,07/25/2025 11:44:03 AM,0.0000,28.7932,28.4344,28.6465,0.0,0.0
5029,0,8,  0d 01:23:40.51,  0d 00:29:04.05,1.2500,4.1274,C,07/25/2025 11:44:04 AM,0.0000,28.7932,28.4344,28.6465,0.0,0.0
5030,0,8,  0d 01:23:41.51,  0d 00:29:05.05,1.2500,4.1274,C,07/25/2025 11:44:05 AM,0.0000,28.7932,28.4344,28.6465,0.0,0.0
5031,0,8,  0d 01:23:42.51,  0d 00:29:06.05,1.2506,4.1274,C,07/25/2025 11:44:06 AM,0.0000,28.7932,28.4344,28.6465,0.0,0.0
5032,0,8,  0d 01:23:43.51,  0d 00:29:07.05,1.2500,4.1275,C,07/25/2025 11:44:07 AM,0.0000,28.7932,28.4344,28.6465,0.0,0.0
5033,0,8,  0d 01:23:44.51,  0d 00:29:08.05,1.2494,4.1276,C,07/25/2025 11:44:08 AM,0.0000,28.7932,28.4499,28.6620,0.0,0.0
5034,0,8,  0d 01:23:45.51,  0d 00:29:09.05,1.2503,4.1276,C,07/25/2025 11:44:09 AM,0.0000,28.7932,28.4499,28.6620,0.0,0.0
5035,0,8,  0d 01:23:46.51,  0d 00:29:10.05,1.2503,4.1277,C,07/25/2025 11:44:10 AM,0.0000,28.7932,28.4344,28.6620,0.0,0.0
5036,0,8,  0d 01:23:47.51,  0d 00:29:11.05,1.2497,4.1278,C,07/25/2025 11:44:11 AM,0.0000,28.7932,28.4344,28.6620,0.0,0.0
5037,0,8,  0d 01:23:48.51,  0d 00:29:12.05,1.2497,4.1279,C,07/25/2025 11:44:12 AM,0.0000,28.7932,28.4344,28.6620,0.0,0.0
5038,0,8,  0d 01:23:49.51,  0d 00:29:13.05,1.2497,4.1278,C,07/25/2025 11:44:13 AM,0.0000,28.7932,28.4344,28.6620,0.0,0.0
5039,0,8,  0d 01:23:50.51,  0d 00:29:14.05,1.2500,4.1279,C,07/25/2025 11:44:14 AM,0.0000,28.7932,28.4344,28.6620,0.0,0.0
5040,0,8,  0d 01:23:51.51,  0d 00:29:15.05,1.2497,4.1278,C,07/25/2025 11:44:15 AM,0.0000,28.7932,28.4344,28.6620,0.0,0.0
5041,0,8,  0d 01:23:52.51,  0d 00:29:16.05,1.2500,4.1279,C,07/25/2025 11:44:16 AM,0.0000,28.7932,28.4344,28.6620,0.0,0.0
5042,0,8,  0d 01:23:53.51,  0d 00:29:17.05,1.2503,4.1281,C,07/25/2025 11:44:17 AM,0.0000,28.7932,28.4344,28.6620,0.0,0.0
5043,0,8,  0d 01:23:54.51,  0d 00:29:18.05,1.2500,4.1280,C,07/25/2025 11:44:18 AM,0.0000,28.8087,28.4344,28.6465,0.0,0.0
5044,0,8,  0d 01:23:55.51,  0d 00:29:19.05,1.2500,4.1280,C,07/25/2025 11:44:19 AM,0.0000,28.8087,28.4344,28.6465,0.0,0.0
5045,0,8,  0d 01:23:56.51,  0d 00:29:20.05,1.2500,4.1281,C,07/25/2025 11:44:20 AM,0.0000,28.7932,28.4344,28.6465,0.0,0.0
5046,0,8,  0d 01:23:57.51,  0d 00:29:21.05,1.2497,4.1283,C,07/25/2025 11:44:21 AM,0.0000,28.7932,28.4344,28.6465,0.0,0.0
5047,0,8,  0d 01:23:58.51,  0d 00:29:22.05,1.2497,4.1283,C,07/25/2025 11:44:22 AM,0.0000,28.7932,28.4344,28.6465,0.0,0.0
5048,0,8,  0d 01:23:59.51,  0d 00:29:23.05,1.2500,4.1283,C,07/25/2025 11:44:23 AM,0.0000,28.7932,28.4344,28.6465,0.0,0.0
5049,0,8,  0d 01:24:00.51,  0d 00:29:24.05,1.2497,4.1284,C,07/25/2025 11:44:24 AM,0.0000,28.7932,28.4344,28.6465,0.0,0.0
5050,0,8,  0d 01:24:01.51,  0d 00:29:25.05,1.2500,4.1284,C,07/25/2025 11:44:25 AM,0.0000,28.7932,28.4344,28.6465,0.0,0.0
5051,0,8,  0d 01:24:02.51,  0d 00:29:26.05,1.2500,4.1286,C,07/25/2025 11:44:26 AM,0.0000,28.7932,28.4344,28.6465,0.0,0.0
5052,0,8,  0d 01:24:03.51,  0d 00:29:27.05,1.2503,4.1286,C,07/25/2025 11:44:28 AM,0.0000,28.7932,28.4344,28.6465,0.0,0.0
5053,0,8,  0d 01:24:04.51,  0d 00:29:28.05,1.2500,4.1286,C,07/25/2025 11:44:28 AM,0.0000,28.7932,28.4344,28.6465,0.0,0.0
5054,0,8,  0d 01:24:05.51,  0d 00:29:29.05,1.2500,4.1286,C,07/25/2025 11:44:29 AM,0.0000,28.7777,28.4188,28.6310,0.0,0.0
5055,0,8,  0d 01:24:06.51,  0d 00:29:30.05,1.2500,4.1286,C,07/25/2025 11:44:30 AM,0.0000,28.7777,28.4188,28.6465,0.0,0.0
5056,0,8,  0d 01:24:07.51,  0d 00:29:31.05,1.2497,4.1287,C,07/25/2025 11:44:31 AM,0.0000,28.7777,28.4188,28.6465,0.0,0.0
5057,0,8,  0d 01:24:08.51,  0d 00:29:32.05,1.2500,4.1289,C,07/25/2025 11:44:32 AM,0.0000,28.7777,28.4188,28.6310,0.0,0.0
5058,0,8,  0d 01:24:09.51,  0d 00:29:33.05,1.2497,4.1289,C,07/25/2025 11:44:33 AM,0.0000,28.7777,28.4188,28.6465,0.0,0.0
5059,0,8,  0d 01:24:10.51,  0d 00:29:34.05,1.2500,4.1288,C,07/25/2025 11:44:34 AM,0.0000,28.7777,28.4344,28.6465,0.0,0.0
5060,0,8,  0d 01:24:11.51,  0d 00:29:35.05,1.2497,4.1289,C,07/25/2025 11:44:35 AM,0.0000,28.7777,28.4344,28.6465,0.0,0.0
5061,0,8,  0d 01:24:12.51,  0d 00:29:36.05,1.2497,4.1290,C,07/25/2025 11:44:36 AM,0.0000,28.7777,28.4344,28.6465,0.0,0.0
5062,0,8,  0d 01:24:13.51,  0d 00:29:37.05,1.2500,4.1289,C,07/25/2025 11:44:38 AM,0.0000,28.7777,28.4344,28.6310,0.0,0.0
5063,0,8,  0d 01:24:14.51,  0d 00:29:38.05,1.2497,4.1290,C,07/25/2025 11:44:38 AM,0.0000,28.7777,28.4344,28.6465,0.0,0.0
5064,0,8,  0d 01:24:15.51,  0d 00:29:39.05,1.2500,4.1292,C,07/25/2025 11:44:39 AM,0.0000,28.7777,28.4344,28.6465,0.0,0.0
5065,0,8,  0d 01:24:16.51,  0d 00:29:40.05,1.2497,4.1291,C,07/25/2025 11:44:40 AM,0.0000,28.7932,28.4344,28.6465,0.0,0.0
5066,0,8,  0d 01:24:17.51,  0d 00:29:41.05,1.2500,4.1292,C,07/25/2025 11:44:41 AM,0.0000,28.7777,28.4344,28.6465,0.0,0.0
5067,0,8,  0d 01:24:18.51,  0d 00:29:42.05,1.2503,4.1293,C,07/25/2025 11:44:42 AM,0.0000,28.7777,28.4344,28.6465,0.0,0.0
5068,0,8,  0d 01:24:19.51,  0d 00:29:43.05,1.2503,4.1294,C,07/25/2025 11:44:43 AM,0.0000,28.7777,28.4344,28.6465,0.0,0.0
5069,0,8,  0d 01:24:20.51,  0d 00:29:44.05,1.2503,4.1294,C,07/25/2025 11:44:44 AM,0.0000,28.7777,28.4344,28.6465,0.0,0.0
5070,0,8,  0d 01:24:21.51,  0d 00:29:45.05,1.2500,4.1294,C,07/25/2025 11:44:45 AM,0.0000,28.7777,28.4344,28.6465,0.0,0.0
5071,0,8,  0d 01:24:22.51,  0d 00:29:46.05,1.2500,4.1295,C,07/25/2025 11:44:46 AM,0.0000,28.7932,28.4344,28.6465,0.0,0.0
5072,0,8,  0d 01:24:23.51,  0d 00:29:47.05,1.2500,4.1295,C,07/25/2025 11:44:47 AM,0.0000,28.7777,28.4344,28.6465,0.0,0.0
5073,0,8,  0d 01:24:24.51,  0d 00:29:48.05,1.2500,4.1295,C,07/25/2025 11:44:48 AM,0.0000,28.7777,28.4344,28.6465,0.0,0.0
5074,0,8,  0d 01:24:25.51,  0d 00:29:49.05,1.2497,4.1297,C,07/25/2025 11:44:49 AM,0.0000,28.7777,28.4344,28.6465,0.0,0.0
5075,0,8,  0d 01:24:26.51,  0d 00:29:50.05,1.2497,4.1298,C,07/25/2025 11:44:50 AM,0.0000,28.7932,28.4344,28.6465,0.0,0.0
5076,0,8,  0d 01:24:27.51,  0d 00:29:51.05,1.2494,4.1298,C,07/25/2025 11:44:51 AM,0.0000,28.7777,28.4344,28.6465,0.0,0.0
5077,0,8,  0d 01:24:28.51,  0d 00:29:52.05,1.2500,4.1299,C,07/25/2025 11:44:52 AM,0.0000,28.7932,28.4344,28.6465,0.0,0.0
5078,0,8,  0d 01:24:29.51,  0d 00:29:53.05,1.2500,4.1299,C,07/25/2025 11:44:53 AM,0.0000,28.7932,28.4344,28.6465,0.0,0.0
5079,0,8,  0d 01:24:30.51,  0d 00:29:54.05,1.2503,4.1299,C,07/25/2025 11:44:54 AM,0.0000,28.7932,28.4344,28.6465,0.0,0.0
5080,0,8,  0d 01:24:31.51,  0d 00:29:55.05,1.2497,4.1300,C,07/25/2025 11:44:55 AM,0.0000,28.7932,28.4344,28.6465,0.0,0.0
5081,0,8,  0d 01:24:32.51,  0d 00:29:56.05,1.2494,4.1302,C,07/25/2025 11:44:56 AM,0.0000,28.7932,28.4344,28.6465,0.0,0.0
5082,0,8,  0d 01:24:33.51,  0d 00:29:57.05,1.2497,4.1301,C,07/25/2025 11:44:57 AM,0.0000,28.7932,28.4344,28.6465,0.0,0.0
5083,0,8,  0d 01:24:34.51,  0d 00:29:58.05,1.2503,4.1302,C,07/25/2025 11:44:58 AM,0.0000,28.7932,28.4344,28.6465,0.0,0.0
5084,0,8,  0d 01:24:35.51,  0d 00:29:59.05,1.2500,4.1303,C,07/25/2025 11:44:59 AM,0.0000,28.7932,28.4499,28.6465,0.0,0.0
5085,0,8,  0d 01:24:36.51,  0d 00:30:00.05,1.2497,4.1302,C,07/25/2025 11:45:00 AM,0.0000,28.7932,28.4499,28.6465,0.0,0.0
5086,0,8,  0d 01:24:37.51,  0d 00:30:01.05,1.2494,4.1302,C,07/25/2025 11:45:01 AM,0.0000,28.7932,28.4499,28.6620,0.0,0.0
5087,0,8,  0d 01:24:38.51,  0d 00:30:02.05,1.2494,4.1304,C,07/25/2025 11:45:02 AM,0.0000,28.7932,28.4499,28.6620,0.0,0.0
5088,0,8,  0d 01:24:39.51,  0d 00:30:03.05,1.2500,4.1304,C,07/25/2025 11:45:03 AM,0.0000,28.7932,28.4499,28.6620,0.0,0.0
5089,0,8,  0d 01:24:40.51,  0d 00:30:04.05,1.2491,4.1305,C,07/25/2025 11:45:04 AM,0.0000,28.7932,28.4344,28.6620,0.0,0.0
5090,0,8,  0d 01:24:41.51,  0d 00:30:05.05,1.2500,4.1305,C,07/25/2025 11:45:05 AM,0.0000,28.8087,28.4344,28.6465,0.0,0.0
5091,0,8,  0d 01:24:42.51,  0d 00:30:06.05,1.2503,4.1305,C,07/25/2025 11:45:06 AM,0.0000,28.8087,28.4344,28.6620,0.0,0.0
5092,0,8,  0d 01:24:43.51,  0d 00:30:07.05,1.2500,4.1305,C,07/25/2025 11:45:07 AM,0.0000,28.8087,28.4499,28.6465,0.0,0.0
5093,0,8,  0d 01:24:44.51,  0d 00:30:08.05,1.2497,4.1306,C,07/25/2025 11:45:08 AM,0.0000,28.8087,28.4499,28.6465,0.0,0.0
5094,0,8,  0d 01:24:45.51,  0d 00:30:09.05,1.2497,4.1307,C,07/25/2025 11:45:09 AM,0.0000,28.7932,28.4499,28.6620,0.0,0.0
5095,0,8,  0d 01:24:46.51,  0d 00:30:10.05,1.2497,4.1308,C,07/25/2025 11:45:10 AM,0.0000,28.7932,28.4344,28.6620,0.0,0.0
5096,0,8,  0d 01:24:47.51,  0d 00:30:11.05,1.2503,4.1308,C,07/25/2025 11:45:11 AM,0.0000,28.7932,28.4344,28.6620,0.0,0.0
5097,0,8,  0d 01:24:48.51,  0d 00:30:12.05,1.2503,4.1308,C,07/25/2025 11:45:12 AM,0.0000,28.7932,28.4499,28.6620,0.0,0.0
5098,0,8,  0d 01:24:49.51,  0d 00:30:13.05,1.2497,4.1308,C,07/25/2025 11:45:13 AM,0.0000,28.8087,28.4499,28.6465,0.0,0.0
5099,0,8,  0d 01:24:50.51,  0d 00:30:14.05,1.2491,4.1309,C,07/25/2025 11:45:14 AM,0.0000,28.8087,28.4499,28.6465,0.0,0.0
5100,0,8,  0d 01:24:51.51,  0d 00:30:15.05,1.2500,4.1309,C,07/25/2025 11:45:15 AM,0.0000,28.7932,28.4499,28.6620,0.0,0.0
5101,0,8,  0d 01:24:52.51,  0d 00:30:16.05,1.2503,4.1309,C,07/25/2025 11:45:16 AM,0.0000,28.7932,28.4499,28.6620,0.0,0.0
5102,0,8,  0d 01:24:53.51,  0d 00:30:17.05,1.2506,4.1312,C,07/25/2025 11:45:17 AM,0.0000,28.8087,28.4499,28.6620,0.0,0.0
5103,0,8,  0d 01:24:54.51,  0d 00:30:18.05,1.2497,4.1312,C,07/25/2025 11:45:18 AM,0.0000,28.8087,28.4499,28.6620,0.0,0.0
5104,0,8,  0d 01:24:55.51,  0d 00:30:19.05,1.2503,4.1312,C,07/25/2025 11:45:19 AM,0.0000,28.8087,28.4499,28.6620,0.0,0.0
5105,0,8,  0d 01:24:56.51,  0d 00:30:20.05,1.2497,4.1314,C,07/25/2025 11:45:20 AM,0.0000,28.8087,28.4499,28.6620,0.0,0.0
5106,0,8,  0d 01:24:57.51,  0d 00:30:21.05,1.2500,4.1313,C,07/25/2025 11:45:21 AM,0.0000,28.7932,28.4499,28.6620,0.0,0.0
5107,0,8,  0d 01:24:58.51,  0d 00:30:22.05,1.2503,4.1314,C,07/25/2025 11:45:22 AM,0.0000,28.7932,28.4499,28.6620,0.0,0.0
5108,0,8,  0d 01:24:59.51,  0d 00:30:23.05,1.2503,4.1314,C,07/25/2025 11:45:23 AM,0.0000,28.8087,28.4499,28.6620,0.0,0.0
5109,0,8,  0d 01:25:00.51,  0d 00:30:24.05,1.2494,4.1315,C,07/25/2025 11:45:24 AM,0.0000,28.8087,28.4499,28.6620,0.0,0.0
5110,0,8,  0d 01:25:01.51,  0d 00:30:25.05,1.2497,4.1315,C,07/25/2025 11:45:25 AM,0.0000,28.8087,28.4499,28.6620,0.0,0.0
5111,0,8,  0d 01:25:02.51,  0d 00:30:26.05,1.2506,4.1316,C,07/25/2025 11:45:26 AM,0.0000,28.8087,28.4499,28.6620,0.0,0.0
5112,0,8,  0d 01:25:03.51,  0d 00:30:27.05,1.2497,4.1315,C,07/25/2025 11:45:27 AM,0.0000,28.8087,28.4499,28.6620,0.0,0.0
5113,0,8,  0d 01:25:04.51,  0d 00:30:28.05,1.2497,4.1316,C,07/25/2025 11:45:28 AM,0.0000,28.8087,28.4499,28.6620,0.0,0.0
5114,0,8,  0d 01:25:05.51,  0d 00:30:29.05,1.2503,4.1316,C,07/25/2025 11:45:29 AM,0.0000,28.8087,28.4499,28.6620,0.0,0.0
5115,0,8,  0d 01:25:06.51,  0d 00:30:30.05,1.2497,4.1316,C,07/25/2025 11:45:30 AM,0.0000,28.8087,28.4499,28.6620,0.0,0.0
5116,0,8,  0d 01:25:07.51,  0d 00:30:31.05,1.2500,4.1318,C,07/25/2025 11:45:31 AM,0.0000,28.8087,28.4499,28.6620,0.0,0.0
5117,0,8,  0d 01:25:08.51,  0d 00:30:32.05,1.2497,4.1318,C,07/25/2025 11:45:32 AM,0.0000,28.8087,28.4499,28.6620,0.0,0.0
5118,0,8,  0d 01:25:09.51,  0d 00:30:33.05,1.2500,4.1318,C,07/25/2025 11:45:33 AM,0.0000,28.8087,28.4499,28.6620,0.0,0.0
5119,0,8,  0d 01:25:10.51,  0d 00:30:34.05,1.2497,4.1320,C,07/25/2025 11:45:34 AM,0.0000,28.8087,28.4499,28.6620,0.0,0.0
5120,0,8,  0d 01:25:11.51,  0d 00:30:35.05,1.2491,4.1320,C,07/25/2025 11:45:35 AM,0.0000,28.7932,28.4499,28.6620,0.0,0.0
5121,0,8,  0d 01:25:12.51,  0d 00:30:36.05,1.2500,4.1321,C,07/25/2025 11:45:36 AM,0.0000,28.7932,28.4344,28.6620,0.0,0.0
5122,0,8,  0d 01:25:13.51,  0d 00:30:37.05,1.2503,4.1321,C,07/25/2025 11:45:37 AM,0.0000,28.7932,28.4499,28.6620,0.0,0.0
5123,0,8,  0d 01:25:14.51,  0d 00:30:38.05,1.2500,4.1321,C,07/25/2025 11:45:39 AM,0.0000,28.7932,28.4499,28.6620,0.0,0.0
5124,0,8,  0d 01:25:15.51,  0d 00:30:39.05,1.2500,4.1321,C,07/25/2025 11:45:39 AM,0.0000,28.7932,28.4499,28.6620,0.0,0.0
5125,0,8,  0d 01:25:16.51,  0d 00:30:40.05,1.2494,4.1322,C,07/25/2025 11:45:40 AM,0.0000,28.8087,28.4499,28.6620,0.0,0.0
5126,0,8,  0d 01:25:17.51,  0d 00:30:41.05,1.2503,4.1323,C,07/25/2025 11:45:41 AM,0.0000,28.8087,28.4499,28.6620,0.0,0.0
5127,0,8,  0d 01:25:18.51,  0d 00:30:42.05,1.2503,4.1324,C,07/25/2025 11:45:42 AM,0.0000,28.8087,28.4499,28.6620,0.0,0.0
5128,0,8,  0d 01:25:19.51,  0d 00:30:43.05,1.2497,4.1325,C,07/25/2025 11:45:43 AM,0.0000,28.7932,28.4344,28.6620,0.0,0.0
5129,0,8,  0d 01:25:20.51,  0d 00:30:44.05,1.2491,4.1324,C,07/25/2025 11:45:44 AM,0.0000,28.7932,28.4344,28.6465,0.0,0.0
5130,0,8,  0d 01:25:21.51,  0d 00:30:45.05,1.2497,4.1325,C,07/25/2025 11:45:45 AM,0.0000,28.7932,28.4344,28.6465,0.0,0.0
5131,0,8,  0d 01:25:22.51,  0d 00:30:46.05,1.2497,4.1326,C,07/25/2025 11:45:46 AM,0.0000,28.7932,28.4344,28.6465,0.0,0.0
5132,0,8,  0d 01:25:23.51,  0d 00:30:47.05,1.2500,4.1326,C,07/25/2025 11:45:47 AM,0.0000,28.7932,28.4499,28.6620,0.0,0.0
5133,0,8,  0d 01:25:24.51,  0d 00:30:48.05,1.2497,4.1328,C,07/25/2025 11:45:49 AM,0.0000,28.7932,28.4499,28.6620,0.0,0.0
5134,0,8,  0d 01:25:25.51,  0d 00:30:49.05,1.2494,4.1328,C,07/25/2025 11:45:49 AM,0.0000,28.7932,28.4344,28.6620,0.0,0.0
5135,0,8,  0d 01:25:26.51,  0d 00:30:50.05,1.2497,4.1328,C,07/25/2025 11:45:50 AM,0.0000,28.7932,28.4344,28.6620,0.0,0.0
5136,0,8,  0d 01:25:27.51,  0d 00:30:51.05,1.2500,4.1328,C,07/25/2025 11:45:51 AM,0.0000,28.7932,28.4344,28.6465,0.0,0.0
5137,0,8,  0d 01:25:28.51,  0d 00:30:52.05,1.2494,4.1329,C,07/25/2025 11:45:52 AM,0.0000,28.7932,28.4344,28.6465,0.0,0.0
5138,0,8,  0d 01:25:29.51,  0d 00:30:53.05,1.2500,4.1330,C,07/25/2025 11:45:53 AM,0.0000,28.7932,28.4344,28.6465,0.0,0.0
5139,0,8,  0d 01:25:30.51,  0d 00:30:54.05,1.2503,4.1331,C,07/25/2025 11:45:54 AM,0.0000,28.7932,28.4344,28.6465,0.0,0.0
5140,0,8,  0d 01:25:31.51,  0d 00:30:55.05,1.2500,4.1331,C,07/25/2025 11:45:55 AM,0.0000,28.7932,28.4499,28.6465,0.0,0.0
5141,0,8,  0d 01:25:32.51,  0d 00:30:56.05,1.2503,4.1331,C,07/25/2025 11:45:56 AM,0.0000,28.7932,28.4499,28.6465,0.0,0.0
5142,0,8,  0d 01:25:33.51,  0d 00:30:57.05,1.2503,4.1332,C,07/25/2025 11:45:57 AM,0.0000,28.7932,28.4499,28.6465,0.0,0.0
5143,0,8,  0d 01:25:34.51,  0d 00:30:58.05,1.2503,4.1331,C,07/25/2025 11:45:58 AM,0.0000,28.7932,28.4499,28.6465,0.0,0.0
5144,0,8,  0d 01:25:35.51,  0d 00:30:59.05,1.2503,4.1332,C,07/25/2025 11:45:59 AM,0.0000,28.7932,28.4499,28.6465,0.0,0.0
5145,0,8,  0d 01:25:36.51,  0d 00:31:00.05,1.2503,4.1334,C,07/25/2025 11:46:00 AM,0.0000,28.7932,28.4499,28.6465,0.0,0.0
5146,0,8,  0d 01:25:37.51,  0d 00:31:01.05,1.2500,4.1334,C,07/25/2025 11:46:01 AM,0.0000,28.7932,28.4499,28.6465,0.0,0.0
5147,0,8,  0d 01:25:38.51,  0d 00:31:02.05,1.2500,4.1334,C,07/25/2025 11:46:02 AM,0.0000,28.7932,28.4499,28.6465,0.0,0.0
5148,0,8,  0d 01:25:39.51,  0d 00:31:03.05,1.2500,4.1335,C,07/25/2025 11:46:03 AM,0.0000,28.7932,28.4344,28.6465,0.0,0.0
5149,0,8,  0d 01:25:40.51,  0d 00:31:04.05,1.2500,4.1335,C,07/25/2025 11:46:04 AM,0.0000,28.7932,28.4344,28.6465,0.0,0.0
5150,0,8,  0d 01:25:41.51,  0d 00:31:05.05,1.2494,4.1334,C,07/25/2025 11:46:05 AM,0.0000,28.7932,28.4344,28.6465,0.0,0.0
5151,0,8,  0d 01:25:42.51,  0d 00:31:06.05,1.2497,4.1337,C,07/25/2025 11:46:06 AM,0.0000,28.7932,28.4344,28.6465,0.0,0.0
5152,0,8,  0d 01:25:43.51,  0d 00:31:07.05,1.2500,4.1338,C,07/25/2025 11:46:07 AM,0.0000,28.7932,28.4344,28.6465,0.0,0.0
5153,0,8,  0d 01:25:44.51,  0d 00:31:08.05,1.2500,4.1338,C,07/25/2025 11:46:08 AM,0.0000,28.7932,28.4344,28.6465,0.0,0.0
5154,0,8,  0d 01:25:45.51,  0d 00:31:09.05,1.2497,4.1337,C,07/25/2025 11:46:09 AM,0.0000,28.7932,28.4344,28.6465,0.0,0.0
5155,0,8,  0d 01:25:46.51,  0d 00:31:10.05,1.2500,4.1337,C,07/25/2025 11:46:10 AM,0.0000,28.7932,28.4344,28.6465,0.0,0.0
5156,0,8,  0d 01:25:47.51,  0d 00:31:11.05,1.2497,4.1337,C,07/25/2025 11:46:11 AM,0.0000,28.7932,28.4344,28.6465,0.0,0.0
5157,0,8,  0d 01:25:48.51,  0d 00:31:12.05,1.2497,4.1340,C,07/25/2025 11:46:12 AM,0.0000,28.7932,28.4344,28.6465,0.0,0.0
5158,0,8,  0d 01:25:49.51,  0d 00:31:13.05,1.2494,4.1340,C,07/25/2025 11:46:13 AM,0.0000,28.7932,28.4499,28.6620,0.0,0.0
5159,0,8,  0d 01:25:50.51,  0d 00:31:14.05,1.2494,4.1341,C,07/25/2025 11:46:14 AM,0.0000,28.8087,28.4499,28.6620,0.0,0.0
5160,0,8,  0d 01:25:51.51,  0d 00:31:15.05,1.2500,4.1340,C,07/25/2025 11:46:15 AM,0.0000,28.8087,28.4499,28.6620,0.0,0.0
5161,0,8,  0d 01:25:52.51,  0d 00:31:16.05,1.2500,4.1341,C,07/25/2025 11:46:16 AM,0.0000,28.8087,28.4344,28.6620,0.0,0.0
5162,0,8,  0d 01:25:53.51,  0d 00:31:17.05,1.2497,4.1341,C,07/25/2025 11:46:17 AM,0.0000,28.7932,28.4344,28.6620,0.0,0.0
5163,0,8,  0d 01:25:54.51,  0d 00:31:18.05,1.2497,4.1341,C,07/25/2025 11:46:18 AM,0.0000,28.7932,28.4344,28.6465,0.0,0.0
5164,0,8,  0d 01:25:55.51,  0d 00:31:19.05,1.2500,4.1343,C,07/25/2025 11:46:19 AM,0.0000,28.7932,28.4344,28.6620,0.0,0.0
5165,0,8,  0d 01:25:56.51,  0d 00:31:20.05,1.2497,4.1344,C,07/25/2025 11:46:20 AM,0.0000,28.7932,28.4499,28.6620,0.0,0.0
5166,0,8,  0d 01:25:57.51,  0d 00:31:21.05,1.2500,4.1344,C,07/25/2025 11:46:21 AM,0.0000,28.7932,28.4499,28.6620,0.0,0.0
5167,0,8,  0d 01:25:58.51,  0d 00:31:22.05,1.2494,4.1345,C,07/25/2025 11:46:22 AM,0.0000,28.7932,28.4499,28.6620,0.0,0.0
5168,0,8,  0d 01:25:59.51,  0d 00:31:23.05,1.2503,4.1344,C,07/25/2025 11:46:23 AM,0.0000,28.7932,28.4344,28.6465,0.0,0.0
5169,0,8,  0d 01:26:00.51,  0d 00:31:24.05,1.2500,4.1345,C,07/25/2025 11:46:24 AM,0.0000,28.7932,28.4344,28.6465,0.0,0.0
5170,0,8,  0d 01:26:01.51,  0d 00:31:25.05,1.2494,4.1345,C,07/25/2025 11:46:25 AM,0.0000,28.7932,28.4344,28.6465,0.0,0.0
5171,0,8,  0d 01:26:02.51,  0d 00:31:26.05,1.2497,4.1346,C,07/25/2025 11:46:26 AM,0.0000,28.7932,28.4344,28.6465,0.0,0.0
5172,0,8,  0d 01:26:03.51,  0d 00:31:27.05,1.2500,4.1347,C,07/25/2025 11:46:27 AM,0.0000,28.7932,28.4344,28.6465,0.0,0.0
5173,0,8,  0d 01:26:04.51,  0d 00:31:28.05,1.2500,4.1348,C,07/25/2025 11:46:28 AM,0.0000,28.7932,28.4344,28.6465,0.0,0.0
5174,0,8,  0d 01:26:05.51,  0d 00:31:29.05,1.2494,4.1348,C,07/25/2025 11:46:29 AM,0.0000,28.7932,28.4344,28.6465,0.0,0.0
5175,0,8,  0d 01:26:06.51,  0d 00:31:30.05,1.2494,4.1348,C,07/25/2025 11:46:30 AM,0.0000,28.8087,28.4344,28.6465,0.0,0.0
5176,0,8,  0d 01:26:07.51,  0d 00:31:31.05,1.2497,4.1349,C,07/25/2025 11:46:31 AM,0.0000,28.8087,28.4344,28.6465,0.0,0.0
5177,0,8,  0d 01:26:08.51,  0d 00:31:32.05,1.2503,4.1350,C,07/25/2025 11:46:32 AM,0.0000,28.8087,28.4499,28.6465,0.0,0.0
5178,0,8,  0d 01:26:09.51,  0d 00:31:33.05,1.2497,4.1350,C,07/25/2025 11:46:33 AM,0.0000,28.7932,28.4344,28.6465,0.0,0.0
5179,0,8,  0d 01:26:10.51,  0d 00:31:34.05,1.2503,4.1351,C,07/25/2025 11:46:34 AM,0.0000,28.7932,28.4344,28.6465,0.0,0.0
5180,0,8,  0d 01:26:11.51,  0d 00:31:35.05,1.2500,4.1352,C,07/25/2025 11:46:35 AM,0.0000,28.7932,28.4344,28.6465,0.0,0.0
5181,0,8,  0d 01:26:12.51,  0d 00:31:36.05,1.2500,4.1351,C,07/25/2025 11:46:36 AM,0.0000,28.7932,28.4344,28.6465,0.0,0.0
5182,0,8,  0d 01:26:13.51,  0d 00:31:37.05,1.2500,4.1352,C,07/25/2025 11:46:37 AM,0.0000,28.7777,28.4344,28.6465,0.0,0.0
5183,0,8,  0d 01:26:14.51,  0d 00:31:38.05,1.2506,4.1353,C,07/25/2025 11:46:38 AM,0.0000,28.7777,28.4344,28.6465,0.0,0.0
5184,0,8,  0d 01:26:15.51,  0d 00:31:39.05,1.2494,4.1353,C,07/25/2025 11:46:39 AM,0.0000,28.7777,28.4344,28.6465,0.0,0.0
5185,0,8,  0d 01:26:16.51,  0d 00:31:40.05,1.2497,4.1353,C,07/25/2025 11:46:40 AM,0.0000,28.7932,28.4344,28.6465,0.0,0.0
5186,0,8,  0d 01:26:17.51,  0d 00:31:41.05,1.2497,4.1353,C,07/25/2025 11:46:41 AM,0.0000,28.7932,28.4344,28.6465,0.0,0.0
5187,0,8,  0d 01:26:18.51,  0d 00:31:42.05,1.2500,4.1354,C,07/25/2025 11:46:42 AM,0.0000,28.7932,28.4344,28.6465,0.0,0.0
5188,0,8,  0d 01:26:19.51,  0d 00:31:43.05,1.2497,4.1353,C,07/25/2025 11:46:43 AM,0.0000,28.7932,28.4344,28.6465,0.0,0.0
5189,0,8,  0d 01:26:20.51,  0d 00:31:44.05,1.2497,4.1355,C,07/25/2025 11:46:44 AM,0.0000,28.7932,28.4344,28.6620,0.0,0.0
5190,0,8,  0d 01:26:21.51,  0d 00:31:45.05,1.2497,4.1357,C,07/25/2025 11:46:45 AM,0.0000,28.7932,28.4344,28.6465,0.0,0.0
5191,0,8,  0d 01:26:22.51,  0d 00:31:46.05,1.2497,4.1357,C,07/25/2025 11:46:46 AM,0.0000,28.7932,28.4344,28.6465,0.0,0.0
5192,0,8,  0d 01:26:23.51,  0d 00:31:47.05,1.2497,4.1357,C,07/25/2025 11:46:47 AM,0.0000,28.7932,28.4344,28.6465,0.0,0.0
5193,0,8,  0d 01:26:24.51,  0d 00:31:48.05,1.2500,4.1358,C,07/25/2025 11:46:48 AM,0.0000,28.8087,28.4344,28.6465,0.0,0.0
5194,0,8,  0d 01:26:25.51,  0d 00:31:49.05,1.2503,4.1359,C,07/25/2025 11:46:50 AM,0.0000,28.8087,28.4499,28.6620,0.0,0.0
5195,0,8,  0d 01:26:26.51,  0d 00:31:50.05,1.2497,4.1360,C,07/25/2025 11:46:50 AM,0.0000,28.8087,28.4499,28.6465,0.0,0.0
5196,0,8,  0d 01:26:27.51,  0d 00:31:51.05,1.2497,4.1360,C,07/25/2025 11:46:51 AM,0.0000,28.7932,28.4499,28.6465,0.0,0.0
5197,0,8,  0d 01:26:28.51,  0d 00:31:52.05,1.2497,4.1360,C,07/25/2025 11:46:52 AM,0.0000,28.7932,28.4344,28.6465,0.0,0.0
5198,0,8,  0d 01:26:29.51,  0d 00:31:53.05,1.2500,4.1361,C,07/25/2025 11:46:53 AM,0.0000,28.7932,28.4344,28.6465,0.0,0.0
5199,0,8,  0d 01:26:30.51,  0d 00:31:54.05,1.2497,4.1362,C,07/25/2025 11:46:54 AM,0.0000,28.7932,28.4499,28.6620,0.0,0.0
5200,0,8,  0d 01:26:31.51,  0d 00:31:55.05,1.2500,4.1362,C,07/25/2025 11:46:55 AM,0.0000,28.7932,28.4499,28.6620,0.0,0.0
5201,0,8,  0d 01:26:32.51,  0d 00:31:56.05,1.2500,4.1364,C,07/25/2025 11:46:56 AM,0.0000,28.7932,28.4499,28.6620,0.0,0.0
5202,0,8,  0d 01:26:33.51,  0d 00:31:57.05,1.2500,4.1363,C,07/25/2025 11:46:57 AM,0.0000,28.7932,28.4499,28.6620,0.0,0.0
5203,0,8,  0d 01:26:34.51,  0d 00:31:58.05,1.2500,4.1363,C,07/25/2025 11:46:58 AM,0.0000,28.8087,28.4499,28.6620,0.0,0.0
5204,0,8,  0d 01:26:35.51,  0d 00:31:59.05,1.2503,4.1365,C,07/25/2025 11:47:00 AM,0.0000,28.7932,28.4499,28.6620,0.0,0.0
5205,0,8,  0d 01:26:36.51,  0d 00:32:00.05,1.2500,4.1364,C,07/25/2025 11:47:00 AM,0.0000,28.8087,28.4499,28.6620,0.0,0.0
5206,0,8,  0d 01:26:37.51,  0d 00:32:01.05,1.2503,4.1364,C,07/25/2025 11:47:01 AM,0.0000,28.8087,28.4344,28.6620,0.0,0.0
5207,0,8,  0d 01:26:38.51,  0d 00:32:02.05,1.2500,4.1366,C,07/25/2025 11:47:02 AM,0.0000,28.8087,28.4344,28.6620,0.0,0.0
5208,0,8,  0d 01:26:39.51,  0d 00:32:03.05,1.2500,4.1367,C,07/25/2025 11:47:03 AM,0.0000,28.7932,28.4344,28.6620,0.0,0.0
5209,0,8,  0d 01:26:40.51,  0d 00:32:04.05,1.2497,4.1367,C,07/25/2025 11:47:04 AM,0.0000,28.7932,28.4499,28.6620,0.0,0.0
5210,0,8,  0d 01:26:41.51,  0d 00:32:05.05,1.2497,4.1366,C,07/25/2025 11:47:05 AM,0.0000,28.7932,28.4499,28.6620,0.0,0.0
5211,0,8,  0d 01:26:42.51,  0d 00:32:06.05,1.2494,4.1369,C,07/25/2025 11:47:06 AM,0.0000,28.7932,28.4499,28.6620,0.0,0.0
5212,0,8,  0d 01:26:43.51,  0d 00:32:07.05,1.2497,4.1368,C,07/25/2025 11:47:07 AM,0.0000,28.7932,28.4499,28.6620,0.0,0.0
5213,0,8,  0d 01:26:44.51,  0d 00:32:08.05,1.2503,4.1369,C,07/25/2025 11:47:08 AM,0.0000,28.8087,28.4499,28.6620,0.0,0.0
5214,0,8,  0d 01:26:45.51,  0d 00:32:09.05,1.2503,4.1369,C,07/25/2025 11:47:09 AM,0.0000,28.8087,28.4499,28.6620,0.0,0.0
5215,0,8,  0d 01:26:46.51,  0d 00:32:10.05,1.2500,4.1369,C,07/25/2025 11:47:10 AM,0.0000,28.8087,28.4499,28.6620,0.0,0.0
5216,0,8,  0d 01:26:47.51,  0d 00:32:11.05,1.2500,4.1371,C,07/25/2025 11:47:11 AM,0.0000,28.8087,28.4499,28.6620,0.0,0.0
5217,0,8,  0d 01:26:48.51,  0d 00:32:12.05,1.2497,4.1370,C,07/25/2025 11:47:12 AM,0.0000,28.8087,28.4499,28.6620,0.0,0.0
5218,0,8,  0d 01:26:49.51,  0d 00:32:13.05,1.2497,4.1373,C,07/25/2025 11:47:13 AM,0.0000,28.8087,28.4499,28.6620,0.0,0.0
5219,0,8,  0d 01:26:50.51,  0d 00:32:14.05,1.2503,4.1373,C,07/25/2025 11:47:14 AM,0.0000,28.8087,28.4499,28.6620,0.0,0.0
5220,0,8,  0d 01:26:51.51,  0d 00:32:15.05,1.2494,4.1372,C,07/25/2025 11:47:15 AM,0.0000,28.8087,28.4499,28.6620,0.0,0.0
5221,0,8,  0d 01:26:52.51,  0d 00:32:16.05,1.2494,4.1373,C,07/25/2025 11:47:16 AM,0.0000,28.8087,28.4499,28.6620,0.0,0.0
5222,0,8,  0d 01:26:53.51,  0d 00:32:17.05,1.2497,4.1374,C,07/25/2025 11:47:17 AM,0.0000,28.8087,28.4499,28.6620,0.0,0.0
5223,0,8,  0d 01:26:54.51,  0d 00:32:18.05,1.2500,4.1376,C,07/25/2025 11:47:18 AM,0.0000,28.8087,28.4499,28.6620,0.0,0.0
5224,0,8,  0d 01:26:55.51,  0d 00:32:19.05,1.2497,4.1375,C,07/25/2025 11:47:19 AM,0.0000,28.7932,28.4499,28.6620,0.0,0.0
5225,0,8,  0d 01:26:56.51,  0d 00:32:20.05,1.2500,4.1376,C,07/25/2025 11:47:20 AM,0.0000,28.7932,28.4499,28.6620,0.0,0.0
5226,0,8,  0d 01:26:57.51,  0d 00:32:21.05,1.2491,4.1377,C,07/25/2025 11:47:21 AM,0.0000,28.7932,28.4499,28.6620,0.0,0.0
5227,0,8,  0d 01:26:58.51,  0d 00:32:22.05,1.2500,4.1377,C,07/25/2025 11:47:22 AM,0.0000,28.7932,28.4499,28.6620,0.0,0.0
5228,0,8,  0d 01:26:59.51,  0d 00:32:23.05,1.2503,4.1377,C,07/25/2025 11:47:23 AM,0.0000,28.7932,28.4499,28.6620,0.0,0.0
5229,0,8,  0d 01:27:00.51,  0d 00:32:24.05,1.2497,4.1377,C,07/25/2025 11:47:24 AM,0.0000,28.8087,28.4499,28.6620,0.0,0.0
5230,0,8,  0d 01:27:01.51,  0d 00:32:25.05,1.2497,4.1378,C,07/25/2025 11:47:25 AM,0.0000,28.8087,28.4499,28.6620,0.0,0.0
5231,0,8,  0d 01:27:02.51,  0d 00:32:26.05,1.2497,4.1379,C,07/25/2025 11:47:26 AM,0.0000,28.8087,28.4499,28.6620,0.0,0.0
5232,0,8,  0d 01:27:03.51,  0d 00:32:27.05,1.2500,4.1379,C,07/25/2025 11:47:27 AM,0.0000,28.8087,28.4499,28.6620,0.0,0.0
5233,0,8,  0d 01:27:04.51,  0d 00:32:28.05,1.2497,4.1379,C,07/25/2025 11:47:28 AM,0.0000,28.8087,28.4499,28.6620,0.0,0.0
5234,0,8,  0d 01:27:05.51,  0d 00:32:29.05,1.2497,4.1379,C,07/25/2025 11:47:29 AM,0.0000,28.8087,28.4499,28.6620,0.0,0.0
5235,0,8,  0d 01:27:06.51,  0d 00:32:30.05,1.2500,4.1381,C,07/25/2025 11:47:30 AM,0.0000,28.8087,28.4499,28.6620,0.0,0.0
5236,0,8,  0d 01:27:07.51,  0d 00:32:31.05,1.2500,4.1382,C,07/25/2025 11:47:31 AM,0.0000,28.8087,28.4499,28.6620,0.0,0.0
5237,0,8,  0d 01:27:08.51,  0d 00:32:32.05,1.2503,4.1382,C,07/25/2025 11:47:32 AM,0.0000,28.8087,28.4499,28.6620,0.0,0.0
5238,0,8,  0d 01:27:09.51,  0d 00:32:33.05,1.2503,4.1382,C,07/25/2025 11:47:33 AM,0.0000,28.8087,28.4499,28.6620,0.0,0.0
5239,0,8,  0d 01:27:10.51,  0d 00:32:34.05,1.2500,4.1383,C,07/25/2025 11:47:34 AM,0.0000,28.8087,28.4499,28.6620,0.0,0.0
5240,0,8,  0d 01:27:11.51,  0d 00:32:35.05,1.2497,4.1384,C,07/25/2025 11:47:35 AM,0.0000,28.8087,28.4499,28.6620,0.0,0.0
5241,0,8,  0d 01:27:12.51,  0d 00:32:36.05,1.2500,4.1385,C,07/25/2025 11:47:36 AM,0.0000,28.8087,28.4499,28.6620,0.0,0.0
5242,0,8,  0d 01:27:13.51,  0d 00:32:37.05,1.2503,4.1385,C,07/25/2025 11:47:37 AM,0.0000,28.8087,28.4499,28.6620,0.0,0.0
5243,0,8,  0d 01:27:14.51,  0d 00:32:38.05,1.2494,4.1385,C,07/25/2025 11:47:38 AM,0.0000,28.8087,28.4499,28.6620,0.0,0.0
5244,0,8,  0d 01:27:15.51,  0d 00:32:39.05,1.2497,4.1386,C,07/25/2025 11:47:39 AM,0.0000,28.8087,28.4499,28.6620,0.0,0.0
5245,0,8,  0d 01:27:16.51,  0d 00:32:40.05,1.2497,4.1388,C,07/25/2025 11:47:40 AM,0.0000,28.8087,28.4499,28.6620,0.0,0.0
5246,0,8,  0d 01:27:17.51,  0d 00:32:41.05,1.2503,4.1387,C,07/25/2025 11:47:41 AM,0.0000,28.7932,28.4499,28.6620,0.0,0.0
5247,0,8,  0d 01:27:18.51,  0d 00:32:42.05,1.2494,4.1389,C,07/25/2025 11:47:42 AM,0.0000,28.7932,28.4499,28.6620,0.0,0.0
5248,0,8,  0d 01:27:19.51,  0d 00:32:43.05,1.2497,4.1388,C,07/25/2025 11:47:43 AM,0.0000,28.7932,28.4499,28.6620,0.0,0.0
5249,0,8,  0d 01:27:20.51,  0d 00:32:44.05,1.2500,4.1389,C,07/25/2025 11:47:44 AM,0.0000,28.7932,28.4499,28.6620,0.0,0.0
5250,0,8,  0d 01:27:21.51,  0d 00:32:45.05,1.2494,4.1390,C,07/25/2025 11:47:45 AM,0.0000,28.7932,28.4499,28.6620,0.0,0.0
5251,0,8,  0d 01:27:22.51,  0d 00:32:46.05,1.2497,4.1391,C,07/25/2025 11:47:46 AM,0.0000,28.7932,28.4499,28.6620,0.0,0.0
5252,0,8,  0d 01:27:23.51,  0d 00:32:47.05,1.2500,4.1391,C,07/25/2025 11:47:47 AM,0.0000,28.7932,28.4344,28.6620,0.0,0.0
5253,0,8,  0d 01:27:24.51,  0d 00:32:48.05,1.2497,4.1392,C,07/25/2025 11:47:48 AM,0.0000,28.7932,28.4499,28.6620,0.0,0.0
5254,0,8,  0d 01:27:25.51,  0d 00:32:49.05,1.2497,4.1392,C,07/25/2025 11:47:49 AM,0.0000,28.7932,28.4499,28.6620,0.0,0.0
5255,0,8,  0d 01:27:26.51,  0d 00:32:50.05,1.2500,4.1393,C,07/25/2025 11:47:50 AM,0.0000,28.7932,28.4499,28.6620,0.0,0.0
5256,0,8,  0d 01:27:27.51,  0d 00:32:51.05,1.2497,4.1395,C,07/25/2025 11:47:51 AM,0.0000,28.7932,28.4499,28.6620,0.0,0.0
5257,0,8,  0d 01:27:28.51,  0d 00:32:52.05,1.2497,4.1395,C,07/25/2025 11:47:52 AM,0.0000,28.7932,28.4344,28.6620,0.0,0.0
5258,0,8,  0d 01:27:29.51,  0d 00:32:53.05,1.2494,4.1395,C,07/25/2025 11:47:53 AM,0.0000,28.7932,28.4344,28.6620,0.0,0.0
5259,0,8,  0d 01:27:30.51,  0d 00:32:54.05,1.2497,4.1395,C,07/25/2025 11:47:54 AM,0.0000,28.7932,28.4344,28.6620,0.0,0.0
5260,0,8,  0d 01:27:31.51,  0d 00:32:55.05,1.2500,4.1395,C,07/25/2025 11:47:55 AM,0.0000,28.7932,28.4499,28.6620,0.0,0.0
5261,0,8,  0d 01:27:32.51,  0d 00:32:56.05,1.2500,4.1396,C,07/25/2025 11:47:56 AM,0.0000,28.7932,28.4344,28.6620,0.0,0.0
5262,0,8,  0d 01:27:33.51,  0d 00:32:57.05,1.2497,4.1397,C,07/25/2025 11:47:57 AM,0.0000,28.7932,28.4344,28.6620,0.0,0.0
5263,0,8,  0d 01:27:34.51,  0d 00:32:58.05,1.2497,4.1397,C,07/25/2025 11:47:58 AM,0.0000,28.7932,28.4344,28.6465,0.0,0.0
5264,0,8,  0d 01:27:35.51,  0d 00:32:59.05,1.2488,4.1397,C,07/25/2025 11:47:59 AM,0.0000,28.7932,28.4344,28.6465,0.0,0.0
5265,0,8,  0d 01:27:36.51,  0d 00:33:00.05,1.2500,4.1399,C,07/25/2025 11:48:01 AM,0.0000,28.7932,28.4344,28.6465,0.0,0.0
5266,0,8,  0d 01:27:37.51,  0d 00:33:01.05,1.2506,4.1400,C,07/25/2025 11:48:01 AM,0.0000,28.7777,28.4344,28.6465,0.0,0.0
5267,0,8,  0d 01:27:38.51,  0d 00:33:02.05,1.2497,4.1400,C,07/25/2025 11:48:02 AM,0.0000,28.7777,28.4344,28.6465,0.0,0.0
5268,0,8,  0d 01:27:39.51,  0d 00:33:03.05,1.2500,4.1402,C,07/25/2025 11:48:03 AM,0.0000,28.7777,28.4344,28.6465,0.0,0.0
5269,0,8,  0d 01:27:40.51,  0d 00:33:04.05,1.2503,4.1402,C,07/25/2025 11:48:04 AM,0.0000,28.7777,28.4344,28.6465,0.0,0.0
5270,0,8,  0d 01:27:41.51,  0d 00:33:05.05,1.2500,4.1402,C,07/25/2025 11:48:05 AM,0.0000,28.7777,28.4344,28.6465,0.0,0.0
5271,0,8,  0d 01:27:42.51,  0d 00:33:06.05,1.2497,4.1403,C,07/25/2025 11:48:06 AM,0.0000,28.7777,28.4344,28.6465,0.0,0.0
5272,0,8,  0d 01:27:43.51,  0d 00:33:07.05,1.2497,4.1402,C,07/25/2025 11:48:07 AM,0.0000,28.7777,28.4344,28.6465,0.0,0.0
5273,0,8,  0d 01:27:44.51,  0d 00:33:08.05,1.2494,4.1404,C,07/25/2025 11:48:08 AM,0.0000,28.7777,28.4344,28.6465,0.0,0.0
5274,0,8,  0d 01:27:45.51,  0d 00:33:09.05,1.2500,4.1405,C,07/25/2025 11:48:09 AM,0.0000,28.7777,28.4344,28.6465,0.0,0.0
5275,0,8,  0d 01:27:46.51,  0d 00:33:10.05,1.2497,4.1405,C,07/25/2025 11:48:11 AM,0.0000,28.7777,28.4344,28.6465,0.0,0.0
5276,0,8,  0d 01:27:47.51,  0d 00:33:11.05,1.2500,4.1405,C,07/25/2025 11:48:11 AM,0.0000,28.7777,28.4344,28.6465,0.0,0.0
5277,0,8,  0d 01:27:48.51,  0d 00:33:12.05,1.2500,4.1405,C,07/25/2025 11:48:12 AM,0.0000,28.7777,28.4344,28.6465,0.0,0.0
5278,0,8,  0d 01:27:49.51,  0d 00:33:13.05,1.2500,4.1407,C,07/25/2025 11:48:13 AM,0.0000,28.7777,28.4344,28.6310,0.0,0.0
5279,0,8,  0d 01:27:50.51,  0d 00:33:14.05,1.2494,4.1407,C,07/25/2025 11:48:14 AM,0.0000,28.7777,28.4344,28.6465,0.0,0.0
5280,0,8,  0d 01:27:51.51,  0d 00:33:15.05,1.2497,4.1408,C,07/25/2025 11:48:15 AM,0.0000,28.7777,28.4344,28.6465,0.0,0.0
5281,0,8,  0d 01:27:52.51,  0d 00:33:16.05,1.2500,4.1408,C,07/25/2025 11:48:16 AM,0.0000,28.7777,28.4344,28.6465,0.0,0.0
5282,0,8,  0d 01:27:53.51,  0d 00:33:17.05,1.2500,4.1408,C,07/25/2025 11:48:17 AM,0.0000,28.7932,28.4344,28.6465,0.0,0.0
5283,0,8,  0d 01:27:54.51,  0d 00:33:18.05,1.2500,4.1408,C,07/25/2025 11:48:18 AM,0.0000,28.7932,28.4344,28.6465,0.0,0.0
5284,0,8,  0d 01:27:55.51,  0d 00:33:19.05,1.2500,4.1411,C,07/25/2025 11:48:19 AM,0.0000,28.7932,28.4344,28.6465,0.0,0.0
5285,0,8,  0d 01:27:56.51,  0d 00:33:20.05,1.2497,4.1411,C,07/25/2025 11:48:20 AM,0.0000,28.7932,28.4344,28.6465,0.0,0.0
5286,0,8,  0d 01:27:57.51,  0d 00:33:21.05,1.2497,4.1411,C,07/25/2025 11:48:21 AM,0.0000,28.7932,28.4344,28.6465,0.0,0.0
5287,0,8,  0d 01:27:58.51,  0d 00:33:22.05,1.2506,4.1411,C,07/25/2025 11:48:22 AM,0.0000,28.7777,28.4344,28.6310,0.0,0.0
5288,0,8,  0d 01:27:59.51,  0d 00:33:23.05,1.2503,4.1412,C,07/25/2025 11:48:23 AM,0.0000,28.7777,28.4344,28.6465,0.0,0.0
5289,0,8,  0d 01:28:00.51,  0d 00:33:24.05,1.2503,4.1411,C,07/25/2025 11:48:24 AM,0.0000,28.7777,28.4344,28.6465,0.0,0.0
5290,0,8,  0d 01:28:01.51,  0d 00:33:25.05,1.2497,4.1413,C,07/25/2025 11:48:25 AM,0.0000,28.7777,28.4344,28.6465,0.0,0.0
5291,0,8,  0d 01:28:02.51,  0d 00:33:26.05,1.2503,4.1414,C,07/25/2025 11:48:26 AM,0.0000,28.7777,28.4344,28.6465,0.0,0.0
5292,0,8,  0d 01:28:03.51,  0d 00:33:27.05,1.2494,4.1415,C,07/25/2025 11:48:27 AM,0.0000,28.7777,28.4344,28.6465,0.0,0.0
5293,0,8,  0d 01:28:04.51,  0d 00:33:28.05,1.2494,4.1415,C,07/25/2025 11:48:28 AM,0.0000,28.7777,28.4344,28.6465,0.0,0.0
5294,0,8,  0d 01:28:05.51,  0d 00:33:29.05,1.2503,4.1415,C,07/25/2025 11:48:29 AM,0.0000,28.7777,28.4344,28.6465,0.0,0.0
5295,0,8,  0d 01:28:06.51,  0d 00:33:30.05,1.2497,4.1417,C,07/25/2025 11:48:30 AM,0.0000,28.7777,28.4344,28.6465,0.0,0.0
5296,0,8,  0d 01:28:07.51,  0d 00:33:31.05,1.2503,4.1417,C,07/25/2025 11:48:31 AM,0.0000,28.7777,28.4344,28.6465,0.0,0.0
5297,0,8,  0d 01:28:08.51,  0d 00:33:32.05,1.2503,4.1418,C,07/25/2025 11:48:32 AM,0.0000,28.7777,28.4344,28.6465,0.0,0.0
5298,0,8,  0d 01:28:09.51,  0d 00:33:33.05,1.2497,4.1418,C,07/25/2025 11:48:33 AM,0.0000,28.7777,28.4344,28.6465,0.0,0.0
5299,0,8,  0d 01:28:10.51,  0d 00:33:34.05,1.2500,4.1419,C,07/25/2025 11:48:34 AM,0.0000,28.7932,28.4344,28.6465,0.0,0.0
5300,0,8,  0d 01:28:11.51,  0d 00:33:35.05,1.2500,4.1419,C,07/25/2025 11:48:35 AM,0.0000,28.7932,28.4344,28.6465,0.0,0.0
5301,0,8,  0d 01:28:12.51,  0d 00:33:36.05,1.2500,4.1420,C,07/25/2025 11:48:36 AM,0.0000,28.7932,28.4344,28.6465,0.0,0.0
5302,0,8,  0d 01:28:13.51,  0d 00:33:37.05,1.2503,4.1421,C,07/25/2025 11:48:37 AM,0.0000,28.7932,28.4344,28.6465,0.0,0.0
5303,0,8,  0d 01:28:14.51,  0d 00:33:38.05,1.2497,4.1421,C,07/25/2025 11:48:38 AM,0.0000,28.7932,28.4344,28.6465,0.0,0.0
5304,0,8,  0d 01:28:15.51,  0d 00:33:39.05,1.2494,4.1422,C,07/25/2025 11:48:39 AM,0.0000,28.7932,28.4344,28.6465,0.0,0.0
5305,0,8,  0d 01:28:16.51,  0d 00:33:40.05,1.2494,4.1421,C,07/25/2025 11:48:40 AM,0.0000,28.7932,28.4344,28.6465,0.0,0.0
5306,0,8,  0d 01:28:17.51,  0d 00:33:41.05,1.2497,4.1421,C,07/25/2025 11:48:41 AM,0.0000,28.7932,28.4344,28.6465,0.0,0.0
5307,0,8,  0d 01:28:18.51,  0d 00:33:42.05,1.2503,4.1424,C,07/25/2025 11:48:42 AM,0.0000,28.7932,28.4344,28.6465,0.0,0.0
5308,0,8,  0d 01:28:19.51,  0d 00:33:43.05,1.2497,4.1424,C,07/25/2025 11:48:43 AM,0.0000,28.7932,28.4344,28.6465,0.0,0.0
5309,0,8,  0d 01:28:20.51,  0d 00:33:44.05,1.2500,4.1426,C,07/25/2025 11:48:44 AM,0.0000,28.7932,28.4344,28.6465,0.0,0.0
5310,0,8,  0d 01:28:21.51,  0d 00:33:45.05,1.2497,4.1426,C,07/25/2025 11:48:45 AM,0.0000,28.7932,28.4344,28.6465,0.0,0.0
5311,0,8,  0d 01:28:22.51,  0d 00:33:46.05,1.2497,4.1427,C,07/25/2025 11:48:46 AM,0.0000,28.7932,28.4344,28.6465,0.0,0.0
5312,0,8,  0d 01:28:23.51,  0d 00:33:47.05,1.2494,4.1427,C,07/25/2025 11:48:47 AM,0.0000,28.7932,28.4344,28.6465,0.0,0.0
5313,0,8,  0d 01:28:24.51,  0d 00:33:48.05,1.2500,4.1428,C,07/25/2025 11:48:48 AM,0.0000,28.7932,28.4344,28.6465,0.0,0.0
5314,0,8,  0d 01:28:25.51,  0d 00:33:49.05,1.2503,4.1429,C,07/25/2025 11:48:49 AM,0.0000,28.7932,28.4344,28.6465,0.0,0.0
5315,0,8,  0d 01:28:26.51,  0d 00:33:50.05,1.2497,4.1430,C,07/25/2025 11:48:50 AM,0.0000,28.7932,28.4344,28.6465,0.0,0.0
5316,0,8,  0d 01:28:27.51,  0d 00:33:51.05,1.2497,4.1431,C,07/25/2025 11:48:51 AM,0.0000,28.7932,28.4344,28.6465,0.0,0.0
5317,0,8,  0d 01:28:28.51,  0d 00:33:52.05,1.2500,4.1431,C,07/25/2025 11:48:52 AM,0.0000,28.7932,28.4344,28.6465,0.0,0.0
5318,0,8,  0d 01:28:29.51,  0d 00:33:53.05,1.2500,4.1431,C,07/25/2025 11:48:53 AM,0.0000,28.7932,28.4344,28.6465,0.0,0.0
5319,0,8,  0d 01:28:30.51,  0d 00:33:54.05,1.2494,4.1431,C,07/25/2025 11:48:54 AM,0.0000,28.7932,28.4499,28.6465,0.0,0.0
5320,0,8,  0d 01:28:31.51,  0d 00:33:55.05,1.2497,4.1432,C,07/25/2025 11:48:55 AM,0.0000,28.7932,28.4499,28.6465,0.0,0.0
5321,0,8,  0d 01:28:32.51,  0d 00:33:56.05,1.2503,4.1432,C,07/25/2025 11:48:56 AM,0.0000,28.7932,28.4499,28.6465,0.0,0.0
5322,0,8,  0d 01:28:33.51,  0d 00:33:57.05,1.2500,4.1434,C,07/25/2025 11:48:57 AM,0.0000,28.7932,28.4344,28.6465,0.0,0.0
5323,0,8,  0d 01:28:34.51,  0d 00:33:58.05,1.2500,4.1434,C,07/25/2025 11:48:58 AM,0.0000,28.7932,28.4344,28.6465,0.0,0.0
5324,0,8,  0d 01:28:35.51,  0d 00:33:59.05,1.2500,4.1434,C,07/25/2025 11:48:59 AM,0.0000,28.7932,28.4344,28.6465,0.0,0.0
5325,0,8,  0d 01:28:36.51,  0d 00:34:00.05,1.2503,4.1436,C,07/25/2025 11:49:00 AM,0.0000,28.7932,28.4344,28.6465,0.0,0.0
5326,0,8,  0d 01:28:37.51,  0d 00:34:01.05,1.2497,4.1436,C,07/25/2025 11:49:01 AM,0.0000,28.7932,28.4344,28.6465,0.0,0.0
5327,0,8,  0d 01:28:38.51,  0d 00:34:02.05,1.2500,4.1436,C,07/25/2025 11:49:02 AM,0.0000,28.7932,28.4344,28.6465,0.0,0.0
5328,0,8,  0d 01:28:39.51,  0d 00:34:03.05,1.2500,4.1437,C,07/25/2025 11:49:03 AM,0.0000,28.7932,28.4344,28.6465,0.0,0.0
5329,0,8,  0d 01:28:40.51,  0d 00:34:04.05,1.2500,4.1438,C,07/25/2025 11:49:04 AM,0.0000,28.7932,28.4344,28.6465,0.0,0.0
5330,0,8,  0d 01:28:41.51,  0d 00:34:05.05,1.2500,4.1437,C,07/25/2025 11:49:05 AM,0.0000,28.7932,28.4344,28.6465,0.0,0.0
5331,0,8,  0d 01:28:42.51,  0d 00:34:06.05,1.2500,4.1440,C,07/25/2025 11:49:06 AM,0.0000,28.7932,28.4344,28.6620,0.0,0.0
5332,0,8,  0d 01:28:43.51,  0d 00:34:07.05,1.2494,4.1439,C,07/25/2025 11:49:07 AM,0.0000,28.7932,28.4499,28.6620,0.0,0.0
5333,0,8,  0d 01:28:44.51,  0d 00:34:08.05,1.2500,4.1440,C,07/25/2025 11:49:08 AM,0.0000,28.7932,28.4499,28.6465,0.0,0.0
5334,0,8,  0d 01:28:45.51,  0d 00:34:09.05,1.2494,4.1441,C,07/25/2025 11:49:09 AM,0.0000,28.8087,28.4499,28.6465,0.0,0.0
5335,0,8,  0d 01:28:46.51,  0d 00:34:10.05,1.2497,4.1441,C,07/25/2025 11:49:10 AM,0.0000,28.8087,28.4499,28.6465,0.0,0.0
5336,0,8,  0d 01:28:47.51,  0d 00:34:11.05,1.2503,4.1442,C,07/25/2025 11:49:12 AM,0.0000,28.8087,28.4344,28.6465,0.0,0.0
5337,0,8,  0d 01:28:48.51,  0d 00:34:12.05,1.2503,4.1444,C,07/25/2025 11:49:12 AM,0.0000,28.7932,28.4344,28.6465,0.0,0.0
5338,0,8,  0d 01:28:49.51,  0d 00:34:13.05,1.2497,4.1444,C,07/25/2025 11:49:13 AM,0.0000,28.7932,28.4344,28.6620,0.0,0.0
5339,0,8,  0d 01:28:50.51,  0d 00:34:14.05,1.2497,4.1444,C,07/25/2025 11:49:14 AM,0.0000,28.7932,28.4499,28.6620,0.0,0.0
5340,0,8,  0d 01:28:51.51,  0d 00:34:15.05,1.2494,4.1445,C,07/25/2025 11:49:15 AM,0.0000,28.8087,28.4499,28.6620,0.0,0.0
5341,0,8,  0d 01:28:52.51,  0d 00:34:16.05,1.2500,4.1447,C,07/25/2025 11:49:16 AM,0.0000,28.8087,28.4499,28.6620,0.0,0.0
5342,0,8,  0d 01:28:53.51,  0d 00:34:17.05,1.2500,4.1446,C,07/25/2025 11:49:17 AM,0.0000,28.7932,28.4499,28.6620,0.0,0.0
5343,0,8,  0d 01:28:54.51,  0d 00:34:18.05,1.2497,4.1447,C,07/25/2025 11:49:18 AM,0.0000,28.7932,28.4499,28.6620,0.0,0.0
5344,0,8,  0d 01:28:55.51,  0d 00:34:19.05,1.2497,4.1447,C,07/25/2025 11:49:19 AM,0.0000,28.7932,28.4344,28.6620,0.0,0.0
5345,0,8,  0d 01:28:56.51,  0d 00:34:20.05,1.2500,4.1450,C,07/25/2025 11:49:20 AM,0.0000,28.7932,28.4344,28.6620,0.0,0.0
5346,0,8,  0d 01:28:57.51,  0d 00:34:21.05,1.2497,4.1450,C,07/25/2025 11:49:22 AM,0.0000,28.7932,28.4344,28.6620,0.0,0.0
5347,0,8,  0d 01:28:58.51,  0d 00:34:22.05,1.2497,4.1450,C,07/25/2025 11:49:22 AM,0.0000,28.8087,28.4499,28.6620,0.0,0.0
5348,0,8,  0d 01:28:59.51,  0d 00:34:23.05,1.2500,4.1450,C,07/25/2025 11:49:23 AM,0.0000,28.8087,28.4499,28.6620,0.0,0.0
5349,0,8,  0d 01:29:00.51,  0d 00:34:24.05,1.2497,4.1452,C,07/25/2025 11:49:24 AM,0.0000,28.8087,28.4499,28.6465,0.0,0.0
5350,0,8,  0d 01:29:01.51,  0d 00:34:25.05,1.2500,4.1452,C,07/25/2025 11:49:25 AM,0.0000,28.8087,28.4499,28.6465,0.0,0.0
5351,0,8,  0d 01:29:02.51,  0d 00:34:26.05,1.2503,4.1453,C,07/25/2025 11:49:26 AM,0.0000,28.7932,28.4344,28.6465,0.0,0.0
5352,0,8,  0d 01:29:03.51,  0d 00:34:27.05,1.2500,4.1453,C,07/25/2025 11:49:27 AM,0.0000,28.7932,28.4344,28.6620,0.0,0.0
5353,0,8,  0d 01:29:04.51,  0d 00:34:28.05,1.2494,4.1453,C,07/25/2025 11:49:28 AM,0.0000,28.7932,28.4344,28.6465,0.0,0.0
5354,0,8,  0d 01:29:05.51,  0d 00:34:29.05,1.2500,4.1455,C,07/25/2025 11:49:29 AM,0.0000,28.7932,28.4344,28.6465,0.0,0.0
5355,0,8,  0d 01:29:06.51,  0d 00:34:30.05,1.2503,4.1456,C,07/25/2025 11:49:30 AM,0.0000,28.7932,28.4344,28.6465,0.0,0.0
5356,0,8,  0d 01:29:07.51,  0d 00:34:31.05,1.2500,4.1456,C,07/25/2025 11:49:32 AM,0.0000,28.7932,28.4344,28.6465,0.0,0.0
5357,0,8,  0d 01:29:08.51,  0d 00:34:32.05,1.2494,4.1458,C,07/25/2025 11:49:32 AM,0.0000,28.7932,28.4344,28.6465,0.0,0.0
5358,0,8,  0d 01:29:09.51,  0d 00:34:33.05,1.2497,4.1457,C,07/25/2025 11:49:33 AM,0.0000,28.7932,28.4344,28.6465,0.0,0.0
5359,0,8,  0d 01:29:10.51,  0d 00:34:34.05,1.2500,4.1458,C,07/25/2025 11:49:34 AM,0.0000,28.7777,28.4344,28.6465,0.0,0.0
5360,0,8,  0d 01:29:11.51,  0d 00:34:35.05,1.2503,4.1459,C,07/25/2025 11:49:35 AM,0.0000,28.7777,28.4344,28.6465,0.0,0.0
5361,0,8,  0d 01:29:12.51,  0d 00:34:36.05,1.2500,4.1462,C,07/25/2025 11:49:36 AM,0.0000,28.7932,28.4344,28.6465,0.0,0.0
5362,0,8,  0d 01:29:13.51,  0d 00:34:37.05,1.2500,4.1460,C,07/25/2025 11:49:37 AM,0.0000,28.7777,28.4344,28.6465,0.0,0.0
5363,0,8,  0d 01:29:14.51,  0d 00:34:38.05,1.2500,4.1461,C,07/25/2025 11:49:38 AM,0.0000,28.7932,28.4344,28.6465,0.0,0.0
5364,0,8,  0d 01:29:15.51,  0d 00:34:39.05,1.2500,4.1462,C,07/25/2025 11:49:39 AM,0.0000,28.7932,28.4344,28.6465,0.0,0.0
5365,0,8,  0d 01:29:16.51,  0d 00:34:40.05,1.2494,4.1463,C,07/25/2025 11:49:40 AM,0.0000,28.7932,28.4344,28.6465,0.0,0.0
5366,0,8,  0d 01:29:17.51,  0d 00:34:41.05,1.2503,4.1463,C,07/25/2025 11:49:41 AM,0.0000,28.7932,28.4344,28.6620,0.0,0.0
5367,0,8,  0d 01:29:18.51,  0d 00:34:42.05,1.2503,4.1465,C,07/25/2025 11:49:42 AM,0.0000,28.7932,28.4344,28.6620,0.0,0.0
5368,0,8,  0d 01:29:19.51,  0d 00:34:43.05,1.2494,4.1464,C,07/25/2025 11:49:43 AM,0.0000,28.7932,28.4344,28.6620,0.0,0.0
5369,0,8,  0d 01:29:20.51,  0d 00:34:44.05,1.2500,4.1465,C,07/25/2025 11:49:44 AM,0.0000,28.7777,28.4344,28.6465,0.0,0.0
5370,0,8,  0d 01:29:21.51,  0d 00:34:45.05,1.2500,4.1466,C,07/25/2025 11:49:45 AM,0.0000,28.7777,28.4344,28.6465,0.0,0.0
5371,0,8,  0d 01:29:22.51,  0d 00:34:46.05,1.2494,4.1466,C,07/25/2025 11:49:46 AM,0.0000,28.7932,28.4344,28.6465,0.0,0.0
5372,0,8,  0d 01:29:23.51,  0d 00:34:47.05,1.2497,4.1469,C,07/25/2025 11:49:47 AM,0.0000,28.7932,28.4344,28.6465,0.0,0.0
5373,0,8,  0d 01:29:24.51,  0d 00:34:48.05,1.2497,4.1468,C,07/25/2025 11:49:48 AM,0.0000,28.7932,28.4344,28.6465,0.0,0.0
5374,0,8,  0d 01:29:25.51,  0d 00:34:49.05,1.2500,4.1469,C,07/25/2025 11:49:49 AM,0.0000,28.7932,28.4344,28.6465,0.0,0.0
5375,0,8,  0d 01:29:26.51,  0d 00:34:50.05,1.2503,4.1469,C,07/25/2025 11:49:50 AM,0.0000,28.7932,28.4344,28.6465,0.0,0.0
5376,0,8,  0d 01:29:27.51,  0d 00:34:51.05,1.2500,4.1470,C,07/25/2025 11:49:51 AM,0.0000,28.7932,28.4344,28.6465,0.0,0.0
5377,0,8,  0d 01:29:28.51,  0d 00:34:52.05,1.2500,4.1470,C,07/25/2025 11:49:52 AM,0.0000,28.7932,28.4344,28.6465,0.0,0.0
5378,0,8,  0d 01:29:29.51,  0d 00:34:53.05,1.2497,4.1472,C,07/25/2025 11:49:53 AM,0.0000,28.7777,28.4344,28.6465,0.0,0.0
5379,0,8,  0d 01:29:30.51,  0d 00:34:54.05,1.2497,4.1473,C,07/25/2025 11:49:54 AM,0.0000,28.7777,28.4344,28.6465,0.0,0.0
5380,0,8,  0d 01:29:31.51,  0d 00:34:55.05,1.2500,4.1474,C,07/25/2025 11:49:55 AM,0.0000,28.7777,28.4344,28.6465,0.0,0.0
5381,0,8,  0d 01:29:32.51,  0d 00:34:56.05,1.2497,4.1473,C,07/25/2025 11:49:56 AM,0.0000,28.7777,28.4344,28.6465,0.0,0.0
5382,0,8,  0d 01:29:33.51,  0d 00:34:57.05,1.2500,4.1474,C,07/25/2025 11:49:57 AM,0.0000,28.7932,28.4344,28.6465,0.0,0.0
5383,0,8,  0d 01:29:34.51,  0d 00:34:58.05,1.2500,4.1476,C,07/25/2025 11:49:58 AM,0.0000,28.7932,28.4344,28.6465,0.0,0.0
5384,0,8,  0d 01:29:35.51,  0d 00:34:59.05,1.2506,4.1477,C,07/25/2025 11:49:59 AM,0.0000,28.7932,28.4344,28.6465,0.0,0.0
5385,0,8,  0d 01:29:36.51,  0d 00:35:00.05,1.2497,4.1477,C,07/25/2025 11:50:00 AM,0.0000,28.7932,28.4344,28.6465,0.0,0.0
5386,0,8,  0d 01:29:37.51,  0d 00:35:01.05,1.2494,4.1478,C,07/25/2025 11:50:01 AM,0.0000,28.7932,28.4344,28.6465,0.0,0.0
5387,0,8,  0d 01:29:38.51,  0d 00:35:02.05,1.2500,4.1478,C,07/25/2025 11:50:02 AM,0.0000,28.7932,28.4344,28.6465,0.0,0.0
5388,0,8,  0d 01:29:39.51,  0d 00:35:03.05,1.2491,4.1479,C,07/25/2025 11:50:03 AM,0.0000,28.7932,28.4344,28.6465,0.0,0.0
5389,0,8,  0d 01:29:40.51,  0d 00:35:04.05,1.2500,4.1479,C,07/25/2025 11:50:04 AM,0.0000,28.7932,28.4344,28.6465,0.0,0.0
5390,0,8,  0d 01:29:41.51,  0d 00:35:05.05,1.2500,4.1479,C,07/25/2025 11:50:05 AM,0.0000,28.7932,28.4344,28.6465,0.0,0.0
5391,0,8,  0d 01:29:42.51,  0d 00:35:06.05,1.2500,4.1482,C,07/25/2025 11:50:06 AM,0.0000,28.7932,28.4344,28.6465,0.0,0.0
5392,0,8,  0d 01:29:43.51,  0d 00:35:07.05,1.2500,4.1482,C,07/25/2025 11:50:07 AM,0.0000,28.7932,28.4344,28.6465,0.0,0.0
5393,0,8,  0d 01:29:44.51,  0d 00:35:08.05,1.2500,4.1483,C,07/25/2025 11:50:08 AM,0.0000,28.7932,28.4344,28.6465,0.0,0.0
5394,0,8,  0d 01:29:45.51,  0d 00:35:09.05,1.2500,4.1483,C,07/25/2025 11:50:09 AM,0.0000,28.7932,28.4344,28.6465,0.0,0.0
5395,0,8,  0d 01:29:46.51,  0d 00:35:10.05,1.2500,4.1483,C,07/25/2025 11:50:10 AM,0.0000,28.7932,28.4344,28.6465,0.0,0.0
5396,0,8,  0d 01:29:47.51,  0d 00:35:11.05,1.2503,4.1485,C,07/25/2025 11:50:11 AM,0.0000,28.7932,28.4344,28.6620,0.0,0.0
5397,0,8,  0d 01:29:48.51,  0d 00:35:12.05,1.2497,4.1485,C,07/25/2025 11:50:12 AM,0.0000,28.7932,28.4344,28.6620,0.0,0.0
5398,0,8,  0d 01:29:49.51,  0d 00:35:13.05,1.2497,4.1487,C,07/25/2025 11:50:13 AM,0.0000,28.7932,28.4344,28.6620,0.0,0.0
5399,0,8,  0d 01:29:50.51,  0d 00:35:14.05,1.2497,4.1488,C,07/25/2025 11:50:14 AM,0.0000,28.7932,28.4344,28.6465,0.0,0.0
5400,0,8,  0d 01:29:51.51,  0d 00:35:15.05,1.2497,4.1488,C,07/25/2025 11:50:15 AM,0.0000,28.7932,28.4344,28.6465,0.0,0.0
5401,0,8,  0d 01:29:52.51,  0d 00:35:16.05,1.2500,4.1490,C,07/25/2025 11:50:16 AM,0.0000,28.7932,28.4344,28.6465,0.0,0.0
5402,0,8,  0d 01:29:53.51,  0d 00:35:17.05,1.2497,4.1490,C,07/25/2025 11:50:17 AM,0.0000,28.7932,28.4344,28.6465,0.0,0.0
5403,0,8,  0d 01:29:54.51,  0d 00:35:18.05,1.2500,4.1491,C,07/25/2025 11:50:18 AM,0.0000,28.7932,28.4344,28.6465,0.0,0.0
5404,0,8,  0d 01:29:55.51,  0d 00:35:19.05,1.2500,4.1492,C,07/25/2025 11:50:19 AM,0.0000,28.7932,28.4344,28.6620,0.0,0.0
5405,0,8,  0d 01:29:56.51,  0d 00:35:20.05,1.2500,4.1492,C,07/25/2025 11:50:20 AM,0.0000,28.7932,28.4344,28.6620,0.0,0.0
5406,0,8,  0d 01:29:57.51,  0d 00:35:21.05,1.2494,4.1494,C,07/25/2025 11:50:21 AM,0.0000,28.7932,28.4344,28.6620,0.0,0.0
5407,0,8,  0d 01:29:58.51,  0d 00:35:22.05,1.2500,4.1495,C,07/25/2025 11:50:23 AM,0.0000,28.7932,28.4344,28.6620,0.0,0.0
5408,0,8,  0d 01:29:59.51,  0d 00:35:23.05,1.2497,4.1495,C,07/25/2025 11:50:23 AM,0.0000,28.7932,28.4499,28.6465,0.0,0.0
5409,0,8,  0d 01:30:00.51,  0d 00:35:24.05,1.2497,4.1495,C,07/25/2025 11:50:24 AM,0.0000,28.7932,28.4499,28.6465,0.0,0.0
5410,0,8,  0d 01:30:01.51,  0d 00:35:25.05,1.2500,4.1495,C,07/25/2025 11:50:25 AM,0.0000,28.7932,28.4499,28.6465,0.0,0.0
5411,0,8,  0d 01:30:02.51,  0d 00:35:26.05,1.2503,4.1496,C,07/25/2025 11:50:26 AM,0.0000,28.7932,28.4499,28.6465,0.0,0.0
5412,0,8,  0d 01:30:03.51,  0d 00:35:27.05,1.2497,4.1498,C,07/25/2025 11:50:27 AM,0.0000,28.7932,28.4344,28.6465,0.0,0.0
5413,0,8,  0d 01:30:04.51,  0d 00:35:28.05,1.2494,4.1498,C,07/25/2025 11:50:28 AM,0.0000,28.7932,28.4344,28.6620,0.0,0.0
5414,0,8,  0d 01:30:05.51,  0d 00:35:29.05,1.2500,4.1500,C,07/25/2025 11:50:29 AM,0.0000,28.7932,28.4344,28.6620,0.0,0.0
5415,0,8,  0d 01:30:06.51,  0d 00:35:30.05,1.2500,4.1498,C,07/25/2025 11:50:30 AM,0.0000,28.7932,28.4344,28.6620,0.0,0.0
5416,0,8,  0d 01:30:07.51,  0d 00:35:31.05,1.2506,4.1501,C,07/25/2025 11:50:31 AM,0.0000,28.7932,28.4344,28.6620,0.0,0.0
5417,0,8,  0d 01:30:08.51,  0d 00:35:32.05,1.2500,4.1501,C,07/25/2025 11:50:33 AM,0.0000,28.7932,28.4344,28.6620,0.0,0.0
5418,0,8,  0d 01:30:09.51,  0d 00:35:33.05,1.2500,4.1501,C,07/25/2025 11:50:33 AM,0.0000,28.7932,28.4344,28.6465,0.0,0.0
5419,0,8,  0d 01:30:10.51,  0d 00:35:34.05,1.2503,4.1503,C,07/25/2025 11:50:34 AM,0.0000,28.7932,28.4499,28.6465,0.0,0.0
5420,0,8,  0d 01:30:11.51,  0d 00:35:35.05,1.2497,4.1504,C,07/25/2025 11:50:35 AM,0.0000,28.7932,28.4499,28.6465,0.0,0.0
5421,0,8,  0d 01:30:12.51,  0d 00:35:36.05,1.2488,4.1504,C,07/25/2025 11:50:36 AM,0.0000,28.7932,28.4499,28.6465,0.0,0.0
5422,0,8,  0d 01:30:13.51,  0d 00:35:37.05,1.2500,4.1505,C,07/25/2025 11:50:37 AM,0.0000,28.7932,28.4499,28.6620,0.0,0.0
5423,0,8,  0d 01:30:14.51,  0d 00:35:38.05,1.2503,4.1505,C,07/25/2025 11:50:38 AM,0.0000,28.7932,28.4499,28.6620,0.0,0.0
5424,0,8,  0d 01:30:15.51,  0d 00:35:39.05,1.2500,4.1507,C,07/25/2025 11:50:39 AM,0.0000,28.7932,28.4499,28.6620,0.0,0.0
5425,0,8,  0d 01:30:16.51,  0d 00:35:40.05,1.2497,4.1508,C,07/25/2025 11:50:40 AM,0.0000,28.7932,28.4499,28.6620,0.0,0.0
5426,0,8,  0d 01:30:17.51,  0d 00:35:41.05,1.2497,4.1508,C,07/25/2025 11:50:41 AM,0.0000,28.7932,28.4499,28.6620,0.0,0.0
5427,0,8,  0d 01:30:18.51,  0d 00:35:42.05,1.2500,4.1508,C,07/25/2025 11:50:43 AM,0.0000,28.7932,28.4499,28.6620,0.0,0.0
5428,0,8,  0d 01:30:19.51,  0d 00:35:43.05,1.2503,4.1510,C,07/25/2025 11:50:43 AM,0.0000,28.8087,28.4499,28.6620,0.0,0.0
5429,0,8,  0d 01:30:20.51,  0d 00:35:44.05,1.2500,4.1511,C,07/25/2025 11:50:44 AM,0.0000,28.7932,28.4499,28.6620,0.0,0.0
5430,0,8,  0d 01:30:21.51,  0d 00:35:45.05,1.2503,4.1511,C,07/25/2025 11:50:45 AM,0.0000,28.8087,28.4499,28.6620,0.0,0.0
5431,0,8,  0d 01:30:22.51,  0d 00:35:46.05,1.2500,4.1513,C,07/25/2025 11:50:46 AM,0.0000,28.8087,28.4499,28.6620,0.0,0.0
5432,0,8,  0d 01:30:23.51,  0d 00:35:47.05,1.2497,4.1514,C,07/25/2025 11:50:47 AM,0.0000,28.8087,28.4499,28.6620,0.0,0.0
5433,0,8,  0d 01:30:24.51,  0d 00:35:48.05,1.2497,4.1514,C,07/25/2025 11:50:48 AM,0.0000,28.7932,28.4499,28.6620,0.0,0.0
5434,0,8,  0d 01:30:25.51,  0d 00:35:49.05,1.2497,4.1514,C,07/25/2025 11:50:49 AM,0.0000,28.7932,28.4499,28.6465,0.0,0.0
5435,0,8,  0d 01:30:26.51,  0d 00:35:50.05,1.2503,4.1515,C,07/25/2025 11:50:50 AM,0.0000,28.7932,28.4499,28.6465,0.0,0.0
5436,0,8,  0d 01:30:27.51,  0d 00:35:51.05,1.2497,4.1516,C,07/25/2025 11:50:51 AM,0.0000,28.7932,28.4344,28.6620,0.0,0.0
5437,0,8,  0d 01:30:28.51,  0d 00:35:52.05,1.2503,4.1518,C,07/25/2025 11:50:52 AM,0.0000,28.8087,28.4344,28.6620,0.0,0.0
5438,0,8,  0d 01:30:29.51,  0d 00:35:53.05,1.2500,4.1518,C,07/25/2025 11:50:53 AM,0.0000,28.8087,28.4344,28.6620,0.0,0.0
5439,0,8,  0d 01:30:30.51,  0d 00:35:54.05,1.2503,4.1519,C,07/25/2025 11:50:54 AM,0.0000,28.7932,28.4499,28.6620,0.0,0.0
5440,0,8,  0d 01:30:31.51,  0d 00:35:55.05,1.2497,4.1521,C,07/25/2025 11:50:55 AM,0.0000,28.8087,28.4499,28.6620,0.0,0.0
5441,0,8,  0d 01:30:32.51,  0d 00:35:56.05,1.2500,4.1521,C,07/25/2025 11:50:56 AM,0.0000,28.8087,28.4499,28.6620,0.0,0.0
5442,0,8,  0d 01:30:33.51,  0d 00:35:57.05,1.2497,4.1522,C,07/25/2025 11:50:57 AM,0.0000,28.8087,28.4499,28.6620,0.0,0.0
5443,0,8,  0d 01:30:34.51,  0d 00:35:58.05,1.2497,4.1522,C,07/25/2025 11:50:58 AM,0.0000,28.7932,28.4499,28.6620,0.0,0.0
5444,0,8,  0d 01:30:35.51,  0d 00:35:59.05,1.2500,4.1524,C,07/25/2025 11:50:59 AM,0.0000,28.7932,28.4499,28.6620,0.0,0.0
5445,0,8,  0d 01:30:36.51,  0d 00:36:00.05,1.2497,4.1525,C,07/25/2025 11:51:00 AM,0.0000,28.7932,28.4499,28.6620,0.0,0.0
5446,0,8,  0d 01:30:37.51,  0d 00:36:01.05,1.2503,4.1525,C,07/25/2025 11:51:01 AM,0.0000,28.7932,28.4499,28.6620,0.0,0.0
5447,0,8,  0d 01:30:38.51,  0d 00:36:02.05,1.2500,4.1527,C,07/25/2025 11:51:02 AM,0.0000,28.7932,28.4499,28.6620,0.0,0.0
5448,0,8,  0d 01:30:39.51,  0d 00:36:03.05,1.2500,4.1527,C,07/25/2025 11:51:03 AM,0.0000,28.7932,28.4499,28.6620,0.0,0.0
5449,0,8,  0d 01:30:40.51,  0d 00:36:04.05,1.2497,4.1528,C,07/25/2025 11:51:04 AM,0.0000,28.7932,28.4499,28.6620,0.0,0.0
5450,0,8,  0d 01:30:41.51,  0d 00:36:05.05,1.2497,4.1528,C,07/25/2025 11:51:05 AM,0.0000,28.7932,28.4499,28.6620,0.0,0.0
5451,0,8,  0d 01:30:42.51,  0d 00:36:06.05,1.2497,4.1528,C,07/25/2025 11:51:06 AM,0.0000,28.7932,28.4499,28.6620,0.0,0.0
5452,0,8,  0d 01:30:43.51,  0d 00:36:07.05,1.2497,4.1531,C,07/25/2025 11:51:07 AM,0.0000,28.7932,28.4344,28.6620,0.0,0.0
5453,0,8,  0d 01:30:44.51,  0d 00:36:08.05,1.2494,4.1530,C,07/25/2025 11:51:08 AM,0.0000,28.7932,28.4344,28.6620,0.0,0.0
5454,0,8,  0d 01:30:45.51,  0d 00:36:09.05,1.2497,4.1532,C,07/25/2025 11:51:09 AM,0.0000,28.7932,28.4344,28.6620,0.0,0.0
5455,0,8,  0d 01:30:46.51,  0d 00:36:10.05,1.2494,4.1532,C,07/25/2025 11:51:10 AM,0.0000,28.7932,28.4499,28.6465,0.0,0.0
5456,0,8,  0d 01:30:47.51,  0d 00:36:11.05,1.2497,4.1534,C,07/25/2025 11:51:11 AM,0.0000,28.8087,28.4499,28.6620,0.0,0.0
5457,0,8,  0d 01:30:48.51,  0d 00:36:12.05,1.2500,4.1534,C,07/25/2025 11:51:12 AM,0.0000,28.8087,28.4499,28.6620,0.0,0.0
5458,0,8,  0d 01:30:49.51,  0d 00:36:13.05,1.2491,4.1536,C,07/25/2025 11:51:13 AM,0.0000,28.8087,28.4499,28.6620,0.0,0.0
5459,0,8,  0d 01:30:50.51,  0d 00:36:14.05,1.2500,4.1536,C,07/25/2025 11:51:14 AM,0.0000,28.8087,28.4499,28.6620,0.0,0.0
5460,0,8,  0d 01:30:51.51,  0d 00:36:15.05,1.2500,4.1537,C,07/25/2025 11:51:15 AM,0.0000,28.8087,28.4499,28.6620,0.0,0.0
5461,0,8,  0d 01:30:52.51,  0d 00:36:16.05,1.2497,4.1537,C,07/25/2025 11:51:16 AM,0.0000,28.8087,28.4499,28.6620,0.0,0.0
5462,0,8,  0d 01:30:53.51,  0d 00:36:17.05,1.2500,4.1538,C,07/25/2025 11:51:17 AM,0.0000,28.8087,28.4499,28.6620,0.0,0.0
5463,0,8,  0d 01:30:54.51,  0d 00:36:18.05,1.2494,4.1540,C,07/25/2025 11:51:18 AM,0.0000,28.8087,28.4499,28.6620,0.0,0.0
5464,0,8,  0d 01:30:55.51,  0d 00:36:19.05,1.2497,4.1543,C,07/25/2025 11:51:19 AM,0.0000,28.8087,28.4499,28.6620,0.0,0.0
5465,0,8,  0d 01:30:56.51,  0d 00:36:20.05,1.2497,4.1542,C,07/25/2025 11:51:20 AM,0.0000,28.7932,28.4499,28.6620,0.0,0.0
5466,0,8,  0d 01:30:57.51,  0d 00:36:21.05,1.2500,4.1541,C,07/25/2025 11:51:21 AM,0.0000,28.7932,28.4344,28.6620,0.0,0.0
5467,0,8,  0d 01:30:58.51,  0d 00:36:22.05,1.2500,4.1543,C,07/25/2025 11:51:22 AM,0.0000,28.7932,28.4344,28.6620,0.0,0.0
5468,0,8,  0d 01:30:59.51,  0d 00:36:23.05,1.2500,4.1544,C,07/25/2025 11:51:23 AM,0.0000,28.7932,28.4344,28.6620,0.0,0.0
5469,0,8,  0d 01:31:00.51,  0d 00:36:24.05,1.2503,4.1545,C,07/25/2025 11:51:24 AM,0.0000,28.7932,28.4344,28.6620,0.0,0.0
5470,0,8,  0d 01:31:01.51,  0d 00:36:25.05,1.2503,4.1546,C,07/25/2025 11:51:25 AM,0.0000,28.8087,28.4344,28.6620,0.0,0.0
5471,0,8,  0d 01:31:02.51,  0d 00:36:26.05,1.2497,4.1546,C,07/25/2025 11:51:26 AM,0.0000,28.8087,28.4344,28.6620,0.0,0.0
5472,0,8,  0d 01:31:03.51,  0d 00:36:27.05,1.2500,4.1548,C,07/25/2025 11:51:27 AM,0.0000,28.7932,28.4344,28.6620,0.0,0.0
5473,0,8,  0d 01:31:04.51,  0d 00:36:28.05,1.2494,4.1547,C,07/25/2025 11:51:28 AM,0.0000,28.8087,28.4344,28.6620,0.0,0.0
5474,0,8,  0d 01:31:05.51,  0d 00:36:29.05,1.2500,4.1550,C,07/25/2025 11:51:29 AM,0.0000,28.8087,28.4499,28.6620,0.0,0.0
5475,0,8,  0d 01:31:06.51,  0d 00:36:30.05,1.2497,4.1550,C,07/25/2025 11:51:30 AM,0.0000,28.8087,28.4499,28.6620,0.0,0.0
5476,0,8,  0d 01:31:07.51,  0d 00:36:31.05,1.2500,4.1552,C,07/25/2025 11:51:31 AM,0.0000,28.8087,28.4499,28.6620,0.0,0.0
5477,0,8,  0d 01:31:08.51,  0d 00:36:32.05,1.2500,4.1552,C,07/25/2025 11:51:32 AM,0.0000,28.8087,28.4344,28.6620,0.0,0.0
5478,0,8,  0d 01:31:09.51,  0d 00:36:33.05,1.2497,4.1553,C,07/25/2025 11:51:34 AM,0.0000,28.8087,28.4344,28.6620,0.0,0.0
5479,0,8,  0d 01:31:10.51,  0d 00:36:34.05,1.2497,4.1553,C,07/25/2025 11:51:34 AM,0.0000,28.7932,28.4499,28.6620,0.0,0.0
5480,0,8,  0d 01:31:11.51,  0d 00:36:35.05,1.2491,4.1555,C,07/25/2025 11:51:35 AM,0.0000,28.7932,28.4499,28.6620,0.0,0.0
5481,0,8,  0d 01:31:12.51,  0d 00:36:36.05,1.2497,4.1554,C,07/25/2025 11:51:36 AM,0.0000,28.7932,28.4499,28.6620,0.0,0.0
5482,0,8,  0d 01:31:13.51,  0d 00:36:37.05,1.2506,4.1557,C,07/25/2025 11:51:37 AM,0.0000,28.8087,28.4499,28.6620,0.0,0.0
5483,0,8,  0d 01:31:14.51,  0d 00:36:38.05,1.2500,4.1557,C,07/25/2025 11:51:38 AM,0.0000,28.8087,28.4499,28.6465,0.0,0.0
5484,0,8,  0d 01:31:15.51,  0d 00:36:39.05,1.2500,4.1559,C,07/25/2025 11:51:39 AM,0.0000,28.8087,28.4499,28.6620,0.0,0.0
5485,0,8,  0d 01:31:16.51,  0d 00:36:40.05,1.2503,4.1559,C,07/25/2025 11:51:40 AM,0.0000,28.8087,28.4499,28.6620,0.0,0.0
5486,0,8,  0d 01:31:17.51,  0d 00:36:41.05,1.2503,4.1561,C,07/25/2025 11:51:41 AM,0.0000,28.8087,28.4499,28.6620,0.0,0.0
5487,0,8,  0d 01:31:18.51,  0d 00:36:42.05,1.2497,4.1560,C,07/25/2025 11:51:42 AM,0.0000,28.8087,28.4499,28.6620,0.0,0.0
5488,0,8,  0d 01:31:19.51,  0d 00:36:43.05,1.2497,4.1562,C,07/25/2025 11:51:44 AM,0.0000,28.8087,28.4499,28.6620,0.0,0.0
5489,0,8,  0d 01:31:20.51,  0d 00:36:44.05,1.2500,4.1564,C,07/25/2025 11:51:44 AM,0.0000,28.8087,28.4499,28.6620,0.0,0.0
5490,0,8,  0d 01:31:21.51,  0d 00:36:45.05,1.2497,4.1565,C,07/25/2025 11:51:45 AM,0.0000,28.7932,28.4499,28.6620,0.0,0.0
5491,0,8,  0d 01:31:22.51,  0d 00:36:46.05,1.2500,4.1566,C,07/25/2025 11:51:46 AM,0.0000,28.7932,28.4499,28.6620,0.0,0.0
5492,0,8,  0d 01:31:23.51,  0d 00:36:47.05,1.2506,4.1566,C,07/25/2025 11:51:47 AM,0.0000,28.8087,28.4499,28.6620,0.0,0.0
5493,0,8,  0d 01:31:24.51,  0d 00:36:48.05,1.2494,4.1567,C,07/25/2025 11:51:48 AM,0.0000,28.8087,28.4499,28.6620,0.0,0.0
5494,0,8,  0d 01:31:25.51,  0d 00:36:49.05,1.2500,4.1569,C,07/25/2025 11:51:49 AM,0.0000,28.8087,28.4499,28.6620,0.0,0.0
5495,0,8,  0d 01:31:26.51,  0d 00:36:50.05,1.2500,4.1569,C,07/25/2025 11:51:50 AM,0.0000,28.8087,28.4499,28.6620,0.0,0.0
5496,0,8,  0d 01:31:27.51,  0d 00:36:51.05,1.2497,4.1570,C,07/25/2025 11:51:51 AM,0.0000,28.8087,28.4499,28.6620,0.0,0.0
5497,0,8,  0d 01:31:28.51,  0d 00:36:52.05,1.2497,4.1571,C,07/25/2025 11:51:52 AM,0.0000,28.8087,28.4499,28.6620,0.0,0.0
5498,0,8,  0d 01:31:29.51,  0d 00:36:53.05,1.2497,4.1572,C,07/25/2025 11:51:54 AM,0.0000,28.8087,28.4499,28.6620,0.0,0.0
5499,0,8,  0d 01:31:30.51,  0d 00:36:54.05,1.2500,4.1572,C,07/25/2025 11:51:54 AM,0.0000,28.8087,28.4499,28.6620,0.0,0.0
5500,0,8,  0d 01:31:31.51,  0d 00:36:55.05,1.2497,4.1574,C,07/25/2025 11:51:55 AM,0.0000,28.8087,28.4499,28.6620,0.0,0.0
5501,0,8,  0d 01:31:32.51,  0d 00:36:56.05,1.2503,4.1575,C,07/25/2025 11:51:56 AM,0.0000,28.8087,28.4499,28.6620,0.0,0.0
5502,0,8,  0d 01:31:33.51,  0d 00:36:57.05,1.2494,4.1575,C,07/25/2025 11:51:57 AM,0.0000,28.7932,28.4499,28.6620,0.0,0.0
5503,0,8,  0d 01:31:34.51,  0d 00:36:58.05,1.2497,4.1576,C,07/25/2025 11:51:58 AM,0.0000,28.7932,28.4499,28.6620,0.0,0.0
5504,0,8,  0d 01:31:35.51,  0d 00:36:59.05,1.2503,4.1578,C,07/25/2025 11:51:59 AM,0.0000,28.7932,28.4499,28.6620,0.0,0.0
5505,0,8,  0d 01:31:36.51,  0d 00:37:00.05,1.2503,4.1579,C,07/25/2025 11:52:00 AM,0.0000,28.7932,28.4499,28.6620,0.0,0.0
5506,0,8,  0d 01:31:37.51,  0d 00:37:01.05,1.2500,4.1581,C,07/25/2025 11:52:01 AM,0.0000,28.7932,28.4499,28.6620,0.0,0.0
5507,0,8,  0d 01:31:38.51,  0d 00:37:02.05,1.2503,4.1581,C,07/25/2025 11:52:02 AM,0.0000,28.7932,28.4499,28.6620,0.0,0.0
5508,0,8,  0d 01:31:39.51,  0d 00:37:03.05,1.2500,4.1581,C,07/25/2025 11:52:03 AM,0.0000,28.7932,28.4499,28.6620,0.0,0.0
5509,0,8,  0d 01:31:40.51,  0d 00:37:04.05,1.2497,4.1582,C,07/25/2025 11:52:04 AM,0.0000,28.7932,28.4499,28.6620,0.0,0.0
5510,0,8,  0d 01:31:41.51,  0d 00:37:05.05,1.2503,4.1582,C,07/25/2025 11:52:05 AM,0.0000,28.7932,28.4499,28.6620,0.0,0.0
5511,0,8,  0d 01:31:42.51,  0d 00:37:06.05,1.2497,4.1585,C,07/25/2025 11:52:06 AM,0.0000,28.8087,28.4499,28.6620,0.0,0.0
5512,0,8,  0d 01:31:43.51,  0d 00:37:07.05,1.2500,4.1586,C,07/25/2025 11:52:07 AM,0.0000,28.8087,28.4499,28.6620,0.0,0.0
5513,0,8,  0d 01:31:44.51,  0d 00:37:08.05,1.2497,4.1585,C,07/25/2025 11:52:08 AM,0.0000,28.8087,28.4499,28.6620,0.0,0.0
5514,0,8,  0d 01:31:45.51,  0d 00:37:09.05,1.2494,4.1588,C,07/25/2025 11:52:09 AM,0.0000,28.8087,28.4499,28.6620,0.0,0.0
5515,0,8,  0d 01:31:46.51,  0d 00:37:10.05,1.2494,4.1589,C,07/25/2025 11:52:10 AM,0.0000,28.8087,28.4654,28.6620,0.0,0.0
5516,0,8,  0d 01:31:47.51,  0d 00:37:11.05,1.2497,4.1590,C,07/25/2025 11:52:11 AM,0.0000,28.8087,28.4654,28.6774,0.0,0.0
5517,0,8,  0d 01:31:48.51,  0d 00:37:12.05,1.2500,4.1592,C,07/25/2025 11:52:12 AM,0.0000,28.8242,28.4654,28.6774,0.0,0.0
5518,0,8,  0d 01:31:49.51,  0d 00:37:13.05,1.2497,4.1592,C,07/25/2025 11:52:13 AM,0.0000,28.8242,28.4654,28.6774,0.0,0.0
5519,0,8,  0d 01:31:50.51,  0d 00:37:14.05,1.2497,4.1592,C,07/25/2025 11:52:14 AM,0.0000,28.8242,28.4654,28.6774,0.0,0.0
5520,0,8,  0d 01:31:51.51,  0d 00:37:15.05,1.2497,4.1593,C,07/25/2025 11:52:15 AM,0.0000,28.8242,28.4654,28.6774,0.0,0.0
5521,0,8,  0d 01:31:52.51,  0d 00:37:16.05,1.2500,4.1595,C,07/25/2025 11:52:16 AM,0.0000,28.8242,28.4654,28.6774,0.0,0.0
5522,0,8,  0d 01:31:53.51,  0d 00:37:17.05,1.2500,4.1596,C,07/25/2025 11:52:17 AM,0.0000,28.8242,28.4654,28.6620,0.0,0.0
5523,0,8,  0d 01:31:54.51,  0d 00:37:18.05,1.2503,4.1597,C,07/25/2025 11:52:18 AM,0.0000,28.8242,28.4654,28.6620,0.0,0.0
5524,0,8,  0d 01:31:55.51,  0d 00:37:19.05,1.2500,4.1598,C,07/25/2025 11:52:19 AM,0.0000,28.8242,28.4654,28.6620,0.0,0.0
5525,0,8,  0d 01:31:56.51,  0d 00:37:20.05,1.2497,4.1600,C,07/25/2025 11:52:20 AM,0.0000,28.8242,28.4654,28.6620,0.0,0.0
5526,0,8,  0d 01:31:57.51,  0d 00:37:21.05,1.2500,4.1601,C,07/25/2025 11:52:21 AM,0.0000,28.8242,28.4654,28.6774,0.0,0.0
5527,0,8,  0d 01:31:58.51,  0d 00:37:22.05,1.2497,4.1601,C,07/25/2025 11:52:22 AM,0.0000,28.8242,28.4654,28.6774,0.0,0.0
5528,0,8,  0d 01:31:59.51,  0d 00:37:23.05,1.2500,4.1602,C,07/25/2025 11:52:23 AM,0.0000,28.8242,28.4654,28.6774,0.0,0.0
5529,0,8,  0d 01:32:00.51,  0d 00:37:24.05,1.2497,4.1603,C,07/25/2025 11:52:24 AM,0.0000,28.8242,28.4654,28.6774,0.0,0.0
5530,0,8,  0d 01:32:01.51,  0d 00:37:25.05,1.2494,4.1604,C,07/25/2025 11:52:25 AM,0.0000,28.8242,28.4654,28.6774,0.0,0.0
5531,0,8,  0d 01:32:02.51,  0d 00:37:26.05,1.2503,4.1607,C,07/25/2025 11:52:26 AM,0.0000,28.8242,28.4654,28.6774,0.0,0.0
5532,0,8,  0d 01:32:03.51,  0d 00:37:27.05,1.2497,4.1606,C,07/25/2025 11:52:27 AM,0.0000,28.8242,28.4654,28.6774,0.0,0.0
5533,0,8,  0d 01:32:04.51,  0d 00:37:28.05,1.2491,4.1607,C,07/25/2025 11:52:28 AM,0.0000,28.8242,28.4654,28.6774,0.0,0.0
5534,0,8,  0d 01:32:05.51,  0d 00:37:29.05,1.2494,4.1609,C,07/25/2025 11:52:29 AM,0.0000,28.8242,28.4654,28.6774,0.0,0.0
5535,0,8,  0d 01:32:06.51,  0d 00:37:30.05,1.2497,4.1610,C,07/25/2025 11:52:30 AM,0.0000,28.8242,28.4654,28.6774,0.0,0.0
5536,0,8,  0d 01:32:07.51,  0d 00:37:31.05,1.2491,4.1609,C,07/25/2025 11:52:31 AM,0.0000,28.8087,28.4654,28.6620,0.0,0.0
5537,0,8,  0d 01:32:08.51,  0d 00:37:32.05,1.2500,4.1611,C,07/25/2025 11:52:32 AM,0.0000,28.8087,28.4654,28.6620,0.0,0.0
5538,0,8,  0d 01:32:09.51,  0d 00:37:33.05,1.2497,4.1613,C,07/25/2025 11:52:33 AM,0.0000,28.8087,28.4499,28.6620,0.0,0.0
5539,0,8,  0d 01:32:10.51,  0d 00:37:34.05,1.2494,4.1614,C,07/25/2025 11:52:34 AM,0.0000,28.8087,28.4499,28.6620,0.0,0.0
5540,0,8,  0d 01:32:11.51,  0d 00:37:35.05,1.2503,4.1615,C,07/25/2025 11:52:35 AM,0.0000,28.8087,28.4499,28.6620,0.0,0.0
5541,0,8,  0d 01:32:12.51,  0d 00:37:36.05,1.2500,4.1616,C,07/25/2025 11:52:36 AM,0.0000,28.8087,28.4499,28.6620,0.0,0.0
5542,0,8,  0d 01:32:13.51,  0d 00:37:37.05,1.2497,4.1616,C,07/25/2025 11:52:37 AM,0.0000,28.8087,28.4654,28.6620,0.0,0.0
5543,0,8,  0d 01:32:14.51,  0d 00:37:38.05,1.2497,4.1620,C,07/25/2025 11:52:38 AM,0.0000,28.8087,28.4654,28.6620,0.0,0.0
5544,0,8,  0d 01:32:15.51,  0d 00:37:39.05,1.2503,4.1621,C,07/25/2025 11:52:39 AM,0.0000,28.8087,28.4654,28.6620,0.0,0.0
5545,0,8,  0d 01:32:16.51,  0d 00:37:40.05,1.2500,4.1621,C,07/25/2025 11:52:40 AM,0.0000,28.8087,28.4654,28.6620,0.0,0.0
5546,0,8,  0d 01:32:17.51,  0d 00:37:41.05,1.2497,4.1622,C,07/25/2025 11:52:41 AM,0.0000,28.8087,28.4654,28.6620,0.0,0.0
5547,0,8,  0d 01:32:18.51,  0d 00:37:42.05,1.2500,4.1623,C,07/25/2025 11:52:42 AM,0.0000,28.8087,28.4654,28.6620,0.0,0.0
5548,0,8,  0d 01:32:19.51,  0d 00:37:43.05,1.2500,4.1625,C,07/25/2025 11:52:43 AM,0.0000,28.8087,28.4654,28.6620,0.0,0.0
5549,0,8,  0d 01:32:20.51,  0d 00:37:44.05,1.2500,4.1627,C,07/25/2025 11:52:45 AM,0.0000,28.8087,28.4654,28.6620,0.0,0.0
5550,0,8,  0d 01:32:21.51,  0d 00:37:45.05,1.2497,4.1627,C,07/25/2025 11:52:45 AM,0.0000,28.8087,28.4654,28.6620,0.0,0.0
5551,0,8,  0d 01:32:22.51,  0d 00:37:46.05,1.2497,4.1628,C,07/25/2025 11:52:46 AM,0.0000,28.8087,28.4654,28.6620,0.0,0.0
5552,0,8,  0d 01:32:23.51,  0d 00:37:47.05,1.2497,4.1630,C,07/25/2025 11:52:47 AM,0.0000,28.7932,28.4499,28.6620,0.0,0.0
5553,0,8,  0d 01:32:24.51,  0d 00:37:48.05,1.2497,4.1630,C,07/25/2025 11:52:48 AM,0.0000,28.7932,28.4499,28.6620,0.0,0.0
5554,0,8,  0d 01:32:25.51,  0d 00:37:49.05,1.2506,4.1631,C,07/25/2025 11:52:49 AM,0.0000,28.7932,28.4499,28.6620,0.0,0.0
5555,0,8,  0d 01:32:26.51,  0d 00:37:50.05,1.2500,4.1633,C,07/25/2025 11:52:50 AM,0.0000,28.7932,28.4499,28.6620,0.0,0.0
5556,0,8,  0d 01:32:27.51,  0d 00:37:51.05,1.2497,4.1633,C,07/25/2025 11:52:51 AM,0.0000,28.7932,28.4499,28.6620,0.0,0.0
5557,0,8,  0d 01:32:28.51,  0d 00:37:52.05,1.2491,4.1634,C,07/25/2025 11:52:52 AM,0.0000,28.7932,28.4499,28.6620,0.0,0.0
5558,0,8,  0d 01:32:29.51,  0d 00:37:53.05,1.2497,4.1635,C,07/25/2025 11:52:53 AM,0.0000,28.7777,28.4499,28.6465,0.0,0.0
5559,0,8,  0d 01:32:30.51,  0d 00:37:54.05,1.2497,4.1637,C,07/25/2025 11:52:55 AM,0.0000,28.7777,28.4344,28.6465,0.0,0.0
5560,0,8,  0d 01:32:31.51,  0d 00:37:55.05,1.2494,4.1637,C,07/25/2025 11:52:55 AM,0.0000,28.7777,28.4499,28.6620,0.0,0.0
5561,0,8,  0d 01:32:32.51,  0d 00:37:56.05,1.2500,4.1640,C,07/25/2025 11:52:56 AM,0.0000,28.7777,28.4499,28.6620,0.0,0.0
5562,0,8,  0d 01:32:33.51,  0d 00:37:57.05,1.2500,4.1640,C,07/25/2025 11:52:57 AM,0.0000,28.7777,28.4344,28.6620,0.0,0.0
5563,0,8,  0d 01:32:34.51,  0d 00:37:58.05,1.2500,4.1641,C,07/25/2025 11:52:58 AM,0.0000,28.7777,28.4344,28.6465,0.0,0.0
5564,0,8,  0d 01:32:35.51,  0d 00:37:59.05,1.2500,4.1643,C,07/25/2025 11:52:59 AM,0.0000,28.7777,28.4344,28.6465,0.0,0.0
5565,0,8,  0d 01:32:36.51,  0d 00:38:00.05,1.2494,4.1645,C,07/25/2025 11:53:00 AM,0.0000,28.7777,28.4344,28.6465,0.0,0.0
5566,0,8,  0d 01:32:37.51,  0d 00:38:01.05,1.2497,4.1644,C,07/25/2025 11:53:01 AM,0.0000,28.7777,28.4344,28.6465,0.0,0.0
5567,0,8,  0d 01:32:38.51,  0d 00:38:02.05,1.2503,4.1646,C,07/25/2025 11:53:02 AM,0.0000,28.7777,28.4344,28.6465,0.0,0.0
5568,0,8,  0d 01:32:39.51,  0d 00:38:03.05,1.2497,4.1646,C,07/25/2025 11:53:03 AM,0.0000,28.7777,28.4344,28.6465,0.0,0.0
5569,0,8,  0d 01:32:40.51,  0d 00:38:04.05,1.2494,4.1648,C,07/25/2025 11:53:05 AM,0.0000,28.7777,28.4344,28.6465,0.0,0.0
5570,0,8,  0d 01:32:41.51,  0d 00:38:05.05,1.2500,4.1650,C,07/25/2025 11:53:05 AM,0.0000,28.7777,28.4344,28.6465,0.0,0.0
5571,0,8,  0d 01:32:42.51,  0d 00:38:06.05,1.2497,4.1650,C,07/25/2025 11:53:06 AM,0.0000,28.7777,28.4344,28.6465,0.0,0.0
5572,0,8,  0d 01:32:43.51,  0d 00:38:07.05,1.2503,4.1653,C,07/25/2025 11:53:07 AM,0.0000,28.7932,28.4344,28.6465,0.0,0.0
5573,0,8,  0d 01:32:44.51,  0d 00:38:08.05,1.2500,4.1654,C,07/25/2025 11:53:08 AM,0.0000,28.7932,28.4344,28.6465,0.0,0.0
5574,0,8,  0d 01:32:45.51,  0d 00:38:09.05,1.2497,4.1655,C,07/25/2025 11:53:09 AM,0.0000,28.7932,28.4344,28.6465,0.0,0.0
5575,0,8,  0d 01:32:46.51,  0d 00:38:10.05,1.2500,4.1655,C,07/25/2025 11:53:10 AM,0.0000,28.7932,28.4344,28.6465,0.0,0.0
5576,0,8,  0d 01:32:47.51,  0d 00:38:11.05,1.2503,4.1656,C,07/25/2025 11:53:11 AM,0.0000,28.7932,28.4344,28.6465,0.0,0.0
5577,0,8,  0d 01:32:48.51,  0d 00:38:12.05,1.2497,4.1656,C,07/25/2025 11:53:12 AM,0.0000,28.7777,28.4344,28.6465,0.0,0.0
5578,0,8,  0d 01:32:49.51,  0d 00:38:13.05,1.2497,4.1658,C,07/25/2025 11:53:13 AM,0.0000,28.7777,28.4344,28.6465,0.0,0.0
5579,0,8,  0d 01:32:50.51,  0d 00:38:14.05,1.2500,4.1661,C,07/25/2025 11:53:14 AM,0.0000,28.7777,28.4344,28.6465,0.0,0.0
5580,0,8,  0d 01:32:51.51,  0d 00:38:15.05,1.2500,4.1662,C,07/25/2025 11:53:15 AM,0.0000,28.7777,28.4344,28.6465,0.0,0.0
5581,0,8,  0d 01:32:52.51,  0d 00:38:16.05,1.2503,4.1662,C,07/25/2025 11:53:16 AM,0.0000,28.7777,28.4344,28.6465,0.0,0.0
5582,0,8,  0d 01:32:53.51,  0d 00:38:17.05,1.2497,4.1664,C,07/25/2025 11:53:17 AM,0.0000,28.7777,28.4344,28.6465,0.0,0.0
5583,0,8,  0d 01:32:54.51,  0d 00:38:18.05,1.2500,4.1665,C,07/25/2025 11:53:18 AM,0.0000,28.7777,28.4344,28.6465,0.0,0.0
5584,0,8,  0d 01:32:55.51,  0d 00:38:19.05,1.2500,4.1667,C,07/25/2025 11:53:19 AM,0.0000,28.7777,28.4344,28.6465,0.0,0.0
5585,0,8,  0d 01:32:56.51,  0d 00:38:20.05,1.2500,4.1668,C,07/25/2025 11:53:20 AM,0.0000,28.7932,28.4344,28.6465,0.0,0.0
5586,0,8,  0d 01:32:57.51,  0d 00:38:21.05,1.2497,4.1669,C,07/25/2025 11:53:21 AM,0.0000,28.7932,28.4344,28.6465,0.0,0.0
5587,0,8,  0d 01:32:58.51,  0d 00:38:22.05,1.2503,4.1671,C,07/25/2025 11:53:22 AM,0.0000,28.7932,28.4344,28.6465,0.0,0.0
5588,0,8,  0d 01:32:59.51,  0d 00:38:23.05,1.2497,4.1673,C,07/25/2025 11:53:23 AM,0.0000,28.7932,28.4344,28.6465,0.0,0.0
5589,0,8,  0d 01:33:00.51,  0d 00:38:24.05,1.2500,4.1672,C,07/25/2025 11:53:24 AM,0.0000,28.7932,28.4344,28.6465,0.0,0.0
5590,0,8,  0d 01:33:01.51,  0d 00:38:25.05,1.2503,4.1675,C,07/25/2025 11:53:25 AM,0.0000,28.7932,28.4344,28.6465,0.0,0.0
5591,0,8,  0d 01:33:02.51,  0d 00:38:26.05,1.2500,4.1675,C,07/25/2025 11:53:26 AM,0.0000,28.7932,28.4344,28.6620,0.0,0.0
5592,0,8,  0d 01:33:03.51,  0d 00:38:27.05,1.2500,4.1676,C,07/25/2025 11:53:27 AM,0.0000,28.7932,28.4499,28.6620,0.0,0.0
5593,0,8,  0d 01:33:04.51,  0d 00:38:28.05,1.2503,4.1678,C,07/25/2025 11:53:28 AM,0.0000,28.7932,28.4499,28.6620,0.0,0.0
5594,0,8,  0d 01:33:05.51,  0d 00:38:29.05,1.2503,4.1678,C,07/25/2025 11:53:29 AM,0.0000,28.7932,28.4344,28.6620,0.0,0.0
5595,0,8,  0d 01:33:06.51,  0d 00:38:30.05,1.2497,4.1680,C,07/25/2025 11:53:30 AM,0.0000,28.7932,28.4499,28.6620,0.0,0.0
5596,0,8,  0d 01:33:07.51,  0d 00:38:31.05,1.2497,4.1681,C,07/25/2025 11:53:31 AM,0.0000,28.7932,28.4344,28.6620,0.0,0.0
5597,0,8,  0d 01:33:08.51,  0d 00:38:32.05,1.2497,4.1684,C,07/25/2025 11:53:32 AM,0.0000,28.7932,28.4344,28.6620,0.0,0.0
5598,0,8,  0d 01:33:09.51,  0d 00:38:33.05,1.2497,4.1685,C,07/25/2025 11:53:33 AM,0.0000,28.7932,28.4344,28.6465,0.0,0.0
5599,0,8,  0d 01:33:10.51,  0d 00:38:34.05,1.2491,4.1686,C,07/25/2025 11:53:34 AM,0.0000,28.7932,28.4344,28.6465,0.0,0.0
5600,0,8,  0d 01:33:11.51,  0d 00:38:35.05,1.2497,4.1688,C,07/25/2025 11:53:35 AM,0.0000,28.7932,28.4344,28.6465,0.0,0.0
5601,0,8,  0d 01:33:12.51,  0d 00:38:36.05,1.2500,4.1688,C,07/25/2025 11:53:36 AM,0.0000,28.7932,28.4344,28.6465,0.0,0.0
5602,0,8,  0d 01:33:13.51,  0d 00:38:37.05,1.2500,4.1690,C,07/25/2025 11:53:37 AM,0.0000,28.7932,28.4344,28.6465,0.0,0.0
5603,0,8,  0d 01:33:14.51,  0d 00:38:38.05,1.2497,4.1691,C,07/25/2025 11:53:38 AM,0.0000,28.7932,28.4344,28.6465,0.0,0.0
5604,0,8,  0d 01:33:15.51,  0d 00:38:39.05,1.2497,4.1694,C,07/25/2025 11:53:39 AM,0.0000,28.7932,28.4499,28.6465,0.0,0.0
5605,0,8,  0d 01:33:16.51,  0d 00:38:40.05,1.2494,4.1692,C,07/25/2025 11:53:40 AM,0.0000,28.7932,28.4344,28.6465,0.0,0.0
5606,0,8,  0d 01:33:17.51,  0d 00:38:41.05,1.2506,4.1695,C,07/25/2025 11:53:41 AM,0.0000,28.7932,28.4499,28.6465,0.0,0.0
5607,0,8,  0d 01:33:18.51,  0d 00:38:42.05,1.2494,4.1696,C,07/25/2025 11:53:42 AM,0.0000,28.7932,28.4499,28.6620,0.0,0.0
5608,0,8,  0d 01:33:19.51,  0d 00:38:43.05,1.2494,4.1698,C,07/25/2025 11:53:43 AM,0.0000,28.7932,28.4344,28.6620,0.0,0.0
5609,0,8,  0d 01:33:20.51,  0d 00:38:44.05,1.2497,4.1700,C,07/25/2025 11:53:44 AM,0.0000,28.7932,28.4344,28.6620,0.0,0.0
5610,0,8,  0d 01:33:21.51,  0d 00:38:45.05,1.2500,4.1700,C,07/25/2025 11:53:45 AM,0.0000,28.7932,28.4344,28.6620,0.0,0.0
5611,0,8,  0d 01:33:22.51,  0d 00:38:46.05,1.2497,4.1701,C,07/25/2025 11:53:46 AM,0.0000,28.7932,28.4499,28.6465,0.0,0.0
5612,0,8,  0d 01:33:23.51,  0d 00:38:47.05,1.2500,4.1703,C,07/25/2025 11:53:47 AM,0.0000,28.7932,28.4499,28.6465,0.0,0.0
5613,0,8,  0d 01:33:24.51,  0d 00:38:48.05,1.2494,4.1704,C,07/25/2025 11:53:48 AM,0.0000,28.8087,28.4499,28.6465,0.0,0.0
5614,0,8,  0d 01:33:25.51,  0d 00:38:49.05,1.2497,4.1705,C,07/25/2025 11:53:49 AM,0.0000,28.8087,28.4499,28.6465,0.0,0.0
5615,0,8,  0d 01:33:26.51,  0d 00:38:50.05,1.2500,4.1707,C,07/25/2025 11:53:50 AM,0.0000,28.7932,28.4499,28.6620,0.0,0.0
5616,0,8,  0d 01:33:27.51,  0d 00:38:51.05,1.2494,4.1707,C,07/25/2025 11:53:51 AM,0.0000,28.7932,28.4499,28.6620,0.0,0.0
5617,0,8,  0d 01:33:28.51,  0d 00:38:52.05,1.2494,4.1709,C,07/25/2025 11:53:52 AM,0.0000,28.7932,28.4499,28.6620,0.0,0.0
5618,0,8,  0d 01:33:29.51,  0d 00:38:53.05,1.2497,4.1711,C,07/25/2025 11:53:53 AM,0.0000,28.7932,28.4499,28.6620,0.0,0.0
5619,0,8,  0d 01:33:30.51,  0d 00:38:54.05,1.2503,4.1711,C,07/25/2025 11:53:54 AM,0.0000,28.7932,28.4499,28.6620,0.0,0.0
5620,0,8,  0d 01:33:31.51,  0d 00:38:55.05,1.2503,4.1714,C,07/25/2025 11:53:55 AM,0.0000,28.7932,28.4499,28.6620,0.0,0.0
5621,0,8,  0d 01:33:32.51,  0d 00:38:56.05,1.2497,4.1715,C,07/25/2025 11:53:56 AM,0.0000,28.7932,28.4344,28.6620,0.0,0.0
5622,0,8,  0d 01:33:33.51,  0d 00:38:57.05,1.2500,4.1717,C,07/25/2025 11:53:57 AM,0.0000,28.7932,28.4344,28.6620,0.0,0.0
5623,0,8,  0d 01:33:34.51,  0d 00:38:58.05,1.2500,4.1718,C,07/25/2025 11:53:58 AM,0.0000,28.7932,28.4344,28.6620,0.0,0.0
5624,0,8,  0d 01:33:35.51,  0d 00:38:59.05,1.2497,4.1719,C,07/25/2025 11:53:59 AM,0.0000,28.7932,28.4344,28.6620,0.0,0.0
5625,0,8,  0d 01:33:36.51,  0d 00:39:00.05,1.2497,4.1722,C,07/25/2025 11:54:00 AM,0.0000,28.7932,28.4499,28.6620,0.0,0.0
5626,0,8,  0d 01:33:37.51,  0d 00:39:01.05,1.2497,4.1723,C,07/25/2025 11:54:01 AM,0.0000,28.7932,28.4499,28.6620,0.0,0.0
5627,0,8,  0d 01:33:38.51,  0d 00:39:02.05,1.2497,4.1724,C,07/25/2025 11:54:02 AM,0.0000,28.7932,28.4499,28.6620,0.0,0.0
5628,0,8,  0d 01:33:39.51,  0d 00:39:03.05,1.2500,4.1724,C,07/25/2025 11:54:03 AM,0.0000,28.7932,28.4499,28.6620,0.0,0.0
5629,0,8,  0d 01:33:40.51,  0d 00:39:04.05,1.2497,4.1726,C,07/25/2025 11:54:04 AM,0.0000,28.8087,28.4499,28.6620,0.0,0.0
5630,0,8,  0d 01:33:41.51,  0d 00:39:05.05,1.2500,4.1727,C,07/25/2025 11:54:06 AM,0.0000,28.7932,28.4499,28.6620,0.0,0.0
5631,0,8,  0d 01:33:42.51,  0d 00:39:06.05,1.2494,4.1729,C,07/25/2025 11:54:06 AM,0.0000,28.7932,28.4499,28.6620,0.0,0.0
5632,0,8,  0d 01:33:43.51,  0d 00:39:07.05,1.2494,4.1730,C,07/25/2025 11:54:07 AM,0.0000,28.7932,28.4499,28.6620,0.0,0.0
5633,0,8,  0d 01:33:44.51,  0d 00:39:08.05,1.2500,4.1732,C,07/25/2025 11:54:08 AM,0.0000,28.7932,28.4499,28.6620,0.0,0.0
5634,0,8,  0d 01:33:45.51,  0d 00:39:09.05,1.2497,4.1733,C,07/25/2025 11:54:09 AM,0.0000,28.7932,28.4499,28.6620,0.0,0.0
5635,0,8,  0d 01:33:46.51,  0d 00:39:10.05,1.2500,4.1735,C,07/25/2025 11:54:10 AM,0.0000,28.8087,28.4499,28.6620,0.0,0.0
5636,0,8,  0d 01:33:47.51,  0d 00:39:11.05,1.2503,4.1736,C,07/25/2025 11:54:11 AM,0.0000,28.8087,28.4499,28.6620,0.0,0.0
5637,0,8,  0d 01:33:48.51,  0d 00:39:12.05,1.2500,4.1738,C,07/25/2025 11:54:12 AM,0.0000,28.7932,28.4499,28.6620,0.0,0.0
5638,0,8,  0d 01:33:49.51,  0d 00:39:13.05,1.2500,4.1740,C,07/25/2025 11:54:13 AM,0.0000,28.8087,28.4499,28.6620,0.0,0.0
5639,0,8,  0d 01:33:50.51,  0d 00:39:14.05,1.2497,4.1740,C,07/25/2025 11:54:14 AM,0.0000,28.7932,28.4344,28.6620,0.0,0.0
5640,0,8,  0d 01:33:51.51,  0d 00:39:15.05,1.2497,4.1743,C,07/25/2025 11:54:16 AM,0.0000,28.7932,28.4344,28.6620,0.0,0.0
5641,0,8,  0d 01:33:52.51,  0d 00:39:16.05,1.2500,4.1744,C,07/25/2025 11:54:16 AM,0.0000,28.7932,28.4344,28.6620,0.0,0.0
5642,0,8,  0d 01:33:53.51,  0d 00:39:17.05,1.2506,4.1746,C,07/25/2025 11:54:17 AM,0.0000,28.7932,28.4344,28.6620,0.0,0.0
5643,0,8,  0d 01:33:54.51,  0d 00:39:18.05,1.2503,4.1746,C,07/25/2025 11:54:18 AM,0.0000,28.7932,28.4344,28.6620,0.0,0.0
5644,0,8,  0d 01:33:55.51,  0d 00:39:19.05,1.2497,4.1749,C,07/25/2025 11:54:19 AM,0.0000,28.7932,28.4344,28.6620,0.0,0.0
5645,0,8,  0d 01:33:56.51,  0d 00:39:20.05,1.2497,4.1750,C,07/25/2025 11:54:20 AM,0.0000,28.7932,28.4344,28.6620,0.0,0.0
5646,0,8,  0d 01:33:57.51,  0d 00:39:21.05,1.2500,4.1752,C,07/25/2025 11:54:21 AM,0.0000,28.7932,28.4499,28.6620,0.0,0.0
5647,0,8,  0d 01:33:58.51,  0d 00:39:22.05,1.2497,4.1754,C,07/25/2025 11:54:22 AM,0.0000,28.7932,28.4499,28.6620,0.0,0.0
5648,0,8,  0d 01:33:59.51,  0d 00:39:23.05,1.2494,4.1755,C,07/25/2025 11:54:23 AM,0.0000,28.7932,28.4344,28.6620,0.0,0.0
5649,0,8,  0d 01:34:00.51,  0d 00:39:24.05,1.2500,4.1756,C,07/25/2025 11:54:24 AM,0.0000,28.7932,28.4344,28.6465,0.0,0.0
5650,0,8,  0d 01:34:01.51,  0d 00:39:25.05,1.2503,4.1757,C,07/25/2025 11:54:25 AM,0.0000,28.7932,28.4344,28.6620,0.0,0.0
5651,0,8,  0d 01:34:02.51,  0d 00:39:26.05,1.2500,4.1758,C,07/25/2025 11:54:26 AM,0.0000,28.7932,28.4344,28.6620,0.0,0.0
5652,0,8,  0d 01:34:03.51,  0d 00:39:27.05,1.2497,4.1761,C,07/25/2025 11:54:27 AM,0.0000,28.7932,28.4499,28.6620,0.0,0.0
5653,0,8,  0d 01:34:04.51,  0d 00:39:28.05,1.2497,4.1760,C,07/25/2025 11:54:28 AM,0.0000,28.7932,28.4499,28.6620,0.0,0.0
5654,0,8,  0d 01:34:05.51,  0d 00:39:29.05,1.2503,4.1764,C,07/25/2025 11:54:29 AM,0.0000,28.7932,28.4499,28.6620,0.0,0.0
5655,0,8,  0d 01:34:06.51,  0d 00:39:30.05,1.2500,4.1765,C,07/25/2025 11:54:30 AM,0.0000,28.7932,28.4344,28.6465,0.0,0.0
5656,0,8,  0d 01:34:07.51,  0d 00:39:31.05,1.2503,4.1767,C,07/25/2025 11:54:31 AM,0.0000,28.7932,28.4344,28.6465,0.0,0.0
5657,0,8,  0d 01:34:08.51,  0d 00:39:32.05,1.2497,4.1768,C,07/25/2025 11:54:32 AM,0.0000,28.7932,28.4344,28.6620,0.0,0.0
5658,0,8,  0d 01:34:09.51,  0d 00:39:33.05,1.2503,4.1770,C,07/25/2025 11:54:33 AM,0.0000,28.7932,28.4344,28.6465,0.0,0.0
5659,0,8,  0d 01:34:10.51,  0d 00:39:34.05,1.2497,4.1772,C,07/25/2025 11:54:34 AM,0.0000,28.7932,28.4344,28.6465,0.0,0.0
5660,0,8,  0d 01:34:11.51,  0d 00:39:35.05,1.2497,4.1772,C,07/25/2025 11:54:35 AM,0.0000,28.7932,28.4344,28.6465,0.0,0.0
5661,0,8,  0d 01:34:12.51,  0d 00:39:36.05,1.2497,4.1775,C,07/25/2025 11:54:36 AM,0.0000,28.7932,28.4344,28.6465,0.0,0.0
5662,0,8,  0d 01:34:13.51,  0d 00:39:37.05,1.2500,4.1777,C,07/25/2025 11:54:37 AM,0.0000,28.7932,28.4344,28.6465,0.0,0.0
5663,0,8,  0d 01:34:14.51,  0d 00:39:38.05,1.2500,4.1778,C,07/25/2025 11:54:38 AM,0.0000,28.7777,28.4344,28.6620,0.0,0.0
5664,0,8,  0d 01:34:15.51,  0d 00:39:39.05,1.2506,4.1780,C,07/25/2025 11:54:39 AM,0.0000,28.7777,28.4344,28.6620,0.0,0.0
5665,0,8,  0d 01:34:16.51,  0d 00:39:40.05,1.2494,4.1782,C,07/25/2025 11:54:40 AM,0.0000,28.7932,28.4344,28.6620,0.0,0.0
5666,0,8,  0d 01:34:17.51,  0d 00:39:41.05,1.2500,4.1783,C,07/25/2025 11:54:41 AM,0.0000,28.7932,28.4344,28.6465,0.0,0.0
5667,0,8,  0d 01:34:18.51,  0d 00:39:42.05,1.2500,4.1785,C,07/25/2025 11:54:42 AM,0.0000,28.7932,28.4344,28.6465,0.0,0.0
5668,0,8,  0d 01:34:19.51,  0d 00:39:43.05,1.2500,4.1785,C,07/25/2025 11:54:43 AM,0.0000,28.7932,28.4344,28.6465,0.0,0.0
5669,0,8,  0d 01:34:20.51,  0d 00:39:44.05,1.2497,4.1788,C,07/25/2025 11:54:44 AM,0.0000,28.7932,28.4344,28.6465,0.0,0.0
5670,0,8,  0d 01:34:21.51,  0d 00:39:45.05,1.2503,4.1790,C,07/25/2025 11:54:45 AM,0.0000,28.7777,28.4344,28.6465,0.0,0.0
5671,0,8,  0d 01:34:22.51,  0d 00:39:46.05,1.2497,4.1791,C,07/25/2025 11:54:46 AM,0.0000,28.7777,28.4344,28.6465,0.0,0.0
5672,0,8,  0d 01:34:23.51,  0d 00:39:47.05,1.2494,4.1793,C,07/25/2025 11:54:47 AM,0.0000,28.7777,28.4344,28.6465,0.0,0.0
5673,0,8,  0d 01:34:24.51,  0d 00:39:48.05,1.2500,4.1794,C,07/25/2025 11:54:48 AM,0.0000,28.7777,28.4344,28.6465,0.0,0.0
5674,0,8,  0d 01:34:25.51,  0d 00:39:49.05,1.2503,4.1795,C,07/25/2025 11:54:49 AM,0.0000,28.7932,28.4344,28.6465,0.0,0.0
5675,0,8,  0d 01:34:26.51,  0d 00:39:50.05,1.2500,4.1798,C,07/25/2025 11:54:50 AM,0.0000,28.7777,28.4344,28.6465,0.0,0.0
5676,0,8,  0d 01:34:27.51,  0d 00:39:51.05,1.2500,4.1799,C,07/25/2025 11:54:51 AM,0.0000,28.7777,28.4344,28.6465,0.0,0.0
5677,0,8,  0d 01:34:28.51,  0d 00:39:52.05,1.2497,4.1801,C,07/25/2025 11:54:52 AM,0.0000,28.7777,28.4344,28.6465,0.0,0.0
5678,0,8,  0d 01:34:29.51,  0d 00:39:53.05,1.2497,4.1804,C,07/25/2025 11:54:53 AM,0.0000,28.7932,28.4344,28.6465,0.0,0.0
5679,0,8,  0d 01:34:30.51,  0d 00:39:54.05,1.2506,4.1806,C,07/25/2025 11:54:54 AM,0.0000,28.7932,28.4344,28.6465,0.0,0.0
5680,0,8,  0d 01:34:31.51,  0d 00:39:55.05,1.2503,4.1807,C,07/25/2025 11:54:55 AM,0.0000,28.7932,28.4344,28.6465,0.0,0.0
5681,0,8,  0d 01:34:32.51,  0d 00:39:56.05,1.2503,4.1807,C,07/25/2025 11:54:56 AM,0.0000,28.7932,28.4344,28.6465,0.0,0.0
5682,0,8,  0d 01:34:33.51,  0d 00:39:57.05,1.2497,4.1810,C,07/25/2025 11:54:57 AM,0.0000,28.7932,28.4344,28.6465,0.0,0.0
5683,0,8,  0d 01:34:34.51,  0d 00:39:58.05,1.2497,4.1810,C,07/25/2025 11:54:58 AM,0.0000,28.7777,28.4344,28.6465,0.0,0.0
5684,0,8,  0d 01:34:35.51,  0d 00:39:59.05,1.2500,4.1814,C,07/25/2025 11:54:59 AM,0.0000,28.7777,28.4344,28.6465,0.0,0.0
5685,0,8,  0d 01:34:36.51,  0d 00:40:00.05,1.2500,4.1816,C,07/25/2025 11:55:00 AM,0.0000,28.7932,28.4344,28.6465,0.0,0.0
5686,0,8,  0d 01:34:37.51,  0d 00:40:01.05,1.2500,4.1817,C,07/25/2025 11:55:01 AM,0.0000,28.7932,28.4344,28.6465,0.0,0.0
5687,0,8,  0d 01:34:38.51,  0d 00:40:02.05,1.2500,4.1818,C,07/25/2025 11:55:02 AM,0.0000,28.7932,28.4344,28.6465,0.0,0.0
5688,0,8,  0d 01:34:39.51,  0d 00:40:03.05,1.2500,4.1820,C,07/25/2025 11:55:03 AM,0.0000,28.7932,28.4344,28.6465,0.0,0.0
5689,0,8,  0d 01:34:40.51,  0d 00:40:04.05,1.2503,4.1823,C,07/25/2025 11:55:04 AM,0.0000,28.7932,28.4344,28.6465,0.0,0.0
5690,0,8,  0d 01:34:41.51,  0d 00:40:05.05,1.2497,4.1823,C,07/25/2025 11:55:05 AM,0.0000,28.7932,28.4344,28.6465,0.0,0.0
5691,0,8,  0d 01:34:42.51,  0d 00:40:06.05,1.2497,4.1824,C,07/25/2025 11:55:06 AM,0.0000,28.7932,28.4344,28.6465,0.0,0.0
5692,0,8,  0d 01:34:43.51,  0d 00:40:07.05,1.2497,4.1827,C,07/25/2025 11:55:07 AM,0.0000,28.7777,28.4344,28.6465,0.0,0.0
5693,0,8,  0d 01:34:44.51,  0d 00:40:08.05,1.2497,4.1830,C,07/25/2025 11:55:08 AM,0.0000,28.7777,28.4344,28.6620,0.0,0.0
5694,0,8,  0d 01:34:45.51,  0d 00:40:09.05,1.2503,4.1830,C,07/25/2025 11:55:09 AM,0.0000,28.7932,28.4344,28.6620,0.0,0.0
5695,0,8,  0d 01:34:46.51,  0d 00:40:10.05,1.2500,4.1833,C,07/25/2025 11:55:10 AM,0.0000,28.7932,28.4344,28.6465,0.0,0.0
5696,0,8,  0d 01:34:47.51,  0d 00:40:11.05,1.2500,4.1833,C,07/25/2025 11:55:11 AM,0.0000,28.7932,28.4344,28.6465,0.0,0.0
5697,0,8,  0d 01:34:48.51,  0d 00:40:12.05,1.2506,4.1836,C,07/25/2025 11:55:12 AM,0.0000,28.7932,28.4344,28.6465,0.0,0.0
5698,0,8,  0d 01:34:49.51,  0d 00:40:13.05,1.2500,4.1839,C,07/25/2025 11:55:13 AM,0.0000,28.7932,28.4344,28.6465,0.0,0.0
5699,0,8,  0d 01:34:50.51,  0d 00:40:14.05,1.2497,4.1839,C,07/25/2025 11:55:14 AM,0.0000,28.7932,28.4344,28.6465,0.0,0.0
5700,0,8,  0d 01:34:51.51,  0d 00:40:15.05,1.2497,4.1841,C,07/25/2025 11:55:15 AM,0.0000,28.7932,28.4344,28.6465,0.0,0.0
5701,0,8,  0d 01:34:52.51,  0d 00:40:16.05,1.2500,4.1842,C,07/25/2025 11:55:17 AM,0.0000,28.7932,28.4344,28.6465,0.0,0.0
5702,0,8,  0d 01:34:53.51,  0d 00:40:17.05,1.2500,4.1845,C,07/25/2025 11:55:17 AM,0.0000,28.7932,28.4344,28.6465,0.0,0.0
5703,0,8,  0d 01:34:54.51,  0d 00:40:18.05,1.2500,4.1846,C,07/25/2025 11:55:18 AM,0.0000,28.8087,28.4344,28.6620,0.0,0.0
5704,0,8,  0d 01:34:55.51,  0d 00:40:19.05,1.2503,4.1849,C,07/25/2025 11:55:19 AM,0.0000,28.7932,28.4344,28.6465,0.0,0.0
5705,0,8,  0d 01:34:56.51,  0d 00:40:20.05,1.2503,4.1850,C,07/25/2025 11:55:20 AM,0.0000,28.7932,28.4344,28.6465,0.0,0.0
5706,0,8,  0d 01:34:57.51,  0d 00:40:21.05,1.2503,4.1852,C,07/25/2025 11:55:21 AM,0.0000,28.7932,28.4344,28.6465,0.0,0.0
5707,0,8,  0d 01:34:58.51,  0d 00:40:22.05,1.2500,4.1854,C,07/25/2025 11:55:22 AM,0.0000,28.7932,28.4344,28.6465,0.0,0.0
5708,0,8,  0d 01:34:59.51,  0d 00:40:23.05,1.2500,4.1856,C,07/25/2025 11:55:23 AM,0.0000,28.7932,28.4499,28.6620,0.0,0.0
5709,0,8,  0d 01:35:00.51,  0d 00:40:24.05,1.2506,4.1859,C,07/25/2025 11:55:24 AM,0.0000,28.7932,28.4499,28.6465,0.0,0.0
5710,0,8,  0d 01:35:01.51,  0d 00:40:25.05,1.2503,4.1860,C,07/25/2025 11:55:25 AM,0.0000,28.7932,28.4344,28.6465,0.0,0.0
5711,0,8,  0d 01:35:02.51,  0d 00:40:26.05,1.2497,4.1862,C,07/25/2025 11:55:27 AM,0.0000,28.7932,28.4344,28.6465,0.0,0.0
5712,0,8,  0d 01:35:03.51,  0d 00:40:27.05,1.2494,4.1864,C,07/25/2025 11:55:27 AM,0.0000,28.7932,28.4344,28.6465,0.0,0.0
5713,0,8,  0d 01:35:04.51,  0d 00:40:28.05,1.2503,4.1865,C,07/25/2025 11:55:28 AM,0.0000,28.7932,28.4344,28.6620,0.0,0.0
5714,0,8,  0d 01:35:05.51,  0d 00:40:29.05,1.2500,4.1867,C,07/25/2025 11:55:29 AM,0.0000,28.7932,28.4344,28.6620,0.0,0.0
5715,0,8,  0d 01:35:06.51,  0d 00:40:30.05,1.2497,4.1868,C,07/25/2025 11:55:30 AM,0.0000,28.7932,28.4344,28.6620,0.0,0.0
5716,0,8,  0d 01:35:07.51,  0d 00:40:31.05,1.2497,4.1871,C,07/25/2025 11:55:31 AM,0.0000,28.7932,28.4344,28.6465,0.0,0.0
5717,0,8,  0d 01:35:08.51,  0d 00:40:32.05,1.2500,4.1872,C,07/25/2025 11:55:32 AM,0.0000,28.7932,28.4344,28.6465,0.0,0.0
5718,0,8,  0d 01:35:09.51,  0d 00:40:33.05,1.2500,4.1874,C,07/25/2025 11:55:33 AM,0.0000,28.7932,28.4344,28.6465,0.0,0.0
5719,0,8,  0d 01:35:10.51,  0d 00:40:34.05,1.2500,4.1877,C,07/25/2025 11:55:34 AM,0.0000,28.7932,28.4344,28.6465,0.0,0.0
5720,0,8,  0d 01:35:11.51,  0d 00:40:35.05,1.2500,4.1880,C,07/25/2025 11:55:35 AM,0.0000,28.7932,28.4344,28.6465,0.0,0.0
5721,0,8,  0d 01:35:12.51,  0d 00:40:36.05,1.2500,4.1881,C,07/25/2025 11:55:36 AM,0.0000,28.7932,28.4344,28.6465,0.0,0.0
5722,0,8,  0d 01:35:13.51,  0d 00:40:37.05,1.2500,4.1881,C,07/25/2025 11:55:37 AM,0.0000,28.7932,28.4344,28.6465,0.0,0.0
5723,0,8,  0d 01:35:14.51,  0d 00:40:38.05,1.2503,4.1885,C,07/25/2025 11:55:38 AM,0.0000,28.7932,28.4344,28.6465,0.0,0.0
5724,0,8,  0d 01:35:15.51,  0d 00:40:39.05,1.2500,4.1886,C,07/25/2025 11:55:39 AM,0.0000,28.7932,28.4344,28.6465,0.0,0.0
5725,0,8,  0d 01:35:16.51,  0d 00:40:40.05,1.2497,4.1888,C,07/25/2025 11:55:40 AM,0.0000,28.7932,28.4344,28.6465,0.0,0.0
5726,0,8,  0d 01:35:17.51,  0d 00:40:41.05,1.2491,4.1891,C,07/25/2025 11:55:41 AM,0.0000,28.7932,28.4344,28.6465,0.0,0.0
5727,0,8,  0d 01:35:18.51,  0d 00:40:42.05,1.2500,4.1892,C,07/25/2025 11:55:42 AM,0.0000,28.7932,28.4344,28.6465,0.0,0.0
5728,0,8,  0d 01:35:19.51,  0d 00:40:43.05,1.2503,4.1894,C,07/25/2025 11:55:43 AM,0.0000,28.7932,28.4344,28.6465,0.0,0.0
5729,0,8,  0d 01:35:20.51,  0d 00:40:44.05,1.2500,4.1896,C,07/25/2025 11:55:44 AM,0.0000,28.7777,28.4344,28.6465,0.0,0.0
5730,0,8,  0d 01:35:21.51,  0d 00:40:45.05,1.2500,4.1899,C,07/25/2025 11:55:45 AM,0.0000,28.7932,28.4344,28.6465,0.0,0.0
5731,0,8,  0d 01:35:22.51,  0d 00:40:46.05,1.2503,4.1900,C,07/25/2025 11:55:46 AM,0.0000,28.7932,28.4344,28.6465,0.0,0.0
5732,0,8,  0d 01:35:23.51,  0d 00:40:47.05,1.2503,4.1904,C,07/25/2025 11:55:47 AM,0.0000,28.7932,28.4344,28.6465,0.0,0.0
5733,0,8,  0d 01:35:24.51,  0d 00:40:48.05,1.2500,4.1905,C,07/25/2025 11:55:48 AM,0.0000,28.7932,28.4499,28.6620,0.0,0.0
5734,0,8,  0d 01:35:25.51,  0d 00:40:49.05,1.2497,4.1906,C,07/25/2025 11:55:49 AM,0.0000,28.8087,28.4344,28.6620,0.0,0.0
5735,0,8,  0d 01:35:26.51,  0d 00:40:50.05,1.2500,4.1908,C,07/25/2025 11:55:50 AM,0.0000,28.8087,28.4344,28.6620,0.0,0.0
5736,0,8,  0d 01:35:27.51,  0d 00:40:51.05,1.2497,4.1910,C,07/25/2025 11:55:51 AM,0.0000,28.7932,28.4344,28.6620,0.0,0.0
5737,0,8,  0d 01:35:28.51,  0d 00:40:52.05,1.2500,4.1912,C,07/25/2025 11:55:52 AM,0.0000,28.7932,28.4344,28.6620,0.0,0.0
5738,0,8,  0d 01:35:29.51,  0d 00:40:53.05,1.2497,4.1915,C,07/25/2025 11:55:53 AM,0.0000,28.7932,28.4344,28.6620,0.0,0.0
5739,0,8,  0d 01:35:30.51,  0d 00:40:54.05,1.2503,4.1918,C,07/25/2025 11:55:54 AM,0.0000,28.7932,28.4344,28.6620,0.0,0.0
5740,0,8,  0d 01:35:31.51,  0d 00:40:55.05,1.2503,4.1920,C,07/25/2025 11:55:55 AM,0.0000,28.7932,28.4499,28.6620,0.0,0.0
5741,0,8,  0d 01:35:32.51,  0d 00:40:56.05,1.2506,4.1921,C,07/25/2025 11:55:56 AM,0.0000,28.7932,28.4499,28.6620,0.0,0.0
5742,0,8,  0d 01:35:33.51,  0d 00:40:57.05,1.2500,4.1923,C,07/25/2025 11:55:57 AM,0.0000,28.7932,28.4499,28.6620,0.0,0.0
5743,0,8,  0d 01:35:34.51,  0d 00:40:58.05,1.2497,4.1924,C,07/25/2025 11:55:58 AM,0.0000,28.7932,28.4344,28.6465,0.0,0.0
5744,0,8,  0d 01:35:35.51,  0d 00:40:59.05,1.2497,4.1926,C,07/25/2025 11:55:59 AM,0.0000,28.7932,28.4344,28.6465,0.0,0.0
5745,0,8,  0d 01:35:36.51,  0d 00:41:00.05,1.2494,4.1929,C,07/25/2025 11:56:00 AM,0.0000,28.7932,28.4344,28.6620,0.0,0.0
5746,0,8,  0d 01:35:37.51,  0d 00:41:01.05,1.2497,4.1933,C,07/25/2025 11:56:01 AM,0.0000,28.7932,28.4344,28.6465,0.0,0.0
5747,0,8,  0d 01:35:38.51,  0d 00:41:02.05,1.2503,4.1933,C,07/25/2025 11:56:02 AM,0.0000,28.7932,28.4344,28.6620,0.0,0.0
5748,0,8,  0d 01:35:39.51,  0d 00:41:03.05,1.2500,4.1937,C,07/25/2025 11:56:03 AM,0.0000,28.7932,28.4344,28.6620,0.0,0.0
5749,0,8,  0d 01:35:40.51,  0d 00:41:04.05,1.2500,4.1938,C,07/25/2025 11:56:04 AM,0.0000,28.7932,28.4499,28.6465,0.0,0.0
5750,0,8,  0d 01:35:41.51,  0d 00:41:05.05,1.2500,4.1939,C,07/25/2025 11:56:05 AM,0.0000,28.7932,28.4499,28.6465,0.0,0.0
5751,0,8,  0d 01:35:42.51,  0d 00:41:06.05,1.2494,4.1941,C,07/25/2025 11:56:06 AM,0.0000,28.7932,28.4499,28.6620,0.0,0.0
5752,0,8,  0d 01:35:43.51,  0d 00:41:07.05,1.2503,4.1945,C,07/25/2025 11:56:07 AM,0.0000,28.7932,28.4499,28.6620,0.0,0.0
5753,0,8,  0d 01:35:44.51,  0d 00:41:08.05,1.2497,4.1947,C,07/25/2025 11:56:08 AM,0.0000,28.7932,28.4499,28.6620,0.0,0.0
5754,0,8,  0d 01:35:45.51,  0d 00:41:09.05,1.2500,4.1949,C,07/25/2025 11:56:09 AM,0.0000,28.7932,28.4499,28.6620,0.0,0.0
5755,0,8,  0d 01:35:46.51,  0d 00:41:10.05,1.2500,4.1950,C,07/25/2025 11:56:10 AM,0.0000,28.7932,28.4499,28.6620,0.0,0.0
5756,0,8,  0d 01:35:47.51,  0d 00:41:11.05,1.2497,4.1953,C,07/25/2025 11:56:11 AM,0.0000,28.7932,28.4344,28.6620,0.0,0.0
5757,0,8,  0d 01:35:48.51,  0d 00:41:12.05,1.2497,4.1955,C,07/25/2025 11:56:12 AM,0.0000,28.7932,28.4344,28.6620,0.0,0.0
5758,0,8,  0d 01:35:49.51,  0d 00:41:13.05,1.2497,4.1958,C,07/25/2025 11:56:13 AM,0.0000,28.7932,28.4344,28.6620,0.0,0.0
5759,0,8,  0d 01:35:50.51,  0d 00:41:14.05,1.2497,4.1960,C,07/25/2025 11:56:14 AM,0.0000,28.7932,28.4499,28.6620,0.0,0.0
5760,0,8,  0d 01:35:51.51,  0d 00:41:15.05,1.2503,4.1963,C,07/25/2025 11:56:15 AM,0.0000,28.7932,28.4499,28.6620,0.0,0.0
5761,0,8,  0d 01:35:52.51,  0d 00:41:16.05,1.2500,4.1965,C,07/25/2025 11:56:16 AM,0.0000,28.7932,28.4499,28.6620,0.0,0.0
5762,0,8,  0d 01:35:53.51,  0d 00:41:17.05,1.2500,4.1966,C,07/25/2025 11:56:17 AM,0.0000,28.7932,28.4499,28.6620,0.0,0.0
5763,0,8,  0d 01:35:54.51,  0d 00:41:18.05,1.2503,4.1968,C,07/25/2025 11:56:18 AM,0.0000,28.7932,28.4499,28.6620,0.0,0.0
5764,0,8,  0d 01:35:55.51,  0d 00:41:19.05,1.2497,4.1971,C,07/25/2025 11:56:19 AM,0.0000,28.7932,28.4499,28.6620,0.0,0.0
5765,0,8,  0d 01:35:56.51,  0d 00:41:20.05,1.2497,4.1975,C,07/25/2025 11:56:20 AM,0.0000,28.7932,28.4499,28.6620,0.0,0.0
5766,0,8,  0d 01:35:57.51,  0d 00:41:21.05,1.2500,4.1976,C,07/25/2025 11:56:21 AM,0.0000,28.7932,28.4344,28.6620,0.0,0.0
5767,0,8,  0d 01:35:58.51,  0d 00:41:22.05,1.2494,4.1978,C,07/25/2025 11:56:22 AM,0.0000,28.8087,28.4344,28.6465,0.0,0.0
5768,0,8,  0d 01:35:59.51,  0d 00:41:23.05,1.2497,4.1980,C,07/25/2025 11:56:23 AM,0.0000,28.8087,28.4344,28.6465,0.0,0.0
5769,0,8,  0d 01:36:00.51,  0d 00:41:24.05,1.2497,4.1982,C,07/25/2025 11:56:24 AM,0.0000,28.7932,28.4344,28.6465,0.0,0.0
5770,0,8,  0d 01:36:01.51,  0d 00:41:25.05,1.2497,4.1984,C,07/25/2025 11:56:25 AM,0.0000,28.7932,28.4499,28.6465,0.0,0.0
5771,0,8,  0d 01:36:02.51,  0d 00:41:26.05,1.2500,4.1988,C,07/25/2025 11:56:26 AM,0.0000,28.7932,28.4499,28.6465,0.0,0.0
5772,0,8,  0d 01:36:03.51,  0d 00:41:27.05,1.2500,4.1990,C,07/25/2025 11:56:28 AM,0.0000,28.7932,28.4499,28.6620,0.0,0.0
5773,0,8,  0d 01:36:04.51,  0d 00:41:28.05,1.2494,4.1992,C,07/25/2025 11:56:28 AM,0.0000,28.7932,28.4499,28.6620,0.0,0.0
5774,0,8,  0d 01:36:05.51,  0d 00:41:29.05,1.2494,4.1994,C,07/25/2025 11:56:29 AM,0.0000,28.7932,28.4344,28.6620,0.0,0.0
5775,0,8,  0d 01:36:06.51,  0d 00:41:30.05,1.2494,4.1996,C,07/25/2025 11:56:30 AM,0.0000,28.7932,28.4344,28.6620,0.0,0.0
5776,0,8,  0d 01:36:07.51,  0d 00:41:31.05,1.2500,4.1998,C,07/25/2025 11:56:31 AM,0.0000,28.7932,28.4344,28.6620,0.0,0.0
5777,0,8,  0d 01:36:08.51,  0d 00:41:32.05,1.2448,4.2000,C,07/25/2025 11:56:32 AM,0.0000,28.7932,28.4344,28.6620,0.0,0.0
5778,0,8,  0d 01:36:09.51,  0d 00:41:33.05,1.2332,4.2000,C,07/25/2025 11:56:33 AM,0.0000,28.7932,28.4499,28.6620,0.0,0.0
5779,0,8,  0d 01:36:10.51,  0d 00:41:34.05,1.2222,4.1998,C,07/25/2025 11:56:34 AM,0.0000,28.7932,28.4499,28.6620,0.0,0.0
5780,0,8,  0d 01:36:11.51,  0d 00:41:35.05,1.2128,4.2000,C,07/25/2025 11:56:35 AM,0.0000,28.7932,28.4499,28.6620,0.0,0.0
5781,0,8,  0d 01:36:12.51,  0d 00:41:36.05,1.2030,4.2000,C,07/25/2025 11:56:36 AM,0.0000,28.7932,28.4499,28.6620,0.0,0.0
5782,0,8,  0d 01:36:13.51,  0d 00:41:37.05,1.1930,4.2000,C,07/25/2025 11:56:38 AM,0.0000,28.7932,28.4499,28.6620,0.0,0.0
5783,0,8,  0d 01:36:14.51,  0d 00:41:38.05,1.1835,4.2000,C,07/25/2025 11:56:38 AM,0.0000,28.7932,28.4499,28.6620,0.0,0.0
5784,0,8,  0d 01:36:15.51,  0d 00:41:39.05,1.1728,4.2000,C,07/25/2025 11:56:39 AM,0.0000,28.7932,28.4499,28.6620,0.0,0.0
5785,0,8,  0d 01:36:16.51,  0d 00:41:40.05,1.1649,4.1999,C,07/25/2025 11:56:40 AM,0.0000,28.7932,28.4499,28.6620,0.0,0.0
5786,0,8,  0d 01:36:17.51,  0d 00:41:41.05,1.1566,4.2000,C,07/25/2025 11:56:41 AM,0.0000,28.7932,28.4499,28.6620,0.0,0.0
5787,0,8,  0d 01:36:18.51,  0d 00:41:42.05,1.1478,4.2000,C,07/25/2025 11:56:42 AM,0.0000,28.7932,28.4499,28.6620,0.0,0.0
5788,0,8,  0d 01:36:19.51,  0d 00:41:43.05,1.1429,4.2001,C,07/25/2025 11:56:43 AM,0.0000,28.7932,28.4499,28.6620,0.0,0.0
5789,0,8,  0d 01:36:20.51,  0d 00:41:44.05,1.1328,4.2000,C,07/25/2025 11:56:44 AM,0.0000,28.7932,28.4499,28.6620,0.0,0.0
5790,0,8,  0d 01:36:21.51,  0d 00:41:45.05,1.1255,4.2001,C,07/25/2025 11:56:45 AM,0.0000,28.7932,28.4499,28.6620,0.0,0.0
5791,0,8,  0d 01:36:22.51,  0d 00:41:46.05,1.1200,4.1999,C,07/25/2025 11:56:46 AM,0.0000,28.8087,28.4499,28.6620,0.0,0.0
5792,0,8,  0d 01:36:23.51,  0d 00:41:47.05,1.1124,4.1999,C,07/25/2025 11:56:47 AM,0.0000,28.7932,28.4499,28.6620,0.0,0.0
5793,0,8,  0d 01:36:24.51,  0d 00:41:48.05,1.1054,4.1999,C,07/25/2025 11:56:48 AM,0.0000,28.7932,28.4499,28.6620,0.0,0.0
5794,0,8,  0d 01:36:25.51,  0d 00:41:49.05,1.0971,4.2000,C,07/25/2025 11:56:49 AM,0.0000,28.7932,28.4344,28.6620,0.0,0.0
5795,0,8,  0d 01:36:26.51,  0d 00:41:50.05,1.0944,4.2000,C,07/25/2025 11:56:50 AM,0.0000,28.7932,28.4344,28.6620,0.0,0.0
5796,0,8,  0d 01:36:27.51,  0d 00:41:51.05,1.0822,4.2001,C,07/25/2025 11:56:51 AM,0.0000,28.8087,28.4499,28.6620,0.0,0.0
5797,0,8,  0d 01:36:28.51,  0d 00:41:52.05,1.0785,4.1999,C,07/25/2025 11:56:52 AM,0.0000,28.8087,28.4499,28.6620,0.0,0.0
5798,0,8,  0d 01:36:29.51,  0d 00:41:53.05,1.0709,4.1999,C,07/25/2025 11:56:53 AM,0.0000,28.8087,28.4499,28.6620,0.0,0.0
5799,0,8,  0d 01:36:30.51,  0d 00:41:54.05,1.0672,4.2000,C,07/25/2025 11:56:54 AM,0.0000,28.8087,28.4499,28.6620,0.0,0.0
5800,0,8,  0d 01:36:31.51,  0d 00:41:55.05,1.0593,4.2000,C,07/25/2025 11:56:55 AM,0.0000,28.7932,28.4499,28.6620,0.0,0.0
5801,0,8,  0d 01:36:32.51,  0d 00:41:56.05,1.0556,4.2000,C,07/25/2025 11:56:56 AM,0.0000,28.7932,28.4499,28.6620,0.0,0.0
5802,0,8,  0d 01:36:33.51,  0d 00:41:57.05,1.0486,4.1999,C,07/25/2025 11:56:57 AM,0.0000,28.7932,28.4499,28.6620,0.0,0.0
5803,0,8,  0d 01:36:34.51,  0d 00:41:58.05,1.0431,4.2000,C,07/25/2025 11:56:58 AM,0.0000,28.7932,28.4499,28.6620,0.0,0.0
5804,0,8,  0d 01:36:35.51,  0d 00:41:59.05,1.0373,4.2000,C,07/25/2025 11:56:59 AM,0.0000,28.7932,28.4499,28.6620,0.0,0.0
5805,0,8,  0d 01:36:36.51,  0d 00:42:00.05,1.0297,4.1999,C,07/25/2025 11:57:00 AM,0.0000,28.7932,28.4499,28.6620,0.0,0.0
5806,0,8,  0d 01:36:37.51,  0d 00:42:01.05,1.0245,4.2000,C,07/25/2025 11:57:01 AM,0.0000,28.7932,28.4499,28.6620,0.0,0.0
5807,0,8,  0d 01:36:38.51,  0d 00:42:02.05,1.0202,4.2000,C,07/25/2025 11:57:02 AM,0.0000,28.7932,28.4499,28.6620,0.0,0.0
5808,0,8,  0d 01:36:39.51,  0d 00:42:03.05,1.0144,4.2000,C,07/25/2025 11:57:03 AM,0.0000,28.7932,28.4499,28.6620,0.0,0.0
5809,0,8,  0d 01:36:40.51,  0d 00:42:04.05,1.0098,4.2000,C,07/25/2025 11:57:04 AM,0.0000,28.7932,28.4499,28.6465,0.0,0.0
5810,0,8,  0d 01:36:41.51,  0d 00:42:05.05,1.0031,4.2000,C,07/25/2025 11:57:05 AM,0.0000,28.7932,28.4499,28.6465,0.0,0.0
5811,0,8,  0d 01:36:42.51,  0d 00:42:06.05,0.9982,4.1997,C,07/25/2025 11:57:06 AM,0.0000,28.7932,28.4499,28.6465,0.0,0.0
5812,0,8,  0d 01:36:43.51,  0d 00:42:07.05,0.9937,4.2000,C,07/25/2025 11:57:07 AM,0.0000,28.7932,28.4499,28.6620,0.0,0.0
5813,0,8,  0d 01:36:44.51,  0d 00:42:08.05,0.9885,4.2000,C,07/25/2025 11:57:08 AM,0.0000,28.7932,28.4499,28.6620,0.0,0.0
5814,0,8,  0d 01:36:45.51,  0d 00:42:09.05,0.9805,4.2000,C,07/25/2025 11:57:09 AM,0.0000,28.8087,28.4344,28.6620,0.0,0.0
5815,0,8,  0d 01:36:46.51,  0d 00:42:10.05,0.9781,4.2000,C,07/25/2025 11:57:10 AM,0.0000,28.8087,28.4344,28.6620,0.0,0.0
5816,0,8,  0d 01:36:47.51,  0d 00:42:11.05,0.9729,4.1999,C,07/25/2025 11:57:11 AM,0.0000,28.7932,28.4344,28.6465,0.0,0.0
5817,0,8,  0d 01:36:48.51,  0d 00:42:12.05,0.9696,4.2000,C,07/25/2025 11:57:12 AM,0.0000,28.7932,28.4344,28.6465,0.0,0.0
5818,0,8,  0d 01:36:49.51,  0d 00:42:13.05,0.9635,4.2000,C,07/25/2025 11:57:13 AM,0.0000,28.7932,28.4499,28.6465,0.0,0.0
5819,0,8,  0d 01:36:50.51,  0d 00:42:14.05,0.9583,4.1999,C,07/25/2025 11:57:14 AM,0.0000,28.7932,28.4344,28.6620,0.0,0.0
5820,0,8,  0d 01:36:51.51,  0d 00:42:15.05,0.9540,4.1998,C,07/25/2025 11:57:15 AM,0.0000,28.7932,28.4344,28.6620,0.0,0.0
5821,0,8,  0d 01:36:52.51,  0d 00:42:16.05,0.9494,4.1998,C,07/25/2025 11:57:16 AM,0.0000,28.7932,28.4344,28.6465,0.0,0.0
5822,0,8,  0d 01:36:53.51,  0d 00:42:17.05,0.9458,4.2000,C,07/25/2025 11:57:17 AM,0.0000,28.7932,28.4344,28.6620,0.0,0.0
5823,0,8,  0d 01:36:54.51,  0d 00:42:18.05,0.9409,4.2000,C,07/25/2025 11:57:18 AM,0.0000,28.7932,28.4344,28.6620,0.0,0.0
5824,0,8,  0d 01:36:55.51,  0d 00:42:19.05,0.9345,4.2000,C,07/25/2025 11:57:19 AM,0.0000,28.7932,28.4344,28.6465,0.0,0.0
5825,0,8,  0d 01:36:56.51,  0d 00:42:20.05,0.9299,4.2000,C,07/25/2025 11:57:20 AM,0.0000,28.7777,28.4344,28.6620,0.0,0.0
5826,0,8,  0d 01:36:57.51,  0d 00:42:21.05,0.9241,4.2001,C,07/25/2025 11:57:21 AM,0.0000,28.7777,28.4344,28.6465,0.0,0.0
5827,0,8,  0d 01:36:58.51,  0d 00:42:22.05,0.9186,4.2000,C,07/25/2025 11:57:22 AM,0.0000,28.7932,28.4344,28.6620,0.0,0.0
5828,0,8,  0d 01:36:59.51,  0d 00:42:23.05,0.9155,4.2000,C,07/25/2025 11:57:23 AM,0.0000,28.7932,28.4344,28.6620,0.0,0.0
5829,0,8,  0d 01:37:00.51,  0d 00:42:24.05,0.9094,4.1999,C,07/25/2025 11:57:24 AM,0.0000,28.7932,28.4499,28.6620,0.0,0.0
5830,0,8,  0d 01:37:01.51,  0d 00:42:25.05,0.9039,4.2001,C,07/25/2025 11:57:25 AM,0.0000,28.7932,28.4499,28.6620,0.0,0.0
5831,0,8,  0d 01:37:02.51,  0d 00:42:26.05,0.9015,4.1999,C,07/25/2025 11:57:26 AM,0.0000,28.7932,28.4499,28.6620,0.0,0.0
5832,0,8,  0d 01:37:03.51,  0d 00:42:27.05,0.9003,4.2000,C,07/25/2025 11:57:27 AM,0.0000,28.7932,28.4499,28.6620,0.0,0.0
5833,0,8,  0d 01:37:04.51,  0d 00:42:28.05,0.8936,4.2000,C,07/25/2025 11:57:28 AM,0.0000,28.8087,28.4499,28.6620,0.0,0.0
5834,0,8,  0d 01:37:05.51,  0d 00:42:29.05,0.8899,4.2000,C,07/25/2025 11:57:29 AM,0.0000,28.8087,28.4499,28.6620,0.0,0.0
5835,0,8,  0d 01:37:06.51,  0d 00:42:30.05,0.8875,4.1999,C,07/25/2025 11:57:30 AM,0.0000,28.8087,28.4499,28.6620,0.0,0.0
5836,0,8,  0d 01:37:07.51,  0d 00:42:31.05,0.8798,4.1999,C,07/25/2025 11:57:31 AM,0.0000,28.8087,28.4499,28.6620,0.0,0.0
5837,0,8,  0d 01:37:08.51,  0d 00:42:32.05,0.8771,4.2000,C,07/25/2025 11:57:32 AM,0.0000,28.8087,28.4499,28.6620,0.0,0.0
5838,0,8,  0d 01:37:09.51,  0d 00:42:33.05,0.8716,4.2000,C,07/25/2025 11:57:33 AM,0.0000,28.8087,28.4499,28.6620,0.0,0.0
5839,0,8,  0d 01:37:10.51,  0d 00:42:34.05,0.8692,4.2000,C,07/25/2025 11:57:34 AM,0.0000,28.7932,28.4499,28.6620,0.0,0.0
5840,0,8,  0d 01:37:11.51,  0d 00:42:35.05,0.8634,4.1999,C,07/25/2025 11:57:35 AM,0.0000,28.8087,28.4499,28.6620,0.0,0.0
5841,0,8,  0d 01:37:12.51,  0d 00:42:36.05,0.8621,4.2000,C,07/25/2025 11:57:36 AM,0.0000,28.8087,28.4499,28.6620,0.0,0.0
5842,0,8,  0d 01:37:13.51,  0d 00:42:37.05,0.8560,4.1999,C,07/25/2025 11:57:37 AM,0.0000,28.8087,28.4499,28.6620,0.0,0.0
5843,0,8,  0d 01:37:14.51,  0d 00:42:38.05,0.8521,4.1999,C,07/25/2025 11:57:39 AM,0.0000,28.8087,28.4499,28.6620,0.0,0.0
5844,0,8,  0d 01:37:15.51,  0d 00:42:39.05,0.8481,4.2000,C,07/25/2025 11:57:39 AM,0.0000,28.7932,28.4344,28.6620,0.0,0.0
5845,0,8,  0d 01:37:16.51,  0d 00:42:40.05,0.8453,4.2000,C,07/25/2025 11:57:40 AM,0.0000,28.7932,28.4499,28.6620,0.0,0.0
5846,0,8,  0d 01:37:17.51,  0d 00:42:41.05,0.8408,4.2001,C,07/25/2025 11:57:41 AM,0.0000,28.8087,28.4499,28.6620,0.0,0.0
5847,0,8,  0d 01:37:18.51,  0d 00:42:42.05,0.8365,4.2000,C,07/25/2025 11:57:42 AM,0.0000,28.8087,28.4499,28.6620,0.0,0.0
5848,0,8,  0d 01:37:19.51,  0d 00:42:43.05,0.8325,4.1999,C,07/25/2025 11:57:43 AM,0.0000,28.8087,28.4499,28.6620,0.0,0.0
5849,0,8,  0d 01:37:20.51,  0d 00:42:44.05,0.8301,4.2000,C,07/25/2025 11:57:44 AM,0.0000,28.7932,28.4499,28.6620,0.0,0.0
5850,0,8,  0d 01:37:21.51,  0d 00:42:45.05,0.8225,4.1999,C,07/25/2025 11:57:45 AM,0.0000,28.7932,28.4499,28.6620,0.0,0.0
5851,0,8,  0d 01:37:22.51,  0d 00:42:46.05,0.8212,4.2000,C,07/25/2025 11:57:46 AM,0.0000,28.7932,28.4499,28.6620,0.0,0.0
5852,0,8,  0d 01:37:23.51,  0d 00:42:47.05,0.8151,4.1999,C,07/25/2025 11:57:47 AM,0.0000,28.7932,28.4499,28.6620,0.0,0.0
5853,0,8,  0d 01:37:24.51,  0d 00:42:48.05,0.8106,4.1999,C,07/25/2025 11:57:49 AM,0.0000,28.7932,28.4344,28.6620,0.0,0.0
5854,0,8,  0d 01:37:25.51,  0d 00:42:49.05,0.8075,4.2000,C,07/25/2025 11:57:49 AM,0.0000,28.7932,28.4499,28.6620,0.0,0.0
5855,0,8,  0d 01:37:26.51,  0d 00:42:50.05,0.8038,4.1998,C,07/25/2025 11:57:50 AM,0.0000,28.7932,28.4344,28.6620,0.0,0.0
5856,0,8,  0d 01:37:27.51,  0d 00:42:51.05,0.8005,4.2000,C,07/25/2025 11:57:51 AM,0.0000,28.7932,28.4499,28.6620,0.0,0.0
5857,0,8,  0d 01:37:28.51,  0d 00:42:52.05,0.7956,4.2000,C,07/25/2025 11:57:52 AM,0.0000,28.8087,28.4499,28.6620,0.0,0.0
5858,0,8,  0d 01:37:29.51,  0d 00:42:53.05,0.7944,4.2000,C,07/25/2025 11:57:53 AM,0.0000,28.7932,28.4499,28.6620,0.0,0.0
5859,0,8,  0d 01:37:30.51,  0d 00:42:54.05,0.7892,4.2000,C,07/25/2025 11:57:54 AM,0.0000,28.8087,28.4499,28.6620,0.0,0.0
5860,0,8,  0d 01:37:31.51,  0d 00:42:55.05,0.7864,4.2000,C,07/25/2025 11:57:55 AM,0.0000,28.8087,28.4499,28.6620,0.0,0.0
5861,0,8,  0d 01:37:32.51,  0d 00:42:56.05,0.7858,4.1999,C,07/25/2025 11:57:56 AM,0.0000,28.7932,28.4499,28.6620,0.0,0.0
5862,0,8,  0d 01:37:33.51,  0d 00:42:57.05,0.7803,4.2000,C,07/25/2025 11:57:57 AM,0.0000,28.7932,28.4499,28.6620,0.0,0.0
5863,0,8,  0d 01:37:34.51,  0d 00:42:58.05,0.7767,4.2000,C,07/25/2025 11:57:59 AM,0.0000,28.7932,28.4499,28.6620,0.0,0.0
5864,0,8,  0d 01:37:35.51,  0d 00:42:59.05,0.7706,4.2000,C,07/25/2025 11:57:59 AM,0.0000,28.7932,28.4499,28.6620,0.0,0.0
5865,0,8,  0d 01:37:36.51,  0d 00:43:00.05,0.7709,4.2000,C,07/25/2025 11:58:00 AM,0.0000,28.7932,28.4499,28.6620,0.0,0.0
5866,0,8,  0d 01:37:37.51,  0d 00:43:01.05,0.7672,4.2000,C,07/25/2025 11:58:01 AM,0.0000,28.7932,28.4499,28.6620,0.0,0.0
5867,0,8,  0d 01:37:38.51,  0d 00:43:02.05,0.7620,4.2000,C,07/25/2025 11:58:02 AM,0.0000,28.8087,28.4499,28.6620,0.0,0.0
5868,0,8,  0d 01:37:39.51,  0d 00:43:03.05,0.7547,4.1999,C,07/25/2025 11:58:03 AM,0.0000,28.8087,28.4499,28.6620,0.0,0.0
5869,0,8,  0d 01:37:40.51,  0d 00:43:04.05,0.7532,4.2000,C,07/25/2025 11:58:04 AM,0.0000,28.8087,28.4499,28.6620,0.0,0.0
5870,0,8,  0d 01:37:41.51,  0d 00:43:05.05,0.7504,4.1999,C,07/25/2025 11:58:05 AM,0.0000,28.8087,28.4499,28.6620,0.0,0.0
5871,0,8,  0d 01:37:42.51,  0d 00:43:06.05,0.7489,4.2000,C,07/25/2025 11:58:06 AM,0.0000,28.7932,28.4499,28.6620,0.0,0.0
5872,0,8,  0d 01:37:43.51,  0d 00:43:07.05,0.7440,4.1999,C,07/25/2025 11:58:07 AM,0.0000,28.7932,28.4499,28.6620,0.0,0.0
5873,0,8,  0d 01:37:44.51,  0d 00:43:08.05,0.7419,4.2000,C,07/25/2025 11:58:08 AM,0.0000,28.7932,28.4499,28.6620,0.0,0.0
5874,0,8,  0d 01:37:45.51,  0d 00:43:09.05,0.7404,4.2000,C,07/25/2025 11:58:09 AM,0.0000,28.7932,28.4499,28.6620,0.0,0.0
5875,0,8,  0d 01:37:46.51,  0d 00:43:10.05,0.7361,4.2000,C,07/25/2025 11:58:10 AM,0.0000,28.7932,28.4499,28.6620,0.0,0.0
5876,0,8,  0d 01:37:47.51,  0d 00:43:11.05,0.7291,4.2000,C,07/25/2025 11:58:11 AM,0.0000,28.7932,28.4499,28.6620,0.0,0.0
5877,0,8,  0d 01:37:48.51,  0d 00:43:12.05,0.7263,4.2000,C,07/25/2025 11:58:12 AM,0.0000,28.7932,28.4499,28.6620,0.0,0.0
5878,0,8,  0d 01:37:49.51,  0d 00:43:13.05,0.7233,4.2000,C,07/25/2025 11:58:13 AM,0.0000,28.7932,28.4499,28.6620,0.0,0.0
5879,0,8,  0d 01:37:50.51,  0d 00:43:14.05,0.7227,4.2000,C,07/25/2025 11:58:14 AM,0.0000,28.8087,28.4499,28.6620,0.0,0.0
5880,0,8,  0d 01:37:51.51,  0d 00:43:15.05,0.7184,4.2000,C,07/25/2025 11:58:15 AM,0.0000,28.8087,28.4499,28.6620,0.0,0.0
5881,0,8,  0d 01:37:52.51,  0d 00:43:16.05,0.7144,4.1999,C,07/25/2025 11:58:16 AM,0.0000,28.8087,28.4499,28.6620,0.0,0.0
5882,0,8,  0d 01:37:53.51,  0d 00:43:17.05,0.7120,4.1999,C,07/25/2025 11:58:17 AM,0.0000,28.8087,28.4499,28.6620,0.0,0.0
5883,0,8,  0d 01:37:54.51,  0d 00:43:18.05,0.7068,4.2000,C,07/25/2025 11:58:18 AM,0.0000,28.8087,28.4499,28.6620,0.0,0.0
5884,0,8,  0d 01:37:55.51,  0d 00:43:19.05,0.7037,4.1999,C,07/25/2025 11:58:19 AM,0.0000,28.8087,28.4499,28.6620,0.0,0.0
5885,0,8,  0d 01:37:56.51,  0d 00:43:20.05,0.7025,4.1999,C,07/25/2025 11:58:20 AM,0.0000,28.7932,28.4499,28.6620,0.0,0.0
5886,0,8,  0d 01:37:57.51,  0d 00:43:21.05,0.6979,4.2000,C,07/25/2025 11:58:21 AM,0.0000,28.7932,28.4499,28.6620,0.0,0.0
5887,0,8,  0d 01:37:58.51,  0d 00:43:22.05,0.6952,4.2000,C,07/25/2025 11:58:22 AM,0.0000,28.7932,28.4499,28.6620,0.0,0.0
5888,0,8,  0d 01:37:59.51,  0d 00:43:23.05,0.6928,4.1999,C,07/25/2025 11:58:23 AM,0.0000,28.7932,28.4499,28.6620,0.0,0.0
5889,0,8,  0d 01:38:00.51,  0d 00:43:24.05,0.6900,4.2000,C,07/25/2025 11:58:24 AM,0.0000,28.7932,28.4499,28.6620,0.0,0.0
5890,0,8,  0d 01:38:01.51,  0d 00:43:25.05,0.6848,4.2000,C,07/25/2025 11:58:25 AM,0.0000,28.7932,28.4499,28.6620,0.0,0.0
5891,0,8,  0d 01:38:02.51,  0d 00:43:26.05,0.6839,4.1999,C,07/25/2025 11:58:26 AM,0.0000,28.8087,28.4499,28.6620,0.0,0.0
5892,0,8,  0d 01:38:03.51,  0d 00:43:27.05,0.6818,4.2000,C,07/25/2025 11:58:27 AM,0.0000,28.8087,28.4499,28.6620,0.0,0.0
5893,0,8,  0d 01:38:04.51,  0d 00:43:28.05,0.6748,4.2000,C,07/25/2025 11:58:28 AM,0.0000,28.8087,28.4499,28.6620,0.0,0.0
5894,0,8,  0d 01:38:05.51,  0d 00:43:29.05,0.6757,4.2000,C,07/25/2025 11:58:29 AM,0.0000,28.8087,28.4499,28.6620,0.0,0.0
5895,0,8,  0d 01:38:06.51,  0d 00:43:30.05,0.6699,4.2000,C,07/25/2025 11:58:30 AM,0.0000,28.8087,28.4499,28.6620,0.0,0.0
5896,0,8,  0d 01:38:07.51,  0d 00:43:31.05,0.6638,4.1999,C,07/25/2025 11:58:31 AM,0.0000,28.8087,28.4499,28.6620,0.0,0.0
5897,0,8,  0d 01:38:08.51,  0d 00:43:32.05,0.6647,4.1999,C,07/25/2025 11:58:32 AM,0.0000,28.8087,28.4499,28.6620,0.0,0.0
5898,0,8,  0d 01:38:09.51,  0d 00:43:33.05,0.6613,4.2000,C,07/25/2025 11:58:33 AM,0.0000,28.7932,28.4654,28.6620,0.0,0.0
5899,0,8,  0d 01:38:10.51,  0d 00:43:34.05,0.6574,4.1999,C,07/25/2025 11:58:34 AM,0.0000,28.7932,28.4654,28.6620,0.0,0.0
5900,0,8,  0d 01:38:11.51,  0d 00:43:35.05,0.6555,4.2000,C,07/25/2025 11:58:35 AM,0.0000,28.8087,28.4654,28.6620,0.0,0.0
5901,0,8,  0d 01:38:12.51,  0d 00:43:36.05,0.6513,4.2000,C,07/25/2025 11:58:36 AM,0.0000,28.8087,28.4654,28.6620,0.0,0.0
5902,0,8,  0d 01:38:13.51,  0d 00:43:37.05,0.6470,4.2000,C,07/25/2025 11:58:37 AM,0.0000,28.8087,28.4654,28.6774,0.0,0.0
5903,0,8,  0d 01:38:14.51,  0d 00:43:38.05,0.6452,4.2001,C,07/25/2025 11:58:38 AM,0.0000,28.8087,28.4654,28.6774,0.0,0.0
5904,0,8,  0d 01:38:15.51,  0d 00:43:39.05,0.6415,4.1999,C,07/25/2025 11:58:39 AM,0.0000,28.8087,28.4654,28.6774,0.0,0.0
5905,0,8,  0d 01:38:16.51,  0d 00:43:40.05,0.6387,4.2000,C,07/25/2025 11:58:40 AM,0.0000,28.8087,28.4654,28.6774,0.0,0.0
5906,0,8,  0d 01:38:17.51,  0d 00:43:41.05,0.6397,4.2000,C,07/25/2025 11:58:41 AM,0.0000,28.8087,28.4654,28.6774,0.0,0.0
5907,0,8,  0d 01:38:18.51,  0d 00:43:42.05,0.6332,4.1999,C,07/25/2025 11:58:42 AM,0.0000,28.8087,28.4499,28.6774,0.0,0.0
5908,0,8,  0d 01:38:19.51,  0d 00:43:43.05,0.6311,4.2000,C,07/25/2025 11:58:43 AM,0.0000,28.8087,28.4654,28.6620,0.0,0.0
5909,0,8,  0d 01:38:20.51,  0d 00:43:44.05,0.6271,4.1999,C,07/25/2025 11:58:44 AM,0.0000,28.8087,28.4654,28.6620,0.0,0.0
5910,0,8,  0d 01:38:21.51,  0d 00:43:45.05,0.6241,4.1999,C,07/25/2025 11:58:45 AM,0.0000,28.8087,28.4654,28.6620,0.0,0.0
5911,0,8,  0d 01:38:22.51,  0d 00:43:46.05,0.6217,4.2001,C,07/25/2025 11:58:46 AM,0.0000,28.8087,28.4654,28.6620,0.0,0.0
5912,0,8,  0d 01:38:23.51,  0d 00:43:47.05,0.6198,4.1999,C,07/25/2025 11:58:47 AM,0.0000,28.8087,28.4654,28.6620,0.0,0.0
5913,0,8,  0d 01:38:24.51,  0d 00:43:48.05,0.6177,4.2000,C,07/25/2025 11:58:48 AM,0.0000,28.8087,28.4654,28.6620,0.0,0.0
5914,0,8,  0d 01:38:25.51,  0d 00:43:49.05,0.6152,4.2000,C,07/25/2025 11:58:50 AM,0.0000,28.8087,28.4654,28.6774,0.0,0.0
5915,0,8,  0d 01:38:26.51,  0d 00:43:50.05,0.6116,4.2000,C,07/25/2025 11:58:50 AM,0.0000,28.8242,28.4654,28.6774,0.0,0.0
5916,0,8,  0d 01:38:27.51,  0d 00:43:51.05,0.6085,4.2000,C,07/25/2025 11:58:51 AM,0.0000,28.8242,28.4654,28.6774,0.0,0.0
5917,0,8,  0d 01:38:28.51,  0d 00:43:52.05,0.6073,4.2000,C,07/25/2025 11:58:52 AM,0.0000,28.8242,28.4654,28.6774,0.0,0.0
5918,0,8,  0d 01:38:29.51,  0d 00:43:53.05,0.6036,4.2000,C,07/25/2025 11:58:53 AM,0.0000,28.8242,28.4499,28.6774,0.0,0.0
5919,0,8,  0d 01:38:30.51,  0d 00:43:54.05,0.6003,4.1999,C,07/25/2025 11:58:54 AM,0.0000,28.8242,28.4654,28.6774,0.0,0.0
5920,0,8,  0d 01:38:31.51,  0d 00:43:55.05,0.5963,4.2000,C,07/25/2025 11:58:55 AM,0.0000,28.8242,28.4499,28.6620,0.0,0.0
5921,0,8,  0d 01:38:32.51,  0d 00:43:56.05,0.5963,4.1999,C,07/25/2025 11:58:56 AM,0.0000,28.8087,28.4499,28.6620,0.0,0.0
5922,0,8,  0d 01:38:33.51,  0d 00:43:57.05,0.5908,4.2000,C,07/25/2025 11:58:57 AM,0.0000,28.8242,28.4654,28.6620,0.0,0.0
5923,0,8,  0d 01:38:34.51,  0d 00:43:58.05,0.5878,4.1999,C,07/25/2025 11:58:58 AM,0.0000,28.8087,28.4654,28.6620,0.0,0.0
5924,0,8,  0d 01:38:35.51,  0d 00:43:59.05,0.5869,4.2000,C,07/25/2025 11:59:00 AM,0.0000,28.8087,28.4654,28.6620,0.0,0.0
5925,0,8,  0d 01:38:36.51,  0d 00:44:00.05,0.5841,4.1999,C,07/25/2025 11:59:00 AM,0.0000,28.8087,28.4654,28.6620,0.0,0.0
5926,0,8,  0d 01:38:37.51,  0d 00:44:01.05,0.5820,4.2000,C,07/25/2025 11:59:01 AM,0.0000,28.8087,28.4654,28.6620,0.0,0.0
5927,0,8,  0d 01:38:38.51,  0d 00:44:02.05,0.5789,4.2000,C,07/25/2025 11:59:02 AM,0.0000,28.8087,28.4654,28.6620,0.0,0.0
5928,0,8,  0d 01:38:39.51,  0d 00:44:03.05,0.5765,4.2000,C,07/25/2025 11:59:03 AM,0.0000,28.8087,28.4654,28.6620,0.0,0.0
5929,0,8,  0d 01:38:40.51,  0d 00:44:04.05,0.5740,4.2000,C,07/25/2025 11:59:04 AM,0.0000,28.8087,28.4499,28.6620,0.0,0.0
5930,0,8,  0d 01:38:41.51,  0d 00:44:05.05,0.5698,4.1999,C,07/25/2025 11:59:05 AM,0.0000,28.8087,28.4499,28.6620,0.0,0.0
5931,0,8,  0d 01:38:42.51,  0d 00:44:06.05,0.5679,4.1999,C,07/25/2025 11:59:06 AM,0.0000,28.8087,28.4499,28.6774,0.0,0.0
5932,0,8,  0d 01:38:43.51,  0d 00:44:07.05,0.5652,4.2000,C,07/25/2025 11:59:07 AM,0.0000,28.7932,28.4499,28.6620,0.0,0.0
5933,0,8,  0d 01:38:44.51,  0d 00:44:08.05,0.5643,4.1999,C,07/25/2025 11:59:08 AM,0.0000,28.7932,28.4654,28.6620,0.0,0.0
5934,0,8,  0d 01:38:45.51,  0d 00:44:09.05,0.5618,4.2000,C,07/25/2025 11:59:10 AM,0.0000,28.7932,28.4499,28.6620,0.0,0.0
5935,0,8,  0d 01:38:46.51,  0d 00:44:10.05,0.5594,4.2000,C,07/25/2025 11:59:10 AM,0.0000,28.7932,28.4654,28.6620,0.0,0.0
5936,0,8,  0d 01:38:47.51,  0d 00:44:11.05,0.5554,4.2000,C,07/25/2025 11:59:11 AM,0.0000,28.7932,28.4499,28.6620,0.0,0.0
5937,0,8,  0d 01:38:48.51,  0d 00:44:12.05,0.5536,4.2000,C,07/25/2025 11:59:12 AM,0.0000,28.8087,28.4499,28.6620,0.0,0.0
5938,0,8,  0d 01:38:49.51,  0d 00:44:13.05,0.5512,4.2000,C,07/25/2025 11:59:13 AM,0.0000,28.8087,28.4499,28.6620,0.0,0.0
5939,0,8,  0d 01:38:50.51,  0d 00:44:14.05,0.5502,4.1999,C,07/25/2025 11:59:14 AM,0.0000,28.8087,28.4499,28.6620,0.0,0.0
5940,0,8,  0d 01:38:51.51,  0d 00:44:15.05,0.5460,4.1998,C,07/25/2025 11:59:15 AM,0.0000,28.8087,28.4499,28.6620,0.0,0.0
5941,0,8,  0d 01:38:52.51,  0d 00:44:16.05,0.5438,4.2000,C,07/25/2025 11:59:16 AM,0.0000,28.8087,28.4499,28.6620,0.0,0.0
5942,0,8,  0d 01:38:53.51,  0d 00:44:17.05,0.5414,4.2000,C,07/25/2025 11:59:17 AM,0.0000,28.8087,28.4499,28.6620,0.0,0.0
5943,0,8,  0d 01:38:54.51,  0d 00:44:18.05,0.5399,4.2000,C,07/25/2025 11:59:18 AM,0.0000,28.8087,28.4499,28.6620,0.0,0.0
5944,0,8,  0d 01:38:55.51,  0d 00:44:19.05,0.5389,4.2000,C,07/25/2025 11:59:19 AM,0.0000,28.8087,28.4499,28.6620,0.0,0.0
5945,0,8,  0d 01:38:56.51,  0d 00:44:20.05,0.5316,4.1999,C,07/25/2025 11:59:20 AM,0.0000,28.8087,28.4499,28.6620,0.0,0.0
5946,0,8,  0d 01:38:57.51,  0d 00:44:21.05,0.5301,4.1999,C,07/25/2025 11:59:21 AM,0.0000,28.8087,28.4499,28.6620,0.0,0.0
5947,0,8,  0d 01:38:58.51,  0d 00:44:22.05,0.5277,4.2000,C,07/25/2025 11:59:22 AM,0.0000,28.8087,28.4499,28.6620,0.0,0.0
5948,0,8,  0d 01:38:59.51,  0d 00:44:23.05,0.5264,4.2000,C,07/25/2025 11:59:23 AM,0.0000,28.7932,28.4499,28.6620,0.0,0.0
5949,0,8,  0d 01:39:00.51,  0d 00:44:24.05,0.5212,4.2000,C,07/25/2025 11:59:24 AM,0.0000,28.7932,28.4499,28.6620,0.0,0.0
5950,0,8,  0d 01:39:01.51,  0d 00:44:25.05,0.5203,4.2000,C,07/25/2025 11:59:25 AM,0.0000,28.8087,28.4499,28.6620,0.0,0.0
5951,0,8,  0d 01:39:02.51,  0d 00:44:26.05,0.5206,4.1999,C,07/25/2025 11:59:26 AM,0.0000,28.8087,28.4499,28.6620,0.0,0.0
5952,0,8,  0d 01:39:03.51,  0d 00:44:27.05,0.5173,4.2000,C,07/25/2025 11:59:27 AM,0.0000,28.8087,28.4499,28.6620,0.0,0.0
5953,0,8,  0d 01:39:04.51,  0d 00:44:28.05,0.5148,4.1999,C,07/25/2025 11:59:28 AM,0.0000,28.8087,28.4499,28.6620,0.0,0.0
5954,0,8,  0d 01:39:05.51,  0d 00:44:29.05,0.5142,4.2000,C,07/25/2025 11:59:29 AM,0.0000,28.8087,28.4499,28.6620,0.0,0.0
5955,0,8,  0d 01:39:06.51,  0d 00:44:30.05,0.5078,4.1999,C,07/25/2025 11:59:30 AM,0.0000,28.8087,28.4499,28.6620,0.0,0.0
5956,0,8,  0d 01:39:07.51,  0d 00:44:31.05,0.5048,4.1999,C,07/25/2025 11:59:31 AM,0.0000,28.8087,28.4499,28.6620,0.0,0.0
5957,0,8,  0d 01:39:08.51,  0d 00:44:32.05,0.5069,4.2000,C,07/25/2025 11:59:32 AM,0.0000,28.8087,28.4499,28.6620,0.0,0.0
5958,0,8,  0d 01:39:09.51,  0d 00:44:33.05,0.5057,4.2000,C,07/25/2025 11:59:33 AM,0.0000,28.8087,28.4499,28.6620,0.0,0.0
5959,0,8,  0d 01:39:10.51,  0d 00:44:34.05,0.5026,4.2001,C,07/25/2025 11:59:34 AM,0.0000,28.7932,28.4499,28.6620,0.0,0.0
5960,0,8,  0d 01:39:11.51,  0d 00:44:35.05,0.5005,4.2000,C,07/25/2025 11:59:35 AM,0.0000,28.7932,28.4499,28.6620,0.0,0.0
5961,0,8,  0d 01:39:12.51,  0d 00:44:36.05,0.5011,4.2000,C,07/25/2025 11:59:36 AM,0.0000,28.7932,28.4344,28.6465,0.0,0.0
5962,0,8,  0d 01:39:13.51,  0d 00:44:37.05,0.4947,4.2000,C,07/25/2025 11:59:37 AM,0.0000,28.7932,28.4499,28.6465,0.0,0.0
5963,0,8,  0d 01:39:14.51,  0d 00:44:38.05,0.4929,4.2000,C,07/25/2025 11:59:38 AM,0.0000,28.7932,28.4499,28.6465,0.0,0.0
5964,0,8,  0d 01:39:15.51,  0d 00:44:39.05,0.4889,4.2000,C,07/25/2025 11:59:39 AM,0.0000,28.7932,28.4344,28.6620,0.0,0.0
5965,0,8,  0d 01:39:16.51,  0d 00:44:40.05,0.4892,4.2000,C,07/25/2025 11:59:40 AM,0.0000,28.7932,28.4344,28.6620,0.0,0.0
5966,0,8,  0d 01:39:17.51,  0d 00:44:41.05,0.4862,4.2000,C,07/25/2025 11:59:41 AM,0.0000,28.7932,28.4344,28.6465,0.0,0.0
5967,0,8,  0d 01:39:18.51,  0d 00:44:42.05,0.4865,4.2000,C,07/25/2025 11:59:42 AM,0.0000,28.7932,28.4344,28.6465,0.0,0.0
5968,0,8,  0d 01:39:19.51,  0d 00:44:43.05,0.4816,4.2000,C,07/25/2025 11:59:43 AM,0.0000,28.7932,28.4344,28.6465,0.0,0.0
5969,0,8,  0d 01:39:20.51,  0d 00:44:44.05,0.4819,4.2000,C,07/25/2025 11:59:44 AM,0.0000,28.7932,28.4344,28.6465,0.0,0.0
5970,0,8,  0d 01:39:21.51,  0d 00:44:45.05,0.4764,4.1999,C,07/25/2025 11:59:45 AM,0.0000,28.7932,28.4344,28.6465,0.0,0.0
5971,0,8,  0d 01:39:22.51,  0d 00:44:46.05,0.4736,4.1999,C,07/25/2025 11:59:46 AM,0.0000,28.7932,28.4344,28.6465,0.0,0.0
5972,0,8,  0d 01:39:23.51,  0d 00:44:47.05,0.4733,4.2000,C,07/25/2025 11:59:47 AM,0.0000,28.7932,28.4344,28.6465,0.0,0.0
5973,0,8,  0d 01:39:24.51,  0d 00:44:48.05,0.4709,4.2000,C,07/25/2025 11:59:48 AM,0.0000,28.7932,28.4344,28.6465,0.0,0.0
5974,0,8,  0d 01:39:25.51,  0d 00:44:49.05,0.4694,4.2000,C,07/25/2025 11:59:49 AM,0.0000,28.7932,28.4344,28.6465,0.0,0.0
5975,0,8,  0d 01:39:26.51,  0d 00:44:50.05,0.4666,4.2000,C,07/25/2025 11:59:50 AM,0.0000,28.7777,28.4344,28.6465,0.0,0.0
5976,0,8,  0d 01:39:27.51,  0d 00:44:51.05,0.4666,4.1999,C,07/25/2025 11:59:51 AM,0.0000,28.7777,28.4344,28.6465,0.0,0.0
5977,0,8,  0d 01:39:28.51,  0d 00:44:52.05,0.4614,4.1999,C,07/25/2025 11:59:52 AM,0.0000,28.7777,28.4344,28.6465,0.0,0.0
5978,0,8,  0d 01:39:29.51,  0d 00:44:53.05,0.4575,4.2000,C,07/25/2025 11:59:53 AM,0.0000,28.7777,28.4344,28.6620,0.0,0.0
5979,0,8,  0d 01:39:30.51,  0d 00:44:54.05,0.4590,4.2000,C,07/25/2025 11:59:54 AM,0.0000,28.7777,28.4344,28.6465,0.0,0.0
5980,0,8,  0d 01:39:31.51,  0d 00:44:55.05,0.4565,4.2000,C,07/25/2025 11:59:55 AM,0.0000,28.7932,28.4344,28.6465,0.0,0.0
5981,0,8,  0d 01:39:32.51,  0d 00:44:56.05,0.4538,4.2000,C,07/25/2025 11:59:56 AM,0.0000,28.7932,28.4344,28.6465,0.0,0.0
5982,0,8,  0d 01:39:33.51,  0d 00:44:57.05,0.4517,4.1999,C,07/25/2025 11:59:57 AM,0.0000,28.7932,28.4344,28.6465,0.0,0.0
5983,0,8,  0d 01:39:34.51,  0d 00:44:58.05,0.4511,4.2000,C,07/25/2025 11:59:58 AM,0.0000,28.7932,28.4344,28.6465,0.0,0.0
5984,0,8,  0d 01:39:35.51,  0d 00:44:59.05,0.4471,4.2000,C,07/25/2025 11:59:59 AM,0.0000,28.7932,28.4344,28.6465,0.0,0.0
5985,0,8,  0d 01:39:36.51,  0d 00:45:00.05,0.4459,4.2000,C,07/25/2025 12:00:01 PM,0.0000,28.7932,28.4344,28.6465,0.0,0.0
5986,0,8,  0d 01:39:37.51,  0d 00:45:01.05,0.4437,4.2000,C,07/25/2025 12:00:01 PM,0.0000,28.7932,28.4344,28.6465,0.0,0.0
5987,0,8,  0d 01:39:38.51,  0d 00:45:02.05,0.4425,4.2000,C,07/25/2025 12:00:02 PM,0.0000,28.7932,28.4344,28.6465,0.0,0.0
5988,0,8,  0d 01:39:39.51,  0d 00:45:03.05,0.4388,4.2000,C,07/25/2025 12:00:03 PM,0.0000,28.7777,28.4344,28.6465,0.0,0.0
5989,0,8,  0d 01:39:40.51,  0d 00:45:04.05,0.4385,4.1999,C,07/25/2025 12:00:04 PM,0.0000,28.7777,28.4344,28.6465,0.0,0.0
5990,0,8,  0d 01:39:41.51,  0d 00:45:05.05,0.4355,4.2000,C,07/25/2025 12:00:05 PM,0.0000,28.7777,28.4344,28.6465,0.0,0.0
5991,0,8,  0d 01:39:42.51,  0d 00:45:06.05,0.4327,4.1999,C,07/25/2025 12:00:06 PM,0.0000,28.7777,28.4344,28.6465,0.0,0.0
5992,0,8,  0d 01:39:43.51,  0d 00:45:07.05,0.4318,4.2000,C,07/25/2025 12:00:07 PM,0.0000,28.7932,28.4344,28.6465,0.0,0.0
5993,0,8,  0d 01:39:44.51,  0d 00:45:08.05,0.4303,4.2000,C,07/25/2025 12:00:08 PM,0.0000,28.7932,28.4344,28.6465,0.0,0.0
5994,0,8,  0d 01:39:45.51,  0d 00:45:09.05,0.4282,4.1999,C,07/25/2025 12:00:09 PM,0.0000,28.7932,28.4344,28.6465,0.0,0.0
5995,0,8,  0d 01:39:46.51,  0d 00:45:10.05,0.4285,4.2000,C,07/25/2025 12:00:11 PM,0.0000,28.7932,28.4344,28.6465,0.0,0.0
5996,0,8,  0d 01:39:47.51,  0d 00:45:11.05,0.4245,4.1999,C,07/25/2025 12:00:11 PM,0.0000,28.7932,28.4344,28.6465,0.0,0.0
5997,0,8,  0d 01:39:48.51,  0d 00:45:12.05,0.4215,4.2000,C,07/25/2025 12:00:12 PM,0.0000,28.7932,28.4344,28.6465,0.0,0.0
5998,0,8,  0d 01:39:49.51,  0d 00:45:13.05,0.4215,4.1999,C,07/25/2025 12:00:13 PM,0.0000,28.7932,28.4344,28.6465,0.0,0.0
5999,0,8,  0d 01:39:50.51,  0d 00:45:14.05,0.4205,4.2000,C,07/25/2025 12:00:14 PM,0.0000,28.7932,28.4344,28.6465,0.0,0.0
6000,0,8,  0d 01:39:51.51,  0d 00:45:15.05,0.4208,4.1999,C,07/25/2025 12:00:15 PM,0.0000,28.7777,28.4344,28.6465,0.0,0.0
6001,0,8,  0d 01:39:52.51,  0d 00:45:16.05,0.4163,4.2000,C,07/25/2025 12:00:16 PM,0.0000,28.7777,28.4344,28.6465,0.0,0.0
6002,0,8,  0d 01:39:53.51,  0d 00:45:17.05,0.4144,4.2000,C,07/25/2025 12:00:17 PM,0.0000,28.7777,28.4344,28.6465,0.0,0.0
6003,0,8,  0d 01:39:54.51,  0d 00:45:18.05,0.4147,4.2000,C,07/25/2025 12:00:18 PM,0.0000,28.7777,28.4344,28.6465,0.0,0.0
6004,0,8,  0d 01:39:55.51,  0d 00:45:19.05,0.4111,4.2000,C,07/25/2025 12:00:19 PM,0.0000,28.7932,28.4344,28.6465,0.0,0.0
6005,0,8,  0d 01:39:56.51,  0d 00:45:20.05,0.4071,4.2000,C,07/25/2025 12:00:21 PM,0.0000,28.7932,28.4344,28.6465,0.0,0.0
6006,0,8,  0d 01:39:57.51,  0d 00:45:21.05,0.4077,4.2000,C,07/25/2025 12:00:21 PM,0.0000,28.7777,28.4344,28.6465,0.0,0.0
6007,0,8,  0d 01:39:58.51,  0d 00:45:22.05,0.4080,4.2000,C,07/25/2025 12:00:22 PM,0.0000,28.7932,28.4344,28.6465,0.0,0.0
6008,0,8,  0d 01:39:59.51,  0d 00:45:23.05,0.4031,4.2000,C,07/25/2025 12:00:23 PM,0.0000,28.7932,28.4344,28.6465,0.0,0.0
6009,0,8,  0d 01:40:00.51,  0d 00:45:24.05,0.4016,4.1999,C,07/25/2025 12:00:24 PM,0.0000,28.7777,28.4344,28.6465,0.0,0.0
6010,0,8,  0d 01:40:01.51,  0d 00:45:25.05,0.4019,4.2000,C,07/25/2025 12:00:25 PM,0.0000,28.7932,28.4344,28.6465,0.0,0.0
6011,0,8,  0d 01:40:02.51,  0d 00:45:26.05,0.4001,4.2000,C,07/25/2025 12:00:26 PM,0.0000,28.7932,28.4344,28.6465,0.0,0.0
6012,0,8,  0d 01:40:03.51,  0d 00:45:27.05,0.3973,4.1999,C,07/25/2025 12:00:27 PM,0.0000,28.7932,28.4344,28.6465,0.0,0.0
6013,0,8,  0d 01:40:04.51,  0d 00:45:28.05,0.3952,4.2000,C,07/25/2025 12:00:28 PM,0.0000,28.7932,28.4344,28.6465,0.0,0.0
6014,0,8,  0d 01:40:05.51,  0d 00:45:29.05,0.3940,4.2000,C,07/25/2025 12:00:29 PM,0.0000,28.7932,28.4344,28.6465,0.0,0.0
6015,0,8,  0d 01:40:06.51,  0d 00:45:30.05,0.3915,4.2000,C,07/25/2025 12:00:30 PM,0.0000,28.7932,28.4344,28.6465,0.0,0.0
6016,0,8,  0d 01:40:07.51,  0d 00:45:31.05,0.3906,4.2000,C,07/25/2025 12:00:31 PM,0.0000,28.7932,28.4344,28.6465,0.0,0.0
6017,0,8,  0d 01:40:08.51,  0d 00:45:32.05,0.3857,4.2000,C,07/25/2025 12:00:32 PM,0.0000,28.7932,28.4188,28.6465,0.0,0.0
6018,0,8,  0d 01:40:09.51,  0d 00:45:33.05,0.3854,4.2000,C,07/25/2025 12:00:33 PM,0.0000,28.7932,28.4344,28.6465,0.0,0.0
6019,0,8,  0d 01:40:10.51,  0d 00:45:34.05,0.3851,4.2000,C,07/25/2025 12:00:34 PM,0.0000,28.7777,28.4344,28.6465,0.0,0.0
6020,0,8,  0d 01:40:11.51,  0d 00:45:35.05,0.3836,4.2000,C,07/25/2025 12:00:35 PM,0.0000,28.7777,28.4344,28.6465,0.0,0.0
6021,0,8,  0d 01:40:12.51,  0d 00:45:36.05,0.3799,4.2000,C,07/25/2025 12:00:36 PM,0.0000,28.7777,28.4344,28.6465,0.0,0.0
6022,0,8,  0d 01:40:13.51,  0d 00:45:37.05,0.3784,4.2000,C,07/25/2025 12:00:37 PM,0.0000,28.7777,28.4344,28.6465,0.0,0.0
6023,0,8,  0d 01:40:14.51,  0d 00:45:38.05,0.3754,4.2000,C,07/25/2025 12:00:38 PM,0.0000,28.7777,28.4344,28.6465,0.0,0.0
6024,0,8,  0d 01:40:15.51,  0d 00:45:39.05,0.3766,4.1999,C,07/25/2025 12:00:39 PM,0.0000,28.7777,28.4344,28.6465,0.0,0.0
6025,0,8,  0d 01:40:16.51,  0d 00:45:40.05,0.3751,4.1999,C,07/25/2025 12:00:40 PM,0.0000,28.7777,28.4344,28.6465,0.0,0.0
6026,0,8,  0d 01:40:17.51,  0d 00:45:41.05,0.3720,4.2000,C,07/25/2025 12:00:41 PM,0.0000,28.7777,28.4344,28.6465,0.0,0.0
6027,0,8,  0d 01:40:18.51,  0d 00:45:42.05,0.3708,4.2000,C,07/25/2025 12:00:42 PM,0.0000,28.7777,28.4344,28.6465,0.0,0.0
6028,0,8,  0d 01:40:19.51,  0d 00:45:43.05,0.3690,4.2000,C,07/25/2025 12:00:43 PM,0.0000,28.7777,28.4344,28.6465,0.0,0.0
6029,0,8,  0d 01:40:20.51,  0d 00:45:44.05,0.3690,4.2001,C,07/25/2025 12:00:44 PM,0.0000,28.7932,28.4344,28.6465,0.0,0.0
6030,0,8,  0d 01:40:21.51,  0d 00:45:45.05,0.3665,4.2000,C,07/25/2025 12:00:45 PM,0.0000,28.7932,28.4344,28.6465,0.0,0.0
6031,0,8,  0d 01:40:22.51,  0d 00:45:46.05,0.3626,4.1998,C,07/25/2025 12:00:46 PM,0.0000,28.7932,28.4344,28.6465,0.0,0.0
6032,0,8,  0d 01:40:23.51,  0d 00:45:47.05,0.3622,4.1999,C,07/25/2025 12:00:47 PM,0.0000,28.7932,28.4344,28.6465,0.0,0.0
6033,0,8,  0d 01:40:24.51,  0d 00:45:48.05,0.3635,4.2000,C,07/25/2025 12:00:48 PM,0.0000,28.7932,28.4344,28.6465,0.0,0.0
6034,0,8,  0d 01:40:25.51,  0d 00:45:49.05,0.3604,4.1999,C,07/25/2025 12:00:49 PM,0.0000,28.7932,28.4344,28.6465,0.0,0.0
6035,0,8,  0d 01:40:26.51,  0d 00:45:50.05,0.3577,4.2000,C,07/25/2025 12:00:50 PM,0.0000,28.7777,28.4344,28.6465,0.0,0.0
6036,0,8,  0d 01:40:27.51,  0d 00:45:51.05,0.3574,4.1999,C,07/25/2025 12:00:51 PM,0.0000,28.7777,28.4344,28.6465,0.0,0.0
6037,0,8,  0d 01:40:28.51,  0d 00:45:52.05,0.3565,4.1999,C,07/25/2025 12:00:52 PM,0.0000,28.7932,28.4344,28.6465,0.0,0.0
6038,0,8,  0d 01:40:29.51,  0d 00:45:53.05,0.3537,4.1999,C,07/25/2025 12:00:53 PM,0.0000,28.7932,28.4344,28.6465,0.0,0.0
6039,0,8,  0d 01:40:30.51,  0d 00:45:54.05,0.3516,4.2000,C,07/25/2025 12:00:54 PM,0.0000,28.7932,28.4344,28.6620,0.0,0.0
6040,0,8,  0d 01:40:31.51,  0d 00:45:55.05,0.3525,4.1999,C,07/25/2025 12:00:55 PM,0.0000,28.7932,28.4344,28.6620,0.0,0.0
6041,0,8,  0d 01:40:32.51,  0d 00:45:56.05,0.3494,4.2000,C,07/25/2025 12:00:56 PM,0.0000,28.7932,28.4344,28.6620,0.0,0.0
6042,0,8,  0d 01:40:33.51,  0d 00:45:57.05,0.3491,4.2000,C,07/25/2025 12:00:57 PM,0.0000,28.7932,28.4344,28.6620,0.0,0.0
6043,0,8,  0d 01:40:34.51,  0d 00:45:58.05,0.3455,4.2000,C,07/25/2025 12:00:58 PM,0.0000,28.7932,28.4344,28.6620,0.0,0.0
6044,0,8,  0d 01:40:35.51,  0d 00:45:59.05,0.3445,4.1999,C,07/25/2025 12:00:59 PM,0.0000,28.7932,28.4344,28.6620,0.0,0.0
6045,0,8,  0d 01:40:36.51,  0d 00:46:00.05,0.3430,4.2000,C,07/25/2025 12:01:00 PM,0.0000,28.7932,28.4344,28.6465,0.0,0.0
6046,0,8,  0d 01:40:37.51,  0d 00:46:01.05,0.3409,4.1999,C,07/25/2025 12:01:01 PM,0.0000,28.7932,28.4344,28.6465,0.0,0.0
6047,0,8,  0d 01:40:38.51,  0d 00:46:02.05,0.3400,4.2000,C,07/25/2025 12:01:02 PM,0.0000,28.7932,28.4344,28.6465,0.0,0.0
6048,0,8,  0d 01:40:39.51,  0d 00:46:03.05,0.3375,4.2000,C,07/25/2025 12:01:03 PM,0.0000,28.7932,28.4344,28.6465,0.0,0.0
6049,0,8,  0d 01:40:40.51,  0d 00:46:04.05,0.3375,4.2000,C,07/25/2025 12:01:04 PM,0.0000,28.7932,28.4344,28.6465,0.0,0.0
6050,0,8,  0d 01:40:41.51,  0d 00:46:05.05,0.3351,4.2000,C,07/25/2025 12:01:05 PM,0.0000,28.7777,28.4344,28.6465,0.0,0.0
6051,0,8,  0d 01:40:42.51,  0d 00:46:06.05,0.3348,4.2000,C,07/25/2025 12:01:06 PM,0.0000,28.7777,28.4344,28.6465,0.0,0.0
6052,0,8,  0d 01:40:43.51,  0d 00:46:07.05,0.3326,4.2000,C,07/25/2025 12:01:07 PM,0.0000,28.7777,28.4344,28.6465,0.0,0.0
6053,0,8,  0d 01:40:44.51,  0d 00:46:08.05,0.3320,4.1999,C,07/25/2025 12:01:08 PM,0.0000,28.7777,28.4344,28.6465,0.0,0.0
6054,0,8,  0d 01:40:45.51,  0d 00:46:09.05,0.3290,4.2000,C,07/25/2025 12:01:09 PM,0.0000,28.7932,28.4344,28.6465,0.0,0.0
6055,0,8,  0d 01:40:46.51,  0d 00:46:10.05,0.3262,4.2000,C,07/25/2025 12:01:10 PM,0.0000,28.7932,28.4344,28.6465,0.0,0.0
6056,0,8,  0d 01:40:47.51,  0d 00:46:11.05,0.3268,4.2000,C,07/25/2025 12:01:12 PM,0.0000,28.7932,28.4344,28.6465,0.0,0.0
6057,0,8,  0d 01:40:48.51,  0d 00:46:12.05,0.3268,4.1999,C,07/25/2025 12:01:12 PM,0.0000,28.7932,28.4344,28.6620,0.0,0.0
6058,0,8,  0d 01:40:49.51,  0d 00:46:13.05,0.3241,4.1999,C,07/25/2025 12:01:13 PM,0.0000,28.7932,28.4499,28.6620,0.0,0.0
6059,0,8,  0d 01:40:50.51,  0d 00:46:14.05,0.3214,4.1999,C,07/25/2025 12:01:14 PM,0.0000,28.7932,28.4499,28.6620,0.0,0.0
6060,0,8,  0d 01:40:51.51,  0d 00:46:15.05,0.3214,4.1999,C,07/25/2025 12:01:15 PM,0.0000,28.7932,28.4344,28.6620,0.0,0.0
6061,0,8,  0d 01:40:52.51,  0d 00:46:16.05,0.3214,4.1999,C,07/25/2025 12:01:16 PM,0.0000,28.7932,28.4344,28.6620,0.0,0.0
6062,0,8,  0d 01:40:53.51,  0d 00:46:17.05,0.3198,4.2000,C,07/25/2025 12:01:17 PM,0.0000,28.7932,28.4344,28.6620,0.0,0.0
6063,0,8,  0d 01:40:54.51,  0d 00:46:18.05,0.3183,4.1997,C,07/25/2025 12:01:18 PM,0.0000,28.7932,28.4344,28.6620,0.0,0.0
6064,0,8,  0d 01:40:55.51,  0d 00:46:19.05,0.3183,4.2000,C,07/25/2025 12:01:19 PM,0.0000,28.7932,28.4344,28.6465,0.0,0.0
6065,0,8,  0d 01:40:56.51,  0d 00:46:20.05,0.3137,4.1999,C,07/25/2025 12:01:20 PM,0.0000,28.7932,28.4344,28.6465,0.0,0.0
6066,0,8,  0d 01:40:57.51,  0d 00:46:21.05,0.3125,4.1999,C,07/25/2025 12:01:22 PM,0.0000,28.7932,28.4344,28.6465,0.0,0.0
6067,0,8,  0d 01:40:58.51,  0d 00:46:22.05,0.3140,4.1999,C,07/25/2025 12:01:22 PM,0.0000,28.7932,28.4499,28.6465,0.0,0.0
6068,0,8,  0d 01:40:59.51,  0d 00:46:23.05,0.3101,4.2000,C,07/25/2025 12:01:23 PM,0.0000,28.7932,28.4344,28.6465,0.0,0.0
6069,0,8,  0d 01:41:00.51,  0d 00:46:24.05,0.3098,4.2000,C,07/25/2025 12:01:24 PM,0.0000,28.7932,28.4344,28.6465,0.0,0.0
6070,0,8,  0d 01:41:01.51,  0d 00:46:25.05,0.3101,4.1999,C,07/25/2025 12:01:25 PM,0.0000,28.7932,28.4344,28.6465,0.0,0.0
6071,0,8,  0d 01:41:02.51,  0d 00:46:26.05,0.3061,4.1999,C,07/25/2025 12:01:26 PM,0.0000,28.7932,28.4344,28.6465,0.0,0.0
6072,0,8,  0d 01:41:03.51,  0d 00:46:27.05,0.3076,4.2000,C,07/25/2025 12:01:27 PM,0.0000,28.7932,28.4344,28.6465,0.0,0.0
6073,0,8,  0d 01:41:04.51,  0d 00:46:28.05,0.3040,4.1999,C,07/25/2025 12:01:28 PM,0.0000,28.7932,28.4344,28.6620,0.0,0.0
6074,0,8,  0d 01:41:05.51,  0d 00:46:29.05,0.3027,4.2000,C,07/25/2025 12:01:29 PM,0.0000,28.7932,28.4499,28.6620,0.0,0.0
6075,0,8,  0d 01:41:06.51,  0d 00:46:30.05,0.3006,4.1999,C,07/25/2025 12:01:30 PM,0.0000,28.7932,28.4499,28.6620,0.0,0.0
6076,0,8,  0d 01:41:07.51,  0d 00:46:31.05,0.3030,4.1999,C,07/25/2025 12:01:32 PM,0.0000,28.7932,28.4499,28.6620,0.0,0.0
6077,0,8,  0d 01:41:08.51,  0d 00:46:32.05,0.2982,4.2000,C,07/25/2025 12:01:32 PM,0.0000,28.7932,28.4499,28.6620,0.0,0.0
6078,0,8,  0d 01:41:09.51,  0d 00:46:33.05,0.2997,4.1999,C,07/25/2025 12:01:33 PM,0.0000,28.7932,28.4499,28.6465,0.0,0.0
6079,0,8,  0d 01:41:10.51,  0d 00:46:34.05,0.2963,4.1999,C,07/25/2025 12:01:34 PM,0.0000,28.7932,28.4344,28.6465,0.0,0.0
6080,0,8,  0d 01:41:11.51,  0d 00:46:35.05,0.2945,4.2000,C,07/25/2025 12:01:35 PM,0.0000,28.7932,28.4344,28.6465,0.0,0.0
6081,0,8,  0d 01:41:12.51,  0d 00:46:36.05,0.2951,4.2000,C,07/25/2025 12:01:36 PM,0.0000,28.7932,28.4344,28.6465,0.0,0.0
6082,0,8,  0d 01:41:13.51,  0d 00:46:37.05,0.2936,4.1999,C,07/25/2025 12:01:37 PM,0.0000,28.7932,28.4344,28.6465,0.0,0.0
6083,0,8,  0d 01:41:14.51,  0d 00:46:38.05,0.2918,4.1999,C,07/25/2025 12:01:38 PM,0.0000,28.7932,28.4344,28.6465,0.0,0.0
6084,0,8,  0d 01:41:15.51,  0d 00:46:39.05,0.2927,4.2000,C,07/25/2025 12:01:39 PM,0.0000,28.7932,28.4344,28.6465,0.0,0.0
6085,0,8,  0d 01:41:16.51,  0d 00:46:40.05,0.2896,4.2000,C,07/25/2025 12:01:40 PM,0.0000,28.7932,28.4344,28.6465,0.0,0.0
6086,0,8,  0d 01:41:17.51,  0d 00:46:41.05,0.2884,4.1999,C,07/25/2025 12:01:41 PM,0.0000,28.7932,28.4344,28.6465,0.0,0.0
6087,0,8,  0d 01:41:18.51,  0d 00:46:42.05,0.2881,4.1999,C,07/25/2025 12:01:42 PM,0.0000,28.7932,28.4344,28.6465,0.0,0.0
6088,0,8,  0d 01:41:19.51,  0d 00:46:43.05,0.2884,4.2000,C,07/25/2025 12:01:43 PM,0.0000,28.7932,28.4344,28.6465,0.0,0.0
6089,0,8,  0d 01:41:20.51,  0d 00:46:44.05,0.2841,4.1999,C,07/25/2025 12:01:44 PM,0.0000,28.7932,28.4344,28.6465,0.0,0.0
6090,0,8,  0d 01:41:21.51,  0d 00:46:45.05,0.2829,4.1998,C,07/25/2025 12:01:45 PM,0.0000,28.7932,28.4344,28.6465,0.0,0.0
6091,0,8,  0d 01:41:22.51,  0d 00:46:46.05,0.2820,4.2000,C,07/25/2025 12:01:46 PM,0.0000,28.7932,28.4344,28.6465,0.0,0.0
6092,0,8,  0d 01:41:23.51,  0d 00:46:47.05,0.2808,4.1999,C,07/25/2025 12:01:47 PM,0.0000,28.7932,28.4344,28.6465,0.0,0.0
6093,0,8,  0d 01:41:24.51,  0d 00:46:48.05,0.2795,4.1999,C,07/25/2025 12:01:48 PM,0.0000,28.7932,28.4344,28.6465,0.0,0.0
6094,0,8,  0d 01:41:25.51,  0d 00:46:49.05,0.2771,4.2000,C,07/25/2025 12:01:49 PM,0.0000,28.7932,28.4344,28.6465,0.0,0.0
6095,0,8,  0d 01:41:26.51,  0d 00:46:50.05,0.2771,4.2000,C,07/25/2025 12:01:50 PM,0.0000,28.7932,28.4344,28.6465,0.0,0.0
6096,0,8,  0d 01:41:27.51,  0d 00:46:51.05,0.2765,4.1999,C,07/25/2025 12:01:51 PM,0.0000,28.7932,28.4344,28.6465,0.0,0.0
6097,0,8,  0d 01:41:28.51,  0d 00:46:52.05,0.2756,4.1999,C,07/25/2025 12:01:52 PM,0.0000,28.7932,28.4344,28.6465,0.0,0.0
6098,0,8,  0d 01:41:29.51,  0d 00:46:53.05,0.2741,4.1999,C,07/25/2025 12:01:53 PM,0.0000,28.7932,28.4344,28.6465,0.0,0.0
6099,0,8,  0d 01:41:30.51,  0d 00:46:54.05,0.2737,4.1998,C,07/25/2025 12:01:54 PM,0.0000,28.7932,28.4344,28.6465,0.0,0.0
6100,0,8,  0d 01:41:31.51,  0d 00:46:55.05,0.2713,4.2000,C,07/25/2025 12:01:55 PM,0.0000,28.7932,28.4344,28.6465,0.0,0.0
6101,0,8,  0d 01:41:32.51,  0d 00:46:56.05,0.2710,4.2000,C,07/25/2025 12:01:56 PM,0.0000,28.7932,28.4344,28.6465,0.0,0.0
6102,0,8,  0d 01:41:33.51,  0d 00:46:57.05,0.2689,4.2001,C,07/25/2025 12:01:57 PM,0.0000,28.7777,28.4344,28.6465,0.0,0.0
6103,0,8,  0d 01:41:34.51,  0d 00:46:58.05,0.2695,4.2000,C,07/25/2025 12:01:58 PM,0.0000,28.7777,28.4344,28.6465,0.0,0.0
6104,0,8,  0d 01:41:35.51,  0d 00:46:59.05,0.2667,4.2001,C,07/25/2025 12:01:59 PM,0.0000,28.7932,28.4344,28.6620,0.0,0.0
6105,0,8,  0d 01:41:36.51,  0d 00:47:00.05,0.2676,4.2000,C,07/25/2025 12:02:00 PM,0.0000,28.7932,28.4344,28.6620,0.0,0.0
6106,0,8,  0d 01:41:37.51,  0d 00:47:01.05,0.2661,4.2000,C,07/25/2025 12:02:01 PM,0.0000,28.7932,28.4344,28.6465,0.0,0.0
6107,0,8,  0d 01:41:38.51,  0d 00:47:02.05,0.2673,4.2001,C,07/25/2025 12:02:02 PM,0.0000,28.7932,28.4344,28.6465,0.0,0.0
6108,0,8,  0d 01:41:39.51,  0d 00:47:03.05,0.2640,4.2000,C,07/25/2025 12:02:03 PM,0.0000,28.7932,28.4344,28.6465,0.0,0.0
6109,0,8,  0d 01:41:40.51,  0d 00:47:04.05,0.2625,4.2000,C,07/25/2025 12:02:04 PM,0.0000,28.7932,28.4344,28.6465,0.0,0.0
6110,0,8,  0d 01:41:41.51,  0d 00:47:05.05,0.2597,4.1999,C,07/25/2025 12:02:05 PM,0.0000,28.7777,28.4344,28.6465,0.0,0.0
6111,0,8,  0d 01:41:42.51,  0d 00:47:06.05,0.2582,4.2000,C,07/25/2025 12:02:06 PM,0.0000,28.7777,28.4344,28.6465,0.0,0.0
6112,0,8,  0d 01:41:43.51,  0d 00:47:07.05,0.2573,4.1999,C,07/25/2025 12:02:07 PM,0.0000,28.7777,28.4344,28.6465,0.0,0.0
6113,0,8,  0d 01:41:44.51,  0d 00:47:08.05,0.2567,4.1999,C,07/25/2025 12:02:08 PM,0.0000,28.7777,28.4344,28.6465,0.0,0.0
6114,0,8,  0d 01:41:45.51,  0d 00:47:09.05,0.2524,4.2000,C,07/25/2025 12:02:09 PM,0.0000,28.7932,28.4344,28.6465,0.0,0.0
6115,0,8,  0d 01:41:46.51,  0d 00:47:10.05,0.2554,4.2000,C,07/25/2025 12:02:10 PM,0.0000,28.7932,28.4344,28.6465,0.0,0.0
6116,0,8,  0d 01:41:47.51,  0d 00:47:11.05,0.2521,4.2000,C,07/25/2025 12:02:11 PM,0.0000,28.7932,28.4344,28.6465,0.0,0.0
6117,0,8,  0d 01:41:48.51,  0d 00:47:12.05,0.2518,4.2000,C,07/25/2025 12:02:12 PM,0.0000,28.7777,28.4344,28.6465,0.0,0.0
6118,0,8,  0d 01:41:49.51,  0d 00:47:13.05,0.2542,4.1999,C,07/25/2025 12:02:13 PM,0.0000,28.7932,28.4344,28.6465,0.0,0.0
6119,0,8,  0d 01:41:50.51,  0d 00:47:14.05,0.2512,4.2000,C,07/25/2025 12:02:14 PM,0.0000,28.7932,28.4344,28.6465,0.0,0.0
6120,0,8,  0d 01:41:51.51,  0d 00:47:15.05,0.2487,4.1998,C,07/25/2025 12:02:15 PM,0.0000,28.7932,28.4344,28.6465,0.0,0.0
6121,0,8,  0d 01:41:52.51,  0d 00:47:16.05,0.2478,4.2000,C,07/25/2025 12:02:16 PM,0.0000,28.7932,28.4344,28.6465,0.0,0.0
6122,0,8,  0d 01:41:53.51,  0d 00:47:17.05,0.2484,4.1999,C,07/25/2025 12:02:17 PM,0.0000,28.7932,28.4344,28.6465,0.0,0.0
6123,0,8,  0d 01:41:54.51,  0d 00:47:18.05,0.2472,4.1999,C,07/25/2025 12:02:18 PM,0.0000,28.7932,28.4344,28.6620,0.0,0.0
6124,0,8,  0d 01:41:55.51,  0d 00:47:19.05,0.2460,4.2000,C,07/25/2025 12:02:19 PM,0.0000,28.7932,28.4344,28.6620,0.0,0.0
6125,0,8,  0d 01:41:56.51,  0d 00:47:20.05,0.2454,4.2000,C,07/25/2025 12:02:20 PM,0.0000,28.7932,28.4344,28.6620,0.0,0.0
6126,0,8,  0d 01:41:57.51,  0d 00:47:21.05,0.2454,4.2000,C,07/25/2025 12:02:21 PM,0.0000,28.7932,28.4499,28.6620,0.0,0.0
6127,0,8,  0d 01:41:58.51,  0d 00:47:22.05,0.2435,4.2000,C,07/25/2025 12:02:22 PM,0.0000,28.7932,28.4499,28.6620,0.0,0.0
6128,0,8,  0d 01:41:59.51,  0d 00:47:23.05,0.2417,4.2000,C,07/25/2025 12:02:23 PM,0.0000,28.8087,28.4499,28.6620,0.0,0.0
6129,0,8,  0d 01:42:00.51,  0d 00:47:24.05,0.2423,4.1999,C,07/25/2025 12:02:24 PM,0.0000,28.8087,28.4499,28.6620,0.0,0.0
6130,0,8,  0d 01:42:01.51,  0d 00:47:25.05,0.2390,4.1999,C,07/25/2025 12:02:25 PM,0.0000,28.8087,28.4499,28.6620,0.0,0.0
6131,0,8,  0d 01:42:02.51,  0d 00:47:26.05,0.2393,4.2000,C,07/25/2025 12:02:26 PM,0.0000,28.8087,28.4344,28.6620,0.0,0.0
6132,0,8,  0d 01:42:03.51,  0d 00:47:27.05,0.2393,4.1998,C,07/25/2025 12:02:27 PM,0.0000,28.8087,28.4499,28.6620,0.0,0.0
6133,0,8,  0d 01:42:04.51,  0d 00:47:28.05,0.2390,4.2000,C,07/25/2025 12:02:28 PM,0.0000,28.8087,28.4499,28.6620,0.0,0.0
6134,0,8,  0d 01:42:05.51,  0d 00:47:29.05,0.2359,4.1998,C,07/25/2025 12:02:29 PM,0.0000,28.7932,28.4499,28.6620,0.0,0.0
6135,0,8,  0d 01:42:06.51,  0d 00:47:30.05,0.2374,4.2000,C,07/25/2025 12:02:30 PM,0.0000,28.8087,28.4499,28.6620,0.0,0.0
6136,0,8,  0d 01:42:07.51,  0d 00:47:31.05,0.2365,4.2000,C,07/25/2025 12:02:31 PM,0.0000,28.7932,28.4499,28.6620,0.0,0.0
6137,0,8,  0d 01:42:08.51,  0d 00:47:32.05,0.2344,4.2000,C,07/25/2025 12:02:33 PM,0.0000,28.7932,28.4499,28.6620,0.0,0.0
6138,0,8,  0d 01:42:09.51,  0d 00:47:33.05,0.2332,4.1999,C,07/25/2025 12:02:33 PM,0.0000,28.7932,28.4499,28.6620,0.0,0.0
6139,0,8,  0d 01:42:10.51,  0d 00:47:34.05,0.2322,4.2000,C,07/25/2025 12:02:34 PM,0.0000,28.7932,28.4499,28.6620,0.0,0.0
6140,0,8,  0d 01:42:11.51,  0d 00:47:35.05,0.2310,4.2000,C,07/25/2025 12:02:35 PM,0.0000,28.8087,28.4499,28.6620,0.0,0.0
6141,0,8,  0d 01:42:12.51,  0d 00:47:36.05,0.2277,4.2000,C,07/25/2025 12:02:36 PM,0.0000,28.8087,28.4499,28.6620,0.0,0.0
6142,0,8,  0d 01:42:13.51,  0d 00:47:37.05,0.2289,4.2000,C,07/25/2025 12:02:37 PM,0.0000,28.8087,28.4499,28.6620,0.0,0.0
6143,0,8,  0d 01:42:14.51,  0d 00:47:38.05,0.2271,4.2000,C,07/25/2025 12:02:38 PM,0.0000,28.7932,28.4499,28.6620,0.0,0.0
6144,0,8,  0d 01:42:15.51,  0d 00:47:39.05,0.2258,4.2000,C,07/25/2025 12:02:39 PM,0.0000,28.7932,28.4499,28.6620,0.0,0.0
6145,0,8,  0d 01:42:16.51,  0d 00:47:40.05,0.2246,4.1998,C,07/25/2025 12:02:40 PM,0.0000,28.7932,28.4499,28.6620,0.0,0.0
6146,0,8,  0d 01:42:17.51,  0d 00:47:41.05,0.2237,4.2000,C,07/25/2025 12:02:41 PM,0.0000,28.7932,28.4499,28.6465,0.0,0.0
6147,0,8,  0d 01:42:18.51,  0d 00:47:42.05,0.2243,4.1999,C,07/25/2025 12:02:43 PM,0.0000,28.7932,28.4499,28.6465,0.0,0.0
6148,0,8,  0d 01:42:19.51,  0d 00:47:43.05,0.2222,4.1998,C,07/25/2025 12:02:43 PM,0.0000,28.7932,28.4499,28.6620,0.0,0.0
6149,0,8,  0d 01:42:20.51,  0d 00:47:44.05,0.2237,4.2001,C,07/25/2025 12:02:44 PM,0.0000,28.8087,28.4499,28.6620,0.0,0.0
6150,0,8,  0d 01:42:21.51,  0d 00:47:45.05,0.2213,4.2000,C,07/25/2025 12:02:45 PM,0.0000,28.8087,28.4499,28.6620,0.0,0.0
6151,0,8,  0d 01:42:22.51,  0d 00:47:46.05,0.2200,4.2000,C,07/25/2025 12:02:46 PM,0.0000,28.8087,28.4499,28.6620,0.0,0.0
6152,0,8,  0d 01:42:23.51,  0d 00:47:47.05,0.2206,4.1999,C,07/25/2025 12:02:47 PM,0.0000,28.8087,28.4499,28.6620,0.0,0.0
6153,0,8,  0d 01:42:24.51,  0d 00:47:48.05,0.2179,4.2001,C,07/25/2025 12:02:48 PM,0.0000,28.8087,28.4499,28.6620,0.0,0.0
6154,0,8,  0d 01:42:25.51,  0d 00:47:49.05,0.2185,4.2000,C,07/25/2025 12:02:49 PM,0.0000,28.8087,28.4499,28.6620,0.0,0.0
6155,0,8,  0d 01:42:26.51,  0d 00:47:50.05,0.2170,4.1999,C,07/25/2025 12:02:50 PM,0.0000,28.8087,28.4499,28.6620,0.0,0.0
6156,0,8,  0d 01:42:27.51,  0d 00:47:51.05,0.2179,4.2000,C,07/25/2025 12:02:51 PM,0.0000,28.8087,28.4499,28.6620,0.0,0.0
6157,0,8,  0d 01:42:28.51,  0d 00:47:52.05,0.2191,4.2000,C,07/25/2025 12:02:52 PM,0.0000,28.8087,28.4499,28.6620,0.0,0.0
6158,0,8,  0d 01:42:29.51,  0d 00:47:53.05,0.2164,4.2000,C,07/25/2025 12:02:53 PM,0.0000,28.8087,28.4499,28.6620,0.0,0.0
6159,0,8,  0d 01:42:30.51,  0d 00:47:54.05,0.2136,4.2000,C,07/25/2025 12:02:54 PM,0.0000,28.7932,28.4499,28.6620,0.0,0.0
6160,0,8,  0d 01:42:31.51,  0d 00:47:55.05,0.2124,4.2000,C,07/25/2025 12:02:55 PM,0.0000,28.7932,28.4499,28.6620,0.0,0.0
6161,0,8,  0d 01:42:32.51,  0d 00:47:56.05,0.2136,4.1999,C,07/25/2025 12:02:56 PM,0.0000,28.7932,28.4499,28.6620,0.0,0.0
6162,0,8,  0d 01:42:33.51,  0d 00:47:57.05,0.2124,4.1999,C,07/25/2025 12:02:57 PM,0.0000,28.7932,28.4499,28.6620,0.0,0.0
6163,0,8,  0d 01:42:34.51,  0d 00:47:58.05,0.2106,4.2000,C,07/25/2025 12:02:58 PM,0.0000,28.7932,28.4499,28.6620,0.0,0.0
6164,0,8,  0d 01:42:35.51,  0d 00:47:59.05,0.2087,4.2000,C,07/25/2025 12:02:59 PM,0.0000,28.7932,28.4499,28.6620,0.0,0.0
6165,0,8,  0d 01:42:36.51,  0d 00:48:00.05,0.2100,4.2000,C,07/25/2025 12:03:00 PM,0.0000,28.7932,28.4499,28.6620,0.0,0.0
6166,0,8,  0d 01:42:37.51,  0d 00:48:01.05,0.2081,4.1998,C,07/25/2025 12:03:01 PM,0.0000,28.7932,28.4499,28.6620,0.0,0.0
6167,0,8,  0d 01:42:38.51,  0d 00:48:02.05,0.2072,4.2000,C,07/25/2025 12:03:02 PM,0.0000,28.7932,28.4499,28.6620,0.0,0.0
6168,0,8,  0d 01:42:39.51,  0d 00:48:03.05,0.2078,4.1999,C,07/25/2025 12:03:03 PM,0.0000,28.7932,28.4499,28.6620,0.0,0.0
6169,0,8,  0d 01:42:40.51,  0d 00:48:04.05,0.2094,4.1999,C,07/25/2025 12:03:04 PM,0.0000,28.7932,28.4499,28.6620,0.0,0.0
6170,0,8,  0d 01:42:41.51,  0d 00:48:05.05,0.2042,4.2000,C,07/25/2025 12:03:05 PM,0.0000,28.7932,28.4499,28.6620,0.0,0.0
6171,0,8,  0d 01:42:42.51,  0d 00:48:06.05,0.2051,4.1999,C,07/25/2025 12:03:06 PM,0.0000,28.7932,28.4499,28.6620,0.0,0.0
6172,0,8,  0d 01:42:43.51,  0d 00:48:07.05,0.2036,4.2000,C,07/25/2025 12:03:07 PM,0.0000,28.7932,28.4499,28.6620,0.0,0.0
6173,0,8,  0d 01:42:44.51,  0d 00:48:08.05,0.2017,4.2000,C,07/25/2025 12:03:08 PM,0.0000,28.8087,28.4499,28.6620,0.0,0.0
6174,0,8,  0d 01:42:45.51,  0d 00:48:09.05,0.2033,4.2000,C,07/25/2025 12:03:09 PM,0.0000,28.8087,28.4499,28.6620,0.0,0.0
6175,0,8,  0d 01:42:46.51,  0d 00:48:10.05,0.2011,4.1999,C,07/25/2025 12:03:10 PM,0.0000,28.7932,28.4499,28.6620,0.0,0.0
6176,0,8,  0d 01:42:47.51,  0d 00:48:11.05,0.2023,4.2001,C,07/25/2025 12:03:11 PM,0.0000,28.7932,28.4499,28.6620,0.0,0.0
6177,0,8,  0d 01:42:48.51,  0d 00:48:12.05,0.2014,4.2000,C,07/25/2025 12:03:12 PM,0.0000,28.7932,28.4499,28.6620,0.0,0.0
6178,0,8,  0d 01:42:49.51,  0d 00:48:13.05,0.1981,4.2000,C,07/25/2025 12:03:13 PM,0.0000,28.7932,28.4499,28.6620,0.0,0.0
6179,0,8,  0d 01:42:50.51,  0d 00:48:14.05,0.1987,4.1999,C,07/25/2025 12:03:14 PM,0.0000,28.7932,28.4499,28.6620,0.0,0.0
6180,0,8,  0d 01:42:51.51,  0d 00:48:15.05,0.1975,4.2000,C,07/25/2025 12:03:15 PM,0.0000,28.7932,28.4499,28.6620,0.0,0.0
6181,0,8,  0d 01:42:52.51,  0d 00:48:16.05,0.1947,4.1998,C,07/25/2025 12:03:16 PM,0.0000,28.8087,28.4499,28.6620,0.0,0.0
6182,0,8,  0d 01:42:53.51,  0d 00:48:17.05,0.1935,4.1999,C,07/25/2025 12:03:17 PM,0.0000,28.8087,28.4499,28.6620,0.0,0.0
6183,0,8,  0d 01:42:54.51,  0d 00:48:18.05,0.1953,4.1999,C,07/25/2025 12:03:18 PM,0.0000,28.8087,28.4499,28.6620,0.0,0.0
6184,0,8,  0d 01:42:55.51,  0d 00:48:19.05,0.1935,4.2000,C,07/25/2025 12:03:19 PM,0.0000,28.8087,28.4499,28.6620,0.0,0.0
6185,0,8,  0d 01:42:56.51,  0d 00:48:20.05,0.1935,4.2000,C,07/25/2025 12:03:20 PM,0.0000,28.8087,28.4499,28.6620,0.0,0.0
6186,0,8,  0d 01:42:57.51,  0d 00:48:21.05,0.1935,4.2000,C,07/25/2025 12:03:21 PM,0.0000,28.8087,28.4499,28.6620,0.0,0.0
6187,0,8,  0d 01:42:58.51,  0d 00:48:22.05,0.1932,4.2000,C,07/25/2025 12:03:22 PM,0.0000,28.8087,28.4499,28.6620,0.0,0.0
6188,0,8,  0d 01:42:59.51,  0d 00:48:23.05,0.1917,4.2000,C,07/25/2025 12:03:23 PM,0.0000,28.8087,28.4654,28.6620,0.0,0.0
6189,0,8,  0d 01:43:00.51,  0d 00:48:24.05,0.1898,4.2000,C,07/25/2025 12:03:24 PM,0.0000,28.8087,28.4654,28.6620,0.0,0.0
6190,0,8,  0d 01:43:01.51,  0d 00:48:25.05,0.1904,4.2000,C,07/25/2025 12:03:25 PM,0.0000,28.8087,28.4654,28.6620,0.0,0.0
6191,0,8,  0d 01:43:02.51,  0d 00:48:26.05,0.1917,4.1999,C,07/25/2025 12:03:26 PM,0.0000,28.8087,28.4654,28.6620,0.0,0.0
6192,0,8,  0d 01:43:03.51,  0d 00:48:27.05,0.1880,4.2000,C,07/25/2025 12:03:27 PM,0.0000,28.8087,28.4654,28.6620,0.0,0.0
6193,0,8,  0d 01:43:04.51,  0d 00:48:28.05,0.1871,4.2000,C,07/25/2025 12:03:28 PM,0.0000,28.8087,28.4499,28.6620,0.0,0.0
6194,0,8,  0d 01:43:05.51,  0d 00:48:29.05,0.1901,4.1999,C,07/25/2025 12:03:29 PM,0.0000,28.8087,28.4499,28.6620,0.0,0.0
6195,0,8,  0d 01:43:06.51,  0d 00:48:30.05,0.1889,4.2000,C,07/25/2025 12:03:30 PM,0.0000,28.8087,28.4499,28.6620,0.0,0.0
6196,0,8,  0d 01:43:07.51,  0d 00:48:31.05,0.1859,4.2000,C,07/25/2025 12:03:31 PM,0.0000,28.8087,28.4499,28.6620,0.0,0.0
6197,0,8,  0d 01:43:08.51,  0d 00:48:32.05,0.1859,4.1998,C,07/25/2025 12:03:32 PM,0.0000,28.8087,28.4499,28.6620,0.0,0.0
6198,0,8,  0d 01:43:09.51,  0d 00:48:33.05,0.1831,4.2000,C,07/25/2025 12:03:33 PM,0.0000,28.8087,28.4499,28.6620,0.0,0.0
6199,0,8,  0d 01:43:10.51,  0d 00:48:34.05,0.1837,4.2000,C,07/25/2025 12:03:34 PM,0.0000,28.8087,28.4499,28.6620,0.0,0.0
6200,0,8,  0d 01:43:11.51,  0d 00:48:35.05,0.1843,4.2000,C,07/25/2025 12:03:35 PM,0.0000,28.8087,28.4499,28.6620,0.0,0.0
6201,0,8,  0d 01:43:12.51,  0d 00:48:36.05,0.1828,4.2001,C,07/25/2025 12:03:36 PM,0.0000,28.8087,28.4499,28.6620,0.0,0.0
6202,0,8,  0d 01:43:13.51,  0d 00:48:37.05,0.1816,4.2000,C,07/25/2025 12:03:37 PM,0.0000,28.8087,28.4499,28.6620,0.0,0.0
6203,0,8,  0d 01:43:14.51,  0d 00:48:38.05,0.1801,4.1999,C,07/25/2025 12:03:38 PM,0.0000,28.7932,28.4499,28.6620,0.0,0.0
6204,0,8,  0d 01:43:15.51,  0d 00:48:39.05,0.1782,4.1999,C,07/25/2025 12:03:39 PM,0.0000,28.7932,28.4499,28.6620,0.0,0.0
6205,0,8,  0d 01:43:16.51,  0d 00:48:40.05,0.1782,4.2000,C,07/25/2025 12:03:40 PM,0.0000,28.7932,28.4499,28.6620,0.0,0.0
6206,0,8,  0d 01:43:17.51,  0d 00:48:41.05,0.1804,4.1999,C,07/25/2025 12:03:41 PM,0.0000,28.7932,28.4499,28.6620,0.0,0.0
6207,0,8,  0d 01:43:18.51,  0d 00:48:42.05,0.1776,4.2000,C,07/25/2025 12:03:42 PM,0.0000,28.7932,28.4499,28.6620,0.0,0.0
6208,0,8,  0d 01:43:19.51,  0d 00:48:43.05,0.1779,4.1998,C,07/25/2025 12:03:44 PM,0.0000,28.7932,28.4499,28.6620,0.0,0.0
6209,0,8,  0d 01:43:20.51,  0d 00:48:44.05,0.1761,4.1999,C,07/25/2025 12:03:44 PM,0.0000,28.7932,28.4499,28.6620,0.0,0.0
6210,0,8,  0d 01:43:21.51,  0d 00:48:45.05,0.1767,4.2000,C,07/25/2025 12:03:45 PM,0.0000,28.7932,28.4499,28.6620,0.0,0.0
6211,0,8,  0d 01:43:22.51,  0d 00:48:46.05,0.1746,4.2000,C,07/25/2025 12:03:46 PM,0.0000,28.7932,28.4499,28.6620,0.0,0.0
6212,0,8,  0d 01:43:23.51,  0d 00:48:47.05,0.1733,4.2000,C,07/25/2025 12:03:47 PM,0.0000,28.7932,28.4499,28.6620,0.0,0.0
6213,0,8,  0d 01:43:24.51,  0d 00:48:48.05,0.1724,4.1999,C,07/25/2025 12:03:48 PM,0.0000,28.7932,28.4499,28.6620,0.0,0.0
6214,0,8,  0d 01:43:25.51,  0d 00:48:49.05,0.1733,4.2000,C,07/25/2025 12:03:49 PM,0.0000,28.7932,28.4499,28.6620,0.0,0.0
6215,0,8,  0d 01:43:26.51,  0d 00:48:50.05,0.1733,4.2000,C,07/25/2025 12:03:50 PM,0.0000,28.7932,28.4499,28.6620,0.0,0.0
6216,0,8,  0d 01:43:27.51,  0d 00:48:51.05,0.1721,4.2000,C,07/25/2025 12:03:51 PM,0.0000,28.7932,28.4499,28.6620,0.0,0.0
6217,0,8,  0d 01:43:28.51,  0d 00:48:52.05,0.1715,4.1999,C,07/25/2025 12:03:52 PM,0.0000,28.7932,28.4499,28.6620,0.0,0.0
6218,0,8,  0d 01:43:29.51,  0d 00:48:53.05,0.1703,4.2000,C,07/25/2025 12:03:54 PM,0.0000,28.7932,28.4499,28.6620,0.0,0.0
6219,0,8,  0d 01:43:30.51,  0d 00:48:54.05,0.1685,4.2000,C,07/25/2025 12:03:54 PM,0.0000,28.8087,28.4499,28.6620,0.0,0.0
6220,0,8,  0d 01:43:31.51,  0d 00:48:55.05,0.1691,4.1999,C,07/25/2025 12:03:55 PM,0.0000,28.8087,28.4499,28.6620,0.0,0.0
6221,0,8,  0d 01:43:32.51,  0d 00:48:56.05,0.1678,4.1998,C,07/25/2025 12:03:56 PM,0.0000,28.8087,28.4499,28.6620,0.0,0.0
6222,0,8,  0d 01:43:33.51,  0d 00:48:57.05,0.1694,4.2000,C,07/25/2025 12:03:57 PM,0.0000,28.8087,28.4499,28.6620,0.0,0.0
6223,0,8,  0d 01:43:34.51,  0d 00:48:58.05,0.1675,4.2000,C,07/25/2025 12:03:58 PM,0.0000,28.8087,28.4499,28.6620,0.0,0.0
6224,0,8,  0d 01:43:35.51,  0d 00:48:59.05,0.1682,4.2000,C,07/25/2025 12:03:59 PM,0.0000,28.7932,28.4499,28.6620,0.0,0.0
6225,0,8,  0d 01:43:36.51,  0d 00:49:00.05,0.1678,4.1999,C,07/25/2025 12:04:00 PM,0.0000,28.7932,28.4499,28.6620,0.0,0.0
6226,0,8,  0d 01:43:37.51,  0d 00:49:01.05,0.1639,4.1999,C,07/25/2025 12:04:01 PM,0.0000,28.7932,28.4499,28.6620,0.0,0.0
6227,0,8,  0d 01:43:38.51,  0d 00:49:02.05,0.1617,4.1999,C,07/25/2025 12:04:02 PM,0.0000,28.7932,28.4499,28.6620,0.0,0.0
6228,0,8,  0d 01:43:39.51,  0d 00:49:03.05,0.1654,4.1999,C,07/25/2025 12:04:04 PM,0.0000,28.7932,28.4499,28.6620,0.0,0.0
6229,0,8,  0d 01:43:40.51,  0d 00:49:04.05,0.1657,4.2000,C,07/25/2025 12:04:04 PM,0.0000,28.7932,28.4499,28.6620,0.0,0.0
6230,0,8,  0d 01:43:41.51,  0d 00:49:05.05,0.1630,4.1999,C,07/25/2025 12:04:05 PM,0.0000,28.7932,28.4344,28.6465,0.0,0.0
6231,0,8,  0d 01:43:42.51,  0d 00:49:06.05,0.1627,4.2001,C,07/25/2025 12:04:06 PM,0.0000,28.7932,28.4499,28.6465,0.0,0.0
6232,0,8,  0d 01:43:43.51,  0d 00:49:07.05,0.1621,4.2000,C,07/25/2025 12:04:07 PM,0.0000,28.7932,28.4344,28.6465,0.0,0.0
6233,0,8,  0d 01:43:44.51,  0d 00:49:08.05,0.1602,4.1998,C,07/25/2025 12:04:08 PM,0.0000,28.7932,28.4344,28.6620,0.0,0.0
6234,0,8,  0d 01:43:45.51,  0d 00:49:09.05,0.1608,4.2000,C,07/25/2025 12:04:09 PM,0.0000,28.7777,28.4344,28.6620,0.0,0.0
6235,0,8,  0d 01:43:46.51,  0d 00:49:10.05,0.1590,4.2001,C,07/25/2025 12:04:10 PM,0.0000,28.7777,28.4344,28.6620,0.0,0.0
6236,0,8,  0d 01:43:47.51,  0d 00:49:11.05,0.1559,4.1999,C,07/25/2025 12:04:11 PM,0.0000,28.7932,28.4499,28.6620,0.0,0.0
6237,0,8,  0d 01:43:48.51,  0d 00:49:12.05,0.1593,4.2000,C,07/25/2025 12:04:12 PM,0.0000,28.7932,28.4499,28.6620,0.0,0.0
6238,0,8,  0d 01:43:49.51,  0d 00:49:13.05,0.1605,4.1999,C,07/25/2025 12:04:13 PM,0.0000,28.7932,28.4499,28.6620,0.0,0.0
6239,0,8,  0d 01:43:50.51,  0d 00:49:14.05,0.1581,4.2000,C,07/25/2025 12:04:14 PM,0.0000,28.7932,28.4499,28.6620,0.0,0.0
6240,0,8,  0d 01:43:51.51,  0d 00:49:15.05,0.1599,4.1999,C,07/25/2025 12:04:15 PM,0.0000,28.7932,28.4344,28.6620,0.0,0.0
6241,0,8,  0d 01:43:52.51,  0d 00:49:16.05,0.1563,4.2000,C,07/25/2025 12:04:16 PM,0.0000,28.7932,28.4344,28.6620,0.0,0.0
6242,0,8,  0d 01:43:53.51,  0d 00:49:17.05,0.1569,4.2000,C,07/25/2025 12:04:17 PM,0.0000,28.7932,28.4344,28.6465,0.0,0.0
6243,0,8,  0d 01:43:54.51,  0d 00:49:18.05,0.1559,4.1999,C,07/25/2025 12:04:18 PM,0.0000,28.7932,28.4344,28.6465,0.0,0.0
6244,0,8,  0d 01:43:55.51,  0d 00:49:19.05,0.1578,4.2000,C,07/25/2025 12:04:19 PM,0.0000,28.7932,28.4344,28.6465,0.0,0.0
6245,0,8,  0d 01:43:56.51,  0d 00:49:20.05,0.1556,4.1999,C,07/25/2025 12:04:20 PM,0.0000,28.7932,28.4344,28.6465,0.0,0.0
6246,0,8,  0d 01:43:57.51,  0d 00:49:21.05,0.1556,4.2000,C,07/25/2025 12:04:21 PM,0.0000,28.7932,28.4344,28.6465,0.0,0.0
6247,0,8,  0d 01:43:58.51,  0d 00:49:22.05,0.1529,4.2000,C,07/25/2025 12:04:22 PM,0.0000,28.7932,28.4344,28.6465,0.0,0.0
6248,0,8,  0d 01:43:59.51,  0d 00:49:23.05,0.1517,4.2000,C,07/25/2025 12:04:23 PM,0.0000,28.7932,28.4344,28.6465,0.0,0.0
6249,0,8,  0d 01:44:00.51,  0d 00:49:24.05,0.1511,4.2000,C,07/25/2025 12:04:24 PM,0.0000,28.7932,28.4344,28.6465,0.0,0.0
6250,0,8,  0d 01:44:01.51,  0d 00:49:25.05,0.1517,4.1999,C,07/25/2025 12:04:25 PM,0.0000,28.7932,28.4344,28.6465,0.0,0.0
6251,0,8,  0d 01:44:02.51,  0d 00:49:26.05,0.1511,4.1999,C,07/25/2025 12:04:26 PM,0.0000,28.7932,28.4344,28.6465,0.0,0.0
6252,0,8,  0d 01:44:03.51,  0d 00:49:27.05,0.1511,4.1999,C,07/25/2025 12:04:27 PM,0.0000,28.7932,28.4344,28.6620,0.0,0.0
6253,0,8,  0d 01:44:04.51,  0d 00:49:28.05,0.1511,4.2000,C,07/25/2025 12:04:28 PM,0.0000,28.7932,28.4499,28.6465,0.0,0.0
6254,0,8,  0d 01:44:05.51,  0d 00:49:29.05,0.1498,4.2000,C,07/25/2025 12:04:29 PM,0.0000,28.7932,28.4499,28.6620,0.0,0.0
6255,0,8,  0d 01:44:06.51,  0d 00:49:30.05,0.1495,4.2000,C,07/25/2025 12:04:30 PM,0.0000,28.7932,28.4499,28.6620,0.0,0.0
6256,0,8,  0d 01:44:07.51,  0d 00:49:31.05,0.1505,4.2000,C,07/25/2025 12:04:31 PM,0.0000,28.7932,28.4499,28.6620,0.0,0.0
6257,0,8,  0d 01:44:08.51,  0d 00:49:32.05,0.1465,4.1999,C,07/25/2025 12:04:32 PM,0.0000,28.7932,28.4499,28.6620,0.0,0.0
6258,0,8,  0d 01:44:09.51,  0d 00:49:33.05,0.1477,4.2000,C,07/25/2025 12:04:33 PM,0.0000,28.7932,28.4499,28.6620,0.0,0.0
6259,0,8,  0d 01:44:10.51,  0d 00:49:34.05,0.1456,4.1998,C,07/25/2025 12:04:34 PM,0.0000,28.7932,28.4499,28.6620,0.0,0.0
6260,0,8,  0d 01:44:11.51,  0d 00:49:35.05,0.1483,4.2000,C,07/25/2025 12:04:35 PM,0.0000,28.7932,28.4499,28.6620,0.0,0.0
6261,0,8,  0d 01:44:12.51,  0d 00:49:36.05,0.1453,4.2000,C,07/25/2025 12:04:36 PM,0.0000,28.7932,28.4499,28.6620,0.0,0.0
6262,0,8,  0d 01:44:13.51,  0d 00:49:37.05,0.1447,4.1998,C,07/25/2025 12:04:37 PM,0.0000,28.7932,28.4499,28.6620,0.0,0.0
6263,0,8,  0d 01:44:14.51,  0d 00:49:38.05,0.1450,4.1999,C,07/25/2025 12:04:38 PM,0.0000,28.7932,28.4499,28.6620,0.0,0.0
6264,0,8,  0d 01:44:15.51,  0d 00:49:39.05,0.1437,4.1999,C,07/25/2025 12:04:39 PM,0.0000,28.7932,28.4499,28.6620,0.0,0.0
6265,0,8,  0d 01:44:16.51,  0d 00:49:40.05,0.1419,4.1999,C,07/25/2025 12:04:40 PM,0.0000,28.7932,28.4499,28.6620,0.0,0.0
6266,0,8,  0d 01:44:17.51,  0d 00:49:41.05,0.1444,4.1998,C,07/25/2025 12:04:41 PM,0.0000,28.7932,28.4499,28.6620,0.0,0.0
6267,0,8,  0d 01:44:18.51,  0d 00:49:42.05,0.1419,4.2001,C,07/25/2025 12:04:42 PM,0.0000,28.7932,28.4499,28.6620,0.0,0.0
6268,0,8,  0d 01:44:19.51,  0d 00:49:43.05,0.1407,4.1998,C,07/25/2025 12:04:43 PM,0.0000,28.8087,28.4499,28.6620,0.0,0.0
6269,0,8,  0d 01:44:20.51,  0d 00:49:44.05,0.1425,4.1999,C,07/25/2025 12:04:44 PM,0.0000,28.8087,28.4499,28.6620,0.0,0.0
6270,0,8,  0d 01:44:21.51,  0d 00:49:45.05,0.1425,4.2000,C,07/25/2025 12:04:45 PM,0.0000,28.8087,28.4499,28.6620,0.0,0.0
6271,0,8,  0d 01:44:22.51,  0d 00:49:46.05,0.1422,4.1999,C,07/25/2025 12:04:46 PM,0.0000,28.8087,28.4499,28.6620,0.0,0.0
6272,0,8,  0d 01:44:23.51,  0d 00:49:47.05,0.1407,4.2000,C,07/25/2025 12:04:47 PM,0.0000,28.8087,28.4499,28.6620,0.0,0.0
6273,0,8,  0d 01:44:24.51,  0d 00:49:48.05,0.1386,4.2000,C,07/25/2025 12:04:48 PM,0.0000,28.8087,28.4499,28.6620,0.0,0.0
6274,0,8,  0d 01:44:25.51,  0d 00:49:49.05,0.1401,4.1999,C,07/25/2025 12:04:49 PM,0.0000,28.8087,28.4499,28.6620,0.0,0.0
6275,0,8,  0d 01:44:26.51,  0d 00:49:50.05,0.1395,4.1998,C,07/25/2025 12:04:50 PM,0.0000,28.8087,28.4499,28.6620,0.0,0.0
6276,0,8,  0d 01:44:27.51,  0d 00:49:51.05,0.1367,4.1999,C,07/25/2025 12:04:51 PM,0.0000,28.8087,28.4499,28.6620,0.0,0.0
6277,0,8,  0d 01:44:28.51,  0d 00:49:52.05,0.1358,4.2000,C,07/25/2025 12:04:52 PM,0.0000,28.7932,28.4499,28.6620,0.0,0.0
6278,0,8,  0d 01:44:29.51,  0d 00:49:53.05,0.1373,4.2000,C,07/25/2025 12:04:53 PM,0.0000,28.7932,28.4499,28.6620,0.0,0.0
6279,0,8,  0d 01:44:30.51,  0d 00:49:54.05,0.1386,4.2000,C,07/25/2025 12:04:55 PM,0.0000,28.7932,28.4499,28.6620,0.0,0.0
6280,0,8,  0d 01:44:31.51,  0d 00:49:55.05,0.1358,4.1998,C,07/25/2025 12:04:55 PM,0.0000,28.7932,28.4344,28.6620,0.0,0.0
6281,0,8,  0d 01:44:32.51,  0d 00:49:56.05,0.1361,4.2000,C,07/25/2025 12:04:56 PM,0.0000,28.7932,28.4344,28.6620,0.0,0.0
6282,0,8,  0d 01:44:33.51,  0d 00:49:57.05,0.1340,4.2000,C,07/25/2025 12:04:57 PM,0.0000,28.7932,28.4344,28.6620,0.0,0.0
6283,0,8,  0d 01:44:34.51,  0d 00:49:58.05,0.1328,4.1999,C,07/25/2025 12:04:58 PM,0.0000,28.7932,28.4344,28.6620,0.0,0.0
6284,0,8,  0d 01:44:35.51,  0d 00:49:59.05,0.1337,4.2000,C,07/25/2025 12:04:59 PM,0.0000,28.7932,28.4344,28.6620,0.0,0.0
6285,0,8,  0d 01:44:36.51,  0d 00:50:00.05,0.1334,4.1999,C,07/25/2025 12:05:00 PM,0.0000,28.7932,28.4499,28.6620,0.0,0.0
6286,0,8,  0d 01:44:37.51,  0d 00:50:01.05,0.1328,4.1999,C,07/25/2025 12:05:01 PM,0.0000,28.7932,28.4499,28.6620,0.0,0.0
6287,0,8,  0d 01:44:38.51,  0d 00:50:02.05,0.1328,4.1999,C,07/25/2025 12:05:02 PM,0.0000,28.7932,28.4499,28.6465,0.0,0.0
6288,0,8,  0d 01:44:39.51,  0d 00:50:03.05,0.1315,4.1999,C,07/25/2025 12:05:03 PM,0.0000,28.7932,28.4499,28.6465,0.0,0.0
6289,0,8,  0d 01:44:40.51,  0d 00:50:04.05,0.1297,4.2000,C,07/25/2025 12:05:05 PM,0.0000,28.7932,28.4499,28.6465,0.0,0.0
6290,0,8,  0d 01:44:41.51,  0d 00:50:05.05,0.1309,4.1999,C,07/25/2025 12:05:05 PM,0.0000,28.7932,28.4499,28.6465,0.0,0.0
6291,0,8,  0d 01:44:42.51,  0d 00:50:06.05,0.1309,4.1999,C,07/25/2025 12:05:06 PM,0.0000,28.7932,28.4499,28.6620,0.0,0.0
6292,0,8,  0d 01:44:43.51,  0d 00:50:07.05,0.1282,4.2000,C,07/25/2025 12:05:07 PM,0.0000,28.7777,28.4344,28.6620,0.0,0.0
6293,0,8,  0d 01:44:44.51,  0d 00:50:08.05,0.1266,4.2000,C,07/25/2025 12:05:08 PM,0.0000,28.7777,28.4344,28.6620,0.0,0.0
6294,0,8,  0d 01:44:45.51,  0d 00:50:09.05,0.1273,4.1998,C,07/25/2025 12:05:09 PM,0.0000,28.7777,28.4344,28.6620,0.0,0.0
6295,0,8,  0d 01:44:45.66,  0d 00:50:09.20,0.1251,4.2000,C,07/25/2025 12:05:09 PM,0.0000,28.7777,28.4344,28.6620,0.0,0.0
6296,0,9,  0d 01:44:45.66,  0d 00:50:09.20,0.0000,4.2000,O,07/25/2025 12:05:09 PM,0.0000,28.7777,28.4344,28.6620,0.0,0.0
